	CKG1	CKG2	CKG3
otu1	423592	862011	342997
otu2	933793	911647	730113
otu3	607606	510604	456437
otu4	403941	273735	331831
otu5	28113	5670	25240
otu6	90969	193709	155786
otu7	23873	5977	23458
otu8	66405	89878	101165
otu9	311942	33439	98291
otu10	208321	152019	142536
otu11	30734	59850	120932
otu12	182163	128324	158337
otu13	212557	118871	89253
otu14	68644	32905	60846
otu15	184232	157369	134188
otu16	178745	127175	121537
otu17	125912	202102	85640
otu18	21539	64902	78047
otu19	131071	91643	112318
otu20	115697	85831	102929
otu21	20985	58785	84551
otu22	110058	76548	73408
otu23	28528	31299	57105
otu24	90976	72663	74568
otu25	19895	42672	51002
otu26	78283	26467	167227
otu27	129357	40297	85854
otu28	69230	85054	56562
otu29	70026	36382	82599
otu30	64890	61298	63082
otu31	16747	31044	25312
otu32	108844	11292	137856
otu33	89078	66133	50046
otu34	20824	52589	18957
otu35	64636	37246	64105
otu36	44664	72758	30612
otu37	16815	24659	26966
otu38	103291	43983	44262
otu39	56185	45489	56967
otu40	63667	51260	71284
otu41	13209	33716	23139
otu42	69401	55370	44781
otu43	36207	9881	20653
otu44	46923	73926	34857
otu45	9680	52095	17006
otu46	52390	49732	35322
otu47	10785	33161	10479
otu48	52202	17847	63068
otu49	44709	65337	32968
otu50	33361	35213	6040
otu51	48240	17439	106979
otu52	65006	35581	42735
otu53	9645	14540	19467
otu54	33110	71724	25479
otu55	45767	38223	39715
otu56	46455	38276	26892
otu57	27369	60697	21809
otu58	33554	28219	34475
otu59	36939	30535	26284
otu60	7401	13348	13382
otu61	35500	32057	20546
otu62	25149	25978	25465
otu63	25526	21822	24954
otu64	8953	5873	8688
otu65	28068	24500	23466
otu66	5960	11174	11746
otu67	29502	20445	19166
otu68	10408	12610	14898
otu69	7154	15265	13824
otu70	22523	45789	16037
otu71	7146	17898	6497
otu72	20651	20779	16553
otu73	4241	15052	4957
otu74	7173	12780	7722
otu75	25199	22050	17989
otu76	7064	4571	10607
otu77	22006	23803	15538
otu78	3647	11058	9041
otu79	9651	4553	7955
otu80	17673	28159	16212
otu81	20892	19241	14134
otu82	17407	24257	13462
otu83	9351	7905	4967
otu84	17659	19322	14042
otu85	3657	6806	7785
otu86	5457	13478	12293
otu87	21371	14621	15460
otu88	4366	4825	9532
otu89	20073	14977	13465
otu90	4401	6942	8264
otu91	7001	2034	2921
otu92	5172	3794	6260
otu93	7035	3386	6050
otu94	6065	1305	9328
otu95	3760	6804	7229
otu96	2843	9953	3412
otu97	19416	8781	15964
otu98	5093	8777	8671
otu99	16141	5027	29501
otu100	19386	15910	12718
otu101	6984	5117	14969
otu102	5764	6687	6145
otu103	4871	8266	8808
otu104	14742	14314	12171
otu105	1089	17536	3222
otu106	5110	7857	4103
otu107	16547	13386	11519
otu108	10356	19323	8082
otu109	5395	1142	8175
otu110	559	4435	526
otu111	2771	5576	5935
otu112	14614	11370	8699
otu113	22703	128	136
otu114	4934	1103	7475
otu115	13913	6208	6946
otu116	4715	1134	7298
otu117	7232	1786	4638
otu118	11737	11808	10209
otu119	17206	6238	7409
otu120	2975	3661	2837
otu121	3018	4874	5192
otu122	17033	9881	9764
otu123	7833	7656	6515
otu124	10108	14617	6427
otu125	5102	2612	4541
otu126	9985	9639	9822
otu127	1258	459	1379
otu128	10224	12183	9420
otu129	4804	2312	3938
otu130	10660	15576	6969
otu131	3234	8309	7662
otu132	11294	8514	7673
otu133	472	14284	16909
otu134	5228	23234	5363
otu135	2627	5859	5308
otu136	4503	1904	5424
otu137	9058	8363	7212
otu138	8265	11602	8893
otu139	9781	10874	7664
otu140	3969	808	6165
otu141	4520	5581	5203
otu142	9941	8565	8900
otu143	4114	840	5843
otu144	2988	2913	4207
otu145	2575	5533	4898
otu146	8997	10914	5885
otu147	8361	12560	8120
otu148	13257	7456	7713
otu149	8531	6794	9551
otu150	9088	7396	6115
otu151	5580	1471	3485
otu152	11140	10501	5381
otu153	8513	8525	7041
otu154	4926	1362	3755
otu155	9208	5853	4873
otu156	3221	661	4965
otu157	2584	3365	4305
otu158	7880	572	2442
otu159	8834	6549	6501
otu160	11259	5676	6628
otu161	3159	2494	4082
otu162	1632	2863	3404
otu163	6773	4101	1368
otu164	8773	6061	5098
otu165	1584	1314	930
otu166	3623	1530	3117
otu167	8105	6480	6871
otu168	3855	1542	3181
otu169	8163	6992	5726
otu170	3103	3683	4570
otu171	8942	5790	5855
otu172	563	2550	66
otu173	7748	5067	5260
otu174	8884	5699	5255
otu175	6909	7974	5752
otu176	7154	6638	4999
otu177	2847	1324	2879
otu178	6212	5633	4326
otu179	5033	8433	3720
otu180	5345	8120	3319
otu181	2750	1350	2406
otu182	5945	11716	4175
otu183	5405	5495	4935
otu184	2541	1308	2275
otu185	849	4082	1701
otu186	6044	4061	4518
otu187	6002	5882	4208
otu188	5950	2106	4540
otu189	5472	4529	5055
otu190	7212	3901	7720
otu191	4032	3434	3191
otu192	6068	5073	4430
otu193	7482	949	1137
otu194	6217	4548	4553
otu195	6371	4246	4685
otu196	2056	533	1037
otu197	5615	5390	4131
otu198	5263	1882	10548
otu199	5514	4603	3832
otu200	5660	6027	4674
otu201	6582	2861	5257
otu202	5055	1771	2540
otu203	6366	4461	4240
otu204	6819	2877	4317
otu205	4457	4835	4858
otu206	2171	2169	239
otu207	1500	3558	3328
otu208	6323	3415	4192
otu209	4908	5079	3431
otu210	4570	5467	2791
otu211	4873	6634	3298
otu212	5124	4867	3525
otu213	5898	3930	4146
otu214	5503	4115	3944
otu215	4472	4411	3909
otu216	3333	2834	6660
otu217	2665	443	1668
otu218	4116	3797	3247
otu219	4369	4788	4142
otu220	3782	5607	3373
otu221	1737	1594	2126
otu222	5155	4109	3699
otu223	594	4125	1096
otu224	5381	3573	3131
otu225	5547	2665	4599
otu226	4229	5578	3467
otu227	777	14646	726
otu228	4665	1850	3191
otu229	5415	2393	3329
otu230	1764	2303	2522
otu231	1639	404	2495
otu232	5648	3390	3678
otu233	2253	2483	1371
otu234	1004	1740	1919
otu235	4394	3838	3256
otu236	1772	802	1695
otu237	4560	3562	3162
otu238	1309	1596	2349
otu239	1699	1762	308
otu240	4291	3953	2891
otu241	3823	5082	2408
otu242	4540	2855	4366
otu243	4683	2813	2422
otu244	1225	1005	3374
otu245	4335	3819	2536
otu246	4484	4496	2475
otu247	1089	2509	239
otu248	1008	1603	1701
otu249	1697	829	1452
otu250	4568	3482	2978
otu251	2095	1479	5724
otu252	4470	2549	3656
otu253	2282	2236	1111
otu254	2899	4565	1383
otu255	1390	302	2188
otu256	1723	1265	5661
otu257	928	2562	1021
otu258	1218	659	1519
otu259	2880	2642	1804
otu260	4617	3272	2321
otu261	1551	697	1299
otu262	1326	357	1962
otu263	3618	3288	2214
otu264	2953	1854	645
otu265	3674	3532	2194
otu266	1037	1281	1675
otu267	2977	4188	1984
otu268	1121	1319	1451
otu269	4828	2517	3210
otu270	1405	396	1760
otu271	1778	373	1201
otu272	813	724	1416
otu273	3496	2372	3165
otu274	3520	2876	2867
otu275	684	530	482
otu276	3224	3215	2188
otu277	1401	1526	440
otu278	1367	628	1253
otu279	3224	4435	2602
otu280	3732	2238	3131
otu281	2846	3554	1984
otu282	2968	2130	2852
otu283	2955	3048	2245
otu284	3793	3304	2013
otu285	2394	1659	1287
otu286	3008	1901	1191
otu287	1511	1740	1575
otu288	3108	2910	1997
otu289	2872	3817	2114
otu290	4810	2610	1909
otu291	2440	3763	2213
otu292	3033	2647	2534
otu293	3328	2670	2271
otu294	3534	2631	2370
otu295	3655	1803	2532
otu296	1444	488	1099
otu297	1251	651	990
otu298	3742	1682	2961
otu299	939	1381	1514
otu300	3246	2449	2490
otu301	3052	2714	2430
otu302	4891	116	55
otu303	2785	3188	1675
otu304	4064	1785	2237
otu305	2451	2761	2292
otu306	3000	1920	2171
otu307	2509	1982	1862
otu308	2610	2776	2250
otu309	434	4566	356
otu310	927	779	1372
otu311	1431	1401	1017
otu312	2621	3018	1983
otu313	895	904	1477
otu314	2689	2384	2410
otu315	1573	1496	863
otu316	2896	3609	1552
otu317	2745	2258	2295
otu318	2363	2041	2167
otu319	859	485	903
otu320	2357	2886	2093
otu321	1118	823	1313
otu322	1566	1590	770
otu323	1924	1470	3007
otu324	3023	2459	1969
otu325	2952	2233	1830
otu326	581	1373	1463
otu327	2841	2670	1712
otu328	2949	1982	2185
otu329	2085	1408	792
otu330	792	1475	315
otu331	2940	2255	1749
otu332	491	1301	1307
otu333	670	1014	1226
otu334	2381	2050	2002
otu335	1274	454	986
otu336	1083	793	810
otu337	3046	1246	2439
otu338	2168	2090	2004
otu339	2355	2001	2218
otu340	801	934	970
otu341	2760	1928	1384
otu342	1000	444	977
otu343	1302	254	851
otu344	440	925	1510
otu345	640	991	1187
otu346	1943	2285	1679
otu347	2304	2966	1381
otu348	1048	272	808
otu349	2024	2011	1650
otu350	2505	1809	1469
otu351	2228	2606	1357
otu352	2203	1773	2155
otu353	638	1098	240
otu354	2857	2465	1438
otu355	2421	2287	1763
otu356	2235	1537	1863
otu357	734	942	1458
otu358	782	1381	4148
otu359	592	1219	342
otu360	468	686	928
otu361	2340	1861	1306
otu362	2539	1773	1381
otu363	1136	415	817
otu364	1790	2356	1660
otu365	1907	1714	1267
otu366	551	1373	315
otu367	2053	1791	1792
otu368	2520	1330	1573
otu369	462	562	1207
otu370	2431	1650	1618
otu371	2571	1249	1685
otu372	1636	1273	1292
otu373	664	717	970
otu374	1927	2034	1807
otu375	939	437	732
otu376	2604	1585	1728
otu377	2957	872	1521
otu378	1078	402	988
otu379	2585	1781	1353
otu380	953	581	1035
otu381	2205	1493	1548
otu382	1684	2556	1329
otu383	905	731	880
otu384	2419	1453	1552
otu385	2569	873	3387
otu386	1631	1324	989
otu387	647	343	712
otu388	2360	996	2130
otu389	164	331	1295
otu390	278	916	1096
otu391	2193	1938	1203
otu392	2744	1411	1017
otu393	719	597	860
otu394	1291	1864	2481
otu395	525	745	1259
otu396	2641	1738	1518
otu397	1664	2873	1282
otu398	1640	1793	1520
otu399	633	1084	198
otu400	1863	1181	1307
otu401	1846	2676	1273
otu402	357	1336	753
otu403	2505	1038	1621
otu404	2098	2116	1383
otu405	629	624	815
otu406	989	1061	643
otu407	753	531	840
otu408	920	438	799
otu409	3152	171	154
otu410	968	323	696
otu411	134	35	168
otu412	1774	2766	1270
otu413	1462	2048	1615
otu414	927	1791	1601
otu415	501	986	184
otu416	1838	1483	1423
otu417	868	416	692
otu418	2225	1664	1421
otu419	198	195	113
otu420	2083	1859	1411
otu421	2337	1679	1237
otu422	573	1070	231
otu423	1103	838	366
otu424	2272	1663	1503
otu425	2209	970	1770
otu426	1568	1470	1724
otu427	1959	1784	1558
otu428	1669	1823	1132
otu429	1888	1825	1456
otu430	569	386	673
otu431	430	1007	207
otu432	1879	1513	1352
otu433	2400	1658	1538
otu434	1308	1287	1775
otu435	1370	2173	1202
otu436	2490	979	701
otu437	1888	1011	1371
otu438	421	453	787
otu439	633	578	810
otu440	1915	1673	1480
otu441	1335	1327	1375
otu442	1282	828	1418
otu443	1124	903	757
otu444	2107	760	1744
otu445	622	971	505
otu446	1388	1076	1546
otu447	662	243	662
otu448	2117	1728	1081
otu449	1757	1450	1296
otu450	1728	1828	854
otu451	936	824	664
otu452	2046	937	1405
otu453	647	280	666
otu454	1769	1318	1296
otu455	1526	1431	1199
otu456	1578	1237	1181
otu457	873	976	2100
otu458	1767	1288	1462
otu459	382	404	1616
otu460	2528	546	508
otu461	1855	1129	1280
otu462	1295	1228	1559
otu463	203	397	980
otu464	475	1957	2157
otu465	482	433	636
otu466	1612	1316	1354
otu467	31	0	122
otu468	793	673	349
otu469	425	1181	573
otu470	1800	1450	1141
otu471	1275	990	1342
otu472	363	3643	166
otu473	251	522	497
otu474	1559	888	1519
otu475	1568	1712	786
otu476	388	934	204
otu477	300	301	852
otu478	1467	1315	907
otu479	1297	1660	672
otu480	1616	1816	915
otu481	146	565	317
otu482	1445	1688	704
otu483	413	891	133
otu484	1550	1560	1177
otu485	418	126	10
otu486	590	510	750
otu487	1262	1043	1671
otu488	1568	1129	1657
otu489	1316	814	654
otu490	1692	1192	1442
otu491	733	203	512
otu492	1618	1493	1104
otu493	1033	730	866
otu494	1414	1305	959
otu495	1909	1298	976
otu496	1568	1084	1182
otu497	1550	1253	1028
otu498	473	429	626
otu499	1929	995	1059
otu500	236	504	620
otu501	1598	1091	1094
otu502	496	279	69
otu503	571	313	587
otu504	1426	1474	1070
otu505	1695	935	900
otu506	523	252	686
otu507	1434	1997	1234
otu508	384	599	605
otu509	1334	1267	1197
otu510	925	955	1711
otu511	1300	1549	932
otu512	1534	1151	964
otu513	1294	1429	1057
otu514	1295	1702	895
otu515	627	347	582
otu516	1375	1765	960
otu517	1657	863	1131
otu518	559	489	443
otu519	1236	1520	985
otu520	537	243	503
otu521	1056	957	1481
otu522	386	761	134
otu523	1625	992	1176
otu524	1530	1333	912
otu525	613	284	529
otu526	1597	1238	1206
otu527	1401	1455	964
otu528	307	908	204
otu529	1153	1597	860
otu530	1248	1822	851
otu531	1088	961	1151
otu532	1423	863	1496
otu533	1338	1167	830
otu534	374	387	496
otu535	1281	2231	1041
otu536	185	201	800
otu537	561	159	673
otu538	1146	1438	830
otu539	1567	784	1389
otu540	426	297	655
otu541	1477	921	1097
otu542	1171	1443	865
otu543	1372	1178	721
otu544	987	888	1596
otu545	1566	878	1124
otu546	427	463	739
otu547	1282	1410	1037
otu548	433	690	177
otu549	1112	895	1068
otu550	230	155	741
otu551	347	3627	295
otu552	1465	779	964
otu553	1461	869	1018
otu554	399	419	531
otu555	1056	1075	1328
otu556	514	720	233
otu557	1506	1092	989
otu558	1224	1246	780
otu559	46	466	1
otu560	1045	1501	707
otu561	617	208	438
otu562	1050	1204	741
otu563	1007	1571	787
otu564	995	463	498
otu565	527	1452	385
otu566	816	691	471
otu567	608	214	446
otu568	1043	1534	789
otu569	328	332	610
otu570	1146	726	767
otu571	1282	1001	1056
otu572	596	122	455
otu573	790	2012	663
otu574	1728	823	722
otu575	1580	866	776
otu576	384	282	384
otu577	934	1168	843
otu578	361	401	565
otu579	1035	678	1567
otu580	599	316	414
otu581	594	682	448
otu582	275	309	496
otu583	1401	950	1058
otu584	1010	1322	665
otu585	479	246	601
otu586	1335	1041	877
otu587	353	288	535
otu588	288	286	420
otu589	458	216	489
otu590	852	848	758
otu591	1008	1001	1050
otu592	1246	1054	885
otu593	418	216	537
otu594	1291	1147	689
otu595	157	385	545
otu596	1295	1255	993
otu597	1998	426	967
otu598	1469	774	780
otu599	1163	1122	779
otu600	881	997	836
otu601	1434	922	776
otu602	392	222	445
otu603	943	713	1163
otu604	343	493	613
otu605	1359	688	1024
otu606	1220	1152	600
otu607	603	2242	488
otu608	305	1934	239
otu609	1291	914	889
otu610	1046	433	1209
otu611	1156	1046	799
otu612	1222	1288	606
otu613	1245	1041	602
otu614	1120	1202	785
otu615	1353	739	950
otu616	1081	835	818
otu617	1101	1029	913
otu618	1026	1009	852
otu619	431	240	518
otu620	1258	1136	539
otu621	507	656	909
otu622	1724	306	755
otu623	946	981	841
otu624	298	429	335
otu625	1309	1089	782
otu626	161	302	717
otu627	1657	511	1167
otu628	1082	948	953
otu629	1169	876	562
otu630	840	1120	659
otu631	937	532	1299
otu632	569	185	438
otu633	916	1206	762
otu634	1160	887	800
otu635	700	1123	1069
otu636	1274	769	791
otu637	866	1574	583
otu638	872	995	634
otu639	642	1723	707
otu640	231	175	677
otu641	1177	1010	901
otu642	1153	1083	1066
otu643	1449	796	570
otu644	318	300	475
otu645	1158	943	629
otu646	343	353	184
otu647	701	1520	813
otu648	679	2255	301
otu649	293	54	0
otu650	761	1188	710
otu651	1161	730	889
otu652	290	282	416
otu653	185	335	501
otu654	529	159	315
otu655	1361	713	995
otu656	1020	607	143
otu657	1554	593	474
otu658	911	347	438
otu659	708	646	774
otu660	910	1254	281
otu661	334	279	452
otu662	412	138	574
otu663	1199	607	866
otu664	550	333	424
otu665	1134	550	614
otu666	1201	820	774
otu667	514	171	366
otu668	920	737	861
otu669	1343	806	247
otu670	793	857	903
otu671	392	166	351
otu672	532	466	391
otu673	356	219	436
otu674	328	426	219
otu675	283	295	581
otu676	448	106	545
otu677	1072	777	701
otu678	1112	655	960
otu679	1309	330	402
otu680	725	1038	803
otu681	953	671	817
otu682	1071	901	855
otu683	463	1156	325
otu684	765	812	658
otu685	314	332	447
otu686	248	698	128
otu687	350	327	475
otu688	807	621	427
otu689	344	281	354
otu690	1096	1020	862
otu691	773	1050	782
otu692	1134	789	573
otu693	199	1443	142
otu694	917	892	731
otu695	604	657	88
otu696	778	1032	643
otu697	583	1510	657
otu698	717	926	921
otu699	1430	168	125
otu700	728	641	622
otu701	280	680	275
otu702	371	351	400
otu703	1275	612	516
otu704	1070	811	550
otu705	948	857	647
otu706	845	849	806
otu707	844	973	864
otu708	1001	942	620
otu709	604	127	376
otu710	904	1257	393
otu711	408	235	521
otu712	365	268	372
otu713	1207	392	508
otu714	569	1199	500
otu715	903	641	870
otu716	1131	591	840
otu717	882	516	393
otu718	1040	994	674
otu719	251	680	1381
otu720	798	744	758
otu721	855	985	490
otu722	945	816	897
otu723	159	277	364
otu724	212	249	326
otu725	821	823	617
otu726	344	273	452
otu727	758	955	641
otu728	329	174	227
otu729	295	477	513
otu730	965	967	724
otu731	1026	771	673
otu732	1273	358	599
otu733	131	316	496
otu734	829	971	630
otu735	1078	817	452
otu736	119	162	192
otu737	272	257	414
otu738	673	1167	548
otu739	83	178	36
otu740	190	301	440
otu741	1082	634	914
otu742	387	499	482
otu743	219	680	98
otu744	390	563	156
otu745	318	203	403
otu746	253	283	342
otu747	232	364	410
otu748	795	828	507
otu749	731	1030	754
otu750	295	273	406
otu751	631	979	632
otu752	1138	687	569
otu753	755	409	739
otu754	1022	708	734
otu755	798	1339	616
otu756	261	183	342
otu757	891	788	584
otu758	905	823	558
otu759	1184	402	943
otu760	381	970	332
otu761	643	1100	569
otu762	845	630	516
otu763	290	194	402
otu764	134	250	216
otu765	1048	402	820
otu766	748	781	749
otu767	623	277	256
otu768	398	163	380
otu769	186	2414	185
otu770	327	317	400
otu771	320	327	403
otu772	916	687	827
otu773	819	836	585
otu774	864	521	507
otu775	374	653	148
otu776	908	881	499
otu777	953	588	565
otu778	786	719	679
otu779	772	959	637
otu780	256	238	389
otu781	660	772	350
otu782	240	47	87
otu783	1071	547	633
otu784	741	585	789
otu785	1159	594	709
otu786	682	1020	483
otu787	545	846	644
otu788	731	287	1580
otu789	770	556	766
otu790	197	317	362
otu791	777	748	558
otu792	602	502	495
otu793	694	594	626
otu794	232	215	376
otu795	235	135	367
otu796	770	579	513
otu797	337	265	428
otu798	929	778	354
otu799	2433	117	31
otu800	240	274	279
otu801	370	149	306
otu802	308	141	403
otu803	341	481	354
otu804	926	257	392
otu805	893	740	593
otu806	443	309	415
otu807	224	181	336
otu808	503	312	895
otu809	234	149	276
otu810	489	734	626
otu811	1484	81	1202
otu812	226	231	430
otu813	816	485	661
otu814	354	198	300
otu815	1111	686	713
otu816	287	527	208
otu817	931	535	397
otu818	762	576	447
otu819	273	140	348
otu820	241	140	380
otu821	572	775	598
otu822	851	873	458
otu823	634	699	511
otu824	198	206	342
otu825	643	640	497
otu826	784	787	376
otu827	579	1227	410
otu828	433	94	326
otu829	603	743	518
otu830	1052	130	119
otu831	717	930	410
otu832	386	146	268
otu833	699	715	491
otu834	357	337	240
otu835	646	606	673
otu836	775	594	495
otu837	641	754	590
otu838	669	477	660
otu839	631	471	644
otu840	908	483	429
otu841	928	534	640
otu842	894	380	528
otu843	819	628	361
otu844	554	533	843
otu845	678	572	636
otu846	706	567	498
otu847	227	285	334
otu848	584	244	247
otu849	204	138	339
otu850	182	402	382
otu851	250	232	342
otu852	316	187	362
otu853	109	173	282
otu854	765	450	697
otu855	198	284	353
otu856	1031	125	118
otu857	708	719	352
otu858	514	654	613
otu859	688	442	417
otu860	930	462	533
otu861	202	90	293
otu862	711	505	590
otu863	922	439	385
otu864	208	491	77
otu865	676	601	489
otu866	832	337	709
otu867	862	607	468
otu868	877	488	713
otu869	436	467	180
otu870	570	801	370
otu871	397	106	315
otu872	709	936	376
otu873	756	515	792
otu874	865	1101	308
otu875	213	477	145
otu876	238	229	374
otu877	828	484	529
otu878	546	375	508
otu879	44	148	12
otu880	124	83	692
otu881	767	667	450
otu882	555	796	447
otu883	701	781	384
otu884	795	697	392
otu885	651	645	364
otu886	819	381	490
otu887	451	484	443
otu888	604	658	675
otu889	329	142	256
otu890	304	759	263
otu891	267	150	324
otu892	827	462	448
otu893	713	499	511
otu894	889	192	185
otu895	336	375	420
otu896	715	576	513
otu897	989	536	532
otu898	746	689	417
otu899	711	599	517
otu900	800	414	361
otu901	380	397	867
otu902	546	583	254
otu903	848	351	426
otu904	196	2080	132
otu905	556	724	688
otu906	212	169	302
otu907	235	206	297
otu908	195	121	215
otu909	586	527	460
otu910	614	662	565
otu911	673	516	516
otu912	803	521	444
otu913	661	924	393
otu914	51	108	31
otu915	730	562	233
otu916	609	544	469
otu917	610	425	636
otu918	371	738	724
otu919	543	482	520
otu920	565	665	375
otu921	217	220	370
otu922	362	480	125
otu923	258	98	243
otu924	175	203	312
otu925	123	257	351
otu926	741	287	490
otu927	795	340	345
otu928	569	1174	427
otu929	693	734	457
otu930	830	123	112
otu931	554	331	468
otu932	446	585	361
otu933	259	665	164
otu934	803	458	423
otu935	520	735	411
otu936	262	141	361
otu937	498	512	578
otu938	562	1022	439
otu939	603	558	434
otu940	199	224	338
otu941	526	223	481
otu942	385	903	289
otu943	546	634	367
otu944	670	514	464
otu945	424	766	542
otu946	138	108	75
otu947	518	782	360
otu948	277	835	93
otu949	172	183	310
otu950	122	183	355
otu951	534	398	386
otu952	506	461	706
otu953	552	461	415
otu954	283	89	232
otu955	525	418	323
otu956	653	444	454
otu957	488	1003	322
otu958	459	485	601
otu959	218	644	162
otu960	242	1778	79
otu961	192	168	254
otu962	719	684	415
otu963	400	1096	227
otu964	597	825	251
otu965	184	440	377
otu966	461	464	595
otu967	419	408	447
otu968	667	550	394
otu969	445	443	680
otu970	264	111	255
otu971	446	351	417
otu972	608	380	390
otu973	243	82	159
otu974	679	282	417
otu975	157	213	250
otu976	529	709	397
otu977	633	477	383
otu978	338	190	264
otu979	483	652	347
otu980	535	667	421
otu981	573	887	345
otu982	655	280	431
otu983	588	924	442
otu984	699	382	389
otu985	148	121	224
otu986	539	356	307
otu987	553	543	384
otu988	601	401	325
otu989	411	319	253
otu990	541	303	488
otu991	808	345	235
otu992	698	305	328
otu993	132	171	258
otu994	577	595	333
otu995	284	1073	318
otu996	238	143	206
otu997	262	121	204
otu998	752	177	529
otu999	577	460	283
otu1000	198	424	106
otu1001	551	350	199
otu1002	708	520	241
otu1003	270	304	147
otu1004	291	90	144
otu1005	441	350	256
otu1006	576	652	273
otu1007	219	187	234
otu1008	99	151	213
otu1009	161	153	246
otu1010	557	519	450
otu1011	181	155	225
otu1012	216	281	171
otu1013	483	583	342
otu1014	298	396	630
otu1015	582	215	568
otu1016	194	109	267
otu1017	393	412	270
otu1018	379	780	224
otu1019	166	79	265
otu1020	649	438	487
otu1021	574	334	445
otu1022	473	375	201
otu1023	487	828	364
otu1024	497	327	457
otu1025	465	407	398
otu1026	214	91	255
otu1027	509	226	306
otu1028	427	668	437
otu1029	443	408	455
otu1030	494	486	482
otu1031	135	241	310
otu1032	722	432	229
otu1033	164	538	54
otu1034	510	663	436
otu1035	135	178	287
otu1036	511	489	402
otu1037	169	126	208
otu1038	603	375	280
otu1039	111	224	224
otu1040	628	470	214
otu1041	343	807	264
otu1042	165	334	291
otu1043	512	487	374
otu1044	538	444	231
otu1045	403	298	561
otu1046	190	153	188
otu1047	572	252	402
otu1048	581	595	237
otu1049	415	931	287
otu1050	257	80	229
otu1051	247	237	326
otu1052	471	331	486
otu1053	620	499	270
otu1054	178	226	51
otu1055	458	691	296
otu1056	239	134	234
otu1057	521	532	321
otu1058	400	292	191
otu1059	548	414	399
otu1060	205	176	227
otu1061	414	207	373
otu1062	496	485	338
otu1063	469	347	299
otu1064	438	399	356
otu1065	193	118	196
otu1066	149	235	267
otu1067	169	119	261
otu1068	524	596	364
otu1069	176	102	242
otu1070	530	252	447
otu1071	227	433	122
otu1072	451	368	366
otu1073	152	108	249
otu1074	37	599	100
otu1075	289	131	63
otu1076	446	407	234
otu1077	525	350	450
otu1078	409	312	383
otu1079	133	347	160
otu1080	221	79	187
otu1081	231	128	249
otu1082	536	134	881
otu1083	440	313	553
otu1084	473	355	73
otu1085	435	793	377
otu1086	449	497	362
otu1087	494	489	397
otu1088	476	635	221
otu1089	9	9	5
otu1090	507	563	360
otu1091	706	375	163
otu1092	174	212	189
otu1093	382	457	278
otu1094	510	363	341
otu1095	514	497	262
otu1096	186	351	76
otu1097	108	145	193
otu1098	446	446	294
otu1099	571	306	369
otu1100	114	201	299
otu1101	431	192	365
otu1102	218	280	115
otu1103	157	324	179
otu1104	643	329	313
otu1105	252	175	231
otu1106	197	109	199
otu1107	489	788	209
otu1108	134	237	259
otu1109	164	174	178
otu1110	344	334	507
otu1111	307	696	198
otu1112	359	644	279
otu1113	373	246	427
otu1114	477	401	317
otu1115	26	74	49
otu1116	100	162	222
otu1117	492	362	304
otu1118	209	71	183
otu1119	468	374	244
otu1120	540	268	416
otu1121	189	28	286
otu1122	437	472	403
otu1123	472	417	438
otu1124	234	81	164
otu1125	637	369	229
otu1126	304	355	367
otu1127	424	451	234
otu1128	551	242	461
otu1129	428	586	361
otu1130	224	115	206
otu1131	165	160	257
otu1132	446	577	333
otu1133	263	790	218
otu1134	462	377	295
otu1135	467	330	399
otu1136	481	450	345
otu1137	447	345	288
otu1138	628	306	151
otu1139	469	301	239
otu1140	459	396	375
otu1141	567	297	116
otu1142	405	430	308
otu1143	210	73	182
otu1144	465	298	279
otu1145	349	402	473
otu1146	590	604	231
otu1147	130	306	43
otu1148	16	10	4
otu1149	66	107	27
otu1150	444	460	341
otu1151	363	214	559
otu1152	418	323	372
otu1153	401	499	245
otu1154	549	855	158
otu1155	427	593	186
otu1156	183	160	204
otu1157	661	328	462
otu1158	383	33	245
otu1159	548	229	361
otu1160	93	150	129
otu1161	374	271	481
otu1162	114	102	151
otu1163	358	493	237
otu1164	437	522	314
otu1165	494	199	221
otu1166	176	1190	72
otu1167	309	529	367
otu1168	524	374	286
otu1169	197	78	254
otu1170	13	15	12
otu1171	601	187	203
otu1172	533	386	224
otu1173	475	353	210
otu1174	155	25	229
otu1175	169	89	171
otu1176	227	269	132
otu1177	651	616	148
otu1178	190	297	198
otu1179	418	414	251
otu1180	156	129	145
otu1181	120	142	209
otu1182	454	219	616
otu1183	456	268	345
otu1184	509	193	437
otu1185	424	439	213
otu1186	222	166	183
otu1187	60	25	14
otu1188	334	436	387
otu1189	396	434	361
otu1190	130	106	173
otu1191	296	222	133
otu1192	271	203	479
otu1193	371	465	212
otu1194	417	294	397
otu1195	541	293	298
otu1196	570	346	432
otu1197	1239	306	56
otu1198	362	319	449
otu1199	356	454	279
otu1200	160	91	129
otu1201	134	73	189
otu1202	153	42	217
otu1203	469	140	98
otu1204	111	95	127
otu1205	203	72	116
otu1206	291	472	329
otu1207	359	276	359
otu1208	592	285	246
otu1209	318	304	335
otu1210	87	144	167
otu1211	409	354	346
otu1212	290	440	375
otu1213	356	580	214
otu1214	179	23	234
otu1215	305	434	255
otu1216	188	72	154
otu1217	253	298	167
otu1218	106	164	225
otu1219	183	116	279
otu1220	401	273	315
otu1221	425	398	264
otu1222	132	79	163
otu1223	386	341	227
otu1224	386	419	420
otu1225	288	553	273
otu1226	385	197	408
otu1227	333	29	235
otu1228	378	385	276
otu1229	198	135	140
otu1230	195	243	103
otu1231	301	301	254
otu1232	382	283	233
otu1233	107	120	158
otu1234	410	170	293
otu1235	235	584	397
otu1236	330	410	338
otu1237	373	269	224
otu1238	152	87	204
otu1239	565	223	475
otu1240	498	296	251
otu1241	325	451	229
otu1242	171	61	115
otu1243	184	119	203
otu1244	486	214	301
otu1245	252	433	360
otu1246	329	399	205
otu1247	401	443	361
otu1248	385	250	312
otu1249	332	233	317
otu1250	497	196	228
otu1251	380	433	270
otu1252	316	284	354
otu1253	308	321	192
otu1254	378	211	270
otu1255	171	63	182
otu1256	329	370	216
otu1257	332	299	277
otu1258	406	311	271
otu1259	203	444	94
otu1260	174	109	150
otu1261	404	495	210
otu1262	578	16	35
otu1263	191	97	190
otu1264	525	273	342
otu1265	107	92	155
otu1266	393	363	329
otu1267	383	104	273
otu1268	122	291	70
otu1269	132	117	161
otu1270	144	95	221
otu1271	441	331	292
otu1272	353	381	260
otu1273	86	250	61
otu1274	381	343	237
otu1275	257	297	474
otu1276	199	223	60
otu1277	170	131	202
otu1278	440	286	144
otu1279	124	150	178
otu1280	386	310	262
otu1281	410	256	221
otu1282	99	487	116
otu1283	106	115	96
otu1284	400	383	263
otu1285	294	249	382
otu1286	380	262	219
otu1287	306	265	311
otu1288	394	337	295
otu1289	315	346	276
otu1290	412	378	132
otu1291	114	126	139
otu1292	350	362	132
otu1293	274	218	195
otu1294	80	148	191
otu1295	590	123	142
otu1296	121	37	139
otu1297	344	295	295
otu1298	84	96	124
otu1299	461	198	287
otu1300	59	50	213
otu1301	460	164	218
otu1302	193	66	137
otu1303	294	123	243
otu1304	256	251	301
otu1305	130	125	155
otu1306	309	304	349
otu1307	354	126	267
otu1308	354	291	307
otu1309	136	35	192
otu1310	422	194	229
otu1311	408	174	169
otu1312	244	260	238
otu1313	101	82	376
otu1314	132	67	231
otu1315	370	412	152
otu1316	280	317	334
otu1317	389	243	169
otu1318	381	292	104
otu1319	494	132	237
otu1320	328	288	188
otu1321	429	250	307
otu1322	217	52	280
otu1323	399	340	195
otu1324	77	132	240
otu1325	104	66	163
otu1326	418	321	222
otu1327	576	191	333
otu1328	484	182	255
otu1329	271	187	418
otu1330	305	312	267
otu1331	131	194	80
otu1332	434	282	255
otu1333	390	148	540
otu1334	298	272	292
otu1335	265	533	138
otu1336	488	280	311
otu1337	102	77	114
otu1338	331	265	267
otu1339	258	349	234
otu1340	256	463	202
otu1341	207	340	555
otu1342	354	337	229
otu1343	283	256	274
otu1344	109	62	226
otu1345	278	224	236
otu1346	416	67	95
otu1347	171	84	133
otu1348	296	206	236
otu1349	518	304	139
otu1350	218	201	528
otu1351	374	372	213
otu1352	271	449	211
otu1353	150	74	169
otu1354	366	293	267
otu1355	287	354	163
otu1356	104	108	147
otu1357	333	121	258
otu1358	173	48	177
otu1359	238	610	166
otu1360	295	276	175
otu1361	321	327	262
otu1362	243	281	280
otu1363	267	299	191
otu1364	268	470	197
otu1365	445	194	104
otu1366	130	56	145
otu1367	260	300	311
otu1368	422	195	377
otu1369	208	215	341
otu1370	505	165	77
otu1371	188	244	54
otu1372	437	322	164
otu1373	307	443	177
otu1374	100	85	132
otu1375	207	173	145
otu1376	324	311	145
otu1377	450	195	295
otu1378	106	16	190
otu1379	128	75	95
otu1380	461	63	550
otu1381	251	397	173
otu1382	415	236	252
otu1383	288	311	224
otu1384	270	420	179
otu1385	255	301	327
otu1386	367	241	145
otu1387	338	186	241
otu1388	330	200	282
otu1389	529	205	151
otu1390	204	93	155
otu1391	235	148	59
otu1392	101	199	195
otu1393	111	75	147
otu1394	333	233	180
otu1395	376	264	126
otu1396	212	382	232
otu1397	264	22	160
otu1398	366	319	201
otu1399	222	227	188
otu1400	117	59	161
otu1401	348	264	149
otu1402	354	303	282
otu1403	78	609	223
otu1404	314	404	214
otu1405	346	235	180
otu1406	294	397	101
otu1407	80	91	154
otu1408	187	353	151
otu1409	145	45	200
otu1410	502	41	41
otu1411	59	198	65
otu1412	214	333	209
otu1413	127	129	157
otu1414	173	112	99
otu1415	106	16	179
otu1416	344	318	275
otu1417	108	114	114
otu1418	359	283	241
otu1419	500	94	470
otu1420	209	410	196
otu1421	88	128	92
otu1422	95	98	129
otu1423	230	304	292
otu1424	453	49	226
otu1425	128	26	181
otu1426	223	463	149
otu1427	188	54	97
otu1428	340	214	156
otu1429	86	102	686
otu1430	99	91	180
otu1431	413	93	71
otu1432	309	238	189
otu1433	332	236	246
otu1434	440	115	137
otu1435	87	40	98
otu1436	302	245	148
otu1437	419	272	233
otu1438	270	222	125
otu1439	428	114	236
otu1440	95	59	106
otu1441	266	296	134
otu1442	165	4	48
otu1443	94	54	125
otu1444	410	56	584
otu1445	115	26	149
otu1446	343	298	225
otu1447	166	47	174
otu1448	365	152	370
otu1449	126	152	153
otu1450	155	665	97
otu1451	413	79	32
otu1452	299	285	146
otu1453	71	98	34
otu1454	412	54	50
otu1455	226	296	227
otu1456	249	287	122
otu1457	352	242	143
otu1458	91	164	209
otu1459	152	248	313
otu1460	90	93	16
otu1461	172	163	84
otu1462	365	244	147
otu1463	253	12	153
otu1464	243	181	148
otu1465	442	173	116
otu1466	175	169	385
otu1467	237	460	120
otu1468	122	230	38
otu1469	224	207	317
otu1470	74	108	157
otu1471	433	150	310
otu1472	245	160	169
otu1473	277	340	221
otu1474	305	174	103
otu1475	357	195	212
otu1476	216	137	133
otu1477	404	122	91
otu1478	243	167	169
otu1479	282	224	266
otu1480	240	244	232
otu1481	310	186	75
otu1482	348	176	243
otu1483	100	188	118
otu1484	353	197	195
otu1485	460	4	7
otu1486	297	243	175
otu1487	76	181	513
otu1488	250	373	169
otu1489	328	241	150
otu1490	290	327	167
otu1491	73	96	187
otu1492	488	0	5
otu1493	221	404	203
otu1494	82	160	25
otu1495	92	75	177
otu1496	337	68	46
otu1497	57	136	154
otu1498	59	65	115
otu1499	296	195	182
otu1500	188	166	219
otu1501	18	100	240
otu1502	442	163	125
otu1503	59	202	125
otu1504	147	523	72
otu1505	333	198	241
otu1506	66	65	97
otu1507	121	66	96
otu1508	80	216	169
otu1509	329	189	252
otu1510	174	368	285
otu1511	257	244	178
otu1512	232	298	149
otu1513	180	194	423
otu1514	142	68	108
otu1515	293	443	51
otu1516	41	19	14
otu1517	173	69	86
otu1518	314	247	62
otu1519	179	208	249
otu1520	266	288	200
otu1521	332	144	157
otu1522	200	167	363
otu1523	220	263	207
otu1524	210	182	123
otu1525	151	165	74
otu1526	129	271	77
otu1527	309	274	179
otu1528	282	240	226
otu1529	24	90	129
otu1530	407	186	132
otu1531	73	119	122
otu1532	194	109	199
otu1533	407	126	118
otu1534	210	203	141
otu1535	129	163	104
otu1536	287	277	196
otu1537	301	166	181
otu1538	163	273	133
otu1539	87	83	161
otu1540	125	52	100
otu1541	297	266	164
otu1542	154	640	152
otu1543	293	284	208
otu1544	234	472	178
otu1545	275	292	130
otu1546	220	240	280
otu1547	268	232	118
otu1548	252	179	234
otu1549	356	136	191
otu1550	342	206	181
otu1551	112	58	152
otu1552	94	55	104
otu1553	247	181	162
otu1554	394	116	266
otu1555	357	115	198
otu1556	81	66	89
otu1557	79	105	116
otu1558	297	199	148
otu1559	215	209	328
otu1560	171	94	283
otu1561	314	231	161
otu1562	288	193	177
otu1563	65	56	141
otu1564	130	188	44
otu1565	139	73	438
otu1566	143	188	98
otu1567	198	257	137
otu1568	303	195	237
otu1569	298	306	181
otu1571	107	66	101
otu1572	347	147	161
otu1573	221	172	159
otu1574	213	196	242
otu1575	283	248	134
otu1576	286	176	118
otu1577	207	212	141
otu1578	257	193	142
otu1579	96	18	146
otu1580	140	95	43
otu1581	277	181	167
otu1582	204	219	138
otu1583	267	126	199
otu1584	124	309	128
otu1585	259	257	258
otu1586	307	167	188
otu1587	165	108	115
otu1588	247	233	231
otu1589	196	293	224
otu1590	63	130	222
otu1591	81	21	136
otu1592	12	82	141
otu1593	262	192	151
otu1594	367	255	61
otu1595	270	178	88
otu1596	361	153	157
otu1597	69	108	96
otu1598	246	444	158
otu1599	343	82	94
otu1600	262	283	110
otu1601	264	270	124
otu1602	98	20	122
otu1603	257	267	121
otu1604	213	303	169
otu1605	328	213	127
otu1606	199	350	122
otu1607	164	164	105
otu1608	205	148	276
otu1609	71	103	33
otu1610	315	147	187
otu1611	98	38	98
otu1612	205	178	140
otu1613	206	319	141
otu1614	244	28	337
otu1615	168	371	109
otu1616	53	84	108
otu1617	105	46	108
otu1618	136	104	69
otu1619	117	12	134
otu1620	336	184	184
otu1621	281	158	245
otu1622	176	491	160
otu1623	106	223	133
otu1624	205	169	116
otu1625	271	229	76
otu1626	37	122	130
otu1627	192	203	230
otu1628	266	117	137
otu1629	225	175	122
otu1630	182	104	209
otu1631	121	104	148
otu1632	179	175	214
otu1633	144	366	181
otu1634	329	54	463
otu1635	255	271	147
otu1636	146	226	56
otu1637	264	266	101
otu1638	170	194	263
otu1639	67	92	124
otu1640	99	106	340
otu1641	228	203	188
otu1642	109	114	277
otu1643	93	14	138
otu1644	152	59	95
otu1645	138	85	179
otu1646	216	188	157
otu1647	84	32	109
otu1648	293	149	200
otu1649	208	141	265
otu1650	252	160	111
otu1651	233	119	118
otu1652	194	150	150
otu1653	62	178	142
otu1654	123	125	213
otu1655	118	139	254
otu1656	97	54	85
otu1657	316	322	137
otu1658	89	61	52
otu1659	63	116	117
otu1660	69	61	75
otu1661	70	51	103
otu1662	296	262	130
otu1663	78	67	92
otu1664	154	243	174
otu1665	63	44	92
otu1666	128	161	111
otu1667	206	259	110
otu1668	167	227	237
otu1669	204	313	143
otu1670	319	198	126
otu1671	246	95	245
otu1672	216	126	168
otu1673	102	37	93
otu1674	110	60	31
otu1675	246	194	141
otu1676	62	187	159
otu1677	64	52	80
otu1678	53	28	69
otu1679	291	195	191
otu1680	186	299	150
otu1681	127	94	103
otu1682	58	63	98
otu1683	126	45	96
otu1684	202	192	126
otu1685	148	350	103
otu1686	152	244	270
otu1687	298	96	191
otu1688	221	177	144
otu1689	141	121	317
otu1690	223	246	87
otu1691	256	238	144
otu1692	104	142	100
otu1693	184	142	113
otu1694	213	261	117
otu1695	244	128	214
otu1696	107	127	68
otu1697	90	86	104
otu1698	193	147	173
otu1699	201	176	150
otu1700	98	50	77
otu1701	110	39	116
otu1702	127	202	120
otu1703	248	165	133
otu1704	252	246	115
otu1705	198	271	145
otu1706	230	260	134
otu1707	247	163	174
otu1708	54	48	93
otu1709	253	290	97
otu1710	251	198	168
otu1711	268	29	67
otu1712	85	310	260
otu1713	206	63	152
otu1714	158	162	244
otu1715	150	333	104
otu1716	152	268	201
otu1717	224	162	222
otu1718	150	177	160
otu1719	69	67	84
otu1720	171	268	90
otu1721	47	105	82
otu1722	174	141	138
otu1723	179	190	94
otu1724	106	52	82
otu1725	162	225	154
otu1726	77	67	97
otu1727	241	111	183
otu1728	244	199	100
otu1729	250	70	279
otu1730	311	132	117
otu1731	154	282	113
otu1732	210	295	163
otu1733	294	144	146
otu1734	216	201	94
otu1735	259	229	137
otu1736	322	92	106
otu1737	169	337	94
otu1738	233	105	163
otu1739	154	188	115
otu1740	51	69	111
otu1741	151	260	114
otu1742	94	47	68
otu1743	141	254	175
otu1744	148	117	123
otu1745	158	329	141
otu1746	198	345	148
otu1747	48	53	54
otu1748	289	122	184
otu1749	31	48	88
otu1750	208	226	133
otu1751	194	126	211
otu1752	231	258	79
otu1753	192	30	100
otu1754	256	187	145
otu1755	155	220	141
otu1756	98	218	222
otu1757	67	72	87
otu1758	0	122	173
otu1759	181	210	175
otu1760	181	231	146
otu1761	247	159	176
otu1762	121	69	135
otu1763	97	11	99
otu1764	184	128	149
otu1765	161	158	161
otu1766	162	73	112
otu1767	74	142	43
otu1768	108	115	268
otu1769	16	32	19
otu1770	294	111	169
otu1771	192	216	176
otu1772	261	95	226
otu1773	181	307	108
otu1774	242	199	109
otu1775	94	82	84
otu1776	207	146	73
otu1777	299	49	32
otu1778	154	144	219
otu1779	73	127	80
otu1780	99	75	77
otu1781	101	292	229
otu1782	97	57	97
otu1783	188	226	193
otu1784	77	95	83
otu1785	289	81	124
otu1786	180	178	120
otu1787	256	124	126
otu1788	248	111	136
otu1789	293	89	57
otu1790	61	80	140
otu1791	64	59	77
otu1792	252	124	77
otu1793	84	51	81
otu1794	321	167	57
otu1795	221	136	123
otu1796	146	141	125
otu1797	252	149	136
otu1798	197	269	102
otu1799	124	168	126
otu1800	224	99	127
otu1801	96	84	75
otu1802	161	300	96
otu1803	209	106	313
otu1804	204	131	106
otu1805	88	38	64
otu1806	239	260	153
otu1807	100	207	236
otu1808	384	83	73
otu1809	305	34	273
otu1810	93	67	113
otu1811	174	122	164
otu1812	219	130	179
otu1813	84	65	87
otu1814	80	82	77
otu1815	223	138	146
otu1816	328	117	39
otu1817	245	114	139
otu1818	88	46	75
otu1819	155	124	109
otu1820	139	34	181
otu1821	161	299	97
otu1822	258	131	63
otu1823	131	131	129
otu1824	178	221	93
otu1825	170	140	38
otu1826	225	170	146
otu1827	48	152	122
otu1828	86	29	58
otu1829	132	308	114
otu1830	173	123	171
otu1831	100	69	197
otu1832	65	59	61
otu1833	18	9	118
otu1834	169	123	188
otu1835	111	215	140
otu1836	42	139	177
otu1837	228	125	120
otu1838	136	205	106
otu1839	77	38	68
otu1840	163	7	89
otu1841	172	132	150
otu1842	143	202	109
otu1843	63	54	102
otu1844	314	96	198
otu1845	57	79	73
otu1846	83	61	115
otu1847	169	168	108
otu1848	273	84	60
otu1849	110	301	84
otu1850	127	151	174
otu1851	67	45	78
otu1852	74	34	71
otu1853	119	223	178
otu1854	180	61	154
otu1855	158	233	122
otu1856	146	49	86
otu1857	222	104	154
otu1858	83	51	106
otu1859	248	124	151
otu1860	252	74	260
otu1861	102	67	119
otu1862	250	70	204
otu1863	88	29	88
otu1864	81	107	58
otu1865	201	135	146
otu1866	53	42	357
otu1867	175	36	148
otu1868	62	46	96
otu1869	48	24	87
otu1870	60	44	64
otu1871	151	181	107
otu1872	46	26	88
otu1873	161	90	241
otu1874	210	143	116
otu1875	42	93	92
otu1876	163	281	80
otu1877	206	132	208
otu1878	162	195	168
otu1879	131	219	123
otu1880	183	149	155
otu1881	142	213	69
otu1882	177	98	174
otu1883	169	126	141
otu1884	203	133	129
otu1885	64	6	93
otu1886	153	147	99
otu1887	113	230	85
otu1888	206	203	97
otu1889	195	202	91
otu1890	184	120	83
otu1891	182	44	93
otu1892	133	104	183
otu1893	223	153	134
otu1894	81	65	68
otu1895	64	82	97
otu1896	8	4	485
otu1897	146	187	143
otu1898	39	156	54
otu1899	68	62	74
otu1900	211	66	110
otu1901	138	272	116
otu1902	116	218	173
otu1903	288	65	61
otu1904	43	66	85
otu1905	7	0	0
otu1906	146	121	181
otu1907	71	62	96
otu1908	189	140	126
otu1909	166	118	150
otu1910	72	42	81
otu1911	138	227	118
otu1912	199	116	167
otu1913	167	95	56
otu1914	80	23	79
otu1915	215	101	53
otu1916	165	163	90
otu1917	85	58	75
otu1918	36	93	77
otu1919	181	225	93
otu1920	225	176	124
otu1921	40	40	21
otu1922	167	310	101
otu1923	99	30	72
otu1924	237	147	116
otu1925	131	211	115
otu1926	73	35	52
otu1927	32	67	85
otu1928	168	54	152
otu1929	159	116	95
otu1930	123	82	103
otu1931	135	283	128
otu1932	88	104	310
otu1933	235	145	87
otu1934	165	324	114
otu1935	187	147	95
otu1936	128	179	78
otu1937	38	97	105
otu1938	94	81	87
otu1939	31	46	92
otu1940	240	131	96
otu1941	278	22	321
otu1942	65	59	64
otu1943	182	113	115
otu1944	231	145	128
otu1945	38	67	77
otu1946	77	172	190
otu1947	146	97	91
otu1948	83	27	71
otu1949	219	180	73
otu1950	113	145	201
otu1951	30	41	72
otu1952	217	163	113
otu1953	34	80	89
otu1954	59	32	51
otu1955	35	54	75
otu1956	66	73	123
otu1957	31	61	52
otu1958	86	73	275
otu1959	130	146	89
otu1960	47	59	112
otu1961	86	31	95
otu1962	208	102	122
otu1963	128	171	172
otu1964	212	167	95
otu1965	108	267	131
otu1966	9	0	9
otu1967	184	221	117
otu1968	109	104	15
otu1969	113	111	187
otu1970	215	86	114
otu1971	168	177	110
otu1972	169	131	131
otu1973	203	177	127
otu1974	19	19	14
otu1975	44	31	105
otu1976	139	66	244
otu1977	220	111	104
otu1978	159	182	106
otu1979	251	59	223
otu1980	49	71	70
otu1981	240	126	107
otu1982	228	38	64
otu1983	187	139	105
otu1984	125	184	153
otu1985	107	118	46
otu1986	136	82	83
otu1987	146	218	110
otu1988	67	95	40
otu1989	144	96	120
otu1990	66	29	62
otu1991	74	34	54
otu1992	187	183	111
otu1993	126	92	179
otu1994	88	154	173
otu1995	75	53	75
otu1996	142	242	86
otu1997	160	117	35
otu1998	99	53	104
otu1999	147	124	115
otu2000	126	205	95
otu2001	227	59	236
otu2002	97	238	99
otu2003	23	38	50
otu2004	171	161	118
otu2005	119	99	34
otu2006	163	249	119
otu2007	228	167	96
otu2008	85	19	51
otu2009	74	103	55
otu2010	51	109	78
otu2011	97	62	82
otu2012	255	53	113
otu2013	183	117	95
otu2014	67	66	92
otu2015	149	322	103
otu2016	115	210	74
otu2017	208	84	70
otu2018	38	27	98
otu2019	178	164	124
otu2020	69	103	52
otu2021	175	55	66
otu2022	108	117	182
otu2023	169	180	104
otu2024	109	137	245
otu2025	89	25	95
otu2026	119	139	174
otu2027	202	132	78
otu2028	55	38	204
otu2029	38	74	48
otu2030	96	66	191
otu2031	182	163	76
otu2032	121	56	128
otu2033	84	21	81
otu2034	80	37	63
otu2035	63	16	92
otu2036	141	147	128
otu2037	114	225	64
otu2038	64	90	83
otu2039	119	154	126
otu2040	165	158	116
otu2041	157	81	69
otu2042	50	78	86
otu2043	123	219	75
otu2044	112	215	70
otu2045	276	41	141
otu2046	133	276	73
otu2047	147	144	69
otu2048	28	54	178
otu2049	159	119	140
otu2050	79	109	272
otu2051	101	157	170
otu2052	167	167	129
otu2053	102	213	26
otu2054	253	30	0
otu2055	161	265	108
otu2056	130	201	75
otu2057	200	145	95
otu2058	157	144	72
otu2059	79	27	42
otu2060	52	32	82
otu2061	179	187	107
otu2062	230	85	54
otu2063	29	579	9
otu2064	41	20	50
otu2065	135	240	84
otu2066	139	57	91
otu2067	85	28	58
otu2068	133	155	145
otu2069	90	32	58
otu2070	57	37	49
otu2071	182	154	108
otu2072	56	47	62
otu2073	175	209	98
otu2074	66	24	48
otu2075	114	56	70
otu2076	169	107	122
otu2077	87	109	99
otu2078	68	23	88
otu2079	36	37	91
otu2080	119	70	64
otu2081	246	124	126
otu2082	44	49	53
otu2083	200	121	102
otu2084	150	139	152
otu2085	41	24	71
otu2086	168	12	48
otu2087	122	171	147
otu2088	129	15	72
otu2089	59	32	92
otu2090	139	113	143
otu2091	88	130	159
otu2092	99	48	224
otu2093	34	50	51
otu2094	90	208	51
otu2095	76	134	96
otu2096	180	107	85
otu2097	30	34	82
otu2098	233	32	256
otu2099	135	75	84
otu2100	94	168	151
otu2101	216	57	28
otu2102	133	281	87
otu2103	159	93	81
otu2104	175	86	119
otu2105	218	155	35
otu2106	67	132	176
otu2107	91	106	170
otu2108	75	24	52
otu2109	166	32	129
otu2110	157	71	200
otu2111	121	138	111
otu2112	134	214	80
otu2113	192	89	59
otu2114	113	87	83
otu2115	30	56	65
otu2116	264	71	26
otu2117	147	120	98
otu2118	51	52	164
otu2119	40	37	65
otu2120	43	59	62
otu2121	140	124	91
otu2122	230	63	229
otu2123	123	89	129
otu2124	121	272	71
otu2125	81	34	43
otu2126	154	125	110
otu2127	53	16	73
otu2128	183	58	143
otu2129	107	410	36
otu2130	16	75	83
otu2131	230	32	12
otu2132	115	112	75
otu2133	37	40	54
otu2134	63	74	88
otu2135	125	86	101
otu2136	107	77	33
otu2137	111	267	57
otu2138	87	59	79
otu2139	73	141	184
otu2140	58	45	150
otu2141	47	107	45
otu2142	179	123	79
otu2143	109	210	80
otu2144	160	33	22
otu2145	81	30	127
otu2146	51	32	44
otu2147	30	63	63
otu2148	64	24	46
otu2149	155	46	104
otu2150	107	111	69
otu2151	103	194	101
otu2152	176	29	200
otu2153	193	44	61
otu2154	178	104	125
otu2155	55	31	42
otu2156	172	79	198
otu2157	116	95	90
otu2158	207	21	244
otu2159	126	51	150
otu2160	34	30	61
otu2161	161	124	75
otu2162	139	165	111
otu2163	143	48	115
otu2164	147	113	54
otu2165	133	163	86
otu2166	181	239	79
otu2167	122	97	90
otu2168	35	72	74
otu2169	190	79	65
otu2170	156	121	61
otu2171	144	79	204
otu2172	29	58	64
otu2173	33	39	66
otu2174	103	165	49
otu2175	162	159	45
otu2176	101	139	160
otu2177	153	137	99
otu2178	55	107	131
otu2179	118	42	52
otu2180	210	20	195
otu2181	135	29	117
otu2182	152	155	54
otu2183	204	61	87
otu2184	133	22	39
otu2185	96	247	80
otu2186	156	41	109
otu2187	55	54	107
otu2188	34	42	59
otu2189	75	77	183
otu2190	123	161	109
otu2191	41	21	70
otu2192	56	51	83
otu2193	61	27	49
otu2194	6	42	76
otu2195	119	135	100
otu2196	70	14	80
otu2197	142	135	108
otu2198	118	85	29
otu2199	134	85	64
otu2200	138	156	68
otu2201	184	82	74
otu2202	126	182	46
otu2203	119	153	46
otu2204	20	73	156
otu2205	134	59	65
otu2206	93	40	49
otu2207	78	88	47
otu2208	127	60	143
otu2209	131	114	94
otu2210	81	46	51
otu2211	135	180	76
otu2212	34	24	44
otu2213	74	34	51
otu2214	85	273	53
otu2215	134	145	115
otu2216	21	27	79
otu2217	77	16	89
otu2218	62	57	72
otu2219	42	24	65
otu2220	158	137	87
otu2221	67	183	159
otu2222	121	28	150
otu2223	137	105	173
otu2224	12	33	76
otu2225	111	154	94
otu2226	99	90	131
otu2227	54	25	43
otu2228	57	27	49
otu2229	147	82	75
otu2230	116	178	71
otu2231	75	18	91
otu2232	141	154	114
otu2233	42	52	71
otu2234	220	47	45
otu2235	64	30	56
otu2236	71	201	88
otu2237	117	160	91
otu2238	182	77	75
otu2239	161	71	72
otu2240	93	100	139
otu2241	153	46	78
otu2242	114	139	69
otu2243	121	201	56
otu2244	103	49	84
otu2245	107	12	66
otu2246	177	92	48
otu2247	116	144	89
otu2248	119	170	57
otu2249	97	140	93
otu2250	46	53	83
otu2251	66	30	42
otu2252	160	98	55
otu2253	93	59	63
otu2254	59	124	143
otu2255	200	65	15
otu2256	106	194	62
otu2257	41	62	92
otu2258	150	201	76
otu2259	66	245	116
otu2260	110	148	110
otu2261	99	96	115
otu2262	27	54	66
otu2263	67	68	54
otu2264	81	118	95
otu2265	53	10	73
otu2266	35	45	146
otu2267	44	99	26
otu2268	203	40	43
otu2269	54	35	82
otu2270	82	36	53
otu2271	120	59	139
otu2272	36	61	39
otu2273	130	71	116
otu2274	115	174	71
otu2275	164	53	102
otu2276	104	66	47
otu2277	126	150	110
otu2278	69	78	166
otu2279	170	62	87
otu2280	112	158	94
otu2281	82	98	15
otu2282	35	30	41
otu2283	93	213	79
otu2284	58	34	58
otu2285	47	26	52
otu2286	59	61	63
otu2287	115	89	96
otu2288	222	74	41
otu2289	157	94	69
otu2290	100	125	68
otu2291	66	13	32
otu2292	66	28	43
otu2293	107	96	92
otu2294	163	64	72
otu2295	58	166	157
otu2296	133	93	39
otu2297	162	38	34
otu2298	203	57	140
otu2299	61	61	82
otu2300	143	149	48
otu2301	97	63	173
otu2302	107	171	65
otu2303	192	12	25
otu2304	57	42	61
otu2305	51	37	97
otu2306	85	58	118
otu2307	159	41	50
otu2308	122	60	74
otu2309	173	115	108
otu2310	117	150	58
otu2311	78	246	56
otu2312	151	81	70
otu2313	41	51	177
otu2314	48	72	226
otu2315	92	191	70
otu2316	40	21	44
otu2317	103	169	78
otu2318	152	136	66
otu2319	161	89	92
otu2320	194	24	35
otu2321	155	65	53
otu2322	28	64	210
otu2323	62	73	53
otu2324	107	139	86
otu2325	104	31	88
otu2326	56	33	23
otu2327	45	11	195
otu2328	125	75	117
otu2329	148	79	86
otu2330	60	123	58
otu2331	63	85	66
otu2332	93	158	81
otu2333	58	29	39
otu2334	76	172	70
otu2335	126	143	41
otu2336	0	28	0
otu2337	184	12	108
otu2338	115	88	77
otu2339	90	159	69
otu2340	39	26	51
otu2341	73	68	76
otu2342	131	59	115
otu2343	129	79	110
otu2344	98	86	81
otu2345	56	60	50
otu2346	82	196	51
otu2347	82	81	81
otu2348	105	4	62
otu2349	169	55	42
otu2350	129	82	102
otu2351	75	199	52
otu2352	170	15	17
otu2353	62	35	36
otu2354	49	49	45
otu2355	57	90	65
otu2356	37	23	44
otu2357	124	91	21
otu2358	142	57	77
otu2359	58	40	57
otu2360	62	90	50
otu2361	157	67	66
otu2362	55	68	40
otu2363	97	153	115
otu2364	149	122	50
otu2365	148	79	66
otu2366	98	211	74
otu2367	143	83	77
otu2368	114	47	170
otu2369	21	73	75
otu2370	81	183	47
otu2371	58	125	116
otu2372	70	77	63
otu2373	214	30	19
otu2374	147	100	73
otu2375	78	177	54
otu2376	77	97	80
otu2377	96	169	47
otu2378	57	18	45
otu2379	116	44	86
otu2380	86	177	52
otu2381	182	23	4
otu2382	120	105	101
otu2383	81	74	61
otu2384	160	109	53
otu2385	74	135	87
otu2386	78	131	29
otu2387	128	121	76
otu2388	95	51	133
otu2389	49	33	47
otu2390	82	191	71
otu2391	57	23	48
otu2392	97	38	58
otu2393	65	25	47
otu2394	135	31	109
otu2395	70	190	49
otu2396	55	14	37
otu2397	106	49	149
otu2398	72	158	58
otu2399	69	171	52
otu2400	129	81	75
otu2401	67	18	38
otu2402	77	66	155
otu2403	79	36	31
otu2404	80	61	52
otu2405	69	23	44
otu2406	131	81	65
otu2407	149	38	120
otu2408	59	16	46
otu2409	117	171	71
otu2410	47	91	34
otu2411	72	93	66
otu2412	147	78	120
otu2413	84	53	43
otu2414	132	103	87
otu2415	82	133	70
otu2416	122	133	55
otu2417	87	126	74
otu2418	32	57	149
otu2419	48	9	61
otu2420	131	102	67
otu2421	58	156	67
otu2422	101	92	79
otu2423	72	166	44
otu2424	38	16	33
otu2425	154	36	96
otu2426	121	109	83
otu2427	120	77	45
otu2428	89	202	49
otu2429	127	33	58
otu2430	89	129	63
otu2431	106	16	27
otu2432	72	178	53
otu2433	146	89	133
otu2434	80	99	90
otu2435	1	7	7
otu2436	82	181	50
otu2437	160	11	27
otu2438	21	37	53
otu2439	155	84	104
otu2440	69	26	31
otu2441	52	33	51
otu2442	33	9	71
otu2443	84	166	83
otu2444	160	43	71
otu2445	56	20	35
otu2446	47	51	178
otu2447	93	160	52
otu2448	97	89	83
otu2449	98	108	75
otu2450	127	90	43
otu2451	109	32	46
otu2452	61	8	47
otu2453	85	114	121
otu2454	112	201	61
otu2455	125	83	66
otu2456	30	25	45
otu2457	164	35	18
otu2458	57	68	152
otu2459	118	79	49
otu2460	69	174	48
otu2461	111	105	60
otu2462	99	42	39
otu2463	91	114	70
otu2464	124	65	48
otu2465	120	56	102
otu2466	71	174	44
otu2467	78	70	29
otu2468	41	8	69
otu2469	140	93	136
otu2470	81	184	46
otu2471	104	80	69
otu2472	63	17	45
otu2473	145	42	117
otu2474	19	61	64
otu2475	53	83	8
otu2476	134	50	97
otu2477	166	29	74
otu2478	133	37	124
otu2479	150	51	29
otu2480	157	28	192
otu2481	101	63	72
otu2482	25	31	32
otu2483	59	24	37
otu2484	81	160	44
otu2485	115	85	26
otu2486	97	60	70
otu2487	145	38	80
otu2488	144	137	59
otu2489	74	88	148
otu2490	45	18	28
otu2491	88	150	56
otu2492	37	37	28
otu2493	148	23	187
otu2494	55	18	36
otu2495	67	162	41
otu2496	76	177	45
otu2497	78	173	41
otu2498	61	62	172
otu2499	139	72	111
otu2500	79	149	43
otu2501	46	54	55
otu2502	91	180	50
otu2503	94	45	45
otu2504	93	102	112
otu2505	110	66	24
otu2506	99	69	35
otu2507	79	58	70
otu2508	123	78	59
otu2509	67	25	81
otu2510	135	98	61
otu2511	171	15	33
otu2512	103	110	57
otu2513	37	52	46
otu2514	118	91	70
otu2515	79	81	136
otu2516	137	119	29
otu2517	38	8	55
otu2518	47	18	51
otu2519	43	7	62
otu2520	151	65	42
otu2521	120	19	19
otu2522	56	74	162
otu2523	46	120	69
otu2524	81	171	49
otu2525	50	144	76
otu2526	119	83	85
otu2527	57	72	87
otu2528	60	81	131
otu2529	48	66	33
otu2530	75	47	75
otu2531	25	48	114
otu2532	54	34	59
otu2533	40	6	57
otu2534	57	142	52
otu2535	56	12	45
otu2536	32	7	82
otu2537	70	103	22
otu2538	48	92	46
otu2539	72	176	48
otu2540	83	111	93
otu2541	74	52	52
otu2542	121	94	36
otu2543	94	129	71
otu2544	71	72	37
otu2545	100	74	51
otu2546	134	111	45
otu2547	41	24	37
otu2548	70	8	49
otu2549	179	22	97
otu2550	122	69	38
otu2551	44	13	36
otu2552	73	122	43
otu2553	176	4	23
otu2554	32	45	40
otu2555	44	15	32
otu2556	68	52	55
otu2557	108	83	71
otu2558	121	82	44
otu2559	15	66	38
otu2560	123	62	62
otu2561	91	17	33
otu2562	89	127	106
otu2563	108	100	64
otu2564	41	29	33
otu2565	31	126	51
otu2566	79	30	39
otu2567	91	120	52
otu2568	48	42	46
otu2569	91	151	59
otu2570	176	58	24
otu2571	131	138	34
otu2572	97	128	52
otu2573	112	5	24
otu2574	107	67	43
otu2575	114	83	27
otu2576	66	100	109
otu2577	79	165	48
otu2578	80	87	53
otu2579	87	84	69
otu2580	77	181	45
otu2581	40	20	41
otu2582	29	9	52
otu2583	110	116	49
otu2584	119	52	91
otu2585	35	35	75
otu2586	71	55	5
otu2587	40	29	127
otu2588	17	12	39
otu2589	34	10	36
otu2590	66	106	5
otu2591	99	64	110
otu2592	71	51	98
otu2593	56	21	50
otu2594	144	47	20
otu2595	94	114	56
otu2596	11	39	56
otu2597	51	66	42
otu2598	91	79	52
otu2599	66	94	114
otu2600	49	16	40
otu2601	79	49	55
otu2602	72	132	63
otu2603	54	42	42
otu2604	68	62	58
otu2605	96	113	98
otu2606	27	22	46
otu2607	68	47	48
otu2608	141	46	112
otu2609	45	57	45
otu2610	15	19	32
otu2611	71	45	32
otu2612	17	10	37
otu2613	35	40	31
otu2614	159	19	44
otu2615	60	28	139
otu2616	62	18	54
otu2617	114	22	25
otu2618	115	39	42
otu2619	62	211	49
otu2620	42	33	38
otu2621	103	40	53
otu2622	107	85	21
otu2623	35	75	18
otu2624	55	21	35
otu2625	59	25	24
otu2626	78	80	97
otu2627	99	53	101
otu2628	129	3	90
otu2629	61	53	148
otu2630	123	9	77
otu2631	33	90	33
otu2632	33	14	20
otu2633	175	7	100
otu2634	86	43	121
otu2635	123	28	10
otu2636	38	7	62
otu2637	76	46	50
otu2638	77	166	61
otu2639	91	64	119
otu2640	84	11	24
otu2641	63	80	88
otu2642	92	87	31
otu2643	152	70	16
otu2644	37	53	64
otu2645	136	53	112
otu2646	97	58	68
otu2647	111	79	52
otu2648	58	62	1
otu2649	76	49	43
otu2650	40	17	37
otu2651	25	59	62
otu2652	87	88	41
otu2653	28	43	38
otu2654	88	93	43
otu2655	43	4	65
otu2656	95	45	50
otu2657	84	25	102
otu2658	37	54	157
otu2659	86	130	57
otu2660	128	42	99
otu2661	145	11	21
otu2662	34	8	26
otu2663	30	27	43
otu2664	87	69	54
otu2665	61	30	24
otu2666	100	53	87
otu2667	60	75	56
otu2668	96	20	129
otu2669	50	14	30
otu2670	141	16	167
otu2671	108	47	64
otu2672	113	52	54
otu2673	116	69	48
otu2674	57	43	133
otu2675	93	121	56
otu2676	35	32	45
otu2677	15	31	3
otu2678	31	58	59
otu2679	117	71	61
otu2680	125	87	42
otu2681	80	59	73
otu2682	110	81	55
otu2683	31	4	43
otu2684	158	61	86
otu2685	82	60	70
otu2686	41	21	21
otu2687	14	58	42
otu2688	31	12	30
otu2689	47	20	26
otu2690	49	191	55
otu2691	42	22	33
otu2692	38	39	33
otu2693	83	159	39
otu2694	92	55	35
otu2695	80	48	65
otu2696	195	0	0
otu2697	117	79	34
otu2698	72	26	29
otu2699	17	33	45
otu2700	33	6	27
otu2701	54	74	51
otu2702	70	91	39
otu2703	107	30	19
otu2704	86	69	41
otu2705	96	52	43
otu2706	86	83	60
otu2707	87	83	103
otu2708	35	56	49
otu2709	101	64	80
otu2710	86	59	26
otu2711	0	0	0
otu2712	19	30	36
otu2713	29	15	24
otu2714	48	18	11
otu2715	93	115	37
otu2716	110	33	44
otu2717	123	28	76
otu2718	103	66	41
otu2719	138	8	31
otu2720	61	79	59
otu2721	52	142	59
otu2722	25	54	69
otu2723	79	62	79
otu2724	46	12	29
otu2725	42	151	55
otu2726	88	132	63
otu2727	11	44	25
otu2728	57	23	39
otu2729	63	116	50
otu2730	118	54	43
otu2731	23	46	115
otu2732	37	63	19
otu2733	38	16	42
otu2734	95	52	57
otu2735	85	25	40
otu2736	122	10	152
otu2737	68	70	86
otu2738	88	94	53
otu2739	60	27	25
otu2740	66	80	79
otu2741	122	75	50
otu2742	110	66	81
otu2743	42	15	27
otu2744	101	79	65
otu2745	39	7	50
otu2746	113	32	37
otu2747	75	82	39
otu2748	56	154	41
otu2749	110	82	108
otu2750	71	28	76
otu2751	36	40	18
otu2752	70	44	109
otu2753	118	78	50
otu2754	90	49	52
otu2755	110	48	79
otu2756	58	95	64
otu2757	33	10	30
otu2758	70	50	20
otu2759	64	4	41
otu2760	37	22	69
otu2761	82	83	37
otu2762	34	31	27
otu2763	52	49	56
otu2764	126	59	33
otu2765	73	82	73
otu2766	103	112	35
otu2767	58	76	19
otu2768	63	74	18
otu2769	59	18	32
otu2770	95	27	41
otu2771	54	49	65
otu2772	70	100	89
otu2773	111	95	51
otu2774	54	64	39
otu2775	10	17	27
otu2776	126	28	46
otu2777	26	9	17
otu2778	119	15	125
otu2779	23	53	52
otu2780	96	32	73
otu2781	73	80	38
otu2782	61	10	159
otu2783	69	107	69
otu2784	91	132	52
otu2785	32	34	38
otu2786	75	4	93
otu2787	9	8	21
otu2788	56	59	49
otu2789	94	90	27
otu2790	56	64	27
otu2791	63	31	56
otu2792	82	55	28
otu2793	83	40	77
otu2794	26	19	23
otu2795	108	73	23
otu2796	38	72	43
otu2797	30	34	23
otu2798	13	9	6
otu2799	21	41	37
otu2800	113	32	112
otu2801	35	16	33
otu2802	39	110	0
otu2803	34	29	52
otu2804	11	1	2
otu2805	108	13	89
otu2806	19	59	20
otu2807	94	29	80
otu2808	76	96	47
otu2809	48	41	13
otu2810	133	0	0
otu2811	0	378	0
otu2812	62	66	80
otu2813	90	57	40
otu2814	35	20	37
otu2815	20	54	51
otu2816	57	17	26
otu2817	74	43	116
otu2818	45	62	54
otu2819	6	17	2
otu2820	40	21	15
otu2821	53	60	26
otu2822	24	7	32
otu2823	63	85	39
otu2824	44	22	10
otu2825	37	41	29
otu2826	80	71	67
otu2827	67	49	83
otu2828	19	22	177
otu2829	92	35	68
otu2830	64	120	29
otu2831	62	60	20
otu2832	129	8	38
otu2833	78	72	13
otu2834	29	23	72
otu2835	23	49	128
otu2836	44	51	6
otu2837	92	43	56
otu2838	68	62	50
otu2839	29	76	117
otu2840	71	28	23
otu2841	40	38	54
otu2842	22	22	31
otu2843	32	33	37
otu2844	45	51	63
otu2845	47	126	31
otu2846	68	114	42
otu2847	67	57	29
otu2848	64	34	74
otu2849	71	58	60
otu2850	75	49	34
otu2851	71	89	39
otu2852	56	63	40
otu2853	112	22	29
otu2854	71	61	32
otu2855	29	11	33
otu2856	104	66	53
otu2857	102	33	51
otu2858	15	24	25
otu2859	38	27	118
otu2860	140	35	22
otu2861	65	153	46
otu2862	10	39	150
otu2863	28	39	133
otu2864	87	55	64
otu2865	39	55	105
otu2866	122	7	83
otu2867	32	29	29
otu2868	90	37	32
otu2869	86	51	76
otu2870	15	29	32
otu2871	38	27	15
otu2872	19	8	34
otu2873	20	36	132
otu2874	123	23	37
otu2875	26	11	24
otu2876	70	153	37
otu2877	97	77	23
otu2878	19	14	23
otu2879	30	17	13
otu2880	47	106	60
otu2881	106	80	55
otu2882	73	40	45
otu2883	29	26	60
otu2884	44	40	0
otu2885	32	31	49
otu2886	44	41	28
otu2887	69	19	37
otu2888	57	36	70
otu2889	97	34	103
otu2890	53	61	24
otu2891	66	80	20
otu2892	69	58	52
otu2893	89	62	72
otu2894	43	28	122
otu2895	47	48	30
otu2896	76	53	38
otu2897	78	73	72
otu2898	55	24	36
otu2899	78	53	84
otu2900	95	37	69
otu2901	81	75	46
otu2902	73	68	55
otu2903	31	17	23
otu2904	55	129	20
otu2905	5	12	25
otu2906	51	26	8
otu2907	47	53	38
otu2908	40	28	72
otu2909	85	15	91
otu2910	120	9	91
otu2911	12	17	47
otu2912	24	22	25
otu2913	91	47	13
otu2914	70	97	62
otu2915	112	66	66
otu2916	74	95	40
otu2917	21	17	22
otu2918	31	30	40
otu2919	55	51	29
otu2920	8	30	135
otu2921	12	14	16
otu2922	69	141	49
otu2923	82	78	36
otu2924	114	10	132
otu2925	49	59	46
otu2926	10	36	37
otu2927	37	141	25
otu2928	62	135	41
otu2929	65	3	3
otu2930	69	19	53
otu2931	51	166	33
otu2932	44	39	27
otu2933	10	31	143
otu2934	16	46	30
otu2935	72	72	44
otu2936	107	14	17
otu2937	46	35	81
otu2938	69	32	40
otu2939	72	95	34
otu2940	81	31	120
otu2941	72	13	97
otu2942	7	11	26
otu2943	44	32	16
otu2944	79	53	37
otu2945	70	80	38
otu2946	20	28	25
otu2947	75	82	40
otu2948	78	63	67
otu2949	41	49	60
otu2950	92	17	69
otu2951	60	16	61
otu2952	12	32	146
otu2953	10	40	34
otu2954	100	10	53
otu2955	69	41	37
otu2956	76	81	53
otu2957	10	3	146
otu2958	34	38	47
otu2959	102	29	37
otu2960	33	25	26
otu2961	50	4	25
otu2962	41	69	59
otu2963	101	45	3
otu2964	11	107	27
otu2965	11	29	142
otu2966	13	36	142
otu2967	44	103	46
otu2968	17	18	40
otu2969	30	20	23
otu2970	44	14	37
otu2971	83	27	23
otu2972	47	61	37
otu2973	80	11	97
otu2974	26	19	22
otu2975	35	45	27
otu2976	64	22	89
otu2977	54	18	12
otu2978	60	53	12
otu2979	42	19	28
otu2980	18	52	35
otu2981	69	67	50
otu2982	10	31	132
otu2983	34	8	24
otu2984	96	32	54
otu2985	77	41	64
otu2986	111	9	99
otu2987	57	115	31
otu2988	9	16	32
otu2989	76	22	8
otu2990	35	23	24
otu2991	94	57	37
otu2992	56	27	80
otu2993	66	50	40
otu2994	34	11	19
otu2995	64	16	55
otu2996	46	154	50
otu2997	118	7	26
otu2998	38	6	18
otu2999	43	17	24
otu3000	97	15	31
otu3001	75	21	10
otu3002	6	90	98
otu3003	0	107	84
otu3004	114	0	10
otu3005	34	12	24
otu3006	117	30	10
otu3007	121	0	3
otu3008	59	46	20
otu3009	34	31	37
otu3010	99	73	64
otu3011	11	17	9
otu3012	47	26	31
otu3013	24	19	20
otu3014	4	8	19
otu3015	56	138	27
otu3016	108	98	38
otu3017	75	15	69
otu3018	31	12	23
otu3019	111	30	26
otu3020	16	5	4
otu3021	74	25	63
otu3022	53	44	66
otu3023	45	71	55
otu3024	75	39	79
otu3025	83	91	35
otu3026	71	31	77
otu3027	54	72	83
otu3028	4	16	41
otu3029	71	21	55
otu3030	25	83	18
otu3031	115	17	11
otu3032	77	46	37
otu3033	120	16	18
otu3034	51	59	43
otu3035	32	20	24
otu3036	20	24	17
otu3037	56	108	31
otu3038	88	72	25
otu3039	58	126	47
otu3040	56	118	48
otu3041	60	51	68
otu3042	26	87	18
otu3043	46	20	55
otu3044	43	25	48
otu3045	17	18	24
otu3046	73	51	66
otu3047	61	33	36
otu3048	9	32	129
otu3049	60	30	53
otu3050	92	65	38
otu3051	30	22	28
otu3052	53	18	28
otu3053	80	29	107
otu3054	20	27	41
otu3055	3	7	18
otu3056	9	29	123
otu3057	5	0	2
otu3058	31	13	22
otu3059	17	51	12
otu3060	32	16	30
otu3061	48	24	21
otu3062	50	48	42
otu3063	41	12	24
otu3064	39	12	25
otu3065	43	92	61
otu3066	16	23	24
otu3067	73	80	35
otu3068	60	42	84
otu3069	57	95	44
otu3070	12	13	29
otu3071	48	74	53
otu3072	36	43	25
otu3073	75	36	51
otu3074	58	46	38
otu3075	25	34	32
otu3076	32	13	26
otu3077	108	20	28
otu3078	68	68	71
otu3079	83	88	48
otu3080	103	26	94
otu3081	59	80	22
otu3082	80	74	41
otu3083	25	12	25
otu3084	75	28	7
otu3085	26	29	28
otu3086	47	11	17
otu3087	100	48	24
otu3088	45	36	113
otu3089	36	16	22
otu3090	27	17	19
otu3091	68	73	28
otu3092	54	38	34
otu3093	58	28	64
otu3094	32	95	46
otu3095	67	58	26
otu3096	66	116	36
otu3097	36	19	16
otu3098	27	12	9
otu3099	21	12	89
otu3100	93	55	24
otu3101	151	12	6
otu3102	56	54	30
otu3103	24	6	20
otu3104	69	39	48
otu3105	46	41	57
otu3106	20	166	29
otu3107	24	60	50
otu3108	3	4	0
otu3109	118	6	93
otu3110	91	23	55
otu3111	63	68	30
otu3112	52	90	70
otu3113	92	6	104
otu3114	22	31	104
otu3115	80	51	32
otu3116	33	18	39
otu3117	120	4	13
otu3118	53	37	64
otu3119	86	0	11
otu3120	27	11	24
otu3121	11	34	67
otu3122	23	11	20
otu3123	27	32	23
otu3124	9	15	23
otu3125	51	46	37
otu3126	43	28	63
otu3127	82	68	15
otu3128	71	38	52
otu3129	81	4	28
otu3130	59	59	54
otu3131	50	48	40
otu3132	76	37	66
otu3133	53	52	46
otu3134	76	88	4
otu3135	31	27	45
otu3136	32	9	25
otu3137	59	15	31
otu3138	17	33	46
otu3139	29	6	13
otu3140	116	3	9
otu3141	77	19	76
otu3142	58	18	30
otu3143	78	28	23
otu3144	62	96	35
otu3145	107	35	33
otu3146	63	53	45
otu3147	75	25	39
otu3148	26	25	22
otu3149	88	58	31
otu3150	101	14	108
otu3151	10	33	121
otu3152	21	10	10
otu3153	66	63	26
otu3154	58	25	19
otu3155	52	71	57
otu3156	89	11	28
otu3157	0	0	0
otu3158	7	16	24
otu3159	23	27	18
otu3160	45	14	24
otu3161	46	20	19
otu3162	81	23	64
otu3163	70	83	44
otu3164	16	18	26
otu3165	54	21	50
otu3166	73	52	60
otu3167	84	27	49
otu3168	24	16	17
otu3169	27	23	38
otu3170	34	48	22
otu3171	44	59	42
otu3172	57	131	34
otu3173	47	66	21
otu3174	17	0	41
otu3175	30	17	26
otu3176	32	5	22
otu3177	63	74	49
otu3178	44	125	21
otu3179	109	0	0
otu3180	66	17	106
otu3181	91	25	52
otu3182	40	90	20
otu3183	43	80	37
otu3184	100	29	3
otu3185	97	8	86
otu3186	90	31	65
otu3187	38	8	25
otu3188	33	7	22
otu3189	33	48	103
otu3190	33	8	22
otu3191	26	11	20
otu3192	44	48	82
otu3193	40	4	22
otu3194	33	50	28
otu3195	21	14	28
otu3196	75	22	13
otu3197	70	14	9
otu3198	93	41	22
otu3199	6	35	14
otu3200	44	36	19
otu3201	24	24	27
otu3202	23	8	27
otu3203	26	2	44
otu3204	48	69	71
otu3205	62	33	48
otu3206	52	65	46
otu3207	44	86	33
otu3208	41	26	30
otu3209	96	15	127
otu3210	6	0	29
otu3211	23	41	18
otu3212	74	29	64
otu3213	51	27	15
otu3214	108	34	14
otu3215	47	23	30
otu3216	77	46	34
otu3217	53	71	49
otu3218	89	80	10
otu3219	26	6	23
otu3220	86	26	37
otu3221	48	7	15
otu3222	89	16	85
otu3223	44	11	21
otu3224	23	7	20
otu3225	32	17	22
otu3226	39	9	21
otu3227	27	7	17
otu3228	9	29	118
otu3229	9	15	106
otu3230	42	54	33
otu3231	18	36	39
otu3232	24	9	20
otu3233	5	8	21
otu3234	59	10	57
otu3235	57	52	68
otu3236	61	25	26
otu3237	6	26	117
otu3238	32	53	31
otu3239	50	65	52
otu3240	54	25	48
otu3241	46	25	47
otu3242	48	95	40
otu3243	54	107	26
otu3244	63	21	56
otu3245	34	43	35
otu3246	77	22	107
otu3247	52	75	45
otu3248	36	0	7
otu3249	6	248	0
otu3250	94	75	9
otu3251	43	17	14
otu3252	54	48	43
otu3253	45	10	18
otu3254	94	52	30
otu3255	8	29	110
otu3256	138	0	0
otu3257	77	20	25
otu3258	44	38	48
otu3259	57	79	33
otu3260	89	7	90
otu3261	24	19	35
otu3262	33	17	23
otu3263	32	41	25
otu3264	65	38	77
otu3265	64	53	21
otu3266	33	74	66
otu3267	91	22	68
otu3268	69	79	41
otu3269	34	22	23
otu3270	10	13	29
otu3271	9	18	22
otu3272	17	89	10
otu3273	86	31	36
otu3274	30	16	16
otu3275	34	12	12
otu3276	34	13	19
otu3277	69	15	53
otu3278	29	5	14
otu3279	29	8	16
otu3280	30	55	47
otu3281	17	36	30
otu3282	21	107	19
otu3283	21	11	15
otu3284	17	30	31
otu3285	70	44	27
otu3286	68	69	41
otu3287	38	61	37
otu3288	58	71	28
otu3289	89	28	55
otu3290	15	31	22
otu3291	36	15	12
otu3292	60	26	68
otu3293	62	35	13
otu3294	47	34	44
otu3295	53	53	49
otu3296	41	101	38
otu3297	95	7	0
otu3298	111	0	0
otu3299	52	77	40
otu3300	20	6	22
otu3301	39	11	28
otu3302	38	12	28
otu3303	42	66	29
otu3304	84	43	25
otu3305	4	22	112
otu3306	104	4	14
otu3307	63	33	27
otu3308	21	103	35
otu3309	8	32	23
otu3310	76	82	18
otu3311	21	29	39
otu3312	91	25	8
otu3313	32	68	63
otu3314	59	57	30
otu3315	32	10	18
otu3316	22	6	14
otu3317	77	38	43
otu3318	51	86	27
otu3319	93	7	26
otu3320	43	27	60
otu3321	41	49	28
otu3322	57	68	30
otu3323	57	78	37
otu3324	36	10	24
otu3325	25	13	21
otu3326	57	39	27
otu3327	16	35	24
otu3328	58	43	41
otu3329	23	26	53
otu3330	62	78	29
otu3331	43	79	21
otu3332	87	29	31
otu3333	69	13	24
otu3334	47	58	24
otu3335	65	21	5
otu3336	56	104	28
otu3337	24	12	16
otu3338	48	57	38
otu3339	55	44	23
otu3340	30	51	63
otu3341	25	5	20
otu3342	41	64	34
otu3343	42	95	42
otu3344	48	15	48
otu3345	63	33	49
otu3346	38	66	28
otu3347	55	73	39
otu3348	28	16	22
otu3349	26	34	19
otu3350	8	212	25
otu3351	34	39	39
otu3352	109	0	0
otu3353	69	36	34
otu3354	42	53	11
otu3355	17	34	31
otu3356	14	24	39
otu3357	23	10	20
otu3358	27	13	14
otu3359	20	33	9
otu3360	71	35	42
otu3361	43	65	51
otu3362	34	6	19
otu3363	10	42	21
otu3364	60	42	47
otu3365	67	47	61
otu3366	61	16	49
otu3367	84	30	10
otu3368	95	0	0
otu3369	15	19	1
otu3370	3	0	0
otu3371	43	42	39
otu3372	21	14	26
otu3373	10	3	25
otu3374	53	63	25
otu3375	80	47	6
otu3376	52	88	24
otu3377	19	11	16
otu3378	44	12	15
otu3379	38	26	35
otu3380	60	0	8
otu3381	71	24	26
otu3382	57	32	41
otu3383	43	108	30
otu3384	68	11	47
otu3385	83	11	96
otu3386	90	9	86
otu3387	38	21	14
otu3388	19	5	20
otu3389	30	10	17
otu3390	23	8	18
otu3391	71	79	20
otu3392	46	92	25
otu3393	25	8	18
otu3394	14	26	35
otu3395	43	63	27
otu3396	37	17	21
otu3397	51	71	31
otu3398	22	8	13
otu3399	29	5	17
otu3400	28	8	18
otu3401	27	14	19
otu3402	36	8	19
otu3403	17	5	19
otu3404	103	0	0
otu3405	36	0	0
otu3406	80	17	6
otu3407	77	22	9
otu3408	53	76	37
otu3409	82	9	87
otu3410	88	7	100
otu3411	10	3	5
otu3412	15	4	20
otu3413	28	7	16
otu3414	23	7	18
otu3415	46	83	40
otu3416	94	8	82
otu3417	81	5	0
otu3418	26	16	64
otu3419	8	29	35
otu3420	68	29	41
otu3421	24	26	24
otu3422	105	13	2
otu3423	68	40	41
otu3424	28	6	18
otu3425	55	75	19
otu3426	16	24	23
otu3427	39	71	20
otu3428	27	17	19
otu3429	71	11	80
otu3430	37	130	25
otu3431	64	9	70
otu3432	26	21	30
otu3433	25	12	19
otu3434	29	10	11
otu3435	18	6	21
otu3436	40	51	49
otu3437	106	0	0
otu3438	40	78	42
otu3439	103	4	8
otu3440	58	42	30
otu3441	54	27	15
otu3442	27	9	21
otu3443	19	8	14
otu3444	36	11	21
otu3445	48	23	36
otu3446	111	0	0
otu3447	74	7	97
otu3448	30	23	38
otu3449	91	31	31
otu3450	33	35	17
otu3451	40	10	19
otu3452	28	68	18
otu3453	20	10	25
otu3454	41	36	10
otu3455	84	20	9
otu3456	48	38	58
otu3457	73	21	57
otu3458	24	8	14
otu3459	94	6	0
otu3460	40	46	46
otu3461	61	33	20
otu3462	36	7	15
otu3463	56	57	34
otu3464	22	10	18
otu3465	14	6	17
otu3466	25	8	18
otu3467	71	17	14
otu3468	55	45	44
otu3469	24	6	21
otu3470	57	68	42
otu3471	49	23	86
otu3472	25	7	19
otu3473	24	10	15
otu3474	28	9	16
otu3475	31	82	21
otu3476	33	17	24
otu3477	78	3	7
otu3478	63	16	26
otu3479	53	51	31
otu3480	15	21	43
otu3481	17	21	19
otu3482	79	8	8
otu3483	15	29	47
otu3484	23	9	19
otu3485	16	20	36
otu3486	52	16	40
otu3487	62	2	9
otu3488	69	11	83
otu3489	6	6	8
otu3490	68	48	29
otu3491	52	62	24
otu3492	51	17	46
otu3493	90	0	0
otu3494	15	28	24
otu3495	43	8	13
otu3496	72	3	23
otu3497	103	0	0
otu3498	37	33	21
otu3499	24	26	22
otu3500	41	37	31
otu3501	33	67	44
otu3502	52	63	37
otu3503	71	26	27
otu3504	55	69	12
otu3505	26	29	27
otu3506	6	6	0
otu3507	48	77	9
otu3508	68	71	29
otu3509	59	14	82
otu3510	20	6	15
otu3511	21	29	19
otu3512	21	8	15
otu3513	20	11	8
otu3514	87	34	3
otu3515	60	52	28
otu3516	74	10	92
otu3517	37	34	66
otu3518	41	92	31
otu3519	19	22	31
otu3520	29	12	14
otu3521	25	9	18
otu3522	23	7	20
otu3523	32	17	20
otu3524	77	12	28
otu3525	77	6	100
otu3526	26	18	24
otu3527	44	38	33
otu3528	41	0	28
otu3529	53	47	29
otu3530	24	7	16
otu3531	62	23	75
otu3532	43	15	22
otu3533	32	12	28
otu3534	46	74	37
otu3535	57	25	45
otu3536	33	52	44
otu3537	25	12	19
otu3538	37	87	22
otu3539	55	37	31
otu3540	59	44	15
otu3541	59	12	44
otu3542	94	0	0
otu3543	25	4	19
otu3544	49	42	66
otu3545	59	27	27
otu3546	100	9	3
otu3547	51	29	35
otu3548	32	23	15
otu3549	44	44	69
otu3550	21	36	51
otu3551	22	67	40
otu3552	3	18	16
otu3553	19	6	17
otu3554	42	9	28
otu3555	71	42	21
otu3556	49	21	37
otu3557	71	10	11
otu3558	42	98	28
otu3559	22	8	36
otu3560	54	23	9
otu3561	19	6	15
otu3562	35	40	27
otu3563	31	7	17
otu3564	17	54	26
otu3565	16	16	78
otu3566	16	5	106
otu3567	58	41	37
otu3568	39	0	23
otu3569	19	9	15
otu3570	9	55	1
otu3571	47	61	7
otu3572	48	41	33
otu3573	2	15	5
otu3574	17	28	35
otu3575	98	3	0
otu3576	41	44	39
otu3577	51	33	23
otu3578	8	8	15
otu3579	64	6	77
otu3580	56	55	26
otu3581	89	7	0
otu3582	16	5	34
otu3583	11	19	23
otu3584	19	6	16
otu3585	26	52	23
otu3586	30	68	61
otu3587	25	5	15
otu3588	17	5	22
otu3589	58	56	30
otu3590	57	44	17
otu3591	17	6	6
otu3592	21	10	14
otu3593	21	7	18
otu3594	81	5	84
otu3595	57	22	38
otu3596	33	89	32
otu3597	37	61	27
otu3598	80	8	84
otu3599	18	17	13
otu3600	13	11	30
otu3601	12	15	35
otu3602	29	18	33
otu3603	32	32	43
otu3604	33	73	30
otu3605	11	3	13
otu3606	82	3	0
otu3607	42	10	23
otu3608	75	38	8
otu3609	3	5	23
otu3610	43	95	32
otu3611	55	20	29
otu3612	16	12	25
otu3613	43	9	33
otu3614	54	78	27
otu3615	23	18	19
otu3616	19	11	13
otu3617	60	26	0
otu3618	36	68	21
otu3619	14	10	12
otu3620	53	53	29
otu3621	28	90	14
otu3622	44	34	38
otu3623	38	58	38
otu3624	6	9	7
otu3625	64	8	80
otu3626	14	47	29
otu3627	18	5	15
otu3628	107	0	0
otu3629	32	37	21
otu3630	23	33	38
otu3631	35	9	44
otu3632	74	30	9
otu3633	19	5	18
otu3634	25	9	7
otu3635	18	6	16
otu3636	27	9	9
otu3637	24	8	16
otu3638	70	50	7
otu3639	40	64	19
otu3640	25	7	18
otu3641	37	38	9
otu3642	6	3	127
otu3643	32	17	22
otu3644	40	65	25
otu3645	38	50	21
otu3646	63	22	9
otu3647	43	9	14
otu3648	47	47	30
otu3649	55	50	51
otu3650	96	0	5
otu3651	28	7	44
otu3652	34	93	16
otu3653	36	29	25
otu3654	63	7	94
otu3655	33	47	31
otu3656	0	4	98
otu3657	99	0	0
otu3658	51	24	35
otu3659	30	34	38
otu3660	18	8	16
otu3661	13	5	26
otu3662	11	20	31
otu3663	29	13	34
otu3664	42	68	25
otu3665	47	85	32
otu3666	4	10	5
otu3667	2	10	2
otu3668	19	5	13
otu3669	24	7	14
otu3670	58	49	8
otu3671	45	28	29
otu3672	43	13	44
otu3673	25	5	14
otu3674	78	0	0
otu3675	45	70	27
otu3676	69	60	25
otu3677	40	20	6
otu3678	16	4	10
otu3679	68	10	78
otu3680	59	7	87
otu3681	24	7	15
otu3682	21	7	17
otu3683	41	88	25
otu3684	14	32	24
otu3685	26	7	6
otu3686	2	197	0
otu3687	7	20	16
otu3688	18	15	11
otu3689	12	8	12
otu3690	18	5	8
otu3691	19	4	21
otu3692	12	20	11
otu3693	24	5	15
otu3694	47	31	51
otu3695	100	0	0
otu3696	62	7	84
otu3697	26	76	23
otu3698	48	20	24
otu3699	21	17	14
otu3700	38	57	19
otu3701	42	69	31
otu3702	65	31	46
otu3703	56	30	50
otu3704	33	15	12
otu3705	16	6	15
otu3706	37	55	22
otu3707	19	11	16
otu3708	41	28	45
otu3709	30	87	25
otu3710	46	17	22
otu3711	15	14	15
otu3712	17	5	7
otu3713	43	22	8
otu3714	20	32	14
otu3715	34	53	26
otu3716	72	3	8
otu3717	44	17	39
otu3718	40	32	35
otu3719	5	14	21
otu3720	46	13	40
otu3721	15	8	11
otu3722	19	6	14
otu3723	22	6	17
otu3724	42	33	38
otu3725	35	9	11
otu3726	33	48	18
otu3727	71	47	30
otu3729	29	73	27
otu3730	37	71	23
otu3731	47	25	35
otu3732	9	40	34
otu3733	27	10	13
otu3734	61	5	85
otu3735	48	66	23
otu3736	34	5	3
otu3737	42	81	29
otu3738	18	5	10
otu3739	44	69	23
otu3740	22	5	13
otu3741	23	6	16
otu3742	29	5	17
otu3743	19	36	24
otu3744	22	22	18
otu3745	28	62	22
otu3746	29	76	12
otu3747	12	21	4
otu3748	49	56	31
otu3749	23	6	15
otu3750	12	13	22
otu3751	40	76	21
otu3752	49	85	21
otu3753	31	43	21
otu3754	45	40	21
otu3755	34	60	20
otu3756	36	68	23
otu3757	15	90	10
otu3758	25	4	42
otu3759	5	3	0
otu3760	64	6	67
otu3761	15	45	21
otu3762	16	17	21
otu3763	14	6	13
otu3764	29	11	19
otu3765	24	94	23
otu3766	39	70	32
otu3767	33	59	17
otu3768	34	48	29
otu3769	41	83	23
otu3770	30	41	34
otu3771	39	78	18
otu3772	39	68	24
otu3773	39	31	11
otu3774	15	8	15
otu3775	41	61	23
otu3776	0	3	112
otu3777	31	7	9
otu3778	18	8	14
otu3779	22	33	14
otu3780	71	36	12
otu3781	28	50	31
otu3782	30	38	39
otu3783	29	83	8
otu3784	43	34	35
otu3785	41	45	34
otu3786	20	96	16
otu3787	37	70	22
otu3788	33	53	25
otu3789	21	0	17
otu3790	21	7	17
otu3791	53	47	0
otu3792	31	50	22
otu3793	0	8	3
otu3794	9	33	25
otu3795	16	32	33
otu3796	51	25	39
otu3797	24	60	27
otu3798	14	4	60
otu3799	30	35	28
otu3800	35	49	20
otu3801	53	38	25
otu3802	17	4	11
otu3803	8	23	16
otu3804	54	35	44
otu3805	42	39	14
otu3806	54	36	21
otu3807	41	49	34
otu3808	26	28	19
otu3809	30	43	19
otu3810	40	36	43
otu3811	37	39	26
otu3812	14	6	7
otu3813	17	7	16
otu3814	23	11	16
otu3815	31	51	22
otu3816	36	43	22
otu3817	54	46	9
otu3818	64	4	29
otu3819	31	0	40
otu3820	48	77	27
otu3821	40	66	16
otu3822	69	0	0
otu3823	30	47	70
otu3824	3	12	32
otu3825	27	80	25
otu3826	56	13	37
otu3827	8	13	88
otu3828	56	11	7
otu3829	17	6	17
otu3830	28	9	7
otu3831	15	7	13
otu3832	65	0	85
otu3833	42	20	29
otu3834	74	0	0
otu3835	16	80	29
otu3836	38	55	17
otu3837	45	32	20
otu3838	38	45	9
otu3839	31	77	22
otu3840	44	71	20
otu3841	32	56	22
otu3842	0	167	3
otu3843	16	6	6
otu3844	38	71	22
otu3845	34	17	30
otu3846	46	59	33
otu3847	38	47	25
otu3848	82	0	8
otu3849	25	26	23
otu3850	40	5	11
otu3851	65	13	8
otu3852	25	13	8
otu3853	15	28	20
otu3854	2	12	0
otu3855	20	7	14
otu3856	21	5	25
otu3857	31	83	17
otu3858	14	9	14
otu3859	17	19	14
otu3860	6	14	18
otu3861	72	35	2
otu3862	8	0	20
otu3863	82	3	19
otu3864	42	16	5
otu3865	41	26	32
otu3866	32	33	16
otu3867	23	15	12
otu3868	29	75	29
otu3869	61	0	0
otu3870	34	0	86
otu3871	9	74	5
otu3872	0	0	0
otu3873	15	9	40
otu3874	7	27	38
otu3875	22	3	17
otu3876	34	12	14
otu3877	17	5	24
otu3878	59	44	32
otu3879	10	5	98
otu3880	51	13	46
otu3881	35	83	23
otu3882	20	13	34
otu3883	14	65	29
otu3884	35	6	7
otu3885	18	9	8
otu3886	30	10	22
otu3887	36	77	24
otu3888	28	9	12
otu3889	34	51	15
otu3890	30	6	9
otu3891	17	5	14
otu3892	17	5	16
otu3893	46	22	7
otu3894	12	14	18
otu3895	33	68	25
otu3896	7	29	26
otu3897	35	52	11
otu3898	49	39	17
otu3899	42	17	50
otu3900	71	7	5
otu3901	39	32	26
otu3902	38	48	8
otu3903	30	77	23
otu3904	37	79	22
otu3905	58	5	70
otu3906	39	60	32
otu3907	18	39	3
otu3908	26	38	38
otu3909	26	4	13
otu3910	75	0	0
otu3911	37	75	22
otu3912	37	77	21
otu3913	60	0	18
otu3914	14	5	14
otu3915	4	32	0
otu3916	5	18	33
otu3917	16	3	12
otu3918	23	4	12
otu3919	13	11	12
otu3920	35	87	19
otu3921	17	92	37
otu3922	84	47	8
otu3923	29	46	27
otu3924	18	6	17
otu3925	37	59	12
otu3926	28	79	23
otu3927	13	6	9
otu3928	19	0	14
otu3929	36	15	14
otu3930	69	25	5
otu3931	26	40	20
otu3932	30	55	23
otu3933	28	61	18
otu3934	6	38	0
otu3935	35	70	28
otu3936	35	17	14
otu3937	14	10	13
otu3938	18	8	14
otu3939	14	12	22
otu3940	14	7	7
otu3941	29	9	8
otu3942	37	73	23
otu3943	53	17	15
otu3944	41	53	22
otu3945	18	66	30
otu3946	63	27	26
otu3947	35	13	34
otu3948	38	73	19
otu3949	12	2	3
otu3950	32	38	21
otu3951	49	35	24
otu3952	33	24	33
otu3953	45	11	27
otu3954	47	22	26
otu3955	13	17	13
otu3956	28	5	3
otu3957	15	5	18
otu3958	7	8	13
otu3959	57	15	25
otu3960	56	20	23
otu3961	37	23	38
otu3962	22	24	24
otu3963	55	33	17
otu3964	23	58	25
otu3965	15	52	7
otu3966	23	30	20
otu3967	32	33	24
otu3968	36	61	20
otu3969	34	74	24
otu3970	44	65	23
otu3971	78	4	0
otu3972	65	5	19
otu3973	12	111	15
otu3974	23	21	21
otu3975	14	5	13
otu3976	41	0	26
otu3977	29	80	20
otu3978	34	12	29
otu3979	20	17	18
otu3980	35	38	16
otu3981	45	44	8
otu3982	34	33	44
otu3983	18	11	13
otu3984	29	51	20
otu3985	2	8	19
otu3986	36	75	18
otu3987	43	13	25
otu3988	32	45	21
otu3989	29	56	22
otu3990	21	3	22
otu3991	20	0	16
otu3992	73	0	0
otu3993	17	6	11
otu3994	80	0	0
otu3995	38	15	17
otu3996	33	47	29
otu3997	40	12	18
otu3998	30	63	14
otu3999	3	20	43
otu4000	32	47	28
otu4001	50	21	33
otu4002	57	35	0
otu4003	17	4	15
otu4004	34	29	41
otu4005	37	8	38
otu4006	24	43	7
otu4007	14	17	9
otu4008	24	32	26
otu4009	32	23	44
otu4010	42	13	33
otu4011	30	43	25
otu4012	13	22	20
otu4013	56	27	9
otu4014	0	0	97
otu4015	10	18	11
otu4016	26	14	0
otu4017	67	13	2
otu4018	29	32	23
otu4019	31	43	19
otu4020	49	19	21
otu4021	45	42	7
otu4022	41	36	28
otu4023	26	10	12
otu4024	35	29	12
otu4025	56	15	43
otu4026	2	4	0
otu4027	26	69	26
otu4028	47	9	22
otu4029	47	34	50
otu4030	68	4	6
otu4031	26	9	49
otu4032	11	10	14
otu4033	68	27	6
otu4034	46	6	34
otu4035	54	7	5
otu4036	51	32	13
otu4037	24	40	42
otu4038	25	7	19
otu4039	42	36	12
otu4040	63	3	3
otu4041	15	15	19
otu4042	13	11	8
otu4043	39	7	46
otu4044	69	29	6
otu4045	11	20	17
otu4046	12	81	19
otu4047	31	63	28
otu4048	34	69	20
otu4049	39	60	20
otu4050	70	0	4
otu4051	37	27	31
otu4052	48	45	11
otu4053	25	57	23
otu4054	26	18	7
otu4055	0	0	97
otu4056	26	16	9
otu4057	28	4	13
otu4058	62	19	22
otu4059	16	4	9
otu4060	5	2	0
otu4061	28	14	17
otu4062	54	32	14
otu4063	55	29	14
otu4064	25	93	6
otu4065	37	25	10
otu4066	51	43	11
otu4067	43	38	0
otu4068	31	72	19
otu4069	24	36	31
otu4070	11	20	31
otu4071	7	9	9
otu4072	32	73	23
otu4073	21	50	46
otu4074	41	15	32
otu4075	33	20	10
otu4076	22	94	1
otu4077	45	12	39
otu4078	42	8	43
otu4079	25	64	15
otu4080	24	59	18
otu4081	16	8	13
otu4082	30	74	18
otu4083	40	12	17
otu4084	31	43	22
otu4085	30	75	15
otu4086	4	7	96
otu4087	31	68	24
otu4088	42	9	31
otu4089	47	30	20
otu4090	15	8	15
otu4091	50	12	23
otu4092	0	0	0
otu4093	7	2	0
otu4094	4	10	67
otu4095	20	99	17
otu4096	33	40	11
otu4097	47	37	16
otu4098	41	12	31
otu4099	30	67	20
otu4100	14	22	17
otu4101	3	6	2
otu4102	64	0	0
otu4103	22	52	14
otu4104	15	18	30
otu4105	13	5	7
otu4106	11	4	14
otu4107	9	33	9
otu4108	0	0	89
otu4109	15	19	21
otu4110	0	5	86
otu4111	3	96	1
otu4112	6	4	28
otu4113	32	29	40
otu4114	14	8	9
otu4115	9	100	10
otu4116	9	12	13
otu4117	29	27	3
otu4118	24	39	16
otu4119	19	48	24
otu4120	32	65	21
otu4121	50	5	75
otu4122	13	13	17
otu4123	11	4	8
otu4124	19	7	11
otu4125	55	0	4
otu4126	56	0	14
otu4127	30	86	3
otu4128	7	10	12
otu4129	7	0	15
otu4130	35	58	15
otu4131	26	37	24
otu4132	42	7	36
otu4133	34	19	9
otu4134	54	18	19
otu4135	4	5	2
otu4136	25	14	12
otu4137	54	25	8
otu4138	56	20	33
otu4139	45	14	33
otu4140	32	61	17
otu4141	22	68	20
otu4142	5	11	11
otu4143	22	16	6
otu4144	34	52	22
otu4145	26	10	6
otu4146	38	11	7
otu4147	45	41	7
otu4148	3	6	0
otu4149	29	7	23
otu4150	28	58	27
otu4151	16	16	9
otu4152	43	13	31
otu4153	11	18	15
otu4154	32	15	15
otu4155	29	64	22
otu4156	9	25	29
otu4157	54	0	4
otu4158	0	0	92
otu4159	16	14	19
otu4160	0	0	99
otu4161	38	13	11
otu4162	35	40	13
otu4163	33	3	7
otu4164	58	6	16
otu4165	6	5	0
otu4166	57	0	0
otu4167	56	2	67
otu4168	59	0	8
otu4169	5	2	0
otu4170	9	7	11
otu4171	13	4	11
otu4172	12	4	19
otu4173	16	13	27
otu4174	23	5	7
otu4175	25	67	19
otu4176	54	0	0
otu4177	26	30	41
otu4178	31	0	15
otu4179	3	7	144
otu4180	25	41	22
otu4182	37	67	24
otu4183	11	18	20
otu4184	30	57	21
otu4185	7	11	13
otu4186	10	30	5
otu4187	20	4	12
otu4188	31	12	8
otu4189	55	0	0
otu4190	0	0	87
otu4191	25	41	9
otu4192	13	18	0
otu4193	52	12	3
otu4194	0	0	0
otu4195	30	64	19
otu4196	5	18	21
otu4197	47	10	27
otu4198	16	19	55
otu4199	19	39	19
otu4200	23	26	15
otu4201	22	61	13
otu4202	21	17	17
otu4203	22	9	15
otu4204	38	13	5
otu4205	0	0	89
otu4206	16	14	20
otu4207	60	15	43
otu4208	53	7	1
otu4209	34	17	28
otu4210	25	25	21
otu4211	0	0	2
otu4212	31	26	27
otu4213	30	8	25
otu4214	34	35	27
otu4215	19	88	3
otu4216	29	29	37
otu4217	17	18	16
otu4218	58	15	2
otu4219	49	12	13
otu4220	43	16	22
otu4221	28	66	21
otu4222	27	66	23
otu4223	6	27	2
otu4224	28	29	40
otu4225	8	68	31
otu4226	32	26	40
otu4227	30	36	16
otu4228	9	90	4
otu4229	5	12	73
otu4230	12	82	23
otu4231	41	57	19
otu4232	14	6	46
otu4233	55	4	0
otu4234	12	70	32
otu4235	34	15	25
otu4236	40	16	15
otu4237	6	0	0
otu4238	43	9	32
otu4239	50	6	24
otu4240	11	3	10
otu4241	37	27	9
otu4242	28	25	23
otu4243	20	19	32
otu4244	21	63	16
otu4245	22	51	22
otu4246	40	35	0
otu4247	42	4	2
otu4248	33	3	41
otu4249	42	35	20
otu4250	25	50	7
otu4251	31	60	12
otu4252	17	14	19
otu4253	43	6	30
otu4254	23	8	12
otu4255	0	3	12
otu4256	68	0	0
otu4257	29	64	20
otu4258	21	22	11
otu4259	6	7	5
otu4260	40	19	21
otu4261	60	0	0
otu4262	9	5	2
otu4263	0	0	0
otu4264	0	142	0
otu4265	42	40	6
otu4266	4	4	22
otu4267	36	18	24
otu4268	39	15	38
otu4270	43	7	26
otu4271	16	3	6
otu4272	24	15	28
otu4273	53	0	8
otu4274	23	0	40
otu4275	21	23	10
otu4276	19	13	28
otu4277	27	14	40
otu4278	13	92	0
otu4279	13	16	9
otu4280	14	0	24
otu4281	27	60	19
otu4282	16	13	13
otu4283	13	20	19
otu4284	34	37	26
otu4285	33	53	15
otu4286	32	34	19
otu4287	55	12	23
otu4288	46	25	30
otu4289	3	5	0
otu4290	28	65	12
otu4291	31	61	18
otu4292	6	12	6
otu4293	28	48	27
otu4294	34	56	18
otu4295	26	58	16
otu4296	7	19	19
otu4297	17	2	7
otu4298	36	0	36
otu4299	0	0	90
otu4300	32	30	20
otu4301	53	28	0
otu4302	48	43	18
otu4303	13	4	10
otu4304	24	60	23
otu4305	28	14	26
otu4306	0	0	89
otu4307	22	62	15
otu4308	12	22	21
otu4309	10	26	16
otu4310	49	20	12
otu4311	9	14	11
otu4312	21	21	6
otu4313	47	15	11
otu4314	18	10	14
otu4315	44	21	9
otu4316	29	30	15
otu4317	25	29	8
otu4318	4	6	0
otu4319	54	0	0
otu4320	0	0	94
otu4321	37	29	25
otu4322	26	33	29
otu4323	28	28	18
otu4324	12	28	18
otu4325	45	6	58
otu4326	27	56	23
otu4327	5	0	0
otu4328	13	9	16
otu4329	4	15	12
otu4330	27	10	9
otu4331	20	16	41
otu4332	32	15	9
otu4333	42	0	5
otu4334	28	9	15
otu4335	30	27	16
otu4336	29	9	8
otu4337	31	64	10
otu4338	8	100	6
otu4339	31	22	9
otu4340	40	11	25
otu4341	12	11	32
otu4342	34	47	24
otu4343	15	21	28
otu4344	19	33	12
otu4345	32	36	13
otu4346	41	13	4
otu4347	36	8	27
otu4348	65	0	0
otu4349	21	62	19
otu4350	8	24	23
otu4351	26	28	11
otu4352	40	17	31
otu4353	33	19	5
otu4354	37	19	9
otu4355	14	16	7
otu4356	30	15	16
otu4357	0	6	0
otu4358	9	5	8
otu4359	35	14	19
otu4360	27	63	17
otu4361	0	0	81
otu4362	11	12	15
otu4363	36	32	14
otu4364	33	11	6
otu4365	26	24	33
otu4366	62	0	0
otu4367	10	25	18
otu4368	18	4	7
otu4369	35	19	35
otu4370	33	24	15
otu4371	35	16	17
otu4372	35	7	18
otu4373	23	8	21
otu4374	21	3	31
otu4375	29	8	24
otu4376	24	52	17
otu4377	56	0	0
otu4378	26	42	9
otu4379	16	12	15
otu4380	9	2	13
otu4381	35	30	13
otu4382	37	7	32
otu4383	18	26	21
otu4384	14	9	30
otu4385	29	43	22
otu4386	0	4	0
otu4387	3	7	0
otu4388	57	29	4
otu4389	17	75	11
otu4390	26	30	23
otu4391	12	73	11
otu4392	35	16	34
otu4393	1	4	2
otu4394	28	50	17
otu4395	10	16	11
otu4396	18	18	6
otu4397	11	11	20
otu4398	4	25	2
otu4399	20	14	39
otu4400	27	27	29
otu4401	32	34	26
otu4402	3	3	7
otu4403	37	31	13
otu4404	21	14	23
otu4405	20	16	0
otu4406	3	7	13
otu4407	21	4	42
otu4408	36	9	29
otu4409	39	16	12
otu4410	10	6	19
otu4411	12	18	29
otu4412	27	1	27
otu4413	20	7	39
otu4414	32	25	5
otu4415	11	16	22
otu4416	9	10	20
otu4417	23	18	19
otu4418	24	10	21
otu4419	49	2	0
otu4420	11	21	15
otu4421	33	32	5
otu4422	37	15	29
otu4423	27	10	20
otu4424	50	4	7
otu4425	9	6	32
otu4426	7	34	30
otu4427	133	0	0
otu4428	7	30	36
otu4429	18	40	10
otu4430	33	26	16
otu4431	8	32	7
otu4432	19	12	27
otu4433	34	32	23
otu4434	38	13	38
otu4435	9	15	27
otu4436	12	19	32
otu4437	29	23	16
otu4438	8	8	5
otu4439	22	20	11
otu4440	17	15	8
otu4442	17	10	7
otu4443	42	10	23
otu4444	37	28	21
otu4445	10	33	18
otu4446	30	32	4
otu4447	0	8	4
otu4448	18	78	8
otu4449	29	29	5
otu4450	21	9	21
otu4451	10	19	14
otu4452	0	2	3
otu4453	9	17	14
otu4455	28	19	14
otu4456	21	40	11
otu4457	8	24	23
otu4458	36	16	23
otu4459	23	9	44
otu4460	31	12	34
otu4461	21	19	7
otu4462	22	42	18
otu4463	9	8	9
otu4464	54	23	16
otu4465	35	11	22
otu4466	23	9	36
otu4467	45	23	22
otu4468	27	19	13
otu4469	40	0	4
otu4470	29	31	26
otu4471	0	15	10
otu4472	18	25	27
otu4473	32	12	24
otu4474	37	6	23
otu4475	40	0	3
otu4476	24	59	18
otu4477	16	11	0
otu4478	33	11	31
otu4479	9	2	5
otu4480	6	19	8
otu4481	25	33	9
otu4482	13	19	10
otu4483	11	68	25
otu4484	18	18	30
otu4485	47	16	16
otu4486	46	53	0
otu4487	27	14	29
otu4488	43	2	4
otu4489	11	24	10
otu4490	5	11	12
otu4491	11	30	18
otu4492	14	4	14
otu4493	4	12	16
otu4494	19	12	14
otu4495	22	11	44
otu4496	23	21	4
otu4497	26	8	27
otu4498	15	50	19
otu4499	14	43	17
otu4500	28	32	20
otu4501	47	0	7
otu4502	25	52	18
otu4503	17	14	10
otu4504	15	4	5
otu4505	3	14	13
otu4506	17	7	3
otu4507	3	6	8
otu4508	29	39	11
otu4509	15	48	21
otu4510	5	0	0
otu4511	62	0	0
otu4512	19	10	4
otu4513	0	3	6
otu4514	14	9	4
otu4515	18	23	35
otu4516	7	12	16
otu4517	6	2	21
otu4518	18	21	15
otu4519	18	68	10
otu4520	21	44	12
otu4521	8	0	6
otu4522	25	57	10
otu4523	44	0	0
otu4524	45	21	7
otu4525	4	7	9
otu4526	16	14	0
otu4527	25	29	24
otu4528	16	11	19
otu4529	21	20	10
otu4530	44	0	0
otu4531	56	0	9
otu4532	11	57	14
otu4533	44	0	6
otu4534	8	4	6
otu4535	0	7	2
otu4536	0	0	75
otu4537	23	11	21
otu4538	1	15	18
otu4539	37	7	23
otu4540	12	18	12
otu4541	10	4	4
otu4542	0	7	14
otu4543	22	19	24
otu4544	39	10	21
otu4545	21	32	29
otu4546	3	7	77
otu4547	11	17	8
otu4548	8	52	13
otu4550	0	5	36
otu4551	35	13	25
otu4552	13	13	0
otu4553	28	5	24
otu4554	44	0	12
otu4555	19	20	14
otu4556	19	15	5
otu4557	18	3	58
otu4558	2	6	3
otu4559	24	16	40
otu4560	15	21	15
otu4561	4	9	13
otu4562	21	18	18
otu4563	27	17	12
otu4564	18	27	15
otu4565	23	3	12
otu4566	27	38	4
otu4567	3	78	3
otu4568	24	7	31
otu4569	41	0	6
otu4570	16	9	8
otu4571	2	4	2
otu4572	9	4	5
otu4573	30	4	7
otu4574	32	0	27
otu4575	3	14	26
otu4576	18	11	43
otu4577	33	22	4
otu4578	5	8	12
otu4579	9	7	9
otu4580	15	6	19
otu4581	7	74	6
otu4582	9	0	47
otu4583	8	11	13
otu4584	22	50	16
otu4585	0	7	13
otu4586	36	0	10
otu4587	2	23	12
otu4588	5	35	4
otu4589	34	8	2
otu4590	17	13	12
otu4591	35	2	18
otu4592	28	16	18
otu4593	21	6	29
otu4594	8	21	15
otu4595	6	25	10
otu4596	20	24	7
otu4597	43	0	0
otu4598	10	15	29
otu4599	6	4	12
otu4600	7	21	17
otu4601	22	40	9
otu4602	24	21	23
otu4603	23	21	25
otu4604	25	28	20
otu4605	24	17	14
otu4606	8	12	10
otu4607	29	0	3
otu4608	28	6	21
otu4609	9	12	0
otu4610	35	4	22
otu4611	26	13	16
otu4612	25	15	13
otu4613	40	28	16
otu4614	43	5	6
otu4615	17	33	11
otu4616	41	12	14
otu4617	8	51	6
otu4618	6	8	19
otu4619	0	8	16
otu4620	18	8	6
otu4621	0	15	7
otu4622	16	5	23
otu4623	3	6	51
otu4624	14	28	30
otu4625	39	16	17
otu4626	6	25	14
otu4627	29	9	27
otu4628	23	7	23
otu4629	7	3	8
otu4630	9	2	7
otu4631	9	6	7
otu4632	22	7	37
otu4633	37	15	6
otu4634	23	19	11
otu4635	29	10	25
otu4636	2	3	2
otu4637	22	4	18
otu4638	29	9	23
otu4639	18	8	38
otu4640	10	6	7
otu4641	4	7	13
otu4642	9	24	30
otu4643	25	14	9
otu4644	17	14	11
otu4645	18	20	29
otu4646	29	25	17
otu4647	33	5	7
otu4648	20	28	11
otu4649	3	2	7
otu4650	23	12	25
otu4651	4	0	0
otu4652	0	0	4
otu4653	32	13	29
otu4654	10	4	11
otu4655	2	12	12
otu4656	2	8	10
otu4657	0	9	0
otu4658	36	2	0
otu4659	17	21	15
otu4660	11	78	8
otu4661	0	4	0
otu4662	42	0	0
otu4663	12	7	9
otu4664	10	6	16
otu4665	4	24	5
otu4666	11	4	5
otu4667	25	25	18
otu4668	28	12	23
otu4669	24	14	21
otu4670	14	20	6
otu4671	21	15	26
otu4672	16	4	12
otu4673	42	22	8
otu4674	40	6	14
otu4675	16	18	17
otu4676	0	12	6
otu4677	17	7	12
otu4678	39	0	0
otu4679	0	0	0
otu4680	15	12	0
otu4681	6	7	10
otu4682	5	15	0
otu4683	28	10	16
otu4684	59	3	0
otu4685	6	11	26
otu4686	13	12	7
otu4687	11	83	1
otu4688	9	33	6
otu4689	21	5	9
otu4690	24	28	15
otu4691	7	11	10
otu4692	30	6	19
otu4693	7	7	0
otu4694	11	6	6
otu4695	11	9	11
otu4696	3	8	11
otu4697	13	9	0
otu4698	16	10	0
otu4699	9	10	9
otu4700	18	7	12
otu4701	13	8	46
otu4702	26	0	30
otu4703	16	18	6
otu4704	29	34	12
otu4705	27	29	13
otu4706	11	73	8
otu4707	27	12	38
otu4708	29	8	20
otu4709	18	32	11
otu4710	45	0	4
otu4711	13	6	12
otu4712	6	6	7
otu4713	12	4	14
otu4714	11	6	9
otu4715	4	12	18
otu4716	20	16	8
otu4717	0	0	0
otu4718	42	8	3
otu4719	34	26	7
otu4720	28	15	4
otu4721	27	4	25
otu4722	8	14	9
otu4723	20	15	20
otu4724	8	6	4
otu4725	5	3	0
otu4726	32	11	23
otu4727	22	8	23
otu4728	17	18	4
otu4729	13	18	35
otu4730	15	14	0
otu4731	19	15	6
otu4732	35	27	10
otu4733	11	6	7
otu4734	6	5	7
otu4735	9	5	9
otu4736	12	43	13
otu4737	8	11	8
otu4738	12	65	4
otu4739	23	12	11
otu4740	7	29	21
otu4741	5	7	10
otu4742	0	6	0
otu4743	23	19	25
otu4744	3	88	0
otu4745	6	7	8
otu4746	14	3	0
otu4747	27	11	24
otu4748	3	8	7
otu4749	8	17	8
otu4750	8	9	14
otu4751	7	3	5
otu4752	4	9	13
otu4753	18	15	12
otu4754	5	8	8
otu4755	20	10	31
otu4756	24	4	23
otu4757	7	11	69
otu4758	0	29	25
otu4759	0	4	4
otu4760	24	7	21
otu4761	13	4	12
otu4762	14	49	12
otu4763	23	8	20
otu4764	29	30	12
otu4765	5	8	8
otu4766	5	7	6
otu4767	14	9	9
otu4768	30	4	22
otu4769	32	6	25
otu4770	34	8	15
otu4771	23	10	29
otu4772	32	4	12
otu4773	30	34	8
otu4774	34	0	6
otu4775	26	8	28
otu4776	11	6	7
otu4777	15	2	31
otu4778	10	0	0
otu4779	28	3	25
otu4780	4	0	21
otu4781	38	0	0
otu4782	15	17	13
otu4783	24	13	9
otu4784	28	34	7
otu4785	20	23	13
otu4786	11	5	9
otu4787	24	33	8
otu4788	27	8	26
otu4789	16	7	0
otu4790	36	0	0
otu4791	0	9	8
otu4792	0	0	0
otu4793	15	7	8
otu4794	38	2	5
otu4795	24	5	20
otu4796	0	3	57
otu4797	26	7	20
otu4798	0	8	10
otu4799	8	5	7
otu4800	11	17	11
otu4801	20	30	9
otu4802	26	7	21
otu4803	16	0	32
otu4804	21	13	22
otu4805	22	7	19
otu4806	20	10	23
otu4807	29	5	19
otu4808	38	7	16
otu4809	23	6	20
otu4810	7	15	24
otu4811	2	14	10
otu4812	24	20	15
otu4813	15	28	11
otu4814	17	3	10
otu4815	13	30	17
otu4816	21	15	22
otu4817	40	6	8
otu4818	6	18	15
otu4819	28	8	21
otu4820	27	14	24
otu4821	9	11	6
otu4822	9	3	6
otu4823	5	7	5
otu4824	8	1	2
otu4825	10	4	4
otu4826	6	8	9
otu4827	27	37	6
otu4828	29	5	4
otu4829	25	40	7
otu4830	28	0	16
otu4831	30	8	14
otu4832	21	14	5
otu4833	24	21	4
otu4834	3	45	0
otu4835	22	30	7
otu4836	25	11	7
otu4837	3	79	2
otu4838	0	3	0
otu4839	25	6	19
otu4840	30	11	3
otu4841	26	7	16
otu4842	2	8	5
otu4843	9	3	3
otu4844	28	5	0
otu4845	33	31	3
otu4846	7	9	7
otu4847	4	7	11
otu4848	26	20	5
otu4849	18	16	26
otu4850	10	18	3
otu4851	23	31	0
otu4852	24	25	5
otu4853	21	8	21
otu4854	5	3	0
otu4855	27	7	15
otu4856	31	6	23
otu4857	10	48	15
otu4858	20	39	12
otu4859	21	6	41
otu4860	23	15	14
otu4861	8	15	10
otu4862	19	6	14
otu4863	25	28	11
otu4864	7	9	7
otu4865	2	0	14
otu4866	39	25	0
otu4867	11	33	28
otu4868	5	7	3
otu4869	4	78	3
otu4870	15	34	1
otu4871	5	6	0
otu4872	22	6	19
otu4873	14	14	8
otu4874	9	72	1
otu4875	25	10	11
otu4876	14	7	6
otu4877	25	7	20
otu4878	4	3	13
otu4879	29	6	0
otu4880	13	6	11
otu4881	22	33	16
otu4882	32	5	5
otu4883	20	3	9
otu4884	39	10	5
otu4885	33	10	16
otu4886	8	0	6
otu4887	2	9	18
otu4888	25	10	20
otu4889	18	23	6
otu4890	4	15	10
otu4891	25	19	22
otu4892	29	10	16
otu4893	36	0	0
otu4894	2	14	12
otu4895	14	9	0
otu4896	33	3	10
otu4897	0	5	3
otu4898	5	16	11
otu4899	23	4	6
otu4900	26	5	13
otu4901	38	13	5
otu4902	27	7	22
otu4903	0	0	2
otu4904	12	3	8
otu4905	9	3	5
otu4906	14	16	7
otu4907	2	77	3
otu4908	16	15	3
otu4909	22	22	24
otu4910	23	22	16
otu4911	0	94	0
otu4912	25	21	14
otu4913	18	10	16
otu4914	0	2	2
otu4915	3	4	2
otu4916	23	7	20
otu4917	21	6	25
otu4918	15	17	7
otu4919	21	33	6
otu4920	6	6	4
otu4921	24	6	18
otu4922	3	5	0
otu4923	11	32	15
otu4924	9	7	7
otu4925	4	8	11
otu4926	12	7	8
otu4927	16	26	16
otu4928	28	7	15
otu4929	22	5	16
otu4930	29	16	22
otu4931	16	2	9
otu4932	2	6	4
otu4933	5	17	10
otu4934	24	7	23
otu4935	3	0	0
otu4936	2	5	0
otu4937	6	6	5
otu4938	23	4	33
otu4939	12	7	38
otu4940	15	10	3
otu4941	0	87	0
otu4942	5	3	5
otu4943	13	18	10
otu4944	27	16	7
otu4945	17	3	5
otu4946	0	11	0
otu4947	28	9	6
otu4948	0	16	21
otu4949	22	47	5
otu4950	29	12	12
otu4951	19	25	21
otu4952	22	23	10
otu4953	22	7	21
otu4954	0	3	0
otu4956	23	34	10
otu4957	28	5	19
otu4958	28	7	21
otu4959	25	8	20
otu4960	20	6	2
otu4961	5	6	7
otu4962	12	9	10
otu4963	14	22	14
otu4964	31	18	4
otu4965	17	17	10
otu4966	23	10	6
otu4967	27	30	15
otu4968	12	44	10
otu4969	18	24	13
otu4970	5	0	43
otu4971	0	3	2
otu4972	9	7	18
otu4973	3	3	0
otu4974	23	37	6
otu4975	24	6	21
otu4976	11	0	0
otu4977	12	18	9
otu4978	3	0	7
otu4979	6	5	4
otu4980	17	26	6
otu4981	23	0	42
otu4982	11	11	5
otu4983	1	4	0
otu4984	21	5	21
otu4985	28	12	17
otu4986	16	5	6
otu4987	24	8	22
otu4988	12	10	32
otu4989	13	0	15
otu4990	16	15	3
otu4991	4	68	6
otu4992	21	28	11
otu4993	18	2	28
otu4994	0	79	3
otu4995	2	5	8
otu4996	2	72	0
otu4997	22	12	10
otu4998	7	8	2
otu4999	29	12	20
otu5000	21	18	16
otu5001	0	7	31
otu5002	0	13	4
otu5003	14	0	11
otu5004	5	9	4
otu5005	16	11	25
otu5006	2	5	0
otu5007	25	5	19
otu5008	22	26	7
otu5009	10	10	6
otu5010	12	42	8
otu5011	6	0	10
otu5012	6	8	6
otu5013	12	4	8
otu5014	8	5	10
otu5016	11	0	5
otu5017	16	27	12
otu5018	2	13	11
otu5019	5	6	10
otu5020	5	4	5
otu5021	4	23	10
otu5022	11	19	7
otu5023	12	10	15
otu5024	22	6	19
otu5025	12	11	36
otu5026	30	3	4
otu5027	6	9	5
otu5028	14	5	13
otu5029	19	33	6
otu5030	4	9	10
otu5031	0	5	0
otu5032	14	9	11
otu5033	0	8	0
otu5034	8	0	3
otu5035	6	47	0
otu5036	22	3	23
otu5037	21	7	19
otu5038	2	0	35
otu5039	19	14	5
otu5040	13	4	4
otu5041	24	7	19
otu5042	18	7	14
otu5043	20	0	9
otu5044	20	18	12
otu5045	11	11	6
otu5046	0	75	0
otu5047	23	22	12
otu5048	14	16	28
otu5049	27	25	21
otu5050	24	10	16
otu5051	2	78	2
otu5052	24	6	7
otu5053	6	13	5
otu5054	4	3	0
otu5055	0	7	0
otu5056	3	0	0
otu5057	25	8	15
otu5058	23	7	18
otu5059	3	12	3
otu5060	15	15	7
otu5061	5	9	8
otu5062	2	12	10
otu5063	4	0	0
otu5064	7	0	2
otu5065	6	7	10
otu5066	9	43	4
otu5067	12	8	9
otu5068	10	6	9
otu5069	23	32	8
otu5070	19	8	10
otu5071	4	29	16
otu5072	18	11	11
otu5073	18	18	27
otu5074	8	18	15
otu5075	34	7	18
otu5076	3	3	3
otu5077	21	9	18
otu5078	22	5	17
otu5079	23	6	17
otu5080	0	13	0
otu5081	4	61	0
otu5082	40	0	0
otu5083	9	0	4
otu5084	8	6	3
otu5085	4	9	9
otu5086	15	0	6
otu5087	17	25	18
otu5088	6	6	29
otu5089	18	19	16
otu5090	26	7	12
otu5091	6	4	42
otu5092	30	8	6
otu5093	28	9	15
otu5094	24	23	5
otu5095	25	6	19
otu5096	23	7	20
otu5097	12	9	16
otu5098	10	0	12
otu5099	9	0	7
otu5100	7	9	0
otu5101	20	0	12
otu5102	14	5	13
otu5103	4	6	7
otu5104	3	0	6
otu5105	12	10	10
otu5106	48	0	0
otu5107	10	17	28
otu5108	32	0	6
otu5109	12	15	11
otu5110	5	11	7
otu5111	2	62	0
otu5112	16	7	23
otu5113	15	22	15
otu5114	17	0	0
otu5115	18	24	12
otu5116	14	22	14
otu5117	8	0	0
otu5118	5	3	0
otu5119	9	13	14
otu5120	24	8	21
otu5121	6	44	9
otu5122	2	9	6
otu5123	31	24	5
otu5124	12	4	8
otu5125	26	20	12
otu5126	15	18	21
otu5127	3	0	11
otu5128	17	12	3
otu5129	23	21	4
otu5130	9	46	11
otu5131	9	13	5
otu5132	7	10	7
otu5133	30	6	17
otu5134	15	8	44
otu5135	15	9	20
otu5136	14	4	2
otu5137	19	3	26
otu5138	5	27	12
otu5139	26	7	22
otu5140	0	4	3
otu5141	3	2	0
otu5142	0	4	2
otu5143	0	6	0
otu5144	10	38	6
otu5145	22	6	20
otu5146	18	4	39
otu5147	12	18	5
otu5148	24	9	0
otu5149	20	16	28
otu5150	24	8	4
otu5151	11	12	4
otu5152	4	5	0
otu5153	30	15	15
otu5154	16	35	9
otu5155	22	4	14
otu5156	21	6	2
otu5157	17	6	15
otu5158	14	21	8
otu5159	33	3	4
otu5160	31	6	0
otu5161	26	5	15
otu5162	0	0	0
otu5163	3	0	0
otu5164	24	9	21
otu5165	7	15	0
otu5166	10	9	5
otu5167	29	5	6
otu5168	0	4	0
otu5169	19	30	7
otu5170	7	13	13
otu5171	30	10	13
otu5172	20	47	0
otu5173	18	24	8
otu5174	11	10	4
otu5175	43	14	0
otu5176	15	41	7
otu5177	14	14	14
otu5178	6	31	10
otu5179	17	2	9
otu5180	19	14	6
otu5181	14	28	3
otu5182	0	5	0
otu5183	0	4	1
otu5184	5	8	0
otu5185	0	0	0
otu5186	27	6	17
otu5187	29	0	4
otu5188	26	3	12
otu5189	0	2	0
otu5190	10	6	9
otu5191	7	40	6
otu5192	13	8	8
otu5193	17	11	10
otu5194	4	25	24
otu5195	13	8	7
otu5196	12	4	6
otu5197	0	4	5
otu5198	21	7	19
otu5199	16	4	23
otu5200	22	8	9
otu5201	17	26	13
otu5202	5	0	9
otu5203	11	19	11
otu5204	22	2	6
otu5205	0	74	0
otu5206	14	0	31
otu5207	20	11	16
otu5208	23	6	16
otu5209	3	6	6
otu5210	11	24	11
otu5211	3	48	19
otu5212	0	4	0
otu5213	5	0	0
otu5214	0	3	0
otu5215	22	8	23
otu5216	8	41	7
otu5217	6	4	2
otu5218	5	45	11
otu5219	18	30	6
otu5220	6	4	5
otu5221	23	22	7
otu5222	16	7	11
otu5223	19	0	10
otu5224	4	12	29
otu5225	13	15	22
otu5226	18	17	9
otu5227	22	13	14
otu5228	17	20	13
otu5229	44	6	14
otu5230	13	7	2
otu5231	26	0	17
otu5232	0	67	3
otu5233	0	16	0
otu5234	21	6	24
otu5235	0	4	0
otu5236	14	7	14
otu5237	27	8	0
otu5238	7	21	21
otu5239	0	0	11
otu5240	5	5	2
otu5241	5	3	1
otu5242	4	6	14
otu5243	9	46	8
otu5244	16	13	6
otu5245	0	5	0
otu5246	32	7	11
otu5247	17	24	13
otu5248	0	3	0
otu5249	4	2	0
otu5250	0	4	0
otu5251	4	0	0
otu5252	2	2	0
otu5253	16	21	8
otu5254	3	3	3
otu5255	3	0	9
otu5256	2	73	0
otu5257	21	7	22
otu5258	17	14	16
otu5259	15	1	8
otu5260	2	0	3
otu5261	13	4	0
otu5262	3	7	7
otu5263	20	27	8
otu5264	0	0	40
otu5265	15	3	8
otu5266	15	6	21
otu5267	13	18	24
otu5268	0	22	33
otu5269	12	20	0
otu5270	0	0	0
otu5271	57	2	0
otu5272	1	7	0
otu5273	3	2	0
otu5274	0	19	30
otu5275	34	10	17
otu5276	10	15	0
otu5277	26	4	14
otu5278	29	6	21
otu5279	20	18	6
otu5280	20	7	21
otu5281	13	15	16
otu5282	12	12	10
otu5283	10	9	3
otu5284	0	74	0
otu5285	29	17	4
otu5286	15	5	24
otu5287	4	24	3
otu5288	6	8	5
otu5289	30	12	10
otu5290	9	5	4
otu5291	11	4	0
otu5293	0	5	2
otu5294	0	2	8
otu5295	20	8	20
otu5296	0	0	0
otu5297	25	4	24
otu5298	13	23	14
otu5299	5	7	6
otu5300	26	11	8
otu5301	0	3	2
otu5302	12	0	6
otu5303	0	3	0
otu5304	14	7	20
otu5305	6	0	7
otu5306	9	0	31
otu5307	20	6	0
otu5308	16	27	6
otu5309	4	60	3
otu5310	12	16	14
otu5311	11	11	19
otu5312	0	26	28
otu5313	10	14	17
otu5314	11	7	5
otu5315	0	5	3
otu5316	17	7	10
otu5317	8	18	12
otu5318	8	4	8
otu5319	0	2	5
otu5320	10	8	10
otu5321	12	23	5
otu5322	20	0	8
otu5323	11	8	8
otu5324	0	17	0
otu5325	7	9	9
otu5326	19	9	18
otu5327	26	27	7
otu5328	20	21	11
otu5329	25	6	11
otu5330	3	5	0
otu5331	1	8	24
otu5332	9	0	19
otu5333	5	21	9
otu5334	25	0	19
otu5335	7	12	20
otu5336	40	7	10
otu5337	8	8	6
otu5338	0	2	0
otu5339	1	4	0
otu5340	5	0	5
otu5341	7	57	0
otu5342	22	13	13
otu5343	11	38	9
otu5344	16	9	5
otu5345	10	4	6
otu5346	4	6	7
otu5347	8	4	12
otu5348	27	7	7
otu5349	7	0	4
otu5350	13	20	6
otu5351	16	7	14
otu5352	0	7	0
otu5353	0	2	9
otu5354	3	0	0
otu5355	0	4	0
otu5356	7	6	13
otu5357	16	4	16
otu5358	21	3	4
otu5359	12	0	8
otu5360	26	18	3
otu5361	3	5	6
otu5362	8	2	7
otu5363	26	5	22
otu5364	21	14	0
otu5365	0	4	9
otu5366	7	6	11
otu5367	6	12	6
otu5368	17	17	27
otu5369	6	14	12
otu5370	18	9	9
otu5371	4	11	5
otu5372	4	7	0
otu5373	0	0	4
otu5374	11	23	11
otu5375	3	13	27
otu5377	2	2	7
otu5378	14	6	5
otu5379	9	8	0
otu5380	8	21	12
otu5381	5	5	24
otu5382	21	15	8
otu5383	0	0	6
otu5384	14	0	8
otu5385	13	15	16
otu5386	0	69	0
otu5387	4	40	4
otu5388	13	13	24
otu5389	5	0	0
otu5390	10	14	6
otu5391	0	6	0
otu5392	4	7	9
otu5393	4	3	8
otu5394	4	8	15
otu5395	0	9	8
otu5396	11	37	9
otu5397	13	10	16
otu5398	27	10	10
otu5399	23	6	5
otu5400	21	10	4
otu5401	12	22	17
otu5402	21	2	17
otu5403	10	19	9
otu5404	18	12	2
otu5405	9	13	5
otu5406	14	7	15
otu5407	17	5	23
otu5408	23	9	8
otu5409	11	13	8
otu5410	18	5	2
otu5411	22	4	15
otu5412	0	2	0
otu5413	24	5	11
otu5414	16	20	4
otu5415	12	18	21
otu5416	13	12	10
otu5417	5	0	0
otu5418	5	59	0
otu5419	17	11	24
otu5420	17	6	7
otu5421	14	10	26
otu5422	3	9	34
otu5423	17	20	4
otu5424	3	3	0
otu5425	8	4	7
otu5426	0	4	0
otu5427	14	2	5
otu5428	16	28	8
otu5429	25	6	2
otu5430	10	7	20
otu5431	21	25	8
otu5432	14	20	14
otu5433	5	9	26
otu5434	16	6	19
otu5435	10	9	21
otu5436	8	5	7
otu5437	23	3	3
otu5438	15	5	10
otu5439	6	0	0
otu5440	2	5	2
otu5441	12	0	0
otu5442	10	19	3
otu5443	23	9	14
otu5444	6	0	0
otu5445	4	6	7
otu5446	13	25	9
otu5447	23	1	5
otu5448	24	14	29
otu5449	0	0	0
otu5450	0	5	13
otu5451	5	6	6
otu5452	0	0	4
otu5453	4	7	10
otu5454	5	6	2
otu5455	8	10	4
otu5456	5	0	6
otu5457	16	4	15
otu5458	21	8	14
otu5459	17	6	12
otu5460	11	25	5
otu5461	8	10	13
otu5462	19	17	14
otu5463	12	11	16
otu5464	22	20	8
otu5465	3	0	0
otu5466	3	19	5
otu5467	18	4	18
otu5468	17	22	6
otu5469	7	0	5
otu5470	16	17	7
otu5471	9	6	2
otu5472	10	0	31
otu5473	6	3	3
otu5474	2	4	44
otu5475	11	3	3
otu5476	22	18	6
otu5477	27	0	9
otu5478	4	0	7
otu5479	0	0	27
otu5480	8	3	0
otu5481	14	11	21
otu5482	7	30	9
otu5483	13	11	11
otu5484	5	9	0
otu5485	0	2	0
otu5486	3	7	31
otu5487	0	0	0
otu5488	0	0	0
otu5489	14	22	9
otu5490	0	0	0
otu5491	0	3	0
otu5492	6	3	0
otu5493	4	0	0
otu5494	21	10	20
otu5495	8	6	9
otu5496	6	38	14
otu5497	9	17	4
otu5498	10	1	6
otu5499	8	14	6
otu5500	3	4	0
otu5501	19	3	3
otu5502	9	19	17
otu5503	3	8	7
otu5504	15	2	8
otu5505	7	4	3
otu5506	0	5	0
otu5507	0	5	0
otu5508	4	4	0
otu5509	12	9	3
otu5510	0	5	43
otu5511	9	7	7
otu5512	17	11	7
otu5513	14	6	18
otu5514	7	2	12
otu5515	8	28	9
otu5516	12	0	2
otu5517	8	5	5
otu5518	11	13	14
otu5519	3	10	7
otu5520	3	2	0
otu5521	17	0	3
otu5522	0	0	34
otu5523	24	8	16
otu5524	7	0	6
otu5525	10	25	6
otu5526	11	4	13
otu5527	0	14	13
otu5528	4	12	9
otu5529	24	6	0
otu5530	0	55	0
otu5532	20	11	11
otu5533	14	12	0
otu5534	16	4	7
otu5535	19	5	3
otu5536	7	0	9
otu5537	0	5	3
otu5538	8	7	6
otu5539	4	7	7
otu5540	5	31	7
otu5541	8	20	13
otu5542	10	4	4
otu5543	9	3	5
otu5544	0	64	0
otu5545	5	0	0
otu5546	7	5	6
otu5547	0	13	4
otu5548	22	5	5
otu5549	11	11	16
otu5550	8	26	17
otu5551	17	11	17
otu5552	11	5	18
otu5553	9	21	5
otu5554	9	6	12
otu5555	18	6	10
otu5556	5	4	38
otu5557	15	21	0
otu5558	7	12	3
otu5559	9	0	0
otu5560	8	10	3
otu5561	0	0	0
otu5562	0	7	0
otu5563	0	0	0
otu5564	0	5	6
otu5565	0	0	0
otu5566	2	0	0
otu5567	12	19	5
otu5568	0	12	0
otu5569	3	15	4
otu5570	0	9	6
otu5571	5	5	2
otu5572	13	0	6
otu5573	8	31	0
otu5574	3	2	31
otu5575	19	13	3
otu5576	12	19	8
otu5577	0	12	11
otu5578	6	4	4
otu5579	2	7	7
otu5580	6	9	11
otu5581	4	5	12
otu5582	8	0	4
otu5583	13	3	9
otu5584	8	0	12
otu5585	18	2	0
otu5586	28	11	10
otu5587	15	8	9
otu5588	9	14	2
otu5589	11	8	6
otu5590	5	8	0
otu5591	12	22	10
otu5592	17	6	5
otu5593	14	13	3
otu5594	12	7	23
otu5595	0	3	0
otu5596	5	3	0
otu5597	0	5	0
otu5598	3	6	8
otu5599	14	39	7
otu5600	28	0	5
otu5601	14	7	28
otu5602	0	59	0
otu5603	11	0	3
otu5604	23	6	6
otu5605	15	5	6
otu5606	14	3	10
otu5607	18	1	9
otu5608	9	19	11
otu5609	12	16	10
otu5610	5	40	10
otu5611	0	3	5
otu5612	14	6	19
otu5613	4	34	12
otu5614	11	2	15
otu5615	0	20	20
otu5616	0	8	0
otu5617	1	0	0
otu5618	0	5	3
otu5619	0	0	0
otu5620	13	6	24
otu5621	20	24	12
otu5622	0	0	28
otu5623	17	15	7
otu5624	29	15	0
otu5625	10	0	5
otu5626	20	5	9
otu5627	18	19	13
otu5628	6	0	3
otu5629	4	5	4
otu5630	3	5	4
otu5631	2	5	0
otu5632	0	6	9
otu5633	23	3	13
otu5634	11	6	6
otu5635	6	35	7
otu5636	0	59	0
otu5637	13	4	10
otu5638	0	4	0
otu5639	4	6	12
otu5640	16	18	14
otu5641	0	2	0
otu5642	0	0	4
otu5643	4	3	0
otu5644	0	5	0
otu5645	12	8	9
otu5646	0	4	2
otu5647	0	15	7
otu5648	0	3	3
otu5649	13	3	6
otu5650	0	0	0
otu5651	2	0	0
otu5652	6	5	0
otu5653	0	62	0
otu5654	18	18	2
otu5655	9	13	4
otu5656	9	11	8
otu5657	12	6	8
otu5658	14	7	18
otu5659	20	8	0
otu5660	9	30	13
otu5661	0	51	0
otu5662	7	12	0
otu5663	1	18	20
otu5664	16	9	5
otu5665	12	8	9
otu5666	13	3	2
otu5667	11	15	0
otu5668	10	8	19
otu5669	23	19	8
otu5670	15	3	11
otu5671	12	8	0
otu5672	0	4	3
otu5673	0	0	0
otu5674	0	0	11
otu5675	6	0	6
otu5676	8	7	4
otu5677	6	27	2
otu5678	0	3	0
otu5679	17	9	2
otu5680	21	9	9
otu5681	11	3	12
otu5682	5	1	6
otu5683	9	6	10
otu5684	8	0	4
otu5685	12	5	0
otu5686	15	6	17
otu5687	5	37	2
otu5688	3	0	0
otu5689	7	0	7
otu5690	3	10	0
otu5691	9	34	0
otu5692	7	34	2
otu5693	0	4	4
otu5694	16	12	14
otu5695	16	0	20
otu5696	10	8	9
otu5697	0	15	10
otu5698	9	14	5
otu5699	5	6	0
otu5700	3	5	0
otu5701	2	6	1
otu5702	0	3	0
otu5703	9	8	16
otu5704	11	5	6
otu5705	19	4	12
otu5706	0	2	0
otu5707	5	11	13
otu5708	13	14	5
otu5709	13	20	5
otu5710	12	5	26
otu5711	11	15	6
otu5712	6	7	5
otu5713	8	36	10
otu5714	22	6	5
otu5715	14	12	3
otu5716	7	8	3
otu5717	17	3	3
otu5718	12	9	9
otu5719	9	18	8
otu5720	9	17	18
otu5721	12	0	23
otu5722	12	18	9
otu5723	19	18	7
otu5724	9	10	5
otu5725	0	10	2
otu5726	0	21	9
otu5727	0	0	0
otu5728	0	6	2
otu5729	6	4	30
otu5730	3	0	20
otu5731	0	19	20
otu5732	13	10	23
otu5733	3	0	0
otu5734	0	5	0
otu5735	8	6	15
otu5736	28	0	14
otu5737	12	19	13
otu5738	11	3	15
otu5739	17	16	6
otu5740	0	7	0
otu5741	20	17	4
otu5742	10	2	1
otu5743	0	6	5
otu5744	10	2	6
otu5745	4	13	0
otu5746	5	29	9
otu5747	8	9	10
otu5748	11	5	12
otu5749	8	2	0
otu5750	6	18	8
otu5751	9	11	0
otu5752	13	7	24
otu5753	15	12	8
otu5754	7	4	16
otu5755	14	18	8
otu5756	14	0	6
otu5757	6	35	10
otu5758	0	3	2
otu5759	2	4	0
otu5760	2	4	0
otu5761	0	3	0
otu5762	3	5	0
otu5763	3	4	2
otu5764	0	7	3
otu5765	0	14	20
otu5766	3	3	0
otu5767	44	0	0
otu5768	19	13	0
otu5769	4	33	9
otu5770	12	15	11
otu5771	14	11	7
otu5772	8	17	6
otu5773	4	0	3
otu5774	0	0	16
otu5775	0	6	4
otu5776	0	5	0
otu5777	0	4	0
otu5778	8	0	3
otu5779	15	14	3
otu5780	11	15	7
otu5781	0	6	0
otu5782	6	7	6
otu5783	14	8	12
otu5784	13	14	7
otu5785	18	12	19
otu5786	7	22	18
otu5787	11	7	9
otu5788	6	20	9
otu5789	12	12	4
otu5790	13	4	0
otu5791	21	10	0
otu5792	13	16	7
otu5793	7	12	7
otu5794	8	5	12
otu5795	0	7	0
otu5796	0	3	0
otu5797	0	3	0
otu5798	0	0	2
otu5799	0	4	0
otu5800	6	2	0
otu5801	0	4	3
otu5802	8	0	4
otu5803	2	28	0
otu5804	0	5	0
otu5805	14	20	6
otu5806	10	19	10
otu5807	8	12	13
otu5808	14	18	6
otu5809	2	4	0
otu5810	0	0	0
otu5811	17	4	4
otu5812	16	10	9
otu5813	11	0	2
otu5814	6	3	5
otu5815	2	1	3
otu5816	8	3	0
otu5817	19	9	4
otu5818	9	0	2
otu5819	1	9	11
otu5820	0	4	0
otu5821	0	7	0
otu5822	0	13	0
otu5823	5	6	0
otu5824	9	6	10
otu5825	16	7	7
otu5826	10	6	7
otu5827	11	10	14
otu5828	12	9	12
otu5829	5	26	8
otu5830	2	3	0
otu5831	3	6	18
otu5832	0	8	0
otu5833	7	18	8
otu5834	13	9	16
otu5835	0	5	0
otu5836	4	5	0
otu5837	5	0	3
otu5838	3	0	3
otu5839	10	15	6
otu5840	21	0	0
otu5841	14	4	20
otu5842	20	20	0
otu5843	7	3	5
otu5844	0	0	28
otu5845	5	4	6
otu5846	2	1	24
otu5847	13	18	3
otu5848	16	8	0
otu5849	13	2	7
otu5850	14	19	5
otu5851	15	18	8
otu5852	20	14	0
otu5853	5	12	10
otu5854	16	17	12
otu5855	9	3	10
otu5856	0	13	26
otu5857	16	10	4
otu5858	19	14	5
otu5859	9	16	4
otu5860	0	5	0
otu5861	10	10	5
otu5862	11	18	7
otu5863	14	8	0
otu5864	4	6	2
otu5865	11	13	5
otu5866	10	0	5
otu5867	4	0	0
otu5868	10	4	9
otu5869	13	6	4
otu5870	4	6	4
otu5871	5	0	0
otu5872	3	2	3
otu5873	3	5	6
otu5874	3	4	3
otu5875	0	4	0
otu5876	17	7	0
otu5877	0	4	12
otu5878	0	4	0
otu5879	13	15	5
otu5880	7	0	13
otu5881	16	4	15
otu5882	13	6	2
otu5883	10	11	8
otu5884	6	3	0
otu5885	0	0	0
otu5886	16	4	6
otu5887	0	6	0
otu5888	6	6	14
otu5889	5	10	7
otu5890	6	14	0
otu5891	0	5	16
otu5892	4	5	4
otu5893	0	4	0
otu5894	6	12	5
otu5895	10	0	4
otu5896	0	5	0
otu5897	3	41	0
otu5898	9	16	7
otu5899	10	16	13
otu5900	13	6	5
otu5901	6	20	5
otu5902	11	1	0
otu5903	10	23	2
otu5904	20	11	5
otu5905	8	10	9
otu5906	4	29	7
otu5907	15	11	8
otu5908	16	0	0
otu5909	0	4	0
otu5910	2	4	7
otu5911	16	0	0
otu5912	5	0	17
otu5913	0	6	0
otu5914	5	18	7
otu5915	21	6	9
otu5916	3	2	0
otu5917	3	9	0
otu5918	4	2	4
otu5919	0	0	10
otu5920	8	4	3
otu5921	11	6	17
otu5922	12	2	17
otu5923	22	0	10
otu5924	17	12	3
otu5925	0	0	12
otu5926	17	3	6
otu5927	4	6	3
otu5928	2	11	5
otu5929	8	8	8
otu5930	14	22	7
otu5931	9	27	2
otu5932	8	8	10
otu5933	0	1	0
otu5934	0	4	0
otu5935	4	0	0
otu5936	0	5	3
otu5937	0	2	0
otu5938	3	40	4
otu5939	0	0	0
otu5940	2	36	8
otu5941	26	8	9
otu5942	3	11	0
otu5943	0	4	6
otu5944	3	4	0
otu5945	12	6	20
otu5946	11	14	16
otu5947	0	6	0
otu5948	6	8	3
otu5949	0	52	0
otu5950	7	7	9
otu5951	5	7	2
otu5952	8	0	19
otu5953	18	8	3
otu5954	19	4	11
otu5955	6	9	6
otu5956	9	7	14
otu5957	8	2	7
otu5958	19	0	10
otu5959	13	12	12
otu5960	9	0	0
otu5961	13	11	17
otu5962	3	5	0
otu5963	5	19	0
otu5964	2	25	5
otu5965	12	1	12
otu5966	3	9	6
otu5967	15	14	6
otu5968	0	0	0
otu5969	0	3	0
otu5970	0	0	0
otu5971	9	15	7
otu5972	0	0	0
otu5973	2	4	0
otu5974	0	0	0
otu5975	0	2	5
otu5976	0	0	1
otu5977	27	11	0
otu5978	0	0	0
otu5979	2	3	0
otu5980	10	12	9
otu5981	10	3	0
otu5982	8	3	8
otu5983	13	6	21
otu5984	11	7	10
otu5985	9	5	13
otu5986	5	3	0
otu5987	4	2	3
otu5988	21	3	10
otu5989	11	2	0
otu5990	0	10	7
otu5991	5	0	3
otu5992	15	11	14
otu5993	5	3	5
otu5994	11	12	6
otu5995	0	6	0
otu5996	0	7	0
otu5997	0	4	5
otu5998	8	6	4
otu5999	6	2	0
otu6000	6	18	7
otu6001	9	19	7
otu6002	5	10	10
otu6003	11	14	5
otu6004	14	0	5
otu6005	15	3	2
otu6006	0	0	8
otu6007	12	4	10
otu6008	5	3	0
otu6009	0	4	0
otu6010	23	0	6
otu6011	7	14	8
otu6012	21	6	5
otu6013	11	4	0
otu6014	16	20	2
otu6015	14	11	0
otu6016	6	10	0
otu6017	0	3	0
otu6018	4	6	4
otu6019	0	2	0
otu6020	0	3	0
otu6021	0	0	0
otu6022	0	0	3
otu6023	2	0	9
otu6024	5	10	0
otu6025	11	10	9
otu6026	9	0	8
otu6027	8	11	8
otu6028	21	0	0
otu6029	8	11	11
otu6030	0	18	0
otu6031	2	2	3
otu6032	18	6	3
otu6033	9	0	4
otu6034	4	4	12
otu6035	4	11	19
otu6036	9	14	5
otu6037	16	5	4
otu6038	16	0	4
otu6039	9	11	7
otu6040	16	10	10
otu6041	23	7	0
otu6042	4	0	5
otu6043	10	6	6
otu6045	8	9	9
otu6046	11	7	16
otu6047	0	0	24
otu6048	12	2	4
otu6049	9	4	2
otu6050	6	3	11
otu6051	4	0	0
otu6052	2	3	0
otu6053	0	0	2
otu6054	0	0	0
otu6055	0	0	5
otu6056	0	14	4
otu6057	0	0	3
otu6058	5	16	5
otu6059	7	0	2
otu6060	8	2	14
otu6061	7	20	5
otu6062	8	5	18
otu6063	3	15	8
otu6064	6	2	24
otu6065	5	4	5
otu6066	6	5	0
otu6067	11	26	2
otu6068	3	6	5
otu6069	8	8	8
otu6070	4	0	5
otu6071	0	0	10
otu6072	0	28	0
otu6073	12	11	12
otu6074	17	1	19
otu6075	24	4	3
otu6076	9	2	3
otu6077	18	7	3
otu6078	6	6	9
otu6079	8	17	7
otu6080	11	19	7
otu6081	14	8	8
otu6082	0	4	0
otu6083	3	2	0
otu6084	12	12	4
otu6085	0	4	2
otu6086	0	3	2
otu6087	0	5	29
otu6088	0	4	0
otu6089	4	6	3
otu6090	4	3	7
otu6091	0	14	8
otu6092	9	7	7
otu6093	2	27	2
otu6094	0	7	0
otu6095	8	9	6
otu6096	14	9	4
otu6097	7	2	2
otu6098	5	14	11
otu6099	3	8	5
otu6100	8	0	2
otu6101	11	10	8
otu6102	14	0	6
otu6103	2	0	5
otu6104	2	4	6
otu6105	4	2	5
otu6106	2	8	7
otu6107	4	0	8
otu6108	3	8	4
otu6109	2	0	0
otu6110	5	5	0
otu6111	17	9	5
otu6112	8	14	6
otu6113	2	0	0
otu6114	14	8	6
otu6115	16	5	6
otu6116	8	9	0
otu6117	3	0	10
otu6118	10	7	0
otu6119	0	7	2
otu6120	14	4	9
otu6121	20	3	4
otu6122	10	3	12
otu6123	3	22	0
otu6124	0	2	3
otu6125	2	4	0
otu6126	3	0	0
otu6127	0	4	0
otu6128	0	3	0
otu6129	3	2	5
otu6130	5	0	0
otu6131	17	11	16
otu6132	0	4	0
otu6133	0	2	15
otu6134	10	8	13
otu6135	0	2	0
otu6136	4	4	4
otu6137	4	8	14
otu6138	10	12	0
otu6139	15	14	5
otu6140	12	4	11
otu6141	4	3	3
otu6142	5	19	3
otu6143	3	0	6
otu6144	2	7	4
otu6145	7	3	5
otu6146	12	4	20
otu6147	4	0	10
otu6148	0	10	9
otu6150	2	0	0
otu6151	0	1	0
otu6152	10	24	6
otu6153	12	2	19
otu6154	13	8	8
otu6155	9	12	0
otu6156	32	0	5
otu6157	18	0	3
otu6158	19	8	4
otu6159	12	2	0
otu6160	16	8	11
otu6161	16	4	5
otu6162	6	12	0
otu6163	4	0	0
otu6164	8	0	11
otu6165	9	3	9
otu6166	5	0	5
otu6167	10	20	3
otu6168	4	0	0
otu6169	6	11	17
otu6170	0	4	6
otu6171	11	11	10
otu6172	12	0	3
otu6173	0	1	10
otu6174	6	4	13
otu6175	3	5	2
otu6176	12	13	9
otu6177	0	0	0
otu6178	9	0	8
otu6179	0	2	25
otu6180	0	2	2
otu6181	2	3	4
otu6182	0	0	1
otu6183	5	0	3
otu6184	17	19	0
otu6185	8	3	0
otu6186	0	4	6
otu6187	8	0	11
otu6188	19	4	5
otu6189	1	4	3
otu6190	6	9	3
otu6191	1	12	5
otu6192	13	7	12
otu6193	15	8	5
otu6194	13	4	8
otu6195	19	0	7
otu6196	0	2	15
otu6197	46	0	0
otu6198	0	2	3
otu6199	0	3	0
otu6200	0	0	0
otu6201	0	0	9
otu6202	0	2	7
otu6203	0	8	0
otu6204	0	4	0
otu6205	15	9	9
otu6206	3	0	0
otu6207	10	5	9
otu6208	11	5	0
otu6209	0	3	0
otu6210	0	1	11
otu6211	5	2	2
otu6212	12	10	0
otu6213	4	6	0
otu6214	18	7	4
otu6215	13	13	3
otu6216	7	3	3
otu6217	5	0	2
otu6218	0	0	6
otu6219	2	0	0
otu6220	0	0	7
otu6221	4	9	4
otu6222	18	8	4
otu6223	0	0	9
otu6224	9	4	0
otu6225	14	7	2
otu6226	8	10	4
otu6227	0	2	0
otu6228	9	6	9
otu6229	11	6	10
otu6230	13	2	10
otu6231	4	3	0
otu6232	20	6	4
otu6233	5	2	24
otu6234	6	17	0
otu6235	17	7	8
otu6236	13	16	0
otu6237	20	5	7
otu6238	15	15	4
otu6239	0	3	0
otu6240	0	0	0
otu6241	4	1	0
otu6242	9	17	0
otu6243	0	0	3
otu6244	3	0	0
otu6245	6	2	13
otu6246	0	32	0
otu6247	4	5	8
otu6248	6	3	0
otu6249	0	0	3
otu6251	15	9	6
otu6252	10	4	6
otu6253	15	5	6
otu6254	7	3	4
otu6255	5	0	4
otu6256	10	6	0
otu6257	8	3	12
otu6258	9	0	13
otu6259	7	12	5
otu6260	17	5	0
otu6261	10	4	3
otu6262	8	0	6
otu6263	7	0	16
otu6264	4	8	11
otu6265	9	0	5
otu6266	11	7	7
otu6267	5	8	11
otu6268	14	6	4
otu6269	2	6	0
otu6270	0	4	0
otu6271	0	29	4
otu6272	0	0	0
otu6273	0	0	0
otu6274	0	3	0
otu6275	5	0	0
otu6276	6	5	0
otu6277	0	5	0
otu6278	0	4	0
otu6279	18	5	6
otu6280	16	3	8
otu6281	0	5	6
otu6282	15	0	7
otu6283	15	2	9
otu6284	6	3	7
otu6285	0	2	0
otu6286	8	0	6
otu6287	4	0	2
otu6288	13	9	4
otu6289	0	8	5
otu6290	6	4	4
otu6291	0	0	31
otu6292	10	4	9
otu6293	13	5	13
otu6294	0	2	0
otu6295	8	13	13
otu6296	16	10	6
otu6297	19	8	5
otu6298	6	4	13
otu6299	16	4	0
otu6300	2	13	0
otu6301	0	0	7
otu6302	7	8	2
otu6303	14	2	0
otu6304	7	11	0
otu6305	6	3	3
otu6306	12	5	11
otu6307	0	15	0
otu6308	18	0	0
otu6309	17	3	7
otu6310	4	7	6
otu6311	2	8	0
otu6312	14	4	5
otu6313	12	4	3
otu6314	7	9	0
otu6315	0	1	18
otu6316	14	0	6
otu6317	0	0	9
otu6318	16	9	5
otu6319	0	3	0
otu6320	0	5	0
otu6321	3	0	0
otu6322	3	5	0
otu6323	0	0	0
otu6324	0	4	0
otu6325	0	0	0
otu6326	0	0	0
otu6327	0	0	0
otu6328	10	3	8
otu6329	13	0	3
otu6330	7	15	3
otu6331	8	11	8
otu6332	0	8	5
otu6333	0	2	7
otu6334	11	10	5
otu6335	7	11	9
otu6336	0	0	0
otu6337	11	8	12
otu6338	7	4	13
otu6339	6	4	4
otu6340	4	8	4
otu6341	4	11	0
otu6342	9	0	3
otu6343	0	0	0
otu6344	5	7	8
otu6345	0	11	7
otu6346	2	5	0
otu6347	5	4	6
otu6348	8	2	0
otu6349	8	4	5
otu6350	4	4	10
otu6351	10	15	0
otu6352	8	0	0
otu6353	19	12	7
otu6354	8	14	2
otu6355	7	6	0
otu6356	11	7	5
otu6357	6	10	8
otu6358	0	12	19
otu6359	5	0	6
otu6360	5	9	0
otu6361	0	0	0
otu6362	4	8	4
otu6363	0	2	0
otu6364	0	0	0
otu6365	10	0	10
otu6366	13	22	2
otu6367	0	3	0
otu6368	2	6	0
otu6369	1	4	0
otu6370	0	3	7
otu6371	3	2	3
otu6372	12	6	5
otu6373	6	10	9
otu6374	6	14	0
otu6375	0	0	0
otu6376	7	4	2
otu6377	2	8	6
otu6378	5	11	10
otu6379	3	0	5
otu6380	11	0	14
otu6381	1	0	10
otu6382	0	4	13
otu6383	10	0	2
otu6384	0	3	5
otu6385	4	0	2
otu6386	8	0	6
otu6387	9	13	0
otu6388	0	0	0
otu6389	13	0	0
otu6390	5	14	3
otu6391	0	0	30
otu6392	7	4	0
otu6393	10	0	12
otu6394	8	11	6
otu6395	2	10	8
otu6396	17	5	0
otu6397	2	12	7
otu6398	4	7	0
otu6399	14	12	0
otu6400	7	5	5
otu6401	20	2	8
otu6402	4	0	0
otu6403	0	0	0
otu6404	2	2	7
otu6405	12	3	13
otu6406	3	0	5
otu6407	2	0	0
otu6408	0	7	7
otu6409	0	0	0
otu6410	0	0	0
otu6411	11	12	0
otu6412	11	4	0
otu6413	0	0	25
otu6414	15	3	6
otu6415	14	6	11
otu6416	15	2	4
otu6417	0	0	10
otu6418	10	9	0
otu6419	14	2	0
otu6420	2	0	7
otu6421	3	2	18
otu6422	0	1	0
otu6423	10	0	0
otu6424	4	16	0
otu6425	0	1	0
otu6426	8	0	0
otu6427	2	0	0
otu6428	3	0	6
otu6429	13	7	6
otu6430	4	3	13
otu6431	12	6	7
otu6432	0	0	0
otu6433	8	9	6
otu6434	3	8	3
otu6435	4	0	0
otu6436	8	0	0
otu6437	2	2	0
otu6438	8	0	2
otu6439	6	8	7
otu6440	9	11	6
otu6441	7	4	10
otu6442	4	0	0
otu6443	9	0	4
otu6444	4	3	8
otu6445	8	2	0
otu6446	0	4	8
otu6447	10	8	0
otu6448	7	0	0
otu6449	0	0	1
otu6450	10	0	0
otu6451	9	6	11
otu6452	5	11	6
otu6453	0	26	5
otu6454	14	0	4
otu6455	6	4	13
otu6456	7	12	12
otu6457	5	6	13
otu6458	2	18	0
otu6459	13	5	5
otu6460	7	3	3
otu6461	11	3	5
otu6462	0	11	9
otu6463	10	12	3
otu6464	12	6	11
otu6465	14	5	3
otu6466	3	0	0
otu6467	0	0	0
otu6468	0	2	0
otu6469	0	0	0
otu6470	0	2	5
otu6471	0	2	17
otu6472	10	7	0
otu6474	0	5	14
otu6475	9	0	3
otu6476	12	0	8
otu6477	12	17	0
otu6478	0	6	2
otu6479	19	0	7
otu6480	8	8	8
otu6481	0	3	5
otu6482	11	3	10
otu6483	15	8	8
otu6484	9	3	8
otu6485	9	10	0
otu6486	3	0	0
otu6487	4	6	8
otu6488	5	0	5
otu6489	7	10	9
otu6490	0	14	0
otu6491	3	0	10
otu6492	23	6	5
otu6493	6	0	15
otu6494	11	6	5
otu6495	8	6	1
otu6496	3	10	9
otu6497	7	4	9
otu6498	8	4	10
otu6499	3	0	7
otu6500	0	0	27
otu6501	9	6	4
otu6502	5	9	7
otu6503	10	0	11
otu6504	3	4	3
otu6505	4	3	6
otu6506	0	0	0
otu6507	2	0	2
otu6508	5	0	0
otu6509	0	2	0
otu6510	6	0	0
otu6511	0	0	3
otu6512	3	0	0
otu6513	12	0	14
otu6514	13	2	5
otu6515	7	12	4
otu6516	10	0	10
otu6517	0	0	0
otu6518	19	3	4
otu6519	0	7	2
otu6520	0	0	0
otu6521	0	0	0
otu6522	30	0	0
otu6523	0	10	3
otu6524	5	17	8
otu6525	0	5	22
otu6526	2	9	3
otu6527	5	0	0
otu6528	3	8	5
otu6529	2	2	10
otu6530	5	6	4
otu6531	6	3	5
otu6532	28	0	0
otu6533	2	3	6
otu6534	10	9	4
otu6535	3	0	30
otu6536	10	3	13
otu6537	11	6	0
otu6538	3	5	0
otu6539	4	0	0
otu6540	0	0	11
otu6541	1	0	17
otu6542	6	3	5
otu6543	0	3	3
otu6544	22	0	6
otu6545	0	0	5
otu6546	0	13	6
otu6547	0	5	0
otu6548	3	4	9
otu6549	12	5	17
otu6550	0	9	4
otu6551	8	4	9
otu6552	5	0	5
otu6553	5	9	2
otu6554	5	9	9
otu6555	6	6	9
otu6556	21	12	0
otu6557	5	4	0
otu6558	0	0	0
otu6559	16	0	0
otu6560	3	0	0
otu6561	5	8	0
otu6562	12	0	11
otu6563	0	0	22
otu6564	5	13	3
otu6565	4	30	0
otu6566	5	4	4
otu6567	6	0	3
otu6568	8	0	0
otu6569	9	7	15
otu6570	2	0	0
otu6571	22	3	6
otu6572	7	6	7
otu6573	20	0	3
otu6574	2	8	7
otu6575	5	6	3
otu6576	9	3	5
otu6577	18	0	0
otu6578	6	9	8
otu6579	0	6	2
otu6580	11	0	2
otu6581	12	6	0
otu6582	0	0	0
otu6583	12	0	0
otu6584	6	4	12
otu6585	7	0	0
otu6586	0	0	25
otu6587	5	9	0
otu6588	7	0	11
otu6589	13	4	3
otu6590	3	0	6
otu6591	5	2	5
otu6592	0	3	0
otu6593	0	0	14
otu6594	6	3	10
otu6595	3	5	4
otu6596	11	0	3
otu6597	13	4	7
otu6598	2	3	4
otu6599	7	0	2
otu6600	9	8	5
otu6601	2	0	21
otu6602	6	10	0
otu6603	10	5	0
otu6604	0	0	0
otu6605	3	0	0
otu6606	14	0	2
otu6607	0	0	0
otu6608	8	7	5
otu6609	9	4	9
otu6610	0	8	12
otu6611	10	8	7
otu6612	10	7	4
otu6613	0	16	2
otu6614	17	4	0
otu6615	9	8	4
otu6616	10	3	3
otu6617	6	2	4
otu6618	12	0	9
otu6619	9	11	4
otu6620	4	3	5
otu6621	3	4	0
otu6622	0	5	4
otu6623	2	0	6
otu6624	3	3	0
otu6625	11	0	7
otu6626	5	12	0
otu6628	7	0	5
otu6629	0	5	0
otu6630	3	6	8
otu6631	9	5	5
otu6632	4	10	3
otu6633	0	3	11
otu6634	7	14	10
otu6635	12	7	3
otu6636	11	9	2
otu6637	15	4	2
otu6638	3	0	3
otu6639	2	0	4
otu6640	12	7	5
otu6641	7	6	0
otu6642	10	7	0
otu6643	6	2	4
otu6644	8	1	0
otu6645	7	6	8
otu6646	0	0	0
otu6647	9	0	3
otu6648	7	5	3
otu6649	0	0	0
otu6650	0	0	0
otu6651	15	8	5
otu6652	4	7	10
otu6653	9	2	11
otu6654	0	17	11
otu6655	0	0	2
otu6656	4	2	4
otu6658	14	12	2
otu6659	11	5	4
otu6660	0	17	3
otu6661	13	2	0
otu6662	10	0	3
otu6663	12	14	4
otu6664	0	0	0
otu6665	18	3	6
otu6666	6	0	6
otu6667	0	0	0
otu6668	12	10	5
otu6669	10	2	4
otu6670	0	0	0
otu6672	14	0	9
otu6674	9	9	1
otu6675	0	0	12
otu6676	3	0	3
otu6677	9	2	5
otu6678	4	8	5
otu6680	10	3	6
otu6681	7	8	7
otu6682	7	8	0
otu6683	5	0	0
otu6684	20	0	0
otu6685	0	2	5
otu6686	0	23	2
otu6687	4	2	0
otu6688	0	1	0
otu6689	2	3	3
otu6690	4	4	2
otu6691	5	9	0
otu6692	8	7	0
otu6693	10	4	7
otu6694	8	12	3
otu6695	5	4	13
otu6696	16	4	9
otu6697	0	0	0
otu6698	6	9	7
otu6699	4	10	8
otu6700	9	0	7
otu6701	18	13	2
otu6702	6	4	5
otu6703	4	7	3
otu6704	0	0	8
otu6705	10	2	7
otu6706	0	2	13
otu6707	12	3	7
otu6708	2	9	0
otu6709	0	0	0
otu6710	0	0	0
otu6711	3	3	3
otu6712	3	3	3
otu6713	10	6	9
otu6714	9	0	7
otu6715	4	5	3
otu6716	9	6	0
otu6717	6	3	10
otu6718	4	13	4
otu6719	12	0	4
otu6720	0	6	0
otu6721	4	3	0
otu6722	0	0	0
otu6723	16	0	7
otu6724	8	0	0
otu6725	7	4	10
otu6726	0	5	7
otu6727	3	7	6
otu6728	0	11	0
otu6729	9	6	9
otu6730	6	0	5
otu6731	0	13	3
otu6732	3	0	7
otu6733	0	2	0
otu6734	7	9	6
otu6735	6	7	2
otu6736	17	0	4
otu6737	6	10	0
otu6738	12	3	0
otu6739	0	2	14
otu6740	0	0	3
otu6741	6	7	0
otu6742	6	0	9
otu6743	0	4	5
otu6744	4	0	3
otu6745	7	3	10
otu6746	0	9	3
otu6747	6	10	0
otu6748	5	0	6
otu6749	9	4	10
otu6750	0	2	22
otu6751	15	6	4
otu6752	0	9	0
otu6753	10	3	5
otu6754	12	0	7
otu6755	0	8	4
otu6756	7	0	6
otu6757	0	3	0
otu6758	4	5	3
otu6759	3	3	0
otu6760	0	0	0
otu6761	5	2	0
otu6762	15	0	7
otu6763	6	4	8
otu6764	2	6	5
otu6765	0	4	0
otu6766	7	0	5
otu6767	8	6	9
otu6768	6	5	0
otu6769	9	9	2
otu6770	3	7	5
otu6771	6	0	0
otu6772	4	3	0
otu6773	0	11	4
otu6774	6	12	3
otu6775	12	5	0
otu6776	0	0	0
otu6777	14	3	7
otu6778	7	0	0
otu6779	0	5	2
otu6780	0	0	3
otu6781	0	5	0
otu6782	2	7	0
otu6783	4	1	2
otu6784	2	9	0
otu6785	0	4	6
otu6786	4	0	7
otu6787	11	0	3
otu6788	2	7	4
otu6789	3	0	0
otu6790	4	4	5
otu6791	0	0	1
otu6792	10	0	5
otu6793	3	15	5
otu6794	9	0	17
otu6795	10	10	4
otu6796	1	7	4
otu6797	2	11	0
otu6798	2	2	11
otu6799	0	0	1
otu6800	6	10	4
otu6801	6	1	0
otu6802	8	0	0
otu6803	0	0	0
otu6804	0	0	0
otu6805	0	8	0
otu6806	7	6	0
otu6808	0	3	10
otu6809	0	0	20
otu6810	8	11	6
otu6811	15	0	0
otu6812	0	0	0
otu6813	0	0	16
otu6814	9	0	0
otu6815	2	3	2
otu6816	10	11	6
otu6817	11	6	4
otu6818	0	0	3
otu6819	0	3	2
otu6820	0	0	0
otu6821	3	3	0
otu6822	7	4	4
otu6824	4	2	5
otu6825	16	4	4
otu6826	1	0	15
otu6827	0	0	0
otu6828	3	3	0
otu6829	12	0	0
otu6830	0	10	6
otu6831	7	4	3
otu6832	0	4	12
otu6833	0	12	13
otu6834	5	10	0
otu6835	2	2	11
otu6836	6	0	5
otu6837	3	0	21
otu6838	0	5	0
otu6839	5	0	9
otu6840	0	0	10
otu6841	3	4	0
otu6842	10	0	2
otu6843	7	10	8
otu6844	3	8	0
otu6845	0	0	8
otu6846	13	3	9
otu6847	10	0	12
otu6848	0	7	8
otu6849	4	10	0
otu6850	2	0	0
otu6851	0	0	0
otu6852	3	4	11
otu6853	3	0	0
otu6854	6	0	0
otu6855	3	4	3
otu6856	0	0	0
otu6857	0	0	6
otu6858	3	12	10
otu6859	0	2	0
otu6860	13	7	8
otu6861	0	0	0
otu6862	9	0	13
otu6863	16	0	6
otu6864	5	7	8
otu6865	0	0	4
otu6866	5	15	4
otu6867	11	4	5
otu6868	13	0	0
otu6869	7	0	0
otu6870	8	10	0
otu6871	7	0	0
otu6872	6	13	7
otu6873	16	0	6
otu6874	0	3	7
otu6875	6	6	5
otu6876	0	8	0
otu6877	3	0	5
otu6878	8	4	0
otu6879	9	0	3
otu6880	5	0	0
otu6881	0	0	5
otu6882	4	0	0
otu6883	0	0	0
otu6884	4	5	3
otu6885	0	0	0
otu6886	6	4	0
otu6887	11	0	11
otu6888	4	11	4
otu6889	7	9	4
otu6890	11	1	8
otu6891	4	0	0
otu6892	11	3	3
otu6893	3	3	18
otu6894	11	6	4
otu6895	9	0	3
otu6896	11	0	7
otu6897	7	5	2
otu6898	8	10	6
otu6899	2	7	1
otu6900	0	0	0
otu6901	0	7	15
otu6902	6	0	3
otu6903	9	10	2
otu6904	0	23	2
otu6905	3	0	0
otu6906	9	0	0
otu6907	8	12	0
otu6908	0	7	3
otu6909	16	4	2
otu6910	0	0	0
otu6911	0	4	4
otu6912	3	0	0
otu6913	7	4	4
otu6914	0	0	0
otu6915	0	8	3
otu6916	0	6	0
otu6917	0	2	1
otu6918	0	0	0
otu6919	9	7	5
otu6920	0	5	0
otu6921	0	5	6
otu6922	11	7	6
otu6923	10	0	0
otu6924	0	4	0
otu6925	3	0	6
otu6926	0	5	11
otu6927	8	3	3
otu6928	15	3	7
otu6929	6	5	2
otu6930	9	0	3
otu6931	4	0	0
otu6932	4	0	6
otu6933	0	0	19
otu6934	8	9	3
otu6935	0	0	2
otu6936	3	4	2
otu6937	0	0	0
otu6938	12	0	9
otu6939	7	0	2
otu6940	0	4	0
otu6941	3	3	0
otu6942	0	0	3
otu6943	8	0	0
otu6944	2	14	7
otu6945	0	0	0
otu6946	0	11	5
otu6947	3	0	0
otu6948	5	0	4
otu6949	4	11	0
otu6950	12	8	0
otu6951	3	8	0
otu6952	5	0	0
otu6953	5	6	4
otu6954	5	6	2
otu6955	3	0	3
otu6956	2	0	0
otu6957	0	0	0
otu6958	3	0	0
otu6959	0	0	0
otu6960	3	4	0
otu6961	5	0	5
otu6962	3	4	0
otu6963	3	6	5
otu6964	9	2	3
otu6965	14	0	11
otu6966	6	4	0
otu6967	9	6	12
otu6968	0	0	0
otu6969	0	6	3
otu6970	3	2	3
otu6972	3	12	3
otu6973	15	0	4
otu6974	5	3	6
otu6975	9	7	6
otu6976	2	0	0
otu6977	2	14	7
otu6978	9	9	0
otu6979	0	18	5
otu6980	2	5	4
otu6981	2	0	0
otu6982	5	0	4
otu6983	0	2	0
otu6984	3	7	5
otu6985	4	0	0
otu6986	12	0	1
otu6987	4	0	0
otu6988	5	9	3
otu6989	0	5	6
otu6990	10	0	8
otu6991	10	5	0
otu6992	9	0	3
otu6993	10	0	7
otu6994	1	5	0
otu6995	8	0	0
otu6996	0	2	8
otu6997	6	1	7
otu6998	5	5	5
otu6999	13	0	4
otu7000	0	6	1
otu7001	0	4	5
otu7002	4	4	0
otu7003	11	7	2
otu7004	0	0	0
otu7005	3	0	14
otu7006	10	3	7
otu7007	8	8	5
otu7008	11	13	2
otu7009	0	0	3
otu7010	21	2	0
otu7011	0	2	0
otu7012	0	0	0
otu7013	8	0	0
otu7014	0	0	0
otu7015	2	4	0
otu7016	6	4	7
otu7017	4	3	9
otu7018	0	3	5
otu7019	0	2	12
otu7020	0	12	0
otu7021	9	3	12
otu7022	11	5	4
otu7023	7	6	4
otu7024	2	3	4
otu7025	0	6	6
otu7026	6	8	0
otu7027	1	0	2
otu7028	6	3	3
otu7029	9	4	6
otu7030	6	0	3
otu7031	7	7	8
otu7032	10	11	0
otu7033	4	8	0
otu7034	0	3	9
otu7035	4	0	10
otu7036	6	0	0
otu7037	7	0	0
otu7038	13	0	8
otu7039	0	16	5
otu7040	7	4	6
otu7041	0	0	14
otu7042	0	3	1
otu7043	5	0	2
otu7044	2	0	0
otu7045	0	2	3
otu7046	4	4	0
otu7047	3	2	0
otu7048	7	0	8
otu7049	4	8	0
otu7050	3	11	0
otu7051	6	0	6
otu7052	11	3	6
otu7053	9	0	4
otu7054	3	6	4
otu7055	6	7	6
otu7056	0	0	12
otu7057	8	3	0
otu7058	0	3	3
otu7059	2	4	4
otu7060	6	0	8
otu7061	0	0	0
otu7062	9	0	6
otu7064	14	6	0
otu7065	16	0	4
otu7066	10	7	5
otu7067	7	4	0
otu7068	0	0	0
otu7069	0	3	5
otu7070	0	0	0
otu7071	3	7	0
otu7072	0	3	0
otu7073	0	0	5
otu7074	3	0	0
otu7075	5	0	5
otu7076	4	0	3
otu7077	20	0	0
otu7078	0	12	6
otu7079	6	3	11
otu7080	4	10	2
otu7081	0	3	18
otu7082	0	2	0
otu7083	2	0	7
otu7084	6	4	14
otu7085	20	3	4
otu7086	8	1	4
otu7087	13	3	5
otu7088	3	5	6
otu7089	3	0	23
otu7090	2	5	0
otu7091	7	5	4
otu7092	7	12	2
otu7093	0	7	0
otu7094	5	3	0
otu7095	0	3	4
otu7096	0	0	0
otu7097	3	11	5
otu7098	3	4	0
otu7099	1	3	5
otu7100	0	0	5
otu7101	0	14	0
otu7102	12	7	0
otu7103	0	4	11
otu7104	6	5	0
otu7105	8	0	0
otu7106	9	4	6
otu7107	3	3	6
otu7108	6	2	10
otu7109	2	0	0
otu7110	13	0	5
otu7111	9	6	3
otu7112	0	6	10
otu7113	4	12	5
otu7114	5	5	6
otu7115	7	14	0
otu7116	2	0	12
otu7117	5	0	3
otu7118	6	0	7
otu7119	0	2	0
otu7120	7	10	5
otu7121	0	0	13
otu7122	0	0	18
otu7123	8	0	0
otu7124	0	0	0
otu7125	0	0	0
otu7126	7	0	6
otu7127	0	0	0
otu7128	0	0	0
otu7129	0	0	0
otu7130	0	0	0
otu7131	0	0	0
otu7132	3	4	0
otu7133	0	0	3
otu7134	0	12	2
otu7135	6	7	10
otu7136	0	0	3
otu7137	7	5	0
otu7138	0	0	2
otu7139	0	5	9
otu7140	11	2	3
otu7141	7	0	3
otu7142	3	10	5
otu7143	0	0	0
otu7144	5	0	5
otu7145	4	2	4
otu7146	4	5	0
otu7147	0	0	0
otu7148	0	0	0
otu7149	2	7	5
otu7150	8	2	7
otu7151	4	0	2
otu7152	9	0	0
otu7154	9	4	4
otu7155	6	0	4
otu7156	0	0	23
otu7157	0	0	13
otu7158	0	16	0
otu7159	0	0	16
otu7160	8	3	6
otu7161	4	3	4
otu7162	10	0	15
otu7163	3	3	10
otu7164	0	0	5
otu7165	2	0	8
otu7166	4	0	13
otu7167	2	0	0
otu7168	0	0	6
otu7169	8	9	0
otu7170	0	9	0
otu7171	5	0	0
otu7172	0	3	0
otu7173	0	7	14
otu7174	12	6	5
otu7175	6	0	2
otu7176	0	0	7
otu7177	2	12	3
otu7178	3	10	6
otu7179	4	5	0
otu7180	5	2	0
otu7181	9	0	8
otu7182	5	3	7
otu7183	4	3	13
otu7184	10	4	0
otu7185	19	0	0
otu7186	9	6	0
otu7187	3	8	4
otu7188	12	0	5
otu7189	8	0	4
otu7190	6	0	9
otu7192	8	0	5
otu7193	0	0	0
otu7194	0	0	2
otu7195	13	0	4
otu7196	0	0	0
otu7197	0	0	0
otu7198	0	0	0
otu7199	1	0	0
otu7200	0	0	0
otu7201	0	0	0
otu7202	6	10	0
otu7203	0	5	3
otu7204	2	10	5
otu7205	8	14	3
otu7206	6	7	2
otu7207	0	0	0
otu7208	5	7	0
otu7209	4	4	2
otu7210	7	8	5
otu7211	6	3	11
otu7212	4	7	0
otu7213	4	0	7
otu7214	5	7	6
otu7215	0	0	3
otu7216	2	18	1
otu7217	0	4	4
otu7218	3	7	0
otu7219	0	4	10
otu7220	0	2	5
otu7221	0	0	0
otu7222	4	4	0
otu7223	8	6	5
otu7224	3	0	3
otu7225	0	0	0
otu7226	1	9	0
otu7227	0	10	4
otu7228	0	0	0
otu7229	0	2	0
otu7230	7	4	0
otu7231	0	11	0
otu7232	4	5	4
otu7233	9	0	4
otu7234	0	4	6
otu7235	0	0	0
otu7236	7	6	4
otu7237	10	8	0
otu7238	4	0	3
otu7239	5	4	0
otu7240	12	0	4
otu7241	0	12	3
otu7242	9	9	3
otu7243	4	0	2
otu7244	0	4	0
otu7245	5	13	3
otu7246	6	18	0
otu7247	0	0	0
otu7248	6	9	0
otu7249	4	0	0
otu7250	6	0	0
otu7251	4	10	4
otu7252	0	0	0
otu7253	8	0	3
otu7254	5	0	13
otu7255	3	0	9
otu7256	5	0	0
otu7257	0	13	5
otu7258	6	12	0
otu7259	4	0	0
otu7260	0	0	2
otu7261	0	7	0
otu7262	3	6	6
otu7263	0	0	0
otu7264	7	3	3
otu7265	0	0	0
otu7266	0	0	0
otu7267	0	0	0
otu7268	0	0	0
otu7269	0	0	0
otu7271	0	0	0
otu7272	0	0	0
otu7273	0	0	0
otu7274	0	0	0
otu7275	0	0	0
otu7276	0	0	0
otu7277	0	0	5
otu7278	4	12	0
otu7279	0	0	0
otu7280	6	2	0
otu7281	3	4	10
otu7282	2	0	6
otu7283	12	0	0
otu7284	10	0	0
otu7285	4	0	4
otu7286	0	0	0
otu7287	0	8	0
otu7288	0	0	9
otu7289	0	7	3
otu7290	4	0	0
otu7291	6	4	0
otu7292	0	0	6
otu7293	4	0	5
otu7294	3	8	0
otu7295	7	6	8
otu7296	4	0	0
otu7297	9	0	3
otu7298	0	3	4
otu7299	0	0	10
otu7300	0	0	11
otu7301	6	4	3
otu7302	12	0	6
otu7303	8	5	7
otu7304	0	0	11
otu7305	0	0	0
otu7306	4	6	3
otu7307	10	5	0
otu7308	0	0	3
otu7309	10	6	2
otu7310	10	3	6
otu7311	2	0	4
otu7312	6	7	0
otu7313	0	0	3
otu7314	5	0	0
otu7315	0	10	0
otu7316	0	7	0
otu7317	5	5	3
otu7318	5	0	0
otu7319	0	0	3
otu7320	7	0	2
otu7321	9	0	6
otu7322	7	0	0
otu7323	0	0	0
otu7324	10	9	0
otu7326	2	9	0
otu7327	5	3	0
otu7328	0	11	0
otu7329	0	6	3
otu7330	2	0	0
otu7331	0	2	0
otu7332	10	0	0
otu7333	0	0	2
otu7334	8	7	4
otu7335	3	0	8
otu7336	5	5	3
otu7337	0	7	0
otu7338	5	3	3
otu7339	0	13	1
otu7340	6	0	0
otu7341	5	7	0
otu7342	0	3	0
otu7343	0	0	0
otu7344	0	2	0
otu7345	3	0	0
otu7346	0	0	0
otu7347	0	0	0
otu7348	0	0	0
otu7349	0	2	2
otu7350	0	0	0
otu7351	1	4	0
otu7352	5	5	4
otu7353	1	0	3
otu7354	8	3	0
otu7355	13	0	0
otu7356	4	9	0
otu7357	4	0	4
otu7358	5	0	12
otu7359	0	0	5
otu7360	0	9	0
otu7361	0	4	0
otu7362	0	0	5
otu7364	0	0	0
otu7365	0	0	3
otu7366	4	0	0
otu7367	4	1	0
otu7368	9	0	0
otu7369	1	0	6
otu7370	2	6	4
otu7371	2	6	7
otu7372	5	0	0
otu7373	0	5	0
otu7374	7	0	0
otu7375	7	0	4
otu7376	0	5	3
otu7377	6	0	3
otu7378	2	2	6
otu7379	6	11	0
otu7380	0	12	0
otu7381	0	5	4
otu7382	0	3	0
otu7383	3	3	3
otu7384	10	0	0
otu7385	0	7	0
otu7386	0	8	4
otu7387	6	2	4
otu7388	3	0	0
otu7389	2	0	0
otu7390	5	0	2
otu7391	0	5	0
otu7392	0	10	0
otu7393	10	8	4
otu7395	0	4	4
otu7396	4	6	3
otu7397	0	0	0
otu7399	0	0	0
otu7400	0	0	6
otu7401	8	9	0
otu7403	4	8	4
otu7404	9	5	6
otu7405	5	9	3
otu7406	3	2	8
otu7407	2	3	12
otu7408	2	3	2
otu7409	3	6	0
otu7410	0	0	2
otu7411	2	0	10
otu7412	9	4	7
otu7413	5	5	5
otu7414	8	0	5
otu7415	4	0	3
otu7416	4	6	0
otu7417	13	4	0
otu7418	6	0	0
otu7419	4	0	9
otu7420	4	0	0
otu7421	0	0	0
otu7422	6	6	0
otu7423	8	2	0
otu7424	15	0	0
otu7425	4	5	0
otu7426	0	3	3
otu7427	4	0	0
otu7428	0	0	0
otu7429	0	0	0
otu7430	0	0	0
otu7431	0	0	0
otu7432	3	2	0
otu7433	0	0	0
otu7434	2	4	5
otu7435	0	0	0
otu7436	0	0	0
otu7437	3	4	1
otu7438	5	9	4
otu7439	6	4	6
otu7440	0	0	3
otu7441	9	0	2
otu7442	0	9	2
otu7443	2	0	0
otu7444	2	0	0
otu7445	10	0	6
otu7446	0	0	0
otu7447	3	4	0
otu7448	0	0	8
otu7449	11	0	9
otu7451	0	0	12
otu7452	6	10	0
otu7453	3	0	3
otu7454	7	1	6
otu7455	3	2	4
otu7456	0	0	0
otu7457	1	0	0
otu7458	2	0	0
otu7459	1	18	0
otu7460	4	0	4
otu7461	4	5	12
otu7462	4	2	7
otu7463	6	7	0
otu7464	7	0	6
otu7465	5	2	0
otu7466	0	4	0
otu7467	4	0	0
otu7468	0	0	0
otu7469	5	4	9
otu7470	6	0	0
otu7471	10	3	5
otu7473	6	0	0
otu7474	3	0	0
otu7475	4	2	5
otu7476	7	2	0
otu7477	2	5	4
otu7478	0	3	3
otu7479	0	5	0
otu7480	9	0	0
otu7481	6	5	0
otu7482	3	0	4
otu7483	2	2	0
otu7484	0	2	6
otu7485	0	2	0
otu7486	3	8	3
otu7487	3	4	6
otu7488	1	0	0
otu7489	0	0	0
otu7490	0	0	5
otu7491	6	0	5
otu7492	0	0	0
otu7493	0	0	0
otu7494	5	0	0
otu7496	6	4	4
otu7497	7	5	6
otu7498	0	5	2
otu7499	0	0	0
otu7500	8	0	5
otu7501	0	1	3
otu7502	0	0	0
otu7503	0	6	0
otu7504	0	2	0
otu7506	0	0	3
otu7507	4	0	0
otu7508	19	0	0
otu7509	6	7	5
otu7510	7	0	0
otu7511	0	0	0
otu7512	0	4	5
otu7513	4	0	0
otu7514	0	5	16
otu7515	14	0	0
otu7517	0	0	15
otu7518	2	0	0
otu7519	5	10	0
otu7520	0	5	0
otu7521	5	2	0
otu7522	3	3	6
otu7523	3	0	0
otu7524	0	5	3
otu7525	7	0	0
otu7526	5	6	0
otu7527	2	5	3
otu7528	0	4	5
otu7529	7	0	3
otu7530	1	0	8
otu7531	5	5	0
otu7532	0	3	4
otu7533	3	3	6
otu7535	9	6	0
otu7536	0	8	0
otu7537	5	7	0
otu7538	3	9	0
otu7539	5	1	6
otu7540	4	0	0
otu7541	0	3	0
otu7542	0	0	0
otu7544	4	13	0
otu7545	3	9	4
otu7546	14	0	0
otu7547	0	0	0
otu7548	8	0	3
otu7549	7	0	0
otu7550	3	1	8
otu7551	11	3	1
otu7552	4	0	9
otu7553	5	12	0
otu7554	3	7	7
otu7555	5	9	0
otu7556	13	0	0
otu7557	5	0	4
otu7558	10	5	0
otu7559	8	8	0
otu7560	8	7	0
otu7561	2	0	0
otu7562	4	5	0
otu7563	2	11	0
otu7564	0	0	4
otu7565	10	10	0
otu7566	2	4	3
otu7567	2	0	0
otu7568	0	0	2
otu7569	8	4	4
otu7570	0	20	0
otu7571	2	3	0
otu7572	4	0	0
otu7573	8	3	6
otu7574	9	2	0
otu7575	1	0	0
otu7577	2	0	0
otu7578	6	2	0
otu7579	0	0	0
otu7580	0	0	0
otu7581	4	0	0
otu7582	3	0	0
otu7583	5	0	8
otu7585	5	3	4
otu7586	7	4	5
otu7587	8	0	2
otu7588	0	0	12
otu7589	8	0	0
otu7590	2	0	4
otu7591	9	5	3
otu7592	0	0	0
otu7593	0	0	12
otu7594	0	7	0
otu7595	2	0	2
otu7596	0	0	8
otu7597	10	3	2
otu7598	0	7	0
otu7599	0	7	5
otu7601	0	0	0
otu7602	9	4	0
otu7603	0	9	2
otu7604	2	0	2
otu7606	0	0	6
otu7607	0	3	3
otu7608	8	0	0
otu7609	9	0	6
otu7610	7	7	0
otu7611	0	12	2
otu7612	0	0	19
otu7613	13	0	3
otu7614	3	16	0
otu7615	5	7	0
otu7616	6	0	2
otu7617	2	0	0
otu7618	0	11	2
otu7619	0	19	0
otu7620	7	0	4
otu7621	4	0	7
otu7622	0	0	0
otu7623	0	0	0
otu7624	0	6	2
otu7625	0	2	0
otu7626	0	2	4
otu7628	4	3	0
otu7629	0	0	1
otu7630	6	2	0
otu7631	0	13	0
otu7632	0	0	0
otu7633	0	0	0
otu7634	5	0	0
otu7635	0	2	0
otu7636	3	5	4
otu7637	3	4	4
otu7638	8	4	2
otu7639	2	0	4
otu7640	0	3	0
otu7641	0	8	3
otu7642	2	2	7
otu7643	1	13	0
otu7644	0	4	15
otu7645	4	4	5
otu7646	0	0	7
otu7647	3	0	0
otu7648	0	6	8
otu7649	10	0	5
otu7650	1	7	3
otu7651	6	0	0
otu7652	5	0	9
otu7653	8	3	0
otu7654	0	6	4
otu7655	5	4	0
otu7656	0	3	9
otu7657	3	5	6
otu7658	4	3	7
otu7659	5	3	0
otu7660	9	0	6
otu7661	8	3	0
otu7662	5	8	0
otu7663	8	4	0
otu7664	2	0	0
otu7665	0	0	0
otu7666	7	0	0
otu7667	0	0	8
otu7668	4	2	7
otu7669	5	0	0
otu7670	0	0	0
otu7671	4	8	2
otu7672	0	0	0
otu7673	0	0	0
otu7676	2	0	8
otu7678	0	0	2
otu7679	0	0	0
otu7680	0	0	0
otu7681	0	0	0
otu7685	0	0	0
otu7686	5	0	7
otu7687	10	0	0
otu7688	0	7	3
otu7689	0	0	0
otu7690	6	2	6
otu7691	3	0	6
otu7692	6	3	2
otu7693	6	0	0
otu7694	0	0	0
otu7695	2	0	3
otu7696	0	6	6
otu7697	0	0	0
otu7698	0	9	0
otu7699	0	2	0
otu7700	0	0	0
otu7701	5	4	5
otu7702	5	0	5
otu7703	0	0	6
otu7704	0	16	0
otu7705	7	5	2
otu7706	13	0	0
otu7707	0	8	4
otu7709	0	15	0
otu7710	0	0	1
otu7712	6	10	0
otu7713	0	4	0
otu7714	2	7	4
otu7716	18	0	0
otu7717	6	0	0
otu7718	0	11	0
otu7719	0	0	2
otu7720	0	0	3
otu7721	5	0	0
otu7722	4	6	4
otu7723	0	0	0
otu7724	0	4	4
otu7725	4	0	0
otu7726	0	10	0
otu7727	0	0	0
otu7729	2	0	4
otu7730	6	2	6
otu7731	0	4	0
otu7732	2	0	3
otu7733	0	4	10
otu7734	0	11	0
otu7735	0	13	0
otu7739	0	0	0
otu7740	0	0	0
otu7741	2	3	0
otu7742	4	4	6
otu7743	3	3	4
otu7744	0	4	0
otu7745	0	3	2
otu7746	6	0	3
otu7747	0	0	7
otu7748	6	7	3
otu7749	10	2	0
otu7750	2	0	4
otu7752	8	2	2
otu7753	0	0	3
otu7754	5	4	0
otu7755	7	4	3
otu7756	4	5	0
otu7757	5	0	5
otu7758	7	4	4
otu7759	0	2	0
otu7760	8	0	7
otu7761	3	0	0
otu7762	0	0	0
otu7763	3	0	0
otu7764	0	0	0
otu7765	4	6	8
otu7766	0	0	0
otu7769	0	0	0
otu7770	0	0	0
otu7771	0	4	5
otu7772	4	2	0
otu7773	0	0	0
otu7775	0	0	0
otu7776	8	2	3
otu7777	0	0	0
otu7778	0	5	3
otu7780	0	12	0
otu7782	4	0	0
otu7783	0	0	0
otu7784	0	0	0
otu7785	0	6	8
otu7786	3	0	3
otu7787	6	2	3
otu7788	0	0	0
otu7789	0	0	0
otu7790	8	0	6
otu7791	4	0	0
otu7792	0	0	0
otu7793	5	0	0
otu7794	3	6	2
otu7795	5	3	4
otu7796	2	3	2
otu7797	3	3	7
otu7799	3	0	2
otu7800	10	7	0
otu7801	0	0	0
otu7802	0	0	4
otu7803	7	0	4
otu7804	2	0	5
otu7805	13	0	0
otu7806	4	7	0
otu7807	8	4	3
otu7808	3	0	0
otu7809	2	0	4
otu7810	0	0	0
otu7811	0	4	3
otu7812	0	0	4
otu7814	0	1	7
otu7815	0	0	4
otu7816	0	9	0
otu7817	0	6	0
otu7818	6	0	0
otu7819	0	4	7
otu7820	0	0	0
otu7821	14	0	0
otu7822	0	0	0
otu7823	7	0	0
otu7824	7	4	2
otu7825	0	0	0
otu7826	3	5	0
otu7827	4	5	5
otu7830	0	9	0
otu7831	8	2	0
otu7832	0	0	0
otu7833	8	0	1
otu7834	0	0	3
otu7835	0	5	3
otu7836	0	0	6
otu7837	3	2	0
otu7838	2	5	2
otu7839	0	2	0
otu7840	0	7	2
otu7841	4	0	0
otu7842	3	0	0
otu7843	6	2	0
otu7844	11	3	0
otu7845	5	4	6
otu7846	3	2	4
otu7847	4	4	0
otu7848	6	0	6
otu7849	3	9	0
otu7850	7	0	6
otu7851	3	6	0
otu7852	3	0	2
otu7853	0	3	0
otu7854	7	0	3
otu7855	8	0	3
otu7856	6	0	5
otu7857	6	2	3
otu7858	0	0	5
otu7859	0	0	0
otu7861	2	0	0
otu7862	0	0	0
otu7863	0	0	0
otu7864	0	0	0
otu7865	0	7	0
otu7866	0	0	0
otu7867	0	0	0
otu7868	0	0	0
otu7869	3	0	0
otu7870	0	0	0
otu7872	0	0	0
otu7873	0	0	0
otu7874	0	0	0
otu7875	0	5	4
otu7876	5	0	0
otu7877	0	0	0
otu7878	0	0	0
otu7879	4	3	0
otu7880	2	0	0
otu7881	0	2	6
otu7882	6	3	4
otu7883	0	0	0
otu7884	4	0	13
otu7885	0	0	0
otu7886	8	0	0
otu7887	0	2	0
otu7889	4	4	0
otu7891	2	0	5
otu7892	5	0	4
otu7893	11	0	0
otu7894	0	0	0
otu7895	4	5	4
otu7897	0	5	2
otu7898	0	0	4
otu7899	0	5	6
otu7900	8	0	6
otu7901	0	0	0
otu7903	3	0	5
otu7904	3	4	2
otu7905	0	0	7
otu7906	3	4	0
otu7907	0	0	2
otu7908	3	0	0
otu7909	0	3	0
otu7910	5	3	5
otu7911	0	0	0
otu7912	9	7	0
otu7913	0	0	4
otu7915	0	6	0
otu7916	0	0	6
otu7917	5	0	2
otu7918	5	2	0
otu7919	7	0	5
otu7920	0	0	5
otu7921	4	4	3
otu7922	9	3	4
otu7923	5	0	5
otu7926	0	1	9
otu7927	0	0	0
otu7928	8	5	3
otu7929	3	1	8
otu7930	2	0	4
otu7931	3	7	3
otu7933	3	0	0
otu7934	0	6	0
otu7935	5	0	0
otu7936	0	0	0
otu7937	0	0	16
otu7938	3	0	4
otu7939	4	0	0
otu7941	3	9	0
otu7942	0	0	2
otu7943	10	6	0
otu7944	0	0	8
otu7946	2	0	0
otu7947	0	7	0
otu7949	6	0	6
otu7950	4	3	0
otu7952	0	6	0
otu7953	3	4	0
otu7954	2	0	6
otu7955	5	5	0
otu7956	0	4	3
otu7957	3	7	4
otu7958	8	4	0
otu7959	4	0	5
otu7960	6	0	3
otu7961	4	3	8
otu7962	5	0	0
otu7963	0	7	7
otu7964	3	7	4
otu7965	4	0	0
otu7966	6	3	5
otu7967	5	4	0
otu7969	0	4	6
otu7971	0	12	0
otu7972	2	0	8
otu7973	3	0	0
otu7974	6	0	0
otu7975	3	3	6
otu7976	0	11	0
otu7977	0	3	9
otu7978	0	8	0
otu7979	11	0	0
otu7980	6	0	0
otu7981	3	13	0
otu7982	2	0	12
otu7984	0	0	0
otu7985	0	0	0
otu7986	0	0	0
otu7987	0	3	0
otu7988	0	0	0
otu7989	0	0	0
otu7991	0	0	5
otu7992	4	0	0
otu7993	0	0	0
otu7994	0	0	0
otu7995	2	0	4
otu7997	3	0	0
otu7998	0	0	0
otu7999	6	3	5
otu8000	0	16	0
otu8002	0	0	0
otu8003	0	5	2
otu8004	0	2	0
otu8005	2	0	0
otu8006	4	0	4
otu8007	10	4	0
otu8009	0	0	6
otu8010	3	3	0
otu8011	5	11	0
otu8012	0	0	3
otu8013	0	0	0
otu8014	7	2	0
otu8017	5	4	0
otu8018	3	0	0
otu8019	7	0	2
otu8020	0	0	0
otu8021	3	4	0
otu8022	3	0	3
otu8023	4	5	0
otu8024	4	5	0
otu8025	0	16	0
otu8026	0	0	0
otu8028	3	9	0
otu8029	6	0	6
otu8030	3	3	2
otu8031	4	7	3
otu8032	9	6	0
otu8033	9	0	3
otu8034	8	0	0
otu8035	0	3	2
otu8036	4	0	6
otu8037	0	2	3
otu8038	0	4	3
otu8039	0	12	0
otu8040	4	11	0
otu8041	6	0	3
otu8042	3	9	0
otu8043	4	9	2
otu8044	2	4	1
otu8045	0	2	0
otu8046	0	0	2
otu8047	5	2	0
otu8048	5	6	4
otu8051	0	0	5
otu8052	0	15	0
otu8054	0	7	0
otu8055	5	0	0
otu8056	0	0	0
otu8057	0	0	0
otu8058	0	0	5
otu8059	6	0	0
otu8060	0	11	0
otu8061	4	2	0
otu8062	0	3	0
otu8063	9	0	3
otu8064	3	0	1
otu8065	0	7	3
otu8066	5	5	0
otu8067	2	3	0
otu8069	8	0	4
otu8070	0	6	5
otu8071	5	0	2
otu8072	1	0	5
otu8073	9	0	6
otu8074	0	2	0
otu8075	0	0	0
otu8076	2	2	6
otu8077	3	0	4
otu8078	8	2	0
otu8079	3	2	3
otu8081	4	1	0
otu8082	5	10	0
otu8084	0	3	4
otu8085	2	3	3
otu8086	0	10	0
otu8087	3	7	3
otu8088	0	5	0
otu8089	2	3	3
otu8090	4	2	0
otu8091	0	0	0
otu8092	3	3	1
otu8093	0	3	4
otu8094	0	0	0
otu8095	0	7	0
otu8097	3	0	0
otu8098	0	0	0
otu8100	0	0	0
otu8101	0	0	0
otu8102	0	0	0
otu8103	6	0	0
otu8104	0	0	2
otu8106	3	0	0
otu8108	0	0	0
otu8109	3	0	0
otu8110	5	6	2
otu8111	0	0	4
otu8112	0	0	9
otu8113	0	2	0
otu8114	0	0	8
otu8115	0	0	5
otu8120	0	2	3
otu8121	0	0	0
otu8122	5	4	0
otu8123	4	0	8
otu8124	4	4	7
otu8125	5	4	3
otu8126	0	0	0
otu8127	0	0	0
otu8128	10	0	0
otu8129	0	6	0
otu8130	4	0	0
otu8132	0	0	3
otu8135	0	2	10
otu8136	0	0	0
otu8137	3	0	0
otu8138	0	2	6
otu8139	6	5	3
otu8140	3	0	0
otu8141	5	3	3
otu8142	6	0	2
otu8143	0	0	3
otu8144	3	0	0
otu8145	4	3	0
otu8146	3	0	0
otu8147	0	0	5
otu8148	0	6	0
otu8149	1	0	5
otu8150	3	8	0
otu8152	0	4	6
otu8153	0	0	0
otu8154	3	5	0
otu8155	0	6	3
otu8156	3	5	0
otu8157	9	5	0
otu8158	2	2	0
otu8159	6	0	5
otu8160	0	2	8
otu8161	8	0	3
otu8162	3	0	5
otu8163	4	0	0
otu8165	0	3	4
otu8166	4	0	8
otu8167	5	3	0
otu8169	6	8	0
otu8170	0	0	4
otu8171	0	0	4
otu8173	0	5	0
otu8174	4	0	0
otu8175	9	0	5
otu8176	0	0	0
otu8177	0	0	0
otu8178	0	0	0
otu8179	3	4	0
otu8180	3	0	0
otu8182	4	3	0
otu8184	3	3	0
otu8185	4	4	0
otu8186	0	6	0
otu8187	0	5	2
otu8188	0	3	0
otu8189	0	0	0
otu8192	0	0	3
otu8193	3	4	0
otu8194	0	0	5
otu8195	0	0	0
otu8196	0	7	0
otu8197	4	3	5
otu8198	0	0	0
otu8199	3	0	0
otu8200	3	0	3
otu8201	0	5	0
otu8202	0	0	0
otu8203	2	2	2
otu8204	0	9	0
otu8205	0	0	0
otu8206	0	5	8
otu8207	3	6	5
otu8208	0	6	0
otu8209	7	3	1
otu8210	0	4	0
otu8211	10	4	0
otu8212	4	0	0
otu8213	0	0	0
otu8214	0	0	3
otu8215	10	0	0
otu8216	0	0	6
otu8217	6	0	0
otu8219	3	4	2
otu8220	11	0	0
otu8221	6	2	0
otu8222	6	5	0
otu8223	4	0	0
otu8224	0	0	0
otu8225	3	0	4
otu8226	4	0	10
otu8227	5	0	3
otu8228	7	0	0
otu8230	5	0	0
otu8231	0	0	0
otu8232	3	11	0
otu8233	0	3	0
otu8234	0	0	0
otu8235	0	0	0
otu8237	0	0	0
otu8238	0	0	0
otu8239	3	0	0
otu8241	0	0	0
otu8243	0	0	0
otu8244	0	0	0
otu8245	0	0	0
otu8246	0	0	0
otu8247	0	0	0
otu8248	0	5	0
otu8249	6	8	0
otu8250	0	0	0
otu8251	0	0	0
otu8252	0	0	6
otu8253	3	2	0
otu8254	8	0	0
otu8255	4	0	5
otu8256	8	2	2
otu8257	0	0	0
otu8258	0	6	0
otu8259	0	0	5
otu8260	0	0	11
otu8261	0	0	10
otu8262	3	2	5
otu8263	0	0	4
otu8264	2	6	0
otu8265	0	0	0
otu8266	0	0	0
otu8268	0	0	0
otu8269	5	0	5
otu8271	2	0	9
otu8272	0	0	0
otu8273	3	8	0
otu8274	0	0	0
otu8275	2	0	0
otu8276	0	0	0
otu8277	0	5	6
otu8278	0	0	3
otu8279	0	7	0
otu8280	2	3	7
otu8281	3	7	0
otu8282	6	0	3
otu8284	0	0	0
otu8285	0	0	0
otu8286	10	0	0
otu8287	7	0	0
otu8288	3	3	8
otu8289	0	6	6
otu8291	6	2	0
otu8292	5	0	4
otu8293	0	0	0
otu8294	0	0	0
otu8295	0	3	0
otu8296	5	0	0
otu8298	5	0	0
otu8299	0	4	5
otu8300	5	2	4
otu8301	0	5	6
otu8302	3	7	0
otu8303	2	5	4
otu8304	2	0	0
otu8305	2	3	0
otu8306	5	4	4
otu8307	5	0	0
otu8308	0	0	0
otu8309	0	5	4
otu8310	0	0	0
otu8311	2	0	0
otu8312	0	4	0
otu8313	4	0	0
otu8314	0	4	5
otu8315	4	0	5
otu8319	0	0	5
otu8321	6	3	0
otu8323	0	0	0
otu8325	5	0	4
otu8326	2	0	0
otu8328	0	9	0
otu8329	0	3	4
otu8330	6	4	0
otu8331	0	11	0
otu8332	0	5	6
otu8334	0	3	0
otu8335	2	0	6
otu8337	7	0	0
otu8338	9	0	3
otu8339	3	7	3
otu8340	0	0	5
otu8341	0	5	0
otu8342	0	0	9
otu8343	5	5	0
otu8344	0	4	0
otu8345	7	6	0
otu8346	3	4	0
otu8347	9	4	0
otu8348	2	0	7
otu8349	3	0	5
otu8350	0	0	0
otu8351	9	4	0
otu8352	4	5	0
otu8353	3	0	0
otu8354	0	0	5
otu8355	4	0	2
otu8356	0	6	4
otu8357	11	0	0
otu8359	8	0	0
otu8360	0	0	6
otu8362	1	2	6
otu8363	4	0	0
otu8364	0	0	6
otu8365	0	0	10
otu8366	0	2	3
otu8367	3	7	3
otu8368	13	0	0
otu8370	0	2	0
otu8371	6	0	0
otu8372	6	2	0
otu8374	0	11	0
otu8375	11	0	0
otu8376	0	7	0
otu8377	0	6	5
otu8378	3	0	0
otu8380	0	0	13
otu8381	3	0	5
otu8382	4	9	0
otu8383	3	8	0
otu8384	0	0	0
otu8385	4	0	3
otu8387	6	2	0
otu8389	4	2	0
otu8393	0	0	0
otu8394	8	0	5
otu8396	0	0	0
otu8397	0	6	0
otu8398	0	0	0
otu8399	0	6	0
otu8400	0	0	0
otu8403	2	0	0
otu8404	0	0	0
otu8405	5	4	0
otu8406	0	6	4
otu8407	0	0	0
otu8410	8	5	0
otu8411	5	6	0
otu8412	0	0	7
otu8413	3	0	5
otu8414	0	0	0
otu8415	8	0	5
otu8416	0	0	5
otu8417	3	3	7
otu8418	0	0	0
otu8420	3	10	0
otu8421	0	6	2
otu8422	0	0	4
otu8423	0	4	4
otu8424	5	0	0
otu8425	5	0	0
otu8426	4	1	0
otu8427	3	3	0
otu8428	6	7	0
otu8431	0	0	3
otu8432	0	0	4
otu8434	0	0	3
otu8435	3	5	0
otu8437	4	0	0
otu8438	3	0	2
otu8440	6	0	0
otu8441	0	13	0
otu8444	7	0	0
otu8446	0	0	0
otu8447	0	0	0
otu8448	2	3	0
otu8449	3	0	0
otu8451	0	0	0
otu8452	6	0	0
otu8453	5	4	3
otu8455	0	10	0
otu8456	0	0	7
otu8457	0	0	0
otu8458	3	7	0
otu8459	3	0	2
otu8461	0	3	0
otu8464	0	4	0
otu8465	0	0	0
otu8466	2	0	1
otu8467	0	8	4
otu8469	0	4	0
otu8470	6	4	0
otu8471	0	5	0
otu8472	0	0	0
otu8473	0	3	2
otu8474	0	0	12
otu8475	0	0	0
otu8476	0	2	2
otu8480	0	3	5
otu8481	4	0	0
otu8482	0	4	3
otu8484	0	0	0
otu8485	0	3	5
otu8487	0	12	0
otu8488	3	0	0
otu8489	3	0	0
otu8490	0	0	0
otu8491	5	0	0
otu8494	0	9	3
otu8495	3	3	0
otu8496	0	1	4
otu8497	4	5	3
otu8498	1	4	2
otu8499	0	2	5
otu8500	6	3	0
otu8501	0	0	0
otu8502	0	5	0
otu8503	0	7	5
otu8504	5	2	0
otu8505	0	3	4
otu8506	4	0	8
otu8508	3	0	0
otu8509	3	0	6
otu8510	3	4	0
otu8511	6	6	0
otu8512	0	2	3
otu8513	0	3	0
otu8514	0	10	2
otu8515	6	3	3
otu8516	4	0	0
otu8517	2	0	2
otu8518	0	0	0
otu8519	0	4	0
otu8520	0	6	0
otu8522	9	0	3
otu8523	4	4	0
otu8524	0	0	0
otu8527	7	2	3
otu8528	0	5	0
otu8529	0	8	4
otu8530	0	4	0
otu8531	0	7	5
otu8532	9	0	0
otu8533	0	0	0
otu8535	4	5	0
otu8536	6	0	6
otu8537	4	5	3
otu8538	0	0	0
otu8539	3	0	4
otu8540	6	0	6
otu8543	0	0	8
otu8544	4	8	0
otu8545	0	0	0
otu8546	3	0	3
otu8548	5	0	0
otu8549	2	0	0
otu8550	0	0	0
otu8551	0	0	0
otu8552	0	0	0
otu8553	0	0	0
otu8555	0	7	0
otu8556	0	0	0
otu8557	3	0	7
otu8558	6	0	0
otu8559	3	0	5
otu8560	0	0	0
otu8561	6	0	5
otu8562	0	8	4
otu8563	3	3	3
otu8564	0	0	0
otu8565	0	0	4
otu8566	0	0	0
otu8569	0	0	0
otu8572	4	0	7
otu8574	0	7	0
otu8575	4	3	4
otu8576	0	0	4
otu8578	5	0	0
otu8579	0	7	0
otu8580	4	5	0
otu8581	0	0	5
otu8583	0	0	0
otu8584	3	0	2
otu8585	8	3	0
otu8586	6	4	2
otu8587	2	4	0
otu8588	2	5	0
otu8589	2	0	5
otu8590	0	1	0
otu8592	0	0	0
otu8594	0	12	0
otu8595	4	3	0
otu8596	6	3	0
otu8597	0	0	0
otu8598	0	3	0
otu8599	0	0	8
otu8600	1	0	0
otu8601	6	0	0
otu8602	0	0	0
otu8604	0	0	5
otu8607	0	2	0
otu8608	2	0	8
otu8609	3	0	3
otu8610	0	5	6
otu8614	0	4	2
otu8615	6	0	2
otu8618	0	3	4
otu8620	0	0	6
otu8621	0	8	0
otu8623	8	0	3
otu8625	2	9	0
otu8627	0	0	0
otu8628	0	5	6
otu8630	0	0	8
otu8632	4	0	3
otu8633	0	8	0
otu8634	0	3	8
otu8635	0	0	4
otu8638	3	0	4
otu8639	0	0	0
otu8640	0	0	0
otu8641	0	0	3
otu8642	3	8	0
otu8643	0	6	0
otu8644	0	0	3
otu8645	0	6	1
otu8646	0	0	0
otu8649	0	3	0
otu8650	0	7	2
otu8651	4	0	0
otu8652	0	8	0
otu8653	0	2	0
otu8654	0	7	4
otu8656	0	0	0
otu8657	0	0	7
otu8659	0	6	2
otu8660	0	4	0
otu8661	3	0	8
otu8662	0	0	9
otu8665	3	0	3
otu8667	0	0	0
otu8668	0	7	0
otu8670	0	0	0
otu8671	8	3	0
otu8673	7	0	0
otu8674	0	3	4
otu8675	2	2	3
otu8676	3	0	0
otu8677	0	2	9
otu8678	0	0	2
otu8679	0	6	0
otu8680	0	4	4
otu8681	0	0	2
otu8682	0	6	0
otu8683	7	0	0
otu8686	0	0	0
otu8687	2	4	0
otu8688	4	0	7
otu8690	4	2	0
otu8692	3	0	0
otu8694	3	4	0
otu8695	0	0	0
otu8696	11	0	0
otu8697	0	8	0
otu8699	3	6	2
otu8701	0	5	0
otu8703	6	0	0
otu8704	3	0	3
otu8705	5	3	0
otu8709	0	0	0
otu8710	5	0	3
otu8711	0	0	0
otu8712	2	0	0
otu8715	0	0	0
otu8717	0	6	0
otu8718	6	5	0
otu8721	0	0	0
otu8724	4	0	0
otu8726	0	0	4
otu8727	0	0	4
otu8729	3	6	0
otu8730	0	0	11
otu8731	3	0	2
otu8732	4	0	0
otu8735	4	5	0
otu8737	1	7	0
otu8739	0	0	0
otu8740	6	0	0
otu8741	5	0	0
otu8742	3	4	0
otu8743	0	11	0
otu8744	0	1	2
otu8745	0	0	0
otu8746	0	0	0
otu8747	3	0	0
otu8748	1	4	4
otu8750	4	0	5
otu8751	0	8	0
otu8752	0	0	0
otu8753	0	0	9
otu8754	0	0	0
otu8755	0	2	0
otu8758	6	0	0
otu8761	4	0	2
otu8762	4	5	0
otu8763	0	6	5
otu8764	0	6	0
otu8765	0	0	0
otu8766	3	0	0
otu8767	0	0	5
otu8769	0	0	0
otu8771	6	0	0
otu8773	0	0	0
otu8774	4	5	0
otu8775	7	0	0
otu8776	3	2	3
otu8779	0	0	0
otu8782	5	3	2
otu8783	0	0	4
otu8784	0	6	4
otu8785	5	0	0
otu8786	0	0	3
otu8787	0	0	4
otu8790	0	0	4
otu8793	0	6	4
otu8794	0	0	3
otu8795	0	2	0
otu8796	0	0	3
otu8797	2	5	0
otu8798	4	0	0
otu8799	3	2	5
otu8801	3	5	2
otu8803	4	0	0
otu8804	0	0	0
otu8806	3	4	0
otu8807	4	0	0
otu8809	0	0	0
otu8810	0	2	4
otu8812	0	3	0
otu8813	6	3	0
otu8817	4	0	0
otu8819	0	0	4
otu8822	4	0	0
otu8823	0	6	0
otu8826	4	0	3
otu8827	6	0	0
otu8828	0	7	0
otu8829	0	0	7
otu8830	5	0	0
otu8833	0	7	0
otu8836	3	3	0
otu8842	5	1	0
otu8844	7	0	3
otu8845	5	0	3
otu8847	3	3	4
otu8848	10	0	0
otu8849	0	7	0
otu8851	0	8	0
otu8852	3	0	0
otu8854	0	0	0
otu8858	2	3	5
otu8859	0	4	0
otu8861	4	0	0
otu8862	4	2	4
otu8863	4	0	0
otu8865	0	0	0
otu8867	5	0	0
otu8868	3	7	0
otu8870	0	6	0
otu8873	2	3	2
otu8875	4	4	2
otu8876	4	6	0
otu8877	3	7	0
otu8878	6	0	0
otu8879	6	0	4
otu8880	3	5	0
otu8881	5	0	0
otu8882	3	0	5
otu8883	3	6	0
otu8884	0	0	0
otu8885	6	0	4
otu8886	0	0	0
otu8887	5	0	2
otu8888	0	8	0
otu8889	0	0	7
otu8890	3	0	3
otu8891	0	4	0
otu8894	0	0	0
otu8896	7	0	0
otu8898	0	0	0
otu8899	0	0	0
otu8900	0	0	0
otu8901	0	0	4
otu8903	0	0	0
otu8904	0	0	0
otu8905	0	2	0
otu8909	0	0	0
otu8910	0	2	0
otu8911	3	0	0
otu8912	2	0	0
otu8913	2	0	3
otu8915	0	0	3
otu8916	0	0	0
otu8918	0	0	3
otu8919	0	0	0
otu8921	0	0	0
otu8924	4	0	0
otu8926	0	0	6
otu8928	2	4	4
otu8930	4	0	6
otu8931	5	4	1
otu8933	2	0	2
otu8934	0	2	0
otu8937	4	6	0
otu8939	8	0	0
otu8943	10	0	0
otu8945	0	0	0
otu8946	3	0	4
otu8947	0	0	6
otu8951	0	0	5
otu8952	4	0	3
otu8953	0	0	2
otu8954	0	0	0
otu8956	0	8	0
otu8957	6	0	4
otu8959	4	0	6
otu8962	0	7	0
otu8963	0	1	0
otu8964	0	0	0
otu8966	0	4	0
otu8967	4	0	3
otu8968	0	5	2
otu8969	0	0	0
otu8970	0	0	0
otu8971	0	0	0
otu8972	4	0	3
otu8974	0	3	5
otu8976	0	0	0
otu8977	5	0	0
otu8978	5	0	0
otu8981	0	0	0
otu8982	0	3	3
otu8984	0	7	0
otu8985	2	2	3
otu8986	2	5	0
otu8987	0	0	0
otu8988	5	4	1
otu8994	6	0	3
otu8996	5	0	1
otu8997	0	0	3
otu8998	4	0	0
otu9000	0	0	4
otu9001	4	5	0
otu9002	0	0	0
otu9003	4	0	3
otu9004	0	3	4
otu9005	6	0	3
otu9008	0	0	6
otu9009	0	9	0
otu9010	3	3	0
otu9012	6	0	0
otu9013	4	3	0
otu9014	9	0	0
otu9015	4	5	0
otu9016	0	0	0
otu9018	0	0	0
otu9019	0	6	0
otu9022	2	0	0
otu9025	5	0	2
otu9029	0	2	4
otu9032	0	0	0
otu9035	0	4	5
otu9036	0	0	0
otu9038	0	6	0
otu9042	0	0	6
otu9043	0	9	0
otu9044	0	0	7
otu9045	7	0	0
otu9046	5	0	4
otu9048	0	0	0
otu9049	4	0	0
otu9052	1	2	0
otu9054	0	4	5
otu9057	4	0	5
otu9058	2	0	5
otu9059	6	0	0
otu9060	3	0	0
otu9061	7	0	0
otu9062	0	3	3
otu9063	3	2	3
otu9065	7	2	0
otu9069	4	2	3
otu9071	2	5	0
otu9072	5	0	0
otu9073	0	0	0
otu9074	3	0	3
otu9075	0	2	0
otu9076	3	0	0
otu9077	0	0	0
otu9078	0	9	0
otu9079	4	2	0
otu9081	3	4	0
otu9082	0	5	2
otu9084	0	0	0
otu9085	5	0	4
otu9086	3	0	2
otu9087	0	4	0
otu9092	0	0	0
otu9093	0	6	0
otu9094	2	0	4
otu9104	0	0	3
otu9106	3	0	2
otu9107	0	0	0
otu9108	0	3	0
otu9109	0	0	0
otu9110	0	0	0
otu9114	0	0	9
otu9117	2	0	7
otu9118	3	3	0
otu9120	0	0	3
otu9121	0	0	0
otu9126	3	0	4
otu9127	3	0	3
otu9130	0	0	2
otu9131	0	0	6
otu9133	0	0	0
otu9134	0	0	0
otu9135	0	6	0
otu9136	0	0	0
otu9137	3	6	0
otu9140	0	0	0
otu9142	0	9	0
otu9143	0	0	0
otu9144	4	3	2
otu9145	0	9	0
otu9148	0	0	0
otu9149	0	0	0
otu9150	0	0	0
otu9154	3	0	0
otu9156	0	0	0
otu9159	0	3	0
otu9160	0	0	0
otu9161	0	3	4
otu9163	0	5	4
otu9165	2	0	2
otu9166	4	0	0
otu9168	0	0	5
otu9169	0	5	2
otu9172	0	0	0
otu9173	2	3	0
otu9174	0	0	0
otu9177	0	7	2
otu9178	2	2	0
otu9179	0	0	5
otu9181	0	0	8
otu9186	0	5	0
otu9187	0	5	3
otu9189	8	0	0
otu9191	0	5	3
otu9192	4	0	0
otu9197	0	3	3
otu9198	0	8	0
otu9200	0	0	0
otu9201	0	5	0
otu9204	3	0	0
otu9205	0	0	0
otu9209	0	8	0
otu9211	3	5	0
otu9212	0	3	0
otu9213	3	3	0
otu9216	0	5	3
otu9217	0	0	0
otu9219	0	3	0
otu9224	0	8	0
otu9227	0	3	3
otu9228	4	4	0
otu9230	0	0	0
otu9231	0	0	8
otu9232	0	6	2
otu9235	0	3	0
otu9236	0	0	0
otu9241	0	0	0
otu9243	0	0	0
otu9244	0	4	4
otu9245	4	0	4
otu9249	0	3	0
otu9253	1	3	2
otu9254	2	0	0
otu9255	3	0	5
otu9256	0	4	0
otu9259	0	0	0
otu9260	0	5	3
otu9262	0	0	0
otu9265	0	0	0
otu9266	3	0	0
otu9268	2	0	4
otu9271	0	8	0
otu9273	0	0	4
otu9275	5	0	0
otu9276	4	2	0
otu9277	2	0	6
otu9278	6	0	2
otu9279	6	0	2
otu9280	2	5	0
otu9282	6	2	0
otu9283	0	0	2
otu9284	0	2	2
otu9285	2	6	0
otu9287	6	2	0
otu9289	2	6	0
otu9291	2	2	0
otu9293	0	3	0
otu9295	0	8	0
otu9296	2	0	0
otu9297	0	5	0
otu9300	0	3	0
otu9302	0	3	5
otu9303	5	0	3
otu9307	0	3	5
otu9309	3	5	0
otu9310	1	2	5
otu9312	0	4	0
otu9313	4	0	4
otu9316	2	3	0
otu9320	0	8	0
otu9322	0	2	6
otu9328	8	0	0
otu9330	6	0	0
otu9331	0	0	0
otu9338	0	0	8
otu9339	0	4	0
otu9340	0	0	0
otu9346	0	0	0
otu9347	0	0	0
otu9352	0	0	0
otu9357	0	0	0
otu9359	0	0	8
otu9360	0	3	0
otu9361	0	0	0
otu9363	0	0	3
otu9364	0	0	0
otu9366	2	2	0
otu9367	0	0	0
otu9369	0	0	0
otu9370	0	0	0
otu9371	4	4	0
otu9372	6	0	2
otu9373	3	0	3
otu9374	0	4	0
otu9375	0	0	0
otu9376	4	0	0
otu9380	4	4	0
otu9381	0	0	0
otu9386	0	4	4
otu9387	0	6	0
otu9388	0	6	0
otu9390	6	0	0
otu9391	2	0	6
otu9392	0	3	3
otu9393	0	2	2
otu9400	0	0	0
otu9406	0	0	0
otu9409	0	5	0
otu9413	3	0	3
otu9414	0	0	3
otu9415	3	5	0
otu9416	0	8	0
otu9417	7	0	0
otu9418	7	0	0
otu9419	0	0	0
otu9420	0	0	0
otu9421	7	0	0
otu9424	0	0	0
otu9426	0	0	0
otu9428	4	1	0
otu9429	0	7	0
otu9430	2	0	5
otu9431	0	0	0
otu9432	4	0	3
otu9433	0	3	0
otu9435	2	5	0
otu9436	0	2	5
otu9438	7	0	0
otu9440	1	0	4
otu9444	2	3	0
otu9445	0	0	2
otu9448	2	0	5
otu9449	0	7	0
otu9453	0	5	2
otu9455	0	3	4
otu9456	0	4	3
otu9457	0	7	0
otu9462	0	7	0
otu9464	0	0	0
otu9468	0	0	7
otu9470	3	0	4
otu9471	7	0	0
otu9473	0	0	0
otu9475	0	0	0
otu9483	4	0	0
otu9484	7	0	0
otu9485	0	3	0
otu9486	0	3	0
otu9489	3	0	4
otu9493	0	4	0
otu9496	7	0	0
otu9503	0	1	4
otu9505	0	5	0
otu9510	7	0	0
otu9511	0	0	7
otu9519	0	0	0
otu9520	0	0	0
otu9523	0	0	0
otu9525	0	0	0
otu9527	0	4	0
otu9528	0	0	3
otu9529	0	7	0
otu9531	0	0	4
otu9532	0	7	0
otu9533	7	0	0
otu9534	5	2	0
otu9535	0	0	0
otu9540	0	0	0
otu9541	7	0	0
otu9547	0	7	0
otu9549	5	0	2
otu9550	2	0	0
otu9551	3	0	4
otu9552	0	2	5
otu9553	0	4	0
otu9554	0	0	7
otu9555	4	0	0
otu9556	0	3	0
otu9560	0	7	0
otu9561	3	0	0
otu9562	4	0	0
otu9563	2	4	0
otu9567	0	7	0
otu9569	0	0	0
otu9572	1	0	0
otu9573	7	0	0
otu9580	0	0	0
otu9584	3	0	4
otu9585	0	0	0
otu9586	0	0	0
otu9587	0	2	2
otu9588	0	3	0
otu9589	0	0	0
otu9590	4	0	3
otu9591	0	0	7
otu9592	0	0	2
otu9599	0	0	0
otu9601	0	0	2
otu9603	1	0	0
otu9608	7	0	0
otu9610	0	0	0
otu9612	0	0	0
otu9618	0	0	5
otu9621	0	0	0
otu9624	0	7	0
otu9629	3	0	0
otu9630	6	0	0
otu9631	0	0	0
otu9636	0	0	0
otu9638	0	0	2
otu9640	4	0	3
otu9642	2	0	0
otu9644	4	0	3
otu9646	4	3	0
otu9653	7	0	0
otu9655	0	0	7
otu9656	0	4	3
otu9661	7	0	0
otu9663	0	7	0
otu9664	3	0	4
otu9666	0	7	0
otu9667	5	2	0
otu9671	0	0	3
otu9672	4	0	3
otu9673	6	0	1
otu9674	7	0	0
otu9675	3	0	4
otu9678	0	0	7
otu9688	3	0	0
otu9691	0	0	0
otu9692	0	0	7
otu9693	3	0	0
otu9694	4	3	0
otu9695	0	7	0
otu9696	7	0	0
otu9697	4	3	0
otu9700	3	4	0
otu9705	2	3	0
otu9707	0	3	0
otu9708	0	7	0
otu9709	0	0	2
otu9710	0	0	7
otu9713	3	0	3
otu9714	3	0	0
otu9716	4	0	0
otu9719	0	0	7
otu9721	0	3	0
otu9722	0	7	0
otu9723	0	2	0
otu9725	0	0	0
otu9730	3	0	0
otu9731	0	4	0
otu9732	2	0	5
otu9734	0	3	3
otu9740	0	6	0
otu9743	0	0	0
otu9745	0	0	3
otu9746	3	3	0
otu9751	0	0	1
otu9755	0	0	0
otu9756	0	0	0
otu9757	0	0	0
otu9758	0	0	0
otu9763	6	0	0
otu9764	4	2	0
otu9770	0	0	0
otu9771	6	0	0
otu9772	0	0	0
otu9773	0	0	0
otu9774	0	0	6
otu9775	3	3	0
otu9777	0	6	0
otu9778	0	0	0
otu9779	3	3	0
otu9780	2	0	0
otu9781	0	3	0
otu9784	0	0	0
otu9787	0	1	0
otu9789	0	4	2
otu9790	0	0	0
otu9791	0	0	6
otu9792	6	0	0
otu9794	2	4	0
otu9795	3	3	0
otu9797	0	3	3
otu9799	0	0	3
otu9801	0	6	0
otu9802	0	0	0
otu9805	0	0	0
otu9806	3	3	0
otu9808	0	6	0
otu9809	0	5	1
otu9810	6	0	0
otu9811	3	0	3
otu9814	0	0	2
otu9815	0	0	0
otu9818	0	0	0
otu9820	0	2	0
otu9822	0	0	0
otu9823	0	6	0
otu9824	0	0	0
otu9825	0	0	0
otu9826	4	0	0
otu9828	1	0	0
otu9829	0	2	0
otu9831	0	6	0
otu9832	0	0	3
otu9836	0	0	6
otu9839	0	3	3
otu9840	0	0	6
otu9841	4	2	0
otu9842	0	0	0
otu9843	0	0	0
otu9846	2	4	0
otu9849	0	4	0
otu9851	6	0	0
otu9855	0	6	0
otu9856	0	3	0
otu9857	0	6	0
otu9860	0	0	0
otu9867	0	0	3
otu9871	5	0	0
otu9873	2	0	0
otu9875	0	4	2
otu9878	0	0	0
otu9879	3	0	0
otu9882	1	4	0
otu9884	0	4	0
otu9885	0	0	0
otu9886	0	6	0
otu9887	6	0	0
otu9889	0	0	6
otu9890	6	0	0
otu9892	0	2	0
otu9894	0	0	6
otu9895	1	3	0
otu9897	0	0	0
otu9903	0	0	3
otu9904	3	0	0
otu9905	0	4	0
otu9906	2	2	0
otu9907	0	3	0
otu9909	0	0	0
otu9911	3	0	3
otu9913	6	0	0
otu9914	0	0	6
otu9916	5	0	0
otu9918	0	0	0
otu9921	0	0	0
otu9923	3	3	0
otu9924	0	3	0
otu9925	6	0	0
otu9927	0	6	0
otu9928	0	0	6
otu9929	4	0	2
otu9931	0	0	0
otu9932	0	0	0
otu9933	0	0	0
otu9934	0	6	0
otu9936	6	0	0
otu9938	0	2	0
otu9940	2	0	4
otu9941	0	0	3
otu9942	0	0	0
otu9944	0	0	0
otu9946	0	0	0
otu9947	0	4	2
otu9956	0	0	0
otu9957	0	0	0
otu9958	6	0	0
otu9962	0	0	0
otu9963	0	0	0
otu9964	6	0	0
otu9969	0	6	0
otu9971	0	6	0
otu9972	2	0	4
otu9974	0	0	0
otu9975	0	0	0
otu9976	6	0	0
otu9977	2	0	0
otu9980	0	6	0
otu9982	0	0	6
otu9985	0	0	0
otu9989	0	6	0
otu9990	0	0	6
otu9991	4	0	2
otu9992	0	1	0
otu9994	0	2	4
otu9995	0	0	0
otu9996	3	0	0
otu9997	0	0	6
otu10000	2	4	0
otu10001	0	0	0
otu10003	0	0	0
otu10006	2	0	4
otu10007	0	3	0
otu10008	6	0	0
otu10011	0	0	0
otu10012	0	0	0
otu10013	0	0	6
otu10014	0	6	0
otu10018	0	0	3
otu10019	0	0	6
otu10022	0	0	6
otu10025	2	4	0
otu10028	2	0	4
otu10029	0	0	0
otu10030	0	0	4
otu10031	0	0	3
otu10033	0	0	0
otu10034	0	3	3
otu10035	0	0	0
otu10036	0	2	0
otu10037	0	0	0
otu10041	0	0	6
otu10046	0	6	0
otu10048	0	0	6
otu10050	6	0	0
otu10053	0	0	3
otu10061	2	4	0
otu10062	1	5	0
otu10066	6	0	0
otu10067	2	4	0
otu10069	6	0	0
