	MPSG1	MPSG2	MPSG3
otu1	1259386	749400	760737
otu2	500941	556998	426634
otu3	173602	224230	168127
otu4	145193	157831	196316
otu5	71698	74969	57239
otu6	262795	240356	282197
otu7	40954	41916	53370
otu8	140534	179079	149686
otu9	141701	21928	100156
otu10	61666	101155	64621
otu11	64355	134948	127121
otu12	62951	77126	49818
otu13	61783	47224	61839
otu14	74912	136622	114810
otu15	41189	52958	36901
otu16	48943	57317	40600
otu17	23979	121754	24058
otu18	74015	106099	68453
otu19	28737	41922	30886
otu20	24281	50643	35917
otu21	51767	32738	93582
otu22	30478	40131	30401
otu23	42628	103106	61787
otu24	18534	40444	19861
otu25	50076	37160	58998
otu26	11992	10551	13683
otu27	14009	4901	16246
otu28	19538	41763	15348
otu29	25146	31061	19093
otu30	15587	59600	14788
otu31	49570	64741	54642
otu32	10008	1674	4716
otu33	18991	28261	19020
otu34	55688	41554	34061
otu35	41547	25699	20502
otu36	15389	53146	13111
otu37	46821	40774	55038
otu38	17536	18303	16455
otu39	13375	35122	21267
otu40	11536	25880	12271
otu41	46284	46727	40590
otu42	20859	15088	17085
otu43	40208	27952	34078
otu44	11053	19457	11344
otu45	22515	57215	19038
otu46	13845	19721	24359
otu47	49030	24626	56417
otu48	16683	11562	12785
otu49	10819	19497	10245
otu50	5760	35354	837
otu51	6902	6949	7626
otu52	10555	18738	10680
otu53	16053	81445	26942
otu54	7493	15728	7432
otu55	11272	12333	14634
otu56	9357	10266	14776
otu57	6130	13158	6167
otu58	9187	19742	9072
otu59	12743	15406	11057
otu60	21271	22523	20855
otu61	7998	8494	7948
otu62	5927	20293	4951
otu63	8389	11470	14805
otu64	5301	55906	7208
otu65	8147	12210	7280
otu66	22494	19188	19664
otu67	7473	9815	6300
otu68	5529	21834	7652
otu69	10481	18738	10132
otu70	4076	2455	2816
otu71	18626	14931	12832
otu72	7208	9965	5342
otu73	20514	10783	25299
otu74	17793	15374	13824
otu75	5563	8378	6202
otu76	11068	15835	18070
otu77	5191	9244	6086
otu78	11466	28014	12532
otu79	10535	16747	15324
otu80	5104	2565	12398
otu81	5886	10214	5046
otu82	8480	7377	4195
otu83	7803	16923	4598
otu84	6147	10730	4757
otu85	13095	15560	14064
otu86	12895	13357	7711
otu87	5052	6932	5016
otu88	10085	17661	13103
otu89	4832	6674	4937
otu90	11540	10709	12892
otu91	9610	14862	12470
otu92	6860	25749	7506
otu93	7585	14439	11633
otu94	5299	15006	12070
otu95	7888	18546	10851
otu96	13863	7938	16407
otu97	7775	5997	4117
otu98	6271	13495	6784
otu99	3234	746	5197
otu100	6133	2475	5219
otu101	10375	7398	3717
otu102	9947	11157	8854
otu103	9430	12966	7330
otu104	3576	5929	3582
otu105	17734	6262	9189
otu106	11462	9094	8343
otu107	3894	6073	3371
otu108	4483	5716	5263
otu109	4485	13077	10565
otu110	13253	4059	25856
otu111	8693	10926	9577
otu112	4087	6005	4509
otu113	9285	166	6122
otu114	4284	11734	9482
otu115	4555	4528	10099
otu116	4022	11667	9869
otu117	7870	6362	10001
otu118	3699	4325	2985
otu119	4216	4294	3411
otu120	7312	12097	8028
otu121	8785	8545	8178
otu122	2539	4153	2521
otu123	2207	14599	7728
otu124	2084	5968	349
otu125	5727	9406	8249
otu126	2545	3884	3272
otu127	2492	2779	2367
otu128	2941	5193	2149
otu129	5274	10336	8047
otu130	2226	4950	3734
otu131	7798	7845	4380
otu132	3949	7071	1679
otu133	2556	1000	6586
otu134	1572	7422	1073
otu135	6483	6489	7252
otu136	5058	9087	7004
otu137	2803	6687	6143
otu138	2453	5875	1931
otu139	3085	4403	2724
otu140	3430	9684	7758
otu141	5406	7359	5445
otu142	2672	4296	2252
otu143	3489	9333	7435
otu144	3803	13707	4728
otu145	7487	5737	7022
otu146	2480	6130	2074
otu147	2290	1296	5888
otu148	1881	3112	1775
otu149	2309	3583	2851
otu150	3035	3115	3479
otu151	5854	4317	6130
otu152	1692	1957	1940
otu153	2343	2653	2162
otu154	5482	5879	5736
otu155	3610	3412	4109
otu156	2651	7891	6099
otu157	4497	7653	4712
otu158	1048	3601	5982
otu159	2226	3609	2360
otu160	2194	3420	2397
otu161	4615	5967	5192
otu162	5517	6689	5993
otu163	3056	5741	2286
otu164	2792	3797	2859
otu165	3947	919	599
otu166	3368	6490	5451
otu167	1425	4254	1318
otu168	6925	4270	5845
otu169	1929	3776	1872
otu170	1683	6412	2225
otu171	2052	2844	2147
otu172	7469	2622	10208
otu173	2000	3208	3217
otu174	2208	2594	1904
otu175	1560	2413	1552
otu176	1247	2778	1486
otu177	2772	6013	4033
otu178	1633	4296	1711
otu179	1864	2466	2215
otu180	1174	3458	312
otu181	3176	5131	4441
otu182	1164	581	759
otu183	1817	2468	1354
otu184	2854	4892	4113
otu185	4094	3532	5361
otu186	2266	2358	1162
otu187	1530	1868	1321
otu188	2858	2754	1119
otu189	1513	2622	1204
otu190	425	1615	784
otu191	1376	5536	967
otu192	1294	2023	1399
otu193	442	9406	249
otu194	1475	2359	1496
otu195	1462	2172	1370
otu196	3281	4668	4079
otu197	1541	1447	1813
otu198	880	770	737
otu199	1481	2662	1617
otu200	1778	1340	1027
otu201	1144	2305	1562
otu202	1912	1418	5310
otu203	1221	1935	1149
otu204	1456	1840	2049
otu205	1034	1912	896
otu206	150	6861	446
otu207	3594	3573	2172
otu208	1195	2561	1342
otu209	1514	2923	1225
otu210	1023	2444	810
otu211	1255	1831	1130
otu212	1387	1717	1354
otu213	1019	2020	1154
otu214	1190	2174	1324
otu215	1347	2139	1712
otu216	1069	2033	823
otu217	2516	2650	4638
otu218	1207	2859	2634
otu219	1114	1553	1244
otu220	1079	2748	1182
otu221	2455	3587	2947
otu222	1164	1955	1474
otu223	478	6366	320
otu224	1470	1578	904
otu225	2217	1684	1106
otu226	930	1133	2259
otu227	2224	1718	221
otu228	2493	2061	964
otu229	1895	1453	1382
otu230	1005	3626	1337
otu231	1457	3989	3086
otu232	1036	1671	937
otu233	2907	1958	4460
otu234	2919	3060	2931
otu235	1007	1755	1009
otu236	1716	3561	3002
otu237	1333	1819	720
otu238	2180	2909	2621
otu239	445	4733	399
otu240	1039	1668	849
otu241	904	1620	763
otu242	973	1246	930
otu243	1421	1729	1010
otu244	1567	2649	2460
otu245	1316	1406	800
otu246	726	1456	950
otu247	338	6742	213
otu248	2175	3277	2592
otu249	1918	3125	2671
otu250	910	1732	992
otu251	1517	907	1782
otu252	1826	1433	995
otu253	2245	1715	3752
otu254	551	2188	925
otu255	1277	3414	2700
otu256	1490	972	1696
otu257	2597	2690	2081
otu258	1598	4029	2555
otu259	1282	2136	911
otu260	606	1335	809
otu261	1634	3219	2456
otu262	1178	3208	2625
otu263	1251	1441	884
otu264	1339	2486	965
otu265	1103	1191	928
otu266	1658	3723	1968
otu267	496	1819	73
otu268	1722	3468	1941
otu269	690	1149	681
otu270	1425	2879	2415
otu271	1762	1854	3033
otu272	781	3275	3089
otu273	902	1431	768
otu274	652	1612	686
otu275	482	4005	804
otu276	926	1381	882
otu277	404	3203	341
otu278	1428	3072	2187
otu279	877	656	595
otu280	1480	1135	771
otu281	1010	1245	865
otu282	1067	1395	864
otu283	910	1755	958
otu284	714	792	768
otu285	1281	1220	1304
otu286	1089	1202	2093
otu287	451	5317	1916
otu288	1094	1112	878
otu289	662	1233	704
otu290	655	836	788
otu291	520	707	975
otu292	841	1249	898
otu293	979	1332	1027
otu294	651	1232	672
otu295	825	1440	802
otu296	3342	1524	2489
otu297	1316	2759	2087
otu298	688	1233	940
otu299	1118	3084	1500
otu300	945	895	791
otu301	945	1105	703
otu302	2020	88	1472
otu303	775	1327	776
otu304	810	966	842
otu305	817	1731	658
otu306	728	1136	876
otu307	922	1286	1714
otu308	506	1467	692
otu309	130	2567	382
otu310	1172	2605	1691
otu311	477	689	3043
otu312	400	1391	918
otu313	1314	2202	1785
otu314	694	1013	695
otu315	1733	1184	2795
otu316	614	1166	307
otu317	741	1261	540
otu318	582	1803	532
otu319	509	4738	795
otu320	728	1038	597
otu321	1405	1959	1631
otu322	1335	1140	2483
otu323	633	615	894
otu324	563	944	573
otu325	663	1078	603
otu326	1475	1581	1703
otu327	675	909	568
otu328	773	881	680
otu329	911	1904	655
otu330	279	2959	265
otu331	645	1060	759
otu332	1551	1642	1587
otu333	1117	1860	1814
otu334	671	1217	686
otu335	2615	1258	1908
otu336	1782	1665	1666
otu337	1277	998	611
otu338	753	876	805
otu339	674	813	360
otu340	1399	2025	1443
otu341	530	977	771
otu342	1048	2045	1678
otu343	1156	1342	2151
otu344	1313	1055	1809
otu345	1292	2138	1540
otu346	669	1027	861
otu347	471	1115	389
otu348	1571	2084	1656
otu349	888	1287	717
otu350	339	1333	399
otu351	679	907	632
otu352	671	887	625
otu353	191	2827	446
otu354	447	561	546
otu355	546	816	512
otu356	614	870	600
otu357	542	2265	868
otu358	243	779	448
otu359	330	2600	306
otu360	1413	2032	1559
otu361	792	1116	730
otu362	808	782	600
otu363	2469	1054	1729
otu364	538	1099	347
otu365	326	1595	513
otu366	266	2929	247
otu367	766	783	692
otu368	725	801	566
otu369	829	2197	1334
otu370	446	1206	491
otu371	641	998	500
otu372	1365	583	966
otu373	976	2267	1205
otu374	562	836	583
otu375	911	1940	1441
otu376	527	929	492
otu377	824	583	428
otu378	1223	1537	1263
otu379	734	654	443
otu380	1121	1416	1255
otu381	629	1178	452
otu382	472	1004	430
otu383	1178	1395	1338
otu384	810	771	480
otu385	323	212	427
otu386	1043	579	771
otu387	249	4121	450
otu388	562	992	674
otu389	215	1883	2446
otu390	1109	1566	1110
otu391	712	894	500
otu392	878	589	429
otu393	861	2236	1120
otu394	329	674	395
otu395	1032	1538	1132
otu396	463	752	443
otu397	346	911	300
otu398	586	1045	745
otu399	170	2631	193
otu400	583	1155	757
otu401	293	1173	159
otu402	1179	1383	1197
otu403	542	904	381
otu404	600	640	509
otu405	1030	1922	1214
otu406	1131	598	3166
otu407	461	2712	794
otu408	814	1367	1407
otu409	1245	106	952
otu410	2148	935	1507
otu411	437	626	0
otu412	434	714	267
otu413	387	777	379
otu414	211	1770	216
otu415	209	2546	395
otu416	503	542	678
otu417	729	1569	1221
otu418	526	646	440
otu419	589	233	858
otu420	408	589	334
otu421	612	464	489
otu422	216	2228	226
otu423	313	916	1330
otu424	363	660	387
otu425	433	776	495
otu426	439	833	464
otu427	671	521	341
otu428	456	775	495
otu429	311	577	384
otu430	469	2842	647
otu431	144	2453	182
otu432	468	638	325
otu433	340	597	306
otu434	629	633	646
otu435	274	644	379
otu436	1133	534	384
otu437	372	1186	449
otu438	598	2668	1038
otu439	861	1330	1085
otu440	363	639	287
otu441	469	948	550
otu442	453	462	516
otu443	296	2225	331
otu444	795	609	494
otu445	1111	1330	671
otu446	455	992	557
otu447	623	1831	1070
otu448	284	593	421
otu449	736	425	373
otu450	385	685	395
otu451	303	1247	258
otu452	418	827	452
otu453	798	1437	1143
otu454	457	566	414
otu455	466	736	330
otu456	414	827	414
otu457	491	1039	282
otu458	422	667	350
otu459	578	1146	827
otu460	1064	544	392
otu461	467	648	493
otu462	360	613	655
otu463	350	1222	1860
otu464	386	157	852
otu465	186	279	5245
otu466	450	576	434
otu467	57	505	145
otu468	132	888	1346
otu469	1136	1135	789
otu470	409	507	367
otu471	372	1118	331
otu472	190	748	193
otu473	1108	571	3454
otu474	451	694	867
otu475	451	583	410
otu476	187	2054	168
otu477	860	1551	1206
otu478	594	878	264
otu479	554	1026	251
otu480	417	415	405
otu481	817	1656	846
otu482	299	392	460
otu483	187	2283	115
otu484	385	688	312
otu485	503	1656	1434
otu486	744	971	994
otu487	411	448	323
otu488	370	468	368
otu489	820	345	1466
otu490	603	427	296
otu491	724	850	1375
otu492	343	474	402
otu493	343	1550	210
otu494	482	694	322
otu495	374	368	354
otu496	449	436	210
otu497	375	709	385
otu498	610	1736	749
otu499	369	434	315
otu500	716	1397	769
otu501	374	530	315
otu502	358	1444	1259
otu503	540	1301	898
otu504	336	476	251
otu505	338	643	629
otu506	511	1420	893
otu507	303	208	196
otu508	823	1060	778
otu509	297	457	297
otu510	287	299	391
otu511	363	514	308
otu512	395	491	376
otu513	271	634	147
otu514	400	468	318
otu515	1088	870	911
otu516	255	401	350
otu517	292	545	386
otu518	419	460	379
otu519	317	447	362
otu520	650	1192	906
otu521	293	688	317
otu522	188	2004	205
otu523	463	375	307
otu524	315	487	319
otu525	631	1171	881
otu526	281	395	309
otu527	276	575	230
otu528	150	2419	134
otu529	393	609	290
otu530	174	713	128
otu531	332	666	267
otu532	127	281	253
otu533	280	902	219
otu534	495	1827	590
otu535	218	127	182
otu536	120	1207	1596
otu537	742	1016	902
otu538	323	450	331
otu539	248	558	313
otu540	616	1045	854
otu541	358	622	373
otu542	351	571	195
otu543	263	542	389
otu544	255	335	367
otu545	303	557	274
otu546	639	823	803
otu547	197	445	199
otu548	207	1484	172
otu549	573	420	425
otu550	690	1275	1107
otu551	620	542	127
otu552	600	299	283
otu553	391	444	366
otu554	690	1003	820
otu555	386	346	289
otu556	141	1523	206
otu557	286	451	285
otu558	296	327	403
otu559	1266	412	1688
otu560	265	715	393
otu561	1378	594	1001
otu562	342	661	399
otu563	219	566	185
otu564	498	548	1076
otu565	113	1267	197
otu566	323	1588	130
otu567	1376	581	952
otu568	274	580	292
otu569	594	1099	819
otu570	329	644	920
otu571	305	360	298
otu572	658	691	1063
otu573	467	554	288
otu574	421	308	323
otu575	335	417	405
otu576	259	2147	416
otu577	352	642	281
otu578	747	891	776
otu579	294	261	398
otu580	712	886	778
otu581	145	773	160
otu582	431	1962	659
otu583	255	441	227
otu584	207	528	274
otu585	542	1002	748
otu586	313	470	282
otu587	444	1329	636
otu588	710	1239	858
otu589	534	1243	722
otu590	403	649	681
otu591	279	638	263
otu592	251	438	257
otu593	446	944	863
otu594	254	385	215
otu595	686	986	748
otu596	362	311	227
otu597	149	102	331
otu598	387	477	263
otu599	204	253	419
otu600	300	638	370
otu601	318	409	281
otu602	226	1868	407
otu603	390	363	412
otu604	637	830	670
otu605	328	435	271
otu606	338	377	174
otu607	406	528	151
otu608	76	606	252
otu609	285	288	303
otu610	467	480	182
otu611	204	518	248
otu612	260	508	252
otu613	278	500	256
otu614	237	456	270
otu615	237	367	369
otu616	337	622	291
otu617	230	442	203
otu618	282	404	254
otu619	580	861	694
otu620	278	322	389
otu621	84	1191	125
otu622	142	773	90
otu623	282	659	143
otu624	521	1240	680
otu625	159	483	209
otu626	190	832	1094
otu627	171	75	185
otu628	220	401	248
otu629	330	443	389
otu630	277	423	307
otu631	149	666	213
otu632	682	631	725
otu633	228	511	196
otu634	257	586	243
otu635	269	434	214
otu636	402	404	195
otu637	211	342	189
otu638	248	830	207
otu639	100	359	408
otu640	491	941	731
otu641	213	350	240
otu642	170	338	166
otu643	219	380	392
otu644	491	980	684
otu645	290	560	246
otu646	936	922	618
otu647	146	268	208
otu648	457	248	162
otu649	294	1105	996
otu650	217	446	243
otu651	224	485	263
otu652	688	713	749
otu653	477	925	519
otu654	916	553	738
otu655	196	304	162
otu656	581	496	186
otu657	358	274	317
otu658	423	366	1101
otu659	135	988	184
otu660	121	152	425
otu661	558	939	472
otu662	381	897	633
otu663	316	413	293
otu664	375	571	680
otu665	594	252	343
otu666	289	385	226
otu667	751	669	644
otu668	308	405	309
otu669	424	159	400
otu670	258	468	237
otu671	483	800	720
otu672	86	1574	133
otu673	585	875	695
otu674	993	606	624
otu675	425	884	551
otu676	390	788	687
otu677	291	489	217
otu678	179	425	242
otu679	567	224	545
otu680	264	412	260
otu681	312	405	435
otu682	192	321	208
otu683	90	384	318
otu684	355	640	200
otu685	480	801	688
otu686	86	1367	118
otu687	553	633	651
otu688	271	469	269
otu689	321	1384	367
otu690	264	175	200
otu691	228	218	250
otu692	312	414	181
otu693	87	919	86
otu694	264	287	280
otu695	100	614	12
otu696	259	379	310
otu697	109	593	148
otu698	175	429	228
otu699	591	91	492
otu700	159	976	387
otu701	712	470	397
otu702	493	685	620
otu703	337	239	275
otu704	299	449	297
otu705	199	400	208
otu706	214	510	288
otu707	166	347	143
otu708	334	260	155
otu709	478	698	591
otu710	136	449	130
otu711	452	588	543
otu712	537	648	618
otu713	443	298	384
otu714	215	722	315
otu715	212	401	205
otu716	188	335	246
otu717	419	437	322
otu718	170	370	218
otu719	202	602	123
otu720	168	313	280
otu721	229	399	113
otu722	165	327	220
otu723	534	821	698
otu724	398	1182	372
otu725	231	336	230
otu726	401	662	600
otu727	176	500	236
otu728	205	1573	301
otu729	603	647	435
otu730	171	292	135
otu731	172	392	210
otu732	274	349	261
otu733	395	969	429
otu734	193	304	166
otu735	246	240	200
otu736	40	109	566
otu737	448	794	525
otu738	142	270	178
otu739	799	1270	503
otu740	461	751	498
otu741	294	221	150
otu742	153	613	257
otu743	86	1240	123
otu744	135	591	540
otu745	378	680	614
otu746	346	1049	427
otu747	368	734	465
otu748	294	371	242
otu749	390	215	193
otu750	537	570	569
otu751	143	372	235
otu752	174	215	245
otu753	304	558	152
otu754	195	313	183
otu755	201	132	136
otu756	394	716	597
otu757	178	374	200
otu758	194	345	137
otu759	123	118	166
otu760	75	968	98
otu761	200	344	229
otu762	267	324	207
otu763	330	795	540
otu764	431	837	493
otu765	436	338	230
otu766	249	371	170
otu767	394	321	802
otu768	380	649	587
otu769	344	366	99
otu770	459	595	460
otu771	480	630	440
otu772	165	246	185
otu773	189	251	218
otu774	251	442	254
otu775	58	597	323
otu776	182	265	186
otu777	308	288	213
otu778	263	238	212
otu779	124	256	169
otu780	357	836	452
otu781	183	530	315
otu782	40	31	704
otu783	268	263	208
otu784	120	423	186
otu785	282	156	258
otu786	112	281	137
otu787	137	376	198
otu788	135	92	105
otu789	226	385	226
otu790	465	649	469
otu791	210	329	183
otu792	234	648	228
otu793	164	525	159
otu794	436	649	500
otu795	56	141	415
otu796	238	415	234
otu797	404	630	421
otu798	177	235	240
otu799	96	16	135
otu800	266	1080	322
otu801	824	355	593
otu802	319	570	576
otu803	640	978	257
otu804	325	166	475
otu805	169	249	152
otu806	453	453	425
otu807	355	841	438
otu808	139	222	353
otu809	153	1336	256
otu810	207	476	291
otu811	69	55	106
otu812	308	557	463
otu813	217	271	136
otu814	325	712	446
otu815	106	219	153
otu816	617	336	352
otu817	264	280	132
otu818	170	415	172
otu819	473	526	574
otu820	285	696	532
otu821	187	380	179
otu822	194	206	180
otu823	198	440	125
otu824	341	876	378
otu825	200	295	144
otu826	226	243	137
otu827	106	179	198
otu828	507	314	427
otu829	140	459	150
otu830	434	137	403
otu831	154	422	140
otu832	764	350	573
otu833	229	250	145
otu834	215	1446	292
otu835	137	378	138
otu836	260	274	261
otu837	131	395	132
otu838	186	256	247
otu839	176	304	306
otu840	187	271	134
otu841	145	277	209
otu842	205	334	206
otu843	244	281	232
otu844	120	446	111
otu845	179	283	377
otu846	167	547	184
otu847	194	651	563
otu848	400	232	626
otu849	301	707	514
otu850	410	437	506
otu851	487	514	511
otu852	274	608	406
otu853	343	788	398
otu854	180	249	123
otu855	308	705	360
otu856	393	157	343
otu857	234	306	170
otu858	129	392	116
otu859	391	399	193
otu860	196	216	197
otu861	294	775	459
otu862	295	185	143
otu863	254	233	354
otu864	58	817	58
otu865	187	321	149
otu866	109	131	166
otu867	225	186	161
otu868	121	167	187
otu869	118	413	68
otu870	169	302	167
otu871	356	512	435
otu872	111	195	135
otu873	143	213	128
otu874	93	168	88
otu875	51	358	225
otu876	224	564	375
otu877	176	246	194
otu878	214	466	350
otu879	615	94	2086
otu880	328	659	519
otu881	164	152	102
otu882	126	363	118
otu883	129	211	300
otu884	154	295	229
otu885	187	346	154
otu886	185	406	88
otu887	255	261	679
otu888	168	185	170
otu889	646	352	496
otu890	88	683	84
otu891	295	521	436
otu892	177	213	173
otu893	250	151	240
otu894	328	117	316
otu895	168	431	198
otu896	159	270	166
otu897	130	73	126
otu898	124	204	140
otu899	167	242	200
otu900	93	539	147
otu901	80	484	141
otu902	152	389	221
otu903	308	158	138
otu904	217	176	55
otu905	106	199	147
otu906	374	486	448
otu907	357	445	500
otu908	203	1086	239
otu909	182	348	231
otu910	131	238	87
otu911	178	225	272
otu912	149	161	148
otu913	94	169	104
otu914	501	1041	385
otu915	274	286	183
otu916	252	192	172
otu917	144	255	93
otu918	83	137	161
otu919	143	467	137
otu920	131	320	135
otu921	310	409	400
otu922	413	377	215
otu923	250	567	400
otu924	275	692	344
otu925	315	440	348
otu926	239	257	183
otu927	305	318	163
otu928	84	25	40
otu929	146	139	103
otu930	303	129	412
otu931	177	270	388
otu932	58	590	100
otu933	87	732	99
otu934	166	290	173
otu935	67	239	68
otu936	237	521	351
otu937	158	278	134
otu938	117	65	80
otu939	129	228	173
otu940	358	430	408
otu941	257	196	255
otu942	93	246	83
otu943	120	418	136
otu944	155	213	131
otu945	74	205	137
otu946	90	145	87
otu947	120	83	152
otu948	169	254	180
otu949	336	407	392
otu950	224	398	419
otu951	171	307	125
otu952	122	144	166
otu953	166	322	208
otu954	523	373	443
otu955	196	358	183
otu956	146	186	184
otu957	56	121	83
otu958	62	328	154
otu959	38	470	106
otu960	152	174	31
otu961	319	467	370
otu962	83	171	131
otu963	321	270	114
otu964	147	135	102
otu965	365	391	215
otu966	119	156	319
otu967	163	384	316
otu968	115	221	185
otu969	99	235	108
otu970	343	397	414
otu971	88	430	169
otu972	141	295	202
otu973	364	527	367
otu974	214	187	212
otu975	330	358	452
otu976	117	193	95
otu977	211	244	137
otu978	50	54	99
otu979	90	442	101
otu980	146	161	161
otu981	132	64	74
otu982	121	390	67
otu983	81	59	75
otu984	128	201	253
otu985	132	864	217
otu986	160	423	92
otu987	202	225	53
otu988	172	280	190
otu989	241	312	300
otu990	220	263	122
otu991	300	151	154
otu992	203	222	174
otu993	243	613	269
otu994	169	209	121
otu995	213	161	111
otu996	231	511	335
otu997	541	266	441
otu998	275	196	178
otu999	201	385	120
otu1000	59	408	275
otu1001	294	240	118
otu1002	98	193	233
otu1003	102	430	275
otu1004	377	373	434
otu1005	201	412	155
otu1006	162	203	120
otu1007	200	553	258
otu1008	214	731	283
otu1009	144	746	207
otu1010	98	229	120
otu1011	327	403	373
otu1012	387	69	1126
otu1013	105	223	135
otu1014	99	288	126
otu1015	101	190	54
otu1016	207	481	362
otu1017	170	405	366
otu1018	98	277	62
otu1019	271	456	406
otu1020	87	146	110
otu1021	121	162	242
otu1022	159	282	134
otu1023	113	98	93
otu1024	171	244	285
otu1025	154	349	102
otu1026	218	377	383
otu1027	176	359	206
otu1028	135	95	207
otu1029	143	280	85
otu1030	95	184	119
otu1031	279	314	361
otu1032	225	148	148
otu1033	413	350	262
otu1034	122	173	136
otu1035	188	512	313
otu1036	151	208	103
otu1037	184	714	222
otu1038	148	223	136
otu1039	335	477	307
otu1040	134	248	90
otu1041	86	197	86
otu1042	323	368	228
otu1043	113	207	171
otu1044	171	203	224
otu1045	191	288	98
otu1046	217	679	194
otu1047	177	304	111
otu1048	120	134	176
otu1049	82	159	99
otu1050	410	297	335
otu1051	46	691	79
otu1052	148	289	95
otu1053	98	123	177
otu1054	37	620	33
otu1055	81	154	73
otu1056	254	367	323
otu1057	172	195	134
otu1058	360	282	205
otu1059	133	155	101
otu1060	232	320	297
otu1061	461	214	245
otu1062	213	129	146
otu1063	143	298	92
otu1064	118	306	112
otu1065	252	337	350
otu1066	230	392	263
otu1067	261	340	348
otu1068	62	140	126
otu1069	286	374	341
otu1070	173	115	144
otu1071	46	367	180
otu1072	82	308	96
otu1073	124	550	259
otu1074	556	159	279
otu1075	123	463	330
otu1076	158	169	197
otu1077	85	175	52
otu1078	157	210	206
otu1079	27	435	114
otu1080	518	253	387
otu1081	320	261	325
otu1082	55	60	77
otu1083	112	248	91
otu1084	201	217	72
otu1085	110	42	48
otu1086	112	213	98
otu1087	97	274	124
otu1088	107	201	90
otu1089	10	48	80
otu1090	41	151	66
otu1091	281	123	75
otu1092	256	391	297
otu1093	157	293	113
otu1094	139	210	98
otu1095	168	155	73
otu1096	23	533	59
otu1097	211	612	247
otu1098	128	277	82
otu1099	116	107	104
otu1100	226	191	412
otu1101	139	240	341
otu1102	88	385	188
otu1103	48	772	26
otu1104	84	146	142
otu1105	70	856	65
otu1106	184	453	291
otu1107	74	140	55
otu1108	125	502	227
otu1109	185	571	211
otu1110	89	170	241
otu1111	60	145	70
otu1112	112	309	72
otu1113	65	224	439
otu1114	128	237	114
otu1115	242	122	465
otu1116	280	389	344
otu1117	154	154	107
otu1118	490	210	391
otu1119	104	194	140
otu1120	97	155	103
otu1121	138	383	313
otu1122	99	216	47
otu1123	70	113	111
otu1124	488	229	368
otu1125	125	62	128
otu1126	149	153	223
otu1127	154	190	188
otu1128	228	161	108
otu1129	70	169	84
otu1130	377	258	316
otu1131	141	399	293
otu1132	154	138	82
otu1133	182	235	74
otu1134	142	125	114
otu1135	84	236	96
otu1136	52	139	81
otu1137	125	312	152
otu1138	186	140	118
otu1139	115	298	110
otu1140	75	96	171
otu1141	157	126	126
otu1142	150	224	53
otu1143	271	390	298
otu1144	134	143	103
otu1145	108	125	92
otu1146	40	102	120
otu1147	42	598	49
otu1148	69	63	59
otu1149	355	86	1178
otu1150	71	161	87
otu1151	138	114	93
otu1152	130	190	188
otu1153	105	122	168
otu1154	37	115	22
otu1155	71	127	78
otu1156	217	381	221
otu1157	65	21	51
otu1158	542	25	194
otu1159	107	208	63
otu1160	207	437	248
otu1161	59	195	118
otu1162	249	363	359
otu1163	109	275	63
otu1164	71	164	59
otu1165	157	228	156
otu1166	200	188	46
otu1167	80	246	119
otu1168	126	199	111
otu1169	209	329	287
otu1170	48	1322	27
otu1171	172	117	149
otu1172	150	131	80
otu1173	159	204	128
otu1174	133	413	317
otu1175	184	466	241
otu1176	55	506	76
otu1177	131	140	66
otu1178	66	247	201
otu1179	118	210	105
otu1180	138	648	163
otu1181	211	388	230
otu1182	63	131	65
otu1183	130	155	110
otu1184	123	43	96
otu1185	142	180	116
otu1186	225	201	268
otu1187	23	89	72
otu1188	74	204	59
otu1189	54	146	71
otu1190	326	317	295
otu1191	134	332	136
otu1192	162	150	203
otu1193	95	232	50
otu1194	114	199	177
otu1195	105	169	68
otu1196	64	141	93
otu1197	29	50	39
otu1198	128	138	76
otu1199	100	246	70
otu1200	122	690	146
otu1201	161	288	327
otu1202	141	392	320
otu1203	244	84	309
otu1204	227	481	243
otu1205	314	250	333
otu1206	81	153	111
otu1207	88	242	80
otu1208	111	139	98
otu1209	147	246	139
otu1210	179	487	218
otu1211	106	130	62
otu1212	130	159	108
otu1213	94	73	165
otu1214	150	313	291
otu1215	236	270	72
otu1216	456	185	314
otu1217	61	393	439
otu1218	179	385	178
otu1219	195	284	239
otu1220	111	182	139
otu1221	168	107	103
otu1222	170	395	268
otu1223	164	173	114
otu1224	33	65	54
otu1225	101	205	75
otu1226	164	116	112
otu1227	531	16	166
otu1228	73	142	61
otu1229	53	707	7
otu1230	63	286	86
otu1231	134	223	166
otu1232	161	203	158
otu1233	238	471	188
otu1234	183	167	88
otu1235	27	183	37
otu1236	89	151	91
otu1237	177	254	273
otu1238	179	334	263
otu1239	63	40	68
otu1240	116	104	157
otu1241	213	271	55
otu1242	353	286	295
otu1243	175	242	247
otu1244	114	277	84
otu1245	92	250	85
otu1246	132	201	137
otu1247	40	91	35
otu1248	117	165	77
otu1249	147	348	87
otu1250	184	95	137
otu1251	91	140	72
otu1252	75	215	111
otu1253	142	163	158
otu1254	208	191	121
otu1255	268	227	287
otu1256	89	256	81
otu1257	69	219	96
otu1258	105	202	115
otu1259	41	168	157
otu1260	142	414	210
otu1261	60	135	77
otu1262	257	26	207
otu1263	319	359	184
otu1264	57	148	33
otu1265	144	476	200
otu1266	116	66	85
otu1267	157	333	29
otu1268	178	390	202
otu1269	217	251	263
otu1270	119	294	220
otu1271	149	101	61
otu1272	192	156	109
otu1273	50	445	66
otu1274	73	231	66
otu1275	54	178	65
otu1276	71	302	186
otu1277	259	215	231
otu1278	128	79	117
otu1279	150	326	165
otu1280	107	114	95
otu1281	102	118	165
otu1282	38	463	15
otu1283	112	576	149
otu1284	76	141	63
otu1285	107	179	45
otu1286	63	235	47
otu1287	115	219	102
otu1288	69	165	82
otu1289	112	143	94
otu1290	128	76	95
otu1291	132	517	96
otu1292	63	151	112
otu1293	122	291	213
otu1294	184	316	190
otu1295	247	45	123
otu1296	82	564	161
otu1297	65	200	101
otu1298	128	535	144
otu1299	109	135	102
otu1300	216	344	324
otu1301	125	276	59
otu1302	329	184	271
otu1303	152	281	110
otu1304	68	174	180
otu1305	163	331	199
otu1306	68	180	80
otu1307	161	129	187
otu1308	87	173	103
otu1309	149	282	272
otu1310	169	61	148
otu1311	93	94	106
otu1312	161	312	76
otu1313	98	186	216
otu1314	103	269	223
otu1315	79	101	76
otu1316	127	79	87
otu1317	99	142	86
otu1318	142	141	211
otu1319	165	74	92
otu1320	74	239	118
otu1321	98	121	50
otu1322	169	181	185
otu1323	64	215	62
otu1324	118	236	300
otu1325	157	352	229
otu1326	101	84	70
otu1327	71	21	62
otu1328	68	261	18
otu1329	51	336	106
otu1330	88	140	79
otu1331	35	380	64
otu1332	90	140	53
otu1333	76	93	32
otu1334	94	127	103
otu1335	45	98	48
otu1336	64	56	74
otu1337	118	474	210
otu1338	64	183	109
otu1339	118	182	153
otu1340	57	145	63
otu1341	26	17	23
otu1342	114	70	107
otu1343	51	306	66
otu1344	134	284	208
otu1345	123	171	154
otu1346	191	58	204
otu1347	281	153	242
otu1348	109	146	168
otu1349	97	108	77
otu1350	28	188	27
otu1351	60	79	58
otu1352	35	127	59
otu1353	163	268	221
otu1354	9	135	93
otu1355	83	121	133
otu1356	182	310	220
otu1357	115	118	115
otu1358	109	263	241
otu1359	52	136	64
otu1360	166	132	92
otu1361	101	98	94
otu1362	57	144	85
otu1363	54	185	35
otu1364	68	94	57
otu1365	160	74	110
otu1366	205	238	209
otu1367	71	112	94
otu1368	68	95	74
otu1369	146	78	163
otu1370	194	48	158
otu1371	47	196	164
otu1372	56	156	115
otu1373	78	74	117
otu1374	163	323	224
otu1375	138	242	147
otu1376	128	101	88
otu1377	102	43	79
otu1378	99	300	235
otu1379	132	265	229
otu1380	74	16	22
otu1381	74	152	100
otu1382	47	114	88
otu1383	100	162	88
otu1384	53	108	65
otu1385	36	218	38
otu1386	68	145	131
otu1387	126	110	139
otu1388	99	94	106
otu1389	133	57	85
otu1390	258	159	217
otu1391	189	87	359
otu1392	213	219	125
otu1393	101	340	172
otu1394	93	131	86
otu1395	144	86	67
otu1396	55	195	123
otu1397	462	4	134
otu1398	111	108	76
otu1399	152	135	166
otu1400	116	273	220
otu1401	84	168	22
otu1402	46	127	74
otu1403	121	185	37
otu1404	73	60	42
otu1405	78	121	143
otu1406	12	47	96
otu1407	165	265	174
otu1408	106	266	122
otu1409	103	253	220
otu1410	270	72	150
otu1411	244	187	278
otu1412	61	131	150
otu1413	121	220	192
otu1414	212	235	179
otu1415	92	275	215
otu1416	59	149	75
otu1417	66	537	73
otu1418	92	139	53
otu1419	57	11	33
otu1420	47	119	52
otu1421	156	292	151
otu1422	125	349	153
otu1423	45	127	30
otu1424	34	266	9
otu1425	99	261	188
otu1426	52	96	60
otu1427	216	122	177
otu1428	143	123	57
otu1429	3	25	8
otu1430	138	237	207
otu1431	172	29	235
otu1432	51	124	89
otu1433	81	105	73
otu1434	244	77	36
otu1435	52	553	85
otu1436	96	122	68
otu1437	38	83	46
otu1438	98	153	99
otu1439	42	211	8
otu1440	59	525	107
otu1441	147	124	46
otu1442	42	5	220
otu1443	81	412	135
otu1444	64	6	11
otu1445	150	230	226
otu1446	50	94	69
otu1447	137	282	173
otu1448	78	100	38
otu1449	70	343	224
otu1450	158	119	32
otu1451	170	32	146
otu1452	71	156	110
otu1453	200	414	151
otu1454	138	81	142
otu1455	34	138	32
otu1456	60	154	91
otu1457	110	80	122
otu1458	89	201	122
otu1459	61	257	44
otu1460	250	230	315
otu1461	39	200	89
otu1462	115	74	50
otu1463	378	2	127
otu1464	103	133	143
otu1465	101	46	100
otu1466	23	210	50
otu1467	47	99	45
otu1468	41	206	178
otu1469	68	106	128
otu1470	205	192	186
otu1471	66	19	54
otu1472	102	142	151
otu1473	73	75	63
otu1474	198	86	135
otu1475	64	152	79
otu1476	97	216	145
otu1477	134	90	59
otu1478	93	95	245
otu1479	75	105	67
otu1480	77	112	80
otu1481	164	189	126
otu1482	111	37	102
otu1483	90	226	168
otu1484	83	114	57
otu1485	192	14	121
otu1486	92	109	84
otu1487	15	166	42
otu1488	66	70	50
otu1489	90	123	63
otu1490	68	101	62
otu1491	106	185	172
otu1492	185	7	126
otu1493	50	69	52
otu1494	20	232	162
otu1495	135	172	204
otu1496	148	80	136
otu1497	126	241	143
otu1498	123	266	294
otu1499	44	180	67
otu1500	94	124	106
otu1501	79	215	226
otu1502	104	48	87
otu1503	93	241	114
otu1504	129	131	78
otu1505	91	93	41
otu1506	65	452	101
otu1507	250	189	192
otu1508	175	187	105
otu1509	90	84	88
otu1510	65	47	37
otu1511	167	122	112
otu1512	66	59	88
otu1513	18	144	33
otu1514	273	132	204
otu1515	157	112	96
otu1516	201	198	207
otu1517	205	157	180
otu1518	34	81	233
otu1519	37	173	65
otu1520	36	158	69
otu1521	134	106	61
otu1522	53	81	35
otu1523	57	131	50
otu1524	84	145	121
otu1525	174	94	248
otu1526	39	302	31
otu1527	88	112	66
otu1528	37	67	57
otu1529	167	200	166
otu1530	86	117	60
otu1531	108	238	162
otu1532	89	133	100
otu1533	166	72	48
otu1534	90	142	86
otu1535	147	135	169
otu1536	55	62	90
otu1537	136	99	53
otu1538	98	175	67
otu1539	87	289	111
otu1540	281	122	223
otu1541	113	87	50
otu1542	43	105	27
otu1543	61	74	52
otu1544	44	34	25
otu1545	91	74	75
otu1546	47	133	38
otu1547	81	107	87
otu1548	85	176	36
otu1549	94	99	72
otu1550	53	110	43
otu1551	122	209	157
otu1552	51	419	81
otu1553	84	176	55
otu1554	50	11	58
otu1555	38	201	26
otu1556	35	507	59
otu1557	178	189	248
otu1558	63	71	90
otu1559	28	123	24
otu1560	107	128	121
otu1561	99	57	24
otu1562	50	151	48
otu1563	87	270	124
otu1564	36	195	121
otu1565	17	267	39
otu1566	49	198	106
otu1567	83	175	95
otu1568	113	96	62
otu1569	70	72	43
otu1571	209	148	268
otu1572	78	87	76
otu1573	65	162	84
otu1574	64	125	95
otu1575	90	97	67
otu1576	37	194	39
otu1577	95	106	114
otu1578	57	154	78
otu1579	107	207	214
otu1580	13	167	127
otu1581	83	121	101
otu1582	49	50	117
otu1583	62	115	69
otu1584	56	161	79
otu1585	14	93	37
otu1586	87	82	37
otu1587	96	107	157
otu1588	84	80	76
otu1589	26	94	41
otu1590	89	223	82
otu1591	106	209	182
otu1592	77	228	272
otu1593	124	121	74
otu1594	87	60	49
otu1595	118	88	109
otu1596	70	50	45
otu1597	154	201	145
otu1598	30	24	27
otu1599	150	102	57
otu1600	89	61	69
otu1601	76	100	40
otu1602	163	154	196
otu1603	111	65	76
otu1604	55	92	79
otu1605	59	80	74
otu1606	57	108	94
otu1607	159	154	103
otu1608	58	109	90
otu1609	144	289	130
otu1610	84	105	71
otu1611	128	210	172
otu1612	49	119	68
otu1613	35	76	32
otu1614	38	165	56
otu1615	39	82	38
otu1616	113	240	156
otu1617	99	227	145
otu1618	283	269	68
otu1619	109	190	163
otu1620	40	107	72
otu1621	19	82	57
otu1622	48	36	41
otu1623	43	280	80
otu1624	78	125	111
otu1625	85	96	51
otu1626	126	173	166
otu1627	59	125	38
otu1628	91	71	132
otu1629	53	128	80
otu1630	91	101	77
otu1631	143	124	150
otu1632	72	89	67
otu1633	39	65	47
otu1634	21	9	9
otu1635	42	85	52
otu1636	34	133	48
otu1637	38	96	50
otu1638	35	135	40
otu1639	82	265	115
otu1640	4	212	23
otu1641	79	117	55
otu1642	52	181	61
otu1643	75	216	161
otu1644	95	201	131
otu1645	61	95	105
otu1646	101	119	132
otu1647	129	182	196
otu1648	48	77	79
otu1649	26	44	77
otu1650	15	96	76
otu1651	40	230	33
otu1652	36	164	63
otu1653	163	169	79
otu1654	49	127	84
otu1655	79	90	128
otu1656	112	145	169
otu1657	9	49	44
otu1658	141	115	89
otu1659	119	158	156
otu1660	94	354	76
otu1661	48	315	97
otu1662	64	59	74
otu1663	66	324	85
otu1664	52	179	42
otu1665	136	255	129
otu1666	21	297	53
otu1667	118	163	63
otu1668	88	120	37
otu1669	24	154	17
otu1670	86	35	59
otu1671	68	59	72
otu1672	44	154	57
otu1673	248	105	180
otu1674	19	448	24
otu1675	68	113	61
otu1676	154	155	81
otu1677	98	284	129
otu1678	75	379	120
otu1679	47	50	77
otu1680	50	77	35
otu1681	199	91	148
otu1682	144	207	124
otu1683	186	119	148
otu1684	35	102	31
otu1685	41	81	38
otu1686	33	71	77
otu1687	45	51	42
otu1688	94	74	54
otu1689	56	101	41
otu1690	49	210	44
otu1691	22	140	40
otu1692	89	120	146
otu1693	90	125	201
otu1694	33	56	50
otu1695	36	76	80
otu1696	211	90	138
otu1697	184	116	152
otu1698	81	71	157
otu1699	52	130	117
otu1700	121	157	159
otu1701	58	231	118
otu1702	29	226	33
otu1703	86	118	55
otu1704	67	70	52
otu1705	41	78	74
otu1706	52	74	42
otu1707	54	87	50
otu1708	103	221	141
otu1709	53	31	29
otu1710	35	76	40
otu1711	122	61	134
otu1712	18	62	53
otu1713	80	72	117
otu1714	25	86	64
otu1715	37	68	28
otu1716	12	119	80
otu1717	35	46	36
otu1718	69	152	51
otu1719	150	185	158
otu1720	33	154	95
otu1721	117	267	112
otu1722	74	160	48
otu1723	39	122	65
otu1724	128	179	141
otu1725	92	114	46
otu1726	173	101	150
otu1727	53	113	43
otu1728	96	117	52
otu1729	73	25	48
otu1730	70	30	42
otu1731	27	102	36
otu1732	62	45	37
otu1733	98	20	65
otu1734	57	57	79
otu1735	62	90	16
otu1736	81	40	66
otu1737	31	71	29
otu1738	48	69	47
otu1739	42	131	54
otu1740	69	276	117
otu1741	74	132	66
otu1742	221	108	163
otu1743	72	64	89
otu1744	79	194	147
otu1745	41	58	36
otu1746	43	34	33
otu1747	35	413	49
otu1748	40	33	42
otu1749	67	392	113
otu1750	48	58	41
otu1751	64	40	93
otu1752	39	57	35
otu1753	275	2	80
otu1754	40	50	33
otu1755	51	200	17
otu1756	26	170	13
otu1757	140	172	158
otu1758	472	0	0
otu1759	53	105	28
otu1760	24	93	32
otu1761	18	121	27
otu1762	68	262	145
otu1763	146	137	151
otu1764	74	111	38
otu1765	103	94	45
otu1766	84	134	87
otu1767	24	233	57
otu1768	22	145	65
otu1769	157	358	121
otu1770	47	78	68
otu1771	71	51	50
otu1772	40	98	30
otu1773	36	67	29
otu1774	89	43	56
otu1775	82	129	133
otu1776	72	101	74
otu1777	112	30	98
otu1778	43	82	53
otu1779	84	228	69
otu1780	110	108	128
otu1781	25	94	18
otu1782	95	135	153
otu1783	59	52	36
otu1784	137	109	118
otu1785	52	100	42
otu1786	39	100	60
otu1787	89	50	73
otu1788	79	96	76
otu1789	100	40	94
otu1790	44	236	62
otu1791	98	203	120
otu1792	6	287	49
otu1793	201	88	161
otu1794	6	90	23
otu1795	48	99	92
otu1796	69	108	141
otu1797	79	69	29
otu1798	26	73	28
otu1799	120	106	72
otu1800	51	98	68
otu1801	141	123	124
otu1802	21	76	21
otu1803	9	88	7
otu1804	73	101	62
otu1805	197	98	147
otu1806	9	31	36
otu1807	5	96	15
otu1808	97	27	34
otu1809	41	14	27
otu1810	87	161	108
otu1811	87	64	62
otu1812	52	68	60
otu1813	95	111	157
otu1814	198	75	147
otu1815	64	77	66
otu1816	111	43	42
otu1817	89	62	75
otu1818	114	136	139
otu1819	54	171	56
otu1820	52	105	68
otu1821	34	74	26
otu1822	113	51	54
otu1823	64	93	85
otu1824	17	75	11
otu1825	38	116	10
otu1826	27	90	46
otu1827	85	145	51
otu1828	120	142	131
otu1829	30	95	43
otu1830	43	81	90
otu1831	60	178	80
otu1832	201	96	144
otu1833	122	188	189
otu1834	77	102	59
otu1835	13	175	85
otu1836	50	40	45
otu1837	46	61	46
otu1838	35	112	28
otu1839	179	100	156
otu1840	237	10	136
otu1841	50	94	33
otu1842	82	56	66
otu1843	50	260	70
otu1844	28	14	38
otu1845	106	173	128
otu1846	61	147	94
otu1847	65	153	31
otu1848	107	42	97
otu1849	93	74	69
otu1850	63	63	88
otu1851	92	154	119
otu1852	43	285	88
otu1853	77	36	101
otu1854	73	70	61
otu1855	26	98	16
otu1856	93	91	93
otu1857	67	73	47
otu1858	82	129	115
otu1859	45	58	70
otu1860	27	28	30
otu1861	42	135	52
otu1862	90	63	46
otu1863	88	150	140
otu1864	35	304	35
otu1865	42	140	70
otu1866	11	78	20
otu1867	75	75	113
otu1868	94	135	131
otu1869	132	174	153
otu1870	53	237	75
otu1871	42	61	80
otu1872	72	225	112
otu1873	58	90	24
otu1874	29	67	57
otu1875	83	116	99
otu1876	36	63	46
otu1877	40	106	23
otu1878	54	45	63
otu1879	29	120	31
otu1880	76	65	58
otu1881	47	76	43
otu1882	44	88	51
otu1883	48	114	49
otu1884	87	78	41
otu1885	51	172	148
otu1886	50	132	82
otu1887	22	63	38
otu1888	20	97	51
otu1889	70	47	45
otu1890	70	56	74
otu1891	77	113	135
otu1892	45	112	52
otu1893	75	62	20
otu1894	126	154	112
otu1895	84	123	62
otu1896	8	20	5
otu1897	45	60	64
otu1898	107	99	123
otu1899	176	88	135
otu1900	68	57	36
otu1901	14	60	30
otu1902	18	56	39
otu1903	129	15	47
otu1904	49	203	89
otu1905	25	149	48
otu1906	68	93	79
otu1907	87	148	165
otu1908	52	56	73
otu1909	32	84	46
otu1910	100	9	454
otu1911	97	50	44
otu1912	34	107	9
otu1913	104	90	108
otu1914	123	119	132
otu1915	71	105	62
otu1916	63	133	27
otu1917	92	117	117
otu1918	96	121	114
otu1919	30	74	27
otu1920	30	60	35
otu1921	123	192	136
otu1922	24	21	21
otu1923	185	70	123
otu1924	21	39	22
otu1925	34	67	36
otu1926	79	254	64
otu1927	65	203	103
otu1928	19	82	63
otu1929	37	131	42
otu1930	22	378	14
otu1931	23	43	29
otu1932	11	70	51
otu1933	23	29	76
otu1934	27	13	18
otu1935	67	59	42
otu1936	70	113	51
otu1937	70	127	85
otu1938	22	254	98
otu1939	85	211	97
otu1940	79	39	38
otu1941	20	2	7
otu1942	75	135	107
otu1943	39	103	64
otu1944	23	67	27
otu1945	108	167	112
otu1946	12	124	12
otu1947	38	124	42
otu1948	177	91	123
otu1949	100	29	8
otu1950	36	85	25
otu1951	51	290	116
otu1952	52	66	20
otu1953	100	142	74
otu1954	104	96	155
otu1955	98	141	123
otu1956	81	136	93
otu1957	74	283	96
otu1958	14	80	60
otu1959	65	91	34
otu1960	61	226	71
otu1961	73	128	106
otu1962	44	82	41
otu1963	24	50	32
otu1964	46	52	37
otu1965	14	40	30
otu1966	3	9	13
otu1967	27	56	39
otu1968	62	165	78
otu1969	37	90	49
otu1970	55	65	32
otu1971	19	108	23
otu1972	42	75	35
otu1973	4	39	60
otu1974	150	242	102
otu1975	53	169	98
otu1976	11	49	21
otu1977	76	39	37
otu1978	33	70	18
otu1979	19	6	24
otu1980	72	172	71
otu1981	45	46	33
otu1982	105	33	66
otu1983	31	92	27
otu1984	46	41	21
otu1985	64	115	77
otu1986	53	92	75
otu1987	52	73	31
otu1988	15	169	42
otu1989	81	61	64
otu1990	96	129	115
otu1991	177	98	129
otu1992	25	92	49
otu1993	43	76	71
otu1994	32	37	52
otu1995	65	79	116
otu1996	65	36	52
otu1997	82	78	71
otu1998	63	80	93
otu1999	49	63	83
otu2000	48	89	46
otu2001	32	25	29
otu2002	31	93	45
otu2003	98	157	121
otu2004	75	38	51
otu2005	65	46	72
otu2006	12	26	29
otu2007	22	37	51
otu2008	154	87	126
otu2009	108	114	108
otu2010	19	104	133
otu2011	66	72	102
otu2012	119	17	44
otu2013	38	102	39
otu2014	24	143	41
otu2015	22	10	12
otu2016	17	104	45
otu2017	54	99	57
otu2018	99	137	154
otu2019	7	76	15
otu2020	12	161	47
otu2021	73	38	94
otu2022	13	108	44
otu2023	46	64	54
otu2024	18	26	9
otu2025	90	87	99
otu2026	38	40	54
otu2027	59	34	73
otu2028	80	74	83
otu2029	101	140	84
otu2030	14	127	24
otu2031	46	40	68
otu2032	121	142	40
otu2033	73	119	100
otu2034	120	116	100
otu2035	81	128	92
otu2036	35	59	63
otu2037	26	72	41
otu2038	38	104	62
otu2039	29	100	15
otu2040	29	67	33
otu2041	26	10	27
otu2042	38	106	59
otu2043	22	50	25
otu2044	31	78	25
otu2045	44	7	25
otu2046	21	38	22
otu2047	36	67	31
otu2048	56	146	83
otu2049	24	106	50
otu2050	14	25	23
otu2051	57	45	51
otu2052	14	61	20
otu2053	22	68	53
otu2054	85	17	55
otu2055	29	17	9
otu2056	37	76	34
otu2057	63	69	30
otu2058	19	112	29
otu2059	98	188	84
otu2060	43	176	89
otu2061	31	56	11
otu2062	84	41	30
otu2063	52	24	4
otu2064	29	276	41
otu2065	30	66	0
otu2066	9	57	87
otu2067	114	111	101
otu2068	13	54	40
otu2069	110	92	107
otu2070	79	97	133
otu2071	44	28	53
otu2072	137	77	134
otu2073	52	22	19
otu2074	155	94	117
otu2075	18	96	28
otu2076	26	27	39
otu2077	43	90	137
otu2078	66	119	99
otu2079	47	185	83
otu2080	55	133	55
otu2081	21	12	26
otu2082	33	247	46
otu2083	67	33	50
otu2084	27	76	24
otu2085	31	200	77
otu2086	121	76	75
otu2087	38	35	29
otu2088	204	13	79
otu2089	42	162	89
otu2090	13	50	20
otu2091	16	87	11
otu2092	49	34	86
otu2093	57	247	50
otu2094	19	109	20
otu2095	42	85	52
otu2096	42	25	59
otu2097	56	184	78
otu2098	23	10	13
otu2099	65	37	24
otu2100	16	91	34
otu2101	73	22	60
otu2102	20	15	26
otu2103	91	28	61
otu2104	34	89	32
otu2105	100	11	21
otu2106	10	86	39
otu2107	12	87	32
otu2108	148	81	106
otu2109	57	49	36
otu2110	15	35	90
otu2111	30	67	40
otu2112	14	76	20
otu2113	95	41	50
otu2114	103	58	72
otu2115	60	161	69
otu2116	85	7	18
otu2117	57	56	35
otu2118	7	138	43
otu2119	115	114	118
otu2120	121	67	124
otu2121	45	49	51
otu2122	6	13	14
otu2123	38	60	37
otu2124	18	58	19
otu2125	25	38	16
otu2126	42	72	48
otu2127	54	127	90
otu2128	65	23	65
otu2129	21	2	11
otu2130	80	105	63
otu2131	92	7	47
otu2132	46	91	29
otu2133	102	130	100
otu2134	33	89	44
otu2135	37	136	33
otu2136	76	81	84
otu2137	19	39	11
otu2138	46	67	88
otu2139	23	83	18
otu2140	4	88	47
otu2141	74	154	54
otu2142	43	58	17
otu2143	19	52	18
otu2144	78	26	58
otu2145	49	105	79
otu2146	113	84	98
otu2147	71	121	59
otu2148	148	73	125
otu2149	103	15	42
otu2150	65	61	86
otu2151	51	52	25
otu2152	21	9	84
otu2153	71	36	39
otu2154	13	62	8
otu2155	67	88	114
otu2156	23	14	12
otu2157	40	70	49
otu2158	21	4	11
otu2159	49	36	23
otu2160	83	162	78
otu2161	24	61	60
otu2162	53	25	28
otu2163	62	56	69
otu2164	53	98	27
otu2165	27	79	32
otu2166	15	49	7
otu2167	40	37	94
otu2168	92	88	73
otu2169	53	15	75
otu2170	54	61	43
otu2171	23	49	16
otu2172	45	173	63
otu2173	56	171	102
otu2174	28	86	54
otu2175	33	42	52
otu2176	32	39	67
otu2177	18	34	27
otu2178	5	60	112
otu2179	119	49	73
otu2180	32	15	9
otu2181	102	34	74
otu2182	43	38	30
otu2183	68	23	26
otu2184	90	36	82
otu2185	28	70	25
otu2186	71	32	69
otu2187	11	88	84
otu2188	77	130	97
otu2189	14	113	23
otu2190	21	35	18
otu2191	36	119	96
otu2192	84	43	95
otu2193	143	64	107
otu2194	15	124	175
otu2195	47	39	45
otu2196	45	120	80
otu2197	26	41	27
otu2198	71	41	100
otu2199	65	33	34
otu2200	32	39	28
otu2201	9	56	8
otu2202	4	19	71
otu2203	17	88	19
otu2204	38	97	38
otu2205	40	97	51
otu2206	90	93	80
otu2207	107	52	91
otu2208	24	60	44
otu2209	22	86	14
otu2210	52	61	81
otu2211	29	41	35
otu2212	98	109	118
otu2213	135	57	99
otu2214	15	41	12
otu2215	15	77	32
otu2216	58	129	56
otu2217	44	89	73
otu2218	22	97	25
otu2219	34	123	93
otu2220	39	56	37
otu2221	19	36	28
otu2222	30	53	34
otu2223	19	21	16
otu2224	51	118	84
otu2225	33	22	25
otu2226	49	42	68
otu2227	139	72	105
otu2228	116	65	94
otu2229	48	48	27
otu2230	13	90	5
otu2231	45	97	78
otu2232	28	29	30
otu2233	65	85	86
otu2234	72	32	67
otu2235	135	53	83
otu2236	33	75	15
otu2237	22	69	34
otu2238	42	34	45
otu2239	58	48	41
otu2240	40	38	42
otu2241	51	68	30
otu2242	28	54	27
otu2243	17	36	17
otu2244	41	34	65
otu2245	151	4	78
otu2246	58	24	45
otu2247	20	98	7
otu2248	39	36	25
otu2249	41	43	49
otu2250	17	106	34
otu2251	74	147	57
otu2252	27	65	20
otu2253	40	67	76
otu2254	38	68	24
otu2255	59	26	38
otu2256	20	41	15
otu2257	14	119	27
otu2258	21	31	28
otu2259	8	28	21
otu2260	19	16	51
otu2261	21	57	24
otu2262	45	118	42
otu2263	77	64	76
otu2264	33	73	34
otu2265	43	93	78
otu2266	55	80	49
otu2267	68	15	157
otu2268	101	16	34
otu2269	43	80	63
otu2270	48	57	91
otu2271	30	89	17
otu2272	92	86	91
otu2273	26	64	53
otu2274	26	40	36
otu2275	29	56	36
otu2276	15	135	20
otu2277	18	48	26
otu2278	47	23	42
otu2279	52	36	64
otu2280	18	42	28
otu2281	114	15	31
otu2282	81	65	85
otu2283	10	37	11
otu2284	46	68	90
otu2285	53	75	94
otu2286	24	102	48
otu2287	58	44	35
otu2288	49	34	27
otu2289	46	35	56
otu2290	26	50	31
otu2291	103	76	90
otu2292	107	75	86
otu2293	21	95	22
otu2294	58	32	46
otu2295	14	27	27
otu2296	35	35	46
otu2297	89	35	92
otu2298	15	4	30
otu2299	57	57	31
otu2300	36	26	25
otu2301	11	36	36
otu2302	29	46	25
otu2303	55	11	62
otu2304	78	98	61
otu2305	18	120	39
otu2306	64	124	27
otu2307	38	94	18
otu2308	39	35	74
otu2309	41	47	17
otu2310	23	87	36
otu2311	13	28	14
otu2312	25	42	38
otu2313	55	60	43
otu2314	0	16	0
otu2315	22	32	16
otu2316	108	95	96
otu2317	13	44	19
otu2318	35	52	9
otu2319	25	21	24
otu2320	114	18	41
otu2321	52	27	49
otu2322	5	153	11
otu2323	14	48	48
otu2324	24	29	39
otu2325	16	63	58
otu2326	90	42	129
otu2327	67	24	41
otu2328	49	23	24
otu2329	35	45	28
otu2330	56	53	60
otu2331	49	67	38
otu2332	29	43	15
otu2333	56	117	80
otu2334	18	41	19
otu2335	14	54	11
otu2336	99	7	384
otu2337	55	5	21
otu2338	22	76	38
otu2339	14	84	4
otu2340	38	165	61
otu2341	31	105	25
otu2342	17	51	26
otu2343	35	45	32
otu2344	33	52	68
otu2345	51	52	78
otu2346	16	49	18
otu2347	34	62	34
otu2348	170	1	58
otu2349	56	53	53
otu2350	10	18	47
otu2351	12	39	16
otu2352	57	22	79
otu2353	81	71	72
otu2354	60	112	44
otu2355	26	95	23
otu2356	49	161	74
otu2357	53	41	77
otu2358	36	70	36
otu2359	96	71	69
otu2360	60	46	71
otu2361	16	36	25
otu2362	86	72	86
otu2363	49	30	20
otu2364	32	38	19
otu2365	34	39	64
otu2366	21	7	25
otu2367	32	46	28
otu2368	25	32	23
otu2369	3	99	36
otu2370	12	38	12
otu2371	83	38	78
otu2372	10	98	57
otu2373	82	33	19
otu2374	36	50	22
otu2375	15	43	17
otu2376	20	81	21
otu2377	11	69	12
otu2378	127	51	91
otu2379	40	68	49
otu2380	14	46	12
otu2381	55	6	55
otu2382	30	44	8
otu2383	17	101	28
otu2384	6	48	0
otu2385	27	91	25
otu2386	39	69	41
otu2387	7	43	34
otu2388	18	30	45
otu2389	113	47	90
otu2390	15	61	19
otu2391	109	55	84
otu2392	95	51	65
otu2393	115	49	79
otu2394	49	45	22
otu2395	18	34	18
otu2396	137	51	86
otu2397	7	60	15
otu2398	16	47	20
otu2399	20	42	25
otu2400	13	36	41
otu2401	77	52	63
otu2402	13	57	11
otu2403	17	31	8
otu2404	25	144	27
otu2405	80	97	74
otu2406	35	65	14
otu2407	42	22	39
otu2408	120	54	90
otu2409	14	8	12
otu2410	61	74	65
otu2411	58	50	45
otu2412	16	40	14
otu2413	25	90	30
otu2414	22	43	45
otu2415	32	71	2
otu2416	43	32	32
otu2417	37	19	71
otu2418	31	80	41
otu2419	36	99	77
otu2420	18	51	24
otu2421	36	44	55
otu2422	37	11	110
otu2423	18	38	16
otu2424	40	138	52
otu2425	31	83	19
otu2426	14	58	30
otu2427	29	93	25
otu2428	11	40	6
otu2429	30	72	54
otu2430	29	84	16
otu2431	99	47	67
otu2432	13	49	10
otu2433	12	28	3
otu2434	32	52	34
otu2435	10	0	3
otu2436	13	39	13
otu2437	68	41	40
otu2438	54	104	75
otu2439	18	67	20
otu2440	69	53	77
otu2441	51	56	81
otu2442	30	88	69
otu2443	18	40	10
otu2444	23	31	37
otu2445	130	45	77
otu2446	11	74	18
otu2447	22	31	36
otu2448	25	54	10
otu2449	31	22	64
otu2450	31	74	40
otu2451	75	25	64
otu2452	115	53	83
otu2453	13	62	35
otu2454	9	8	16
otu2455	40	38	34
otu2456	69	75	96
otu2457	74	14	48
otu2458	19	54	18
otu2459	55	50	48
otu2460	17	40	17
otu2461	28	26	34
otu2462	67	49	61
otu2463	46	74	49
otu2464	6	84	21
otu2465	28	22	20
otu2466	15	32	17
otu2467	32	52	95
otu2468	28	86	74
otu2469	19	9	5
otu2470	11	30	13
otu2471	26	48	25
otu2472	106	51	78
otu2473	48	30	17
otu2474	52	79	56
otu2475	0	12	71
otu2476	22	55	29
otu2477	54	19	26
otu2478	58	37	20
otu2479	70	8	31
otu2480	8	6	10
otu2481	49	39	57
otu2482	55	119	72
otu2483	78	65	65
otu2484	14	35	14
otu2485	30	41	30
otu2486	21	107	23
otu2487	43	19	35
otu2488	26	14	15
otu2489	7	21	19
otu2490	69	37	84
otu2491	20	45	3
otu2492	27	191	24
otu2493	13	10	6
otu2494	105	51	79
otu2495	14	34	19
otu2496	8	34	14
otu2497	10	31	15
otu2498	0	59	9
otu2499	41	25	18
otu2500	22	32	11
otu2501	25	75	39
otu2502	23	29	33
otu2503	38	95	36
otu2504	30	31	21
otu2505	60	45	32
otu2506	33	59	24
otu2507	43	61	40
otu2508	25	40	18
otu2509	25	57	50
otu2510	51	15	19
otu2511	57	10	38
otu2512	27	40	16
otu2513	108	31	62
otu2514	2	16	75
otu2515	14	52	5
otu2516	42	42	10
otu2517	32	84	75
otu2518	80	72	80
otu2519	34	95	70
otu2520	33	38	38
otu2521	46	6	46
otu2522	3	72	16
otu2523	55	42	35
otu2524	10	28	12
otu2525	45	29	20
otu2526	5	48	25
otu2527	40	70	34
otu2528	3	81	6
otu2529	48	18	41
otu2530	13	68	59
otu2531	25	63	52
otu2532	14	59	78
otu2533	32	83	73
otu2534	26	44	37
otu2535	28	54	29
otu2536	24	89	64
otu2537	33	35	61
otu2538	50	65	45
otu2539	12	29	10
otu2540	20	32	40
otu2541	35	92	25
otu2542	2	34	41
otu2543	24	24	17
otu2544	28	77	54
otu2545	21	38	21
otu2546	7	16	31
otu2547	46	52	80
otu2548	127	14	58
otu2549	33	13	12
otu2550	25	22	53
otu2551	111	48	80
otu2552	45	70	18
otu2553	77	0	37
otu2554	46	121	40
otu2555	111	47	82
otu2556	36	62	57
otu2557	27	28	43
otu2558	18	47	24
otu2559	86	46	73
otu2560	13	70	21
otu2561	48	32	61
otu2562	41	11	19
otu2563	19	31	12
otu2564	86	55	80
otu2565	8	57	67
otu2566	83	37	52
otu2567	29	38	56
otu2568	24	83	31
otu2569	26	27	25
otu2570	39	6	33
otu2571	7	31	11
otu2572	46	27	31
otu2573	49	64	41
otu2574	33	85	32
otu2575	27	60	19
otu2576	12	61	15
otu2577	10	25	13
otu2578	54	31	44
otu2579	23	44	39
otu2580	12	25	8
otu2581	36	106	45
otu2582	30	99	64
otu2583	47	15	29
otu2584	22	44	39
otu2585	57	31	97
otu2586	51	28	84
otu2587	30	57	24
otu2588	54	104	81
otu2589	6	215	12
otu2590	5	6	109
otu2591	4	75	17
otu2592	34	91	14
otu2593	92	52	59
otu2594	40	20	23
otu2595	31	42	5
otu2596	11	81	98
otu2597	77	41	48
otu2598	44	43	56
otu2599	19	12	29
otu2600	83	50	75
otu2601	24	96	28
otu2602	36	24	26
otu2603	16	34	45
otu2604	27	40	45
otu2605	22	22	14
otu2606	32	148	29
otu2607	20	104	111
otu2608	11	0	24
otu2609	14	71	29
otu2610	50	123	58
otu2611	58	49	54
otu2612	60	92	75
otu2613	33	115	29
otu2614	60	26	30
otu2615	26	22	20
otu2616	110	34	48
otu2617	64	36	47
otu2618	48	28	66
otu2619	20	24	13
otu2620	29	75	43
otu2621	64	47	25
otu2622	66	17	41
otu2623	8	51	106
otu2624	102	54	60
otu2625	77	52	65
otu2626	17	25	40
otu2627	7	22	14
otu2628	3	7	0
otu2629	25	14	50
otu2630	47	33	16
otu2631	46	84	35
otu2632	70	90	66
otu2633	35	0	11
otu2634	23	11	28
otu2635	42	13	56
otu2636	28	88	49
otu2637	17	79	37
otu2638	35	3	10
otu2639	15	2	13
otu2640	47	67	38
otu2641	71	57	20
otu2642	31	28	32
otu2643	0	25	14
otu2644	28	129	26
otu2645	16	4	13
otu2646	26	40	34
otu2647	21	17	28
otu2648	8	52	0
otu2649	40	47	44
otu2650	75	46	69
otu2651	10	64	30
otu2652	16	24	56
otu2653	63	64	47
otu2654	12	41	29
otu2655	23	63	58
otu2656	44	28	39
otu2657	16	43	31
otu2658	3	52	11
otu2659	14	44	23
otu2660	26	24	14
otu2661	45	6	40
otu2662	45	102	63
otu2663	79	41	65
otu2664	13	48	21
otu2665	101	43	41
otu2666	21	34	45
otu2667	36	31	39
otu2668	11	42	29
otu2669	101	46	64
otu2670	9	3	3
otu2671	25	49	16
otu2672	36	30	21
otu2673	13	25	26
otu2674	22	35	19
otu2675	18	30	2
otu2676	12	78	24
otu2677	55	148	48
otu2678	23	55	17
otu2679	23	29	26
otu2680	3	32	27
otu2681	17	39	40
otu2682	17	41	27
otu2683	30	82	64
otu2684	1	9	19
otu2685	2	65	32
otu2686	80	53	64
otu2687	49	66	45
otu2688	89	47	66
otu2689	89	31	61
otu2690	9	14	6
otu2691	40	91	50
otu2692	36	70	49
otu2693	26	22	13
otu2694	53	16	37
otu2695	28	62	22
otu2696	72	0	14
otu2697	18	22	15
otu2698	46	65	33
otu2699	31	131	44
otu2700	93	45	78
otu2701	9	106	11
otu2702	18	59	18
otu2703	51	33	36
otu2704	32	29	37
otu2705	44	31	39
otu2706	18	50	23
otu2707	20	18	5
otu2708	59	31	49
otu2709	15	33	13
otu2710	35	37	21
otu2711	59	31	85
otu2712	29	105	59
otu2713	19	142	23
otu2714	40	71	60
otu2715	7	39	15
otu2716	28	37	47
otu2717	22	18	24
otu2718	51	18	25
otu2719	70	11	15
otu2720	12	76	5
otu2721	16	33	19
otu2722	15	83	28
otu2723	14	49	14
otu2724	63	39	43
otu2725	10	29	16
otu2726	14	11	9
otu2727	88	31	62
otu2728	86	35	63
otu2729	16	67	10
otu2730	22	24	18
otu2731	5	54	15
otu2732	45	97	63
otu2733	86	32	59
otu2734	19	30	8
otu2735	62	20	46
otu2736	11	0	3
otu2737	13	19	32
otu2738	12	29	10
otu2739	16	84	35
otu2740	14	35	11
otu2741	18	40	15
otu2742	32	28	6
otu2743	95	38	69
otu2744	16	25	17
otu2745	20	172	11
otu2746	28	25	26
otu2747	25	25	27
otu2748	16	12	23
otu2749	10	3	4
otu2750	57	31	28
otu2751	89	45	55
otu2752	15	57	25
otu2753	3	28	7
otu2754	43	40	28
otu2755	23	21	15
otu2756	6	24	61
otu2757	88	43	72
otu2758	23	30	20
otu2759	102	0	45
otu2760	22	176	22
otu2761	42	23	16
otu2762	69	40	63
otu2763	31	35	54
otu2764	9	20	11
otu2765	15	23	36
otu2766	7	6	11
otu2767	4	42	25
otu2768	33	32	50
otu2769	76	37	50
otu2770	21	70	18
otu2771	13	80	9
otu2772	5	20	13
otu2773	12	16	10
otu2774	21	66	41
otu2775	43	82	65
otu2776	27	13	36
otu2777	65	77	64
otu2778	35	0	6
otu2779	47	60	32
otu2780	16	28	23
otu2781	26	47	35
otu2782	17	9	13
otu2783	3	36	7
otu2784	16	9	11
otu2785	12	85	16
otu2786	26	17	25
otu2787	55	84	75
otu2788	8	83	16
otu2789	11	31	45
otu2790	13	82	20
otu2791	38	31	43
otu2792	24	44	45
otu2793	18	23	22
otu2794	8	121	17
otu2795	43	7	12
otu2796	46	42	35
otu2797	78	40	53
otu2798	62	125	43
otu2799	29	51	45
otu2800	6	42	0
otu2801	78	50	53
otu2802	46	26	28
otu2803	28	57	41
otu2804	72	136	35
otu2805	6	55	0
otu2806	16	90	44
otu2807	19	25	9
otu2808	18	64	6
otu2809	50	48	70
otu2810	56	0	35
otu2811	0	0	0
otu2812	16	25	24
otu2813	14	30	20
otu2814	70	60	50
otu2815	56	40	35
otu2816	78	34	51
otu2817	6	16	13
otu2818	42	21	41
otu2819	53	122	59
otu2820	21	64	25
otu2821	20	73	25
otu2822	78	33	68
otu2823	28	34	33
otu2824	22	9	36
otu2825	54	47	51
otu2826	21	11	26
otu2827	33	21	39
otu2828	0	5	0
otu2829	23	35	35
otu2830	21	25	29
otu2831	35	30	70
otu2832	52	10	14
otu2833	38	52	20
otu2834	27	49	14
otu2835	3	49	3
otu2836	13	58	0
otu2837	28	52	17
otu2838	23	40	10
otu2839	6	22	5
otu2840	37	29	27
otu2841	36	51	40
otu2842	11	148	13
otu2843	56	42	49
otu2844	10	90	17
otu2845	13	34	7
otu2846	10	19	8
otu2847	11	36	40
otu2848	25	46	23
otu2849	18	48	21
otu2850	24	21	55
otu2851	11	47	14
otu2852	25	56	34
otu2853	38	18	23
otu2854	37	49	22
otu2855	82	37	61
otu2856	11	24	27
otu2857	32	41	20
otu2858	48	82	62
otu2859	4	53	18
otu2860	53	6	11
otu2861	7	0	10
otu2862	0	50	6
otu2863	6	44	9
otu2864	12	31	24
otu2865	17	16	32
otu2866	28	0	15
otu2867	26	33	23
otu2868	19	33	22
otu2869	40	32	14
otu2870	13	88	16
otu2871	47	14	42
otu2872	41	67	58
otu2873	0	58	3
otu2874	27	15	23
otu2875	49	63	74
otu2876	8	9	2
otu2877	40	14	13
otu2878	14	144	19
otu2879	62	59	51
otu2880	17	17	21
otu2881	10	26	14
otu2882	28	54	37
otu2883	62	25	65
otu2884	85	14	13
otu2885	17	65	17
otu2886	22	52	23
otu2887	32	70	27
otu2888	48	36	39
otu2889	25	18	7
otu2890	6	52	25
otu2891	20	31	29
otu2892	11	24	30
otu2893	11	17	13
otu2894	6	51	3
otu2895	45	23	53
otu2896	37	51	5
otu2897	12	45	3
otu2898	55	36	34
otu2899	14	42	16
otu2900	8	34	39
otu2901	15	32	15
otu2902	10	37	23
otu2903	67	40	63
otu2904	12	17	17
otu2905	51	73	68
otu2906	35	74	11
otu2907	10	36	25
otu2908	4	70	3
otu2909	12	36	14
otu2910	22	0	18
otu2911	31	77	42
otu2912	69	54	43
otu2913	13	42	25
otu2914	15	18	23
otu2915	2	25	7
otu2916	13	53	11
otu2917	77	43	57
otu2918	13	64	16
otu2919	25	24	20
otu2920	0	41	8
otu2921	61	89	32
otu2922	0	8	6
otu2923	19	18	20
otu2924	8	0	0
otu2925	25	16	39
otu2926	32	69	10
otu2927	13	28	8
otu2928	9	17	9
otu2929	23	0	11
otu2930	25	23	26
otu2931	19	31	2
otu2932	55	36	38
otu2933	0	54	3
otu2934	53	20	62
otu2935	5	40	2
otu2936	42	3	35
otu2937	24	36	27
otu2938	39	40	6
otu2939	4	32	10
otu2940	21	5	12
otu2941	18	30	11
otu2942	49	74	55
otu2943	34	97	20
otu2944	19	32	26
otu2945	19	33	10
otu2946	40	47	61
otu2947	9	25	16
otu2948	3	30	20
otu2949	37	23	40
otu2950	7	7	16
otu2951	38	45	27
otu2952	0	49	6
otu2953	62	20	46
otu2954	44	9	30
otu2955	11	68	21
otu2956	12	12	19
otu2957	6	103	20
otu2958	38	54	27
otu2959	12	9	20
otu2960	25	58	41
otu2961	63	27	45
otu2962	10	61	12
otu2963	28	10	53
otu2964	50	17	35
otu2965	0	67	0
otu2966	0	47	0
otu2967	16	24	17
otu2968	20	63	39
otu2969	70	43	48
otu2970	52	29	41
otu2971	29	26	21
otu2972	37	61	14
otu2973	17	13	13
otu2974	57	32	55
otu2975	29	24	34
otu2976	15	37	32
otu2977	15	64	10
otu2978	30	13	39
otu2979	73	32	48
otu2980	63	33	28
otu2981	0	24	27
otu2982	0	61	4
otu2983	76	42	35
otu2984	19	29	36
otu2985	10	15	16
otu2986	7	2	5
otu2987	17	21	9
otu2988	46	63	55
otu2989	33	30	4
otu2990	53	27	39
otu2991	18	20	15
otu2992	19	48	37
otu2993	16	36	19
otu2994	81	29	58
otu2995	28	7	25
otu2996	2	0	0
otu2997	60	6	8
otu2998	74	30	50
otu2999	68	29	38
otu3000	27	16	35
otu3001	42	21	38
otu3002	0	44	3
otu3003	0	0	0
otu3004	39	3	24
otu3005	70	29	57
otu3006	29	16	18
otu3007	53	7	33
otu3008	31	44	17
otu3009	24	39	32
otu3010	5	27	10
otu3011	39	97	44
otu3012	51	29	41
otu3013	59	37	54
otu3014	36	64	62
otu3015	20	21	0
otu3016	10	5	14
otu3017	11	50	8
otu3018	93	22	58
otu3019	25	10	23
otu3020	52	88	45
otu3021	40	34	21
otu3022	17	37	22
otu3023	15	37	13
otu3024	6	26	1
otu3025	6	10	29
otu3026	19	38	14
otu3027	5	44	14
otu3028	9	78	68
otu3029	28	25	24
otu3030	58	24	37
otu3031	48	3	30
otu3032	30	28	14
otu3033	24	22	28
otu3034	32	21	37
otu3035	66	37	42
otu3036	0	140	7
otu3037	5	16	24
otu3038	5	13	13
otu3039	7	4	6
otu3040	8	4	10
otu3041	16	16	14
otu3042	47	28	44
otu3043	6	107	32
otu3044	3	67	4
otu3045	43	42	60
otu3046	15	14	15
otu3047	33	23	30
otu3048	0	50	4
otu3049	19	29	29
otu3050	14	37	8
otu3051	26	62	45
otu3052	27	29	6
otu3053	8	7	5
otu3054	43	39	43
otu3055	33	81	48
otu3056	0	49	4
otu3057	0	7	8
otu3058	57	40	44
otu3059	50	18	54
otu3060	9	18	51
otu3061	12	115	14
otu3062	20	51	33
otu3063	53	47	43
otu3064	55	28	43
otu3065	10	23	16
otu3066	35	57	49
otu3067	5	29	22
otu3068	11	47	9
otu3069	9	15	14
otu3070	42	69	49
otu3071	11	29	18
otu3072	42	33	44
otu3073	10	5	31
otu3074	24	11	26
otu3075	65	30	32
otu3076	62	26	55
otu3077	37	3	17
otu3078	15	21	4
otu3079	7	22	6
otu3080	15	8	2
otu3081	20	49	27
otu3082	9	28	12
otu3083	60	31	55
otu3084	23	5	34
otu3085	10	33	33
otu3086	61	27	52
otu3087	12	22	16
otu3088	1	21	4
otu3089	66	39	41
otu3090	25	93	22
otu3091	14	23	0
otu3092	3	34	15
otu3093	18	25	26
otu3094	6	61	3
otu3095	14	27	25
otu3096	9	6	0
otu3097	20	68	36
otu3098	39	71	47
otu3099	2	65	5
otu3100	2	16	12
otu3101	36	0	8
otu3102	27	45	16
otu3103	42	70	37
otu3104	18	17	15
otu3105	20	53	21
otu3106	3	17	5
otu3107	28	66	18
otu3108	2	4	4
otu3109	13	3	0
otu3110	25	13	12
otu3111	29	17	20
otu3112	10	15	5
otu3113	8	3	0
otu3114	10	40	8
otu3115	16	41	27
otu3116	5	69	12
otu3117	46	3	22
otu3118	21	29	21
otu3119	39	6	38
otu3120	67	28	55
otu3121	37	31	28
otu3122	62	35	51
otu3123	55	27	42
otu3124	41	66	42
otu3125	6	58	8
otu3126	34	26	18
otu3127	23	26	7
otu3128	23	25	7
otu3129	20	40	25
otu3130	15	15	13
otu3131	22	14	57
otu3132	3	7	17
otu3133	40	15	35
otu3134	5	21	11
otu3135	34	27	41
otu3136	68	26	45
otu3137	68	32	19
otu3138	13	65	29
otu3139	61	24	50
otu3140	53	7	13
otu3141	8	1	33
otu3142	40	33	35
otu3143	41	25	21
otu3144	12	5	6
otu3145	26	17	7
otu3146	16	28	10
otu3147	20	26	22
otu3148	43	30	45
otu3149	17	9	12
otu3150	6	3	0
otu3151	0	44	5
otu3152	31	68	40
otu3153	23	23	19
otu3154	19	58	25
otu3155	7	39	8
otu3156	40	6	34
otu3157	0	289	0
otu3158	39	91	22
otu3159	36	55	35
otu3160	44	31	47
otu3161	50	29	41
otu3162	13	26	26
otu3163	13	4	22
otu3164	11	76	21
otu3165	15	25	26
otu3166	8	22	18
otu3167	31	18	13
otu3168	54	38	55
otu3169	12	50	10
otu3170	9	53	2
otu3171	17	26	34
otu3172	7	0	4
otu3173	20	19	33
otu3174	39	46	61
otu3175	62	29	38
otu3176	67	27	49
otu3177	16	11	8
otu3178	12	17	14
otu3179	43	4	29
otu3180	4	9	26
otu3181	12	27	21
otu3182	34	2	14
otu3183	10	15	13
otu3184	10	34	17
otu3185	8	0	2
otu3186	10	0	11
otu3187	55	23	46
otu3188	54	19	54
otu3189	2	8	10
otu3190	60	36	34
otu3191	62	28	46
otu3192	16	14	13
otu3193	65	3	19
otu3194	47	16	28
otu3195	21	81	21
otu3196	0	52	0
otu3197	40	9	34
otu3198	18	18	12
otu3199	0	106	6
otu3200	22	25	12
otu3201	53	34	42
otu3202	64	31	39
otu3203	7	3	47
otu3204	4	6	23
otu3205	18	6	35
otu3206	10	20	11
otu3207	21	10	33
otu3208	12	44	5
otu3209	4	0	3
otu3210	40	52	60
otu3211	34	60	18
otu3212	18	25	24
otu3213	32	25	22
otu3214	30	12	11
otu3215	8	48	26
otu3216	27	11	0
otu3217	8	26	3
otu3218	4	10	0
otu3219	63	34	52
otu3220	16	27	3
otu3221	14	8	5
otu3222	9	3	6
otu3223	55	21	38
otu3224	62	26	50
otu3225	77	23	32
otu3226	54	33	38
otu3227	56	33	39
otu3228	0	42	4
otu3229	23	10	27
otu3230	13	20	11
otu3231	49	23	22
otu3232	54	39	36
otu3233	0	140	3
otu3234	30	17	13
otu3235	14	9	17
otu3236	45	15	15
otu3237	0	43	3
otu3238	30	23	32
otu3239	10	16	20
otu3240	14	32	32
otu3241	29	23	19
otu3242	8	10	11
otu3243	14	17	12
otu3244	9	34	16
otu3245	19	42	21
otu3246	5	5	7
otu3247	15	8	4
otu3248	25	0	0
otu3249	0	0	0
otu3250	2	9	0
otu3251	13	81	18
otu3252	8	26	11
otu3253	55	28	40
otu3254	15	22	19
otu3255	0	38	3
otu3256	30	0	25
otu3257	18	7	7
otu3258	0	56	36
otu3259	7	29	7
otu3260	8	2	5
otu3261	12	41	10
otu3262	36	14	52
otu3263	42	19	51
otu3264	12	3	13
otu3265	12	19	8
otu3266	6	53	6
otu3267	7	12	17
otu3268	11	7	9
otu3269	24	35	39
otu3270	37	55	42
otu3271	29	59	41
otu3272	26	23	28
otu3273	5	13	20
otu3274	8	144	15
otu3275	9	7	31
otu3276	22	42	25
otu3277	27	34	15
otu3278	56	35	39
otu3279	59	27	45
otu3280	22	22	18
otu3281	6	0	38
otu3282	5	44	11
otu3283	20	70	27
otu3284	32	51	30
otu3285	2	46	25
otu3286	5	3	9
otu3287	14	18	10
otu3288	5	29	2
otu3289	7	2	12
otu3290	23	51	42
otu3291	3	8	16
otu3292	5	35	22
otu3293	22	36	22
otu3294	9	23	2
otu3295	7	12	12
otu3296	3	26	2
otu3297	44	0	31
otu3298	44	0	33
otu3299	14	15	7
otu3300	46	29	37
otu3301	56	23	35
otu3302	18	27	23
otu3303	7	32	0
otu3304	26	9	22
otu3305	0	37	8
otu3306	42	9	11
otu3307	18	34	17
otu3308	10	22	11
otu3309	41	24	11
otu3310	1	7	8
otu3311	10	40	12
otu3312	29	8	13
otu3313	7	7	24
otu3314	0	39	12
otu3315	59	22	45
otu3316	64	32	45
otu3317	12	23	31
otu3318	8	13	7
otu3319	36	14	16
otu3320	13	41	16
otu3321	16	16	37
otu3322	8	33	14
otu3323	15	11	10
otu3324	46	32	33
otu3325	62	25	49
otu3326	15	50	6
otu3327	24	63	28
otu3328	16	21	12
otu3329	13	45	22
otu3330	9	2	18
otu3331	11	8	11
otu3332	35	7	14
otu3333	21	25	14
otu3334	3	39	28
otu3335	22	28	31
otu3336	12	3	9
otu3337	5	99	13
otu3338	16	22	3
otu3339	2	40	32
otu3340	11	29	32
otu3341	67	18	43
otu3342	8	40	5
otu3343	8	5	13
otu3344	16	29	30
otu3345	17	25	28
otu3346	14	26	6
otu3347	14	10	8
otu3348	44	28	35
otu3349	10	31	29
otu3350	9	0	0
otu3351	28	29	45
otu3352	36	0	31
otu3353	11	34	21
otu3354	19	20	60
otu3355	44	19	32
otu3356	23	43	38
otu3357	59	21	54
otu3358	26	52	21
otu3359	10	74	4
otu3360	11	23	19
otu3361	10	12	17
otu3362	58	20	38
otu3363	27	52	35
otu3364	10	24	23
otu3365	10	12	17
otu3366	11	43	28
otu3367	38	0	11
otu3368	46	3	29
otu3369	37	69	33
otu3370	107	0	0
otu3371	7	11	10
otu3372	13	29	17
otu3373	16	76	29
otu3374	3	27	0
otu3375	17	16	17
otu3376	12	7	7
otu3377	57	25	43
otu3378	41	32	36
otu3379	7	36	23
otu3380	40	53	13
otu3381	25	21	14
otu3382	11	26	23
otu3383	5	0	13
otu3384	10	15	14
otu3385	8	2	5
otu3386	10	2	3
otu3387	54	22	29
otu3388	61	26	41
otu3389	49	27	37
otu3390	62	23	44
otu3391	17	15	13
otu3392	11	12	8
otu3393	51	31	30
otu3394	7	72	18
otu3395	27	5	20
otu3396	50	22	34
otu3397	3	31	0
otu3398	56	26	44
otu3399	58	28	43
otu3400	55	25	41
otu3401	38	27	40
otu3402	52	28	36
otu3403	60	28	45
otu3404	36	3	29
otu3405	24	12	16
otu3406	13	9	20
otu3407	30	10	11
otu3408	10	12	14
otu3409	5	0	2
otu3410	4	0	3
otu3411	7	62	4
otu3412	43	48	32
otu3413	58	22	42
otu3414	56	27	43
otu3415	4	18	13
otu3416	5	3	0
otu3417	35	3	21
otu3418	48	54	21
otu3419	9	67	7
otu3420	17	10	3
otu3421	8	27	20
otu3422	41	0	0
otu3423	14	8	9
otu3424	59	24	40
otu3425	5	7	8
otu3426	29	24	39
otu3427	14	10	30
otu3428	18	80	20
otu3429	6	5	2
otu3430	0	5	8
otu3431	13	21	7
otu3432	7	60	21
otu3433	65	28	32
otu3434	26	60	29
otu3435	49	29	44
otu3436	14	23	2
otu3437	42	0	26
otu3438	2	17	8
otu3439	39	0	7
otu3440	40	19	12
otu3441	23	15	38
otu3442	46	21	43
otu3443	59	28	40
otu3444	35	23	34
otu3445	24	12	24
otu3446	59	0	7
otu3447	4	4	6
otu3448	31	17	43
otu3449	4	31	24
otu3450	29	40	28
otu3451	35	22	20
otu3452	18	40	5
otu3453	27	36	31
otu3454	13	25	19
otu3455	27	4	22
otu3456	6	29	16
otu3457	8	2	11
otu3458	55	25	38
otu3459	45	2	10
otu3460	6	19	7
otu3461	9	17	4
otu3462	37	18	35
otu3463	9	22	13
otu3464	50	34	43
otu3465	19	44	29
otu3466	48	23	45
otu3467	17	11	25
otu3468	15	13	13
otu3469	58	20	40
otu3470	10	8	6
otu3471	7	7	7
otu3472	52	27	44
otu3473	51	26	39
otu3474	58	21	40
otu3475	6	21	11
otu3476	9	70	5
otu3477	23	13	16
otu3478	36	17	17
otu3479	9	28	7
otu3480	5	44	13
otu3481	28	22	47
otu3482	39	4	19
otu3483	38	25	12
otu3484	45	25	41
otu3485	7	81	5
otu3486	21	21	12
otu3487	23	14	32
otu3488	4	3	8
otu3489	0	124	0
otu3490	10	12	4
otu3491	11	20	10
otu3492	26	14	9
otu3493	35	0	14
otu3494	25	33	11
otu3495	26	20	28
otu3496	47	0	14
otu3497	41	4	8
otu3498	18	21	50
otu3499	14	40	13
otu3500	15	18	21
otu3501	7	20	3
otu3502	6	20	7
otu3503	35	18	9
otu3504	3	8	32
otu3505	8	49	7
otu3506	39	74	24
otu3507	0	26	11
otu3508	8	0	4
otu3509	9	2	6
otu3510	51	27	39
otu3511	20	11	63
otu3512	48	20	55
otu3513	16	66	22
otu3514	4	11	0
otu3515	16	18	11
otu3516	5	0	4
otu3517	6	40	19
otu3518	5	11	5
otu3519	7	52	8
otu3520	47	26	38
otu3521	53	26	31
otu3522	54	20	35
otu3523	7	66	14
otu3524	23	12	18
otu3525	7	0	6
otu3526	35	34	31
otu3527	8	23	12
otu3528	64	0	22
otu3529	6	27	4
otu3530	53	24	38
otu3531	4	3	9
otu3532	39	24	45
otu3533	41	25	28
otu3534	13	7	8
otu3535	14	25	17
otu3536	3	7	2
otu3537	46	32	30
otu3538	8	12	4
otu3539	24	9	15
otu3540	0	15	5
otu3541	0	3	4
otu3542	47	0	9
otu3543	54	24	30
otu3544	9	0	4
otu3545	32	12	15
otu3546	32	0	5
otu3547	5	32	8
otu3548	24	45	5
otu3549	2	28	3
otu3550	15	9	27
otu3551	3	52	3
otu3552	20	48	41
otu3553	52	27	33
otu3554	0	68	28
otu3555	8	15	8
otu3556	8	24	23
otu3557	23	9	18
otu3558	0	16	9
otu3559	4	27	4
otu3560	2	52	10
otu3561	56	25	40
otu3562	15	11	28
otu3563	25	16	33
otu3564	0	29	15
otu3565	23	15	8
otu3566	6	6	5
otu3567	10	9	7
otu3568	62	0	22
otu3569	53	27	32
otu3570	8	32	35
otu3571	2	17	32
otu3572	4	20	22
otu3573	34	82	33
otu3574	24	16	20
otu3575	41	0	9
otu3576	5	34	15
otu3577	8	25	13
otu3578	0	29	150
otu3579	17	3	0
otu3580	11	13	13
otu3581	43	0	8
otu3582	27	17	42
otu3583	37	35	29
otu3584	50	20	40
otu3585	14	21	7
otu3586	4	30	6
otu3587	51	21	37
otu3588	48	20	36
otu3589	6	14	7
otu3590	10	43	13
otu3591	28	57	25
otu3592	57	20	31
otu3593	50	18	41
otu3594	8	4	3
otu3595	10	12	23
otu3596	0	0	6
otu3597	4	18	5
otu3598	5	0	0
otu3599	48	21	37
otu3600	51	20	37
otu3601	15	57	11
otu3602	25	21	38
otu3603	0	19	11
otu3604	3	3	8
otu3605	48	21	41
otu3606	17	4	20
otu3607	0	70	17
otu3608	2	6	2
otu3609	0	44	48
otu3610	4	0	3
otu3611	54	21	5
otu3612	4	15	6
otu3613	13	13	29
otu3614	5	3	0
otu3615	43	23	30
otu3616	52	23	36
otu3617	12	21	23
otu3618	3	33	6
otu3619	52	22	41
otu3620	9	14	4
otu3621	17	29	4
otu3622	3	24	0
otu3623	0	25	0
otu3624	0	5	40
otu3625	4	3	8
otu3626	34	21	18
otu3627	53	25	35
otu3628	42	0	0
otu3629	4	31	15
otu3630	17	23	11
otu3631	10	34	8
otu3632	2	8	22
otu3633	46	24	33
otu3634	13	66	19
otu3635	48	22	39
otu3636	13	57	19
otu3637	52	17	35
otu3638	0	17	0
otu3639	13	14	7
otu3640	27	15	89
otu3641	26	12	42
otu3642	2	14	1
otu3643	36	11	30
otu3644	5	13	22
otu3645	4	24	3
otu3646	19	7	15
otu3647	15	30	9
otu3648	17	4	3
otu3649	7	16	8
otu3650	43	0	6
otu3651	21	45	15
otu3652	5	13	9
otu3653	18	13	24
otu3654	6	0	5
otu3655	9	21	10
otu3656	4	37	4
otu3657	33	0	9
otu3658	21	12	5
otu3659	11	50	4
otu3660	49	17	34
otu3661	37	21	35
otu3662	9	39	13
otu3663	21	26	17
otu3664	10	19	2
otu3665	3	0	3
otu3666	32	71	25
otu3667	41	73	20
otu3668	44	24	38
otu3669	58	20	26
otu3670	15	6	12
otu3671	1	43	2
otu3672	19	19	14
otu3673	44	19	35
otu3674	40	0	27
otu3675	5	7	11
otu3676	6	13	6
otu3677	18	50	32
otu3678	15	64	21
otu3679	6	0	0
otu3680	6	0	3
otu3681	43	32	28
otu3682	42	19	37
otu3683	5	2	3
otu3684	29	39	35
otu3685	7	27	4
otu3686	0	0	0
otu3687	20	32	33
otu3688	53	22	32
otu3689	28	25	71
otu3690	16	65	20
otu3691	47	27	32
otu3692	20	64	14
otu3693	26	23	43
otu3694	3	14	18
otu3695	34	0	8
otu3696	5	4	4
otu3697	10	19	10
otu3698	19	13	41
otu3699	35	21	37
otu3700	5	18	0
otu3701	5	14	4
otu3702	12	3	9
otu3703	2	17	17
otu3704	21	17	33
otu3705	44	20	41
otu3706	5	23	0
otu3707	41	21	32
otu3708	12	10	12
otu3709	3	9	5
otu3710	21	11	37
otu3711	47	21	33
otu3712	12	62	25
otu3713	5	24	28
otu3714	9	64	7
otu3715	5	19	0
otu3716	25	8	18
otu3717	15	10	24
otu3718	6	5	5
otu3719	9	30	36
otu3720	26	26	11
otu3721	14	60	22
otu3722	44	15	37
otu3723	27	18	47
otu3724	11	15	7
otu3725	9	49	19
otu3726	10	22	7
otu3727	5	0	7
otu3729	6	6	7
otu3730	10	4	4
otu3731	10	19	11
otu3732	21	37	5
otu3733	43	19	32
otu3734	3	1	0
otu3735	5	4	6
otu3736	30	21	11
otu3737	5	0	6
otu3738	44	23	36
otu3739	0	10	3
otu3740	43	22	32
otu3741	43	19	33
otu3742	41	17	31
otu3743	0	58	10
otu3744	6	67	4
otu3745	4	21	0
otu3746	13	12	16
otu3747	5	64	7
otu3748	2	17	10
otu3749	40	20	31
otu3750	25	29	32
otu3751	6	2	0
otu3752	7	0	0
otu3753	7	26	8
otu3754	22	21	9
otu3755	9	17	9
otu3756	9	7	0
otu3757	0	21	26
otu3758	40	15	22
otu3759	19	62	16
otu3760	6	3	2
otu3761	6	42	10
otu3762	7	51	4
otu3763	49	21	34
otu3764	18	22	14
otu3765	4	8	8
otu3766	4	0	9
otu3767	0	19	12
otu3768	4	0	11
otu3769	0	0	3
otu3770	0	9	14
otu3771	8	5	8
otu3772	8	2	7
otu3773	32	22	3
otu3774	43	22	31
otu3775	0	10	13
otu3776	0	4	6
otu3777	31	19	23
otu3778	38	20	34
otu3779	7	26	24
otu3780	0	5	0
otu3781	6	9	22
otu3782	9	12	7
otu3783	0	36	12
otu3784	10	7	24
otu3785	9	26	4
otu3786	12	23	5
otu3787	18	3	3
otu3788	8	12	0
otu3789	40	27	34
otu3790	39	21	32
otu3791	3	17	35
otu3792	3	28	2
otu3793	41	60	24
otu3794	9	27	10
otu3795	22	6	31
otu3796	3	9	5
otu3797	10	17	16
otu3798	7	10	15
otu3799	39	0	0
otu3800	5	16	6
otu3801	5	11	7
otu3802	45	26	36
otu3803	5	62	3
otu3804	0	18	12
otu3805	20	21	13
otu3806	0	24	3
otu3807	13	4	9
otu3808	3	16	18
otu3809	10	30	9
otu3810	13	12	11
otu3811	0	34	6
otu3812	13	63	21
otu3813	45	16	33
otu3814	26	16	26
otu3815	4	19	0
otu3816	7	17	5
otu3817	3	9	26
otu3818	31	0	0
otu3819	4	60	6
otu3820	3	8	0
otu3821	3	10	10
otu3822	29	4	22
otu3823	0	17	0
otu3824	0	27	37
otu3825	0	6	23
otu3826	7	24	15
otu3827	3	4	5
otu3828	19	16	17
otu3829	29	26	33
otu3830	9	48	16
otu3831	39	16	35
otu3832	6	0	0
otu3833	22	21	0
otu3834	25	0	24
otu3835	0	6	0
otu3836	10	25	9
otu3837	9	6	17
otu3838	8	40	3
otu3839	5	4	7
otu3840	6	5	8
otu3841	4	15	0
otu3842	2	11	3
otu3843	13	61	24
otu3844	5	7	4
otu3845	46	30	2
otu3846	0	9	0
otu3847	2	34	0
otu3848	35	0	6
otu3849	23	21	19
otu3850	18	40	7
otu3851	19	8	9
otu3852	10	22	20
otu3853	12	42	22
otu3854	29	66	19
otu3855	26	28	34
otu3856	39	19	26
otu3857	4	3	7
otu3858	42	18	32
otu3859	41	23	25
otu3860	4	60	0
otu3861	10	5	10
otu3862	39	22	26
otu3863	18	9	18
otu3864	30	14	16
otu3865	6	19	18
otu3866	13	17	19
otu3867	35	30	27
otu3868	3	3	8
otu3869	32	0	20
otu3870	3	0	0
otu3871	6	33	16
otu3872	10	0	0
otu3873	12	14	34
otu3874	9	38	9
otu3875	42	19	29
otu3876	23	31	22
otu3877	39	18	33
otu3878	5	12	2
otu3879	0	4	0
otu3880	16	12	13
otu3881	5	2	4
otu3882	11	15	41
otu3883	2	12	5
otu3884	28	11	17
otu3885	6	69	17
otu3886	17	25	17
otu3887	6	4	0
otu3888	18	16	18
otu3889	0	9	4
otu3890	26	13	21
otu3891	40	23	33
otu3892	42	25	30
otu3893	18	11	27
otu3894	29	16	32
otu3895	6	2	5
otu3896	24	31	11
otu3897	4	11	19
otu3898	3	17	14
otu3899	2	20	15
otu3900	21	10	12
otu3901	10	25	17
otu3902	0	10	16
otu3903	0	0	0
otu3904	4	2	5
otu3905	5	4	3
otu3906	10	4	10
otu3907	34	3	10
otu3908	9	47	1
otu3909	34	23	27
otu3910	26	2	20
otu3911	6	3	3
otu3912	4	4	3
otu3913	33	0	9
otu3914	43	22	30
otu3915	38	14	46
otu3916	14	12	21
otu3917	40	16	26
otu3918	37	19	35
otu3919	44	18	29
otu3920	4	4	0
otu3921	6	4	0
otu3922	5	0	20
otu3923	0	27	14
otu3924	17	49	26
otu3925	13	15	25
otu3926	3	3	6
otu3927	35	18	42
otu3928	43	16	28
otu3929	34	22	13
otu3930	3	7	8
otu3931	24	21	9
otu3932	3	17	10
otu3933	0	21	14
otu3934	38	12	33
otu3935	5	0	0
otu3936	11	17	19
otu3937	39	18	34
otu3938	39	18	25
otu3939	15	25	25
otu3940	9	56	19
otu3941	27	12	17
otu3942	2	3	4
otu3943	6	22	12
otu3944	2	19	0
otu3945	0	8	7
otu3946	12	8	3
otu3947	26	0	24
otu3948	0	0	6
otu3949	0	0	31
otu3950	10	26	5
otu3951	3	16	10
otu3952	7	18	20
otu3953	15	17	21
otu3954	6	4	9
otu3955	12	41	10
otu3956	24	26	21
otu3957	40	21	26
otu3958	15	74	8
otu3959	19	14	3
otu3960	9	7	0
otu3961	7	4	11
otu3962	27	14	20
otu3963	11	15	14
otu3964	5	21	0
otu3965	15	27	15
otu3966	38	21	10
otu3967	10	35	8
otu3968	5	19	4
otu3969	4	4	0
otu3970	8	4	5
otu3971	24	0	5
otu3972	18	0	10
otu3973	8	8	13
otu3974	29	11	40
otu3975	42	19	28
otu3976	22	0	23
otu3977	3	12	3
otu3978	13	24	21
otu3979	6	16	10
otu3980	7	19	8
otu3981	9	11	14
otu3982	11	9	3
otu3983	38	13	31
otu3984	4	12	0
otu3985	21	42	22
otu3986	4	3	3
otu3987	7	15	21
otu3988	3	20	0
otu3989	0	14	9
otu3990	23	18	34
otu3991	38	18	31
otu3992	22	0	14
otu3993	39	20	26
otu3994	24	4	6
otu3995	12	12	18
otu3996	7	4	16
otu3997	15	20	16
otu3998	0	0	4
otu3999	0	45	7
otu4000	4	24	2
otu4001	2	19	6
otu4002	9	17	0
otu4003	40	17	23
otu4004	4	6	9
otu4005	31	2	29
otu4006	7	12	18
otu4007	11	14	27
otu4008	4	36	10
otu4009	7	7	11
otu4010	2	13	7
otu4011	11	7	6
otu4012	14	12	9
otu4013	27	0	9
otu4014	0	0	0
otu4015	23	32	18
otu4016	34	7	16
otu4017	7	7	4
otu4018	11	29	0
otu4019	0	26	8
otu4020	8	11	18
otu4021	3	13	13
otu4022	0	21	18
otu4023	3	33	21
otu4024	15	25	23
otu4025	14	11	6
otu4026	29	62	26
otu4027	4	0	0
otu4028	24	0	33
otu4029	2	0	0
otu4030	21	2	10
otu4031	0	32	12
otu4032	17	26	20
otu4033	0	5	0
otu4034	6	16	15
otu4035	20	3	17
otu4036	14	10	4
otu4037	0	9	2
otu4038	27	17	35
otu4039	4	11	6
otu4040	18	9	15
otu4041	32	29	34
otu4042	9	51	17
otu4043	4	13	3
otu4044	0	7	0
otu4045	3	69	0
otu4046	12	5	7
otu4047	5	2	6
otu4048	3	0	0
otu4049	4	4	7
otu4050	18	0	10
otu4051	10	6	8
otu4052	9	21	7
otu4053	4	4	12
otu4054	28	6	5
otu4055	0	2	0
otu4056	5	5	0
otu4057	20	17	23
otu4058	0	5	0
otu4059	12	54	18
otu4060	3	0	35
otu4061	26	17	25
otu4062	12	11	3
otu4063	5	18	11
otu4064	3	7	10
otu4065	17	9	18
otu4066	0	11	7
otu4067	1	7	31
otu4068	4	3	3
otu4069	11	27	7
otu4070	2	44	9
otu4071	4	76	6
otu4072	4	3	3
otu4073	4	8	6
otu4074	10	23	0
otu4075	27	15	13
otu4076	8	8	0
otu4077	19	13	7
otu4078	21	16	9
otu4079	12	3	8
otu4080	6	13	15
otu4081	34	18	27
otu4082	6	3	3
otu4083	22	7	24
otu4084	2	29	0
otu4085	8	0	3
otu4086	0	0	0
otu4087	7	4	4
otu4088	20	22	5
otu4089	11	5	10
otu4090	7	58	15
otu4091	5	19	3
otu4092	4	7	0
otu4093	0	0	36
otu4094	3	38	3
otu4095	4	9	0
otu4096	15	11	10
otu4097	3	13	5
otu4098	14	13	9
otu4099	6	0	3
otu4100	26	27	25
otu4101	31	35	23
otu4102	19	2	12
otu4103	16	20	9
otu4104	27	7	12
otu4105	15	51	15
otu4106	3	70	6
otu4107	23	22	15
otu4108	0	0	0
otu4109	22	20	25
otu4110	0	0	0
otu4111	27	22	4
otu4112	7	29	14
otu4113	13	10	17
otu4114	37	18	26
otu4115	4	3	4
otu4116	8	59	15
otu4117	28	0	8
otu4118	12	10	16
otu4119	14	19	0
otu4120	5	5	2
otu4121	0	0	0
otu4122	14	21	27
otu4123	5	65	11
otu4124	38	15	26
otu4125	25	2	12
otu4126	16	3	10
otu4127	4	18	0
otu4128	0	64	7
otu4129	8	50	35
otu4130	6	12	0
otu4131	4	34	6
otu4132	19	14	15
otu4133	18	7	25
otu4134	11	6	13
otu4135	0	0	30
otu4136	9	25	10
otu4137	31	15	9
otu4138	0	10	6
otu4139	18	15	12
otu4140	5	5	3
otu4141	4	0	5
otu4142	10	35	7
otu4143	16	31	19
otu4144	13	11	0
otu4145	0	48	7
otu4146	19	9	15
otu4147	4	2	10
otu4148	23	46	12
otu4149	28	33	11
otu4150	2	3	4
otu4151	20	31	14
otu4152	15	11	14
otu4153	19	28	7
otu4154	7	37	10
otu4155	0	5	6
otu4156	17	25	13
otu4157	21	0	13
otu4158	0	4	5
otu4159	14	12	32
otu4160	0	0	0
otu4161	15	15	19
otu4162	6	13	15
otu4163	5	23	11
otu4164	3	19	5
otu4165	25	57	15
otu4166	20	0	18
otu4167	4	0	0
otu4168	18	3	15
otu4169	3	0	32
otu4170	0	59	4
otu4171	3	68	10
otu4172	20	19	28
otu4173	4	31	8
otu4174	23	19	18
otu4175	5	2	3
otu4176	17	5	16
otu4177	8	20	3
otu4178	23	2	18
otu4179	6	0	0
otu4180	6	14	25
otu4182	0	0	4
otu4183	10	46	8
otu4184	4	4	5
otu4185	13	36	20
otu4186	24	22	15
otu4187	22	18	22
otu4188	13	18	7
otu4189	16	6	14
otu4190	0	0	0
otu4191	3	14	9
otu4192	15	40	13
otu4193	17	13	14
otu4194	2	157	0
otu4195	5	0	5
otu4196	0	44	4
otu4197	13	0	21
otu4198	2	23	4
otu4199	15	11	22
otu4200	2	20	11
otu4201	8	18	3
otu4202	10	25	15
otu4203	25	15	34
otu4204	18	45	11
otu4205	0	0	0
otu4206	7	16	7
otu4207	0	0	0
otu4208	20	2	9
otu4209	12	15	7
otu4210	26	13	9
otu4211	2	3	0
otu4212	18	10	15
otu4213	5	29	4
otu4214	5	17	2
otu4215	0	14	4
otu4216	2	7	6
otu4217	24	24	28
otu4218	14	19	2
otu4219	31	8	0
otu4220	9	8	13
otu4221	5	3	7
otu4222	0	5	4
otu4223	7	40	10
otu4224	0	9	5
otu4225	5	12	8
otu4226	4	7	4
otu4227	6	7	33
otu4228	0	7	0
otu4229	0	3	4
otu4230	0	7	0
otu4231	2	3	3
otu4232	5	25	12
otu4233	21	0	12
otu4234	11	0	4
otu4235	0	9	3
otu4236	8	16	6
otu4237	0	0	38
otu4238	6	18	22
otu4239	22	10	7
otu4240	23	20	31
otu4241	8	5	9
otu4242	16	13	22
otu4243	13	9	8
otu4244	6	0	5
otu4245	5	13	5
otu4246	0	9	33
otu4247	2	0	5
otu4248	12	12	19
otu4249	0	4	5
otu4250	3	11	3
otu4251	12	3	6
otu4252	4	11	8
otu4253	6	2	7
otu4254	21	16	34
otu4255	0	78	0
otu4256	35	0	5
otu4257	4	0	2
otu4258	4	5	13
otu4259	0	68	0
otu4260	6	22	0
otu4261	14	4	22
otu4262	28	36	16
otu4263	24	57	19
otu4264	0	0	0
otu4265	3	11	12
otu4266	9	26	20
otu4267	7	13	11
otu4268	9	3	0
otu4270	6	14	6
otu4271	2	55	9
otu4272	13	35	5
otu4273	16	4	11
otu4274	3	32	3
otu4275	10	44	6
otu4276	10	12	15
otu4277	9	3	6
otu4278	3	6	7
otu4279	15	36	10
otu4280	9	74	2
otu4281	0	0	0
otu4282	10	45	14
otu4283	21	18	11
otu4284	7	18	0
otu4285	0	4	8
otu4286	9	10	5
otu4287	0	10	7
otu4288	2	8	1
otu4289	26	44	17
otu4290	0	2	0
otu4291	2	4	5
otu4292	2	67	5
otu4293	5	4	8
otu4294	4	3	7
otu4295	3	3	0
otu4296	21	26	15
otu4297	23	17	21
otu4298	4	25	7
otu4299	0	0	0
otu4300	5	9	20
otu4301	26	14	4
otu4302	7	0	0
otu4303	0	56	6
otu4304	0	1	0
otu4305	23	12	12
otu4306	0	0	0
otu4307	0	3	8
otu4308	12	20	8
otu4309	31	6	15
otu4310	11	8	4
otu4311	0	58	5
otu4312	26	36	5
otu4313	2	13	15
otu4314	27	11	25
otu4315	24	17	0
otu4316	0	7	13
otu4317	4	11	13
otu4318	20	44	15
otu4319	20	0	12
otu4320	0	0	0
otu4321	9	14	0
otu4322	2	10	6
otu4323	12	15	0
otu4324	7	13	9
otu4325	0	0	2
otu4326	0	3	3
otu4327	0	0	34
otu4328	12	22	17
otu4329	23	29	24
otu4330	13	23	10
otu4331	12	8	0
otu4332	0	18	15
otu4333	21	0	14
otu4334	2	6	24
otu4335	3	3	13
otu4336	2	23	22
otu4337	5	0	3
otu4338	0	4	0
otu4339	7	14	14
otu4340	0	10	9
otu4341	14	23	3
otu4342	4	8	2
otu4343	7	7	14
otu4344	0	16	7
otu4345	5	15	5
otu4346	10	9	6
otu4347	14	9	12
otu4348	11	0	8
otu4349	3	4	3
otu4350	15	18	16
otu4351	8	13	13
otu4352	2	6	5
otu4353	11	11	8
otu4354	9	0	25
otu4355	3	29	30
otu4356	5	29	14
otu4357	19	53	19
otu4358	6	6	8
otu4359	20	21	9
otu4360	4	0	3
otu4361	0	0	0
otu4362	10	20	7
otu4363	5	6	11
otu4364	5	17	26
otu4365	3	11	7
otu4366	20	0	17
otu4367	28	4	14
otu4368	20	11	19
otu4369	0	26	4
otu4370	0	9	7
otu4371	8	5	4
otu4372	4	5	0
otu4373	17	23	12
otu4374	7	25	12
otu4375	22	15	6
otu4376	2	5	2
otu4377	18	2	13
otu4378	16	9	5
otu4379	8	12	8
otu4380	0	48	12
otu4381	4	5	4
otu4382	6	8	0
otu4383	9	16	5
otu4384	4	19	8
otu4385	3	13	3
otu4386	23	56	17
otu4387	19	58	10
otu4388	0	0	0
otu4389	8	8	0
otu4390	10	12	11
otu4391	15	8	0
otu4392	3	8	11
otu4393	21	49	12
otu4394	3	0	3
otu4395	15	20	13
otu4396	2	43	0
otu4397	9	28	12
otu4398	14	7	39
otu4399	10	20	7
otu4400	8	16	5
otu4401	0	7	4
otu4402	30	40	22
otu4403	12	1	3
otu4404	6	18	7
otu4405	34	5	5
otu4406	6	40	4
otu4407	4	28	4
otu4408	3	2	13
otu4409	4	12	14
otu4410	14	21	12
otu4411	5	10	6
otu4412	1	30	0
otu4413	0	37	0
otu4414	13	7	33
otu4415	22	18	21
otu4416	29	6	29
otu4417	20	10	10
otu4418	9	20	9
otu4419	14	0	22
otu4420	25	10	15
otu4421	5	12	14
otu4422	4	4	8
otu4423	17	16	11
otu4424	0	0	4
otu4425	15	6	28
otu4426	13	4	15
otu4427	0	0	0
otu4428	4	5	8
otu4429	5	15	7
otu4430	0	18	3
otu4431	15	21	13
otu4432	6	9	11
otu4433	0	19	0
otu4434	0	13	2
otu4435	0	34	5
otu4436	3	30	2
otu4437	6	0	11
otu4438	24	30	17
otu4439	12	11	10
otu4440	7	21	12
otu4442	10	23	8
otu4443	0	3	0
otu4444	4	10	9
otu4445	14	8	25
otu4446	7	12	18
otu4447	0	67	0
otu4448	4	3	2
otu4449	24	12	8
otu4450	13	6	10
otu4451	33	10	25
otu4452	18	51	18
otu4453	7	29	4
otu4455	4	21	9
otu4456	4	19	5
otu4457	17	7	13
otu4458	18	5	4
otu4459	7	15	6
otu4460	16	0	0
otu4461	0	13	0
otu4462	2	13	0
otu4463	11	25	13
otu4464	4	9	0
otu4465	5	23	18
otu4466	11	10	4
otu4467	6	5	6
otu4468	9	14	4
otu4469	22	3	0
otu4470	4	11	3
otu4471	9	26	14
otu4472	0	10	0
otu4473	12	9	9
otu4474	5	16	11
otu4475	14	6	22
otu4476	0	2	2
otu4477	29	0	6
otu4478	5	6	2
otu4479	0	63	0
otu4480	23	12	28
otu4481	0	7	11
otu4482	5	11	5
otu4483	0	3	0
otu4484	2	11	4
otu4485	7	3	20
otu4486	29	0	0
otu4487	4	17	3
otu4488	31	7	0
otu4489	15	23	14
otu4490	3	37	5
otu4491	16	13	8
otu4492	21	23	16
otu4493	0	30	0
otu4494	7	10	11
otu4495	0	26	5
otu4496	6	7	0
otu4497	4	15	13
otu4498	10	5	14
otu4499	12	11	5
otu4500	9	7	3
otu4501	11	0	12
otu4502	0	3	0
otu4503	10	11	7
otu4504	12	19	19
otu4505	4	31	4
otu4506	3	55	0
otu4507	0	62	0
otu4508	3	12	3
otu4509	4	20	0
otu4510	33	37	13
otu4511	13	0	6
otu4512	10	24	9
otu4513	0	69	0
otu4514	26	6	9
otu4515	5	4	8
otu4516	8	18	19
otu4517	7	11	19
otu4518	12	11	0
otu4519	3	5	11
otu4520	2	2	12
otu4521	3	10	15
otu4522	0	3	4
otu4523	19	0	13
otu4524	2	0	3
otu4525	0	45	4
otu4526	30	3	4
otu4527	2	4	5
otu4528	6	8	4
otu4529	11	12	12
otu4530	19	4	10
otu4531	19	2	0
otu4532	5	12	3
otu4533	23	2	11
otu4534	10	11	4
otu4535	24	43	15
otu4536	0	0	0
otu4537	4	10	10
otu4538	4	33	4
otu4539	15	9	7
otu4540	22	13	16
otu4541	3	50	5
otu4542	2	47	5
otu4543	3	18	4
otu4544	4	14	7
otu4545	6	0	7
otu4546	3	3	0
otu4547	20	27	14
otu4548	0	4	5
otu4550	3	31	3
otu4551	6	10	6
otu4552	28	3	5
otu4553	4	7	7
otu4554	28	7	0
otu4555	9	13	9
otu4556	20	22	23
otu4557	8	2	4
otu4558	12	45	12
otu4559	2	0	0
otu4560	2	2	7
otu4561	5	32	0
otu4562	4	7	12
otu4563	7	7	16
otu4564	0	12	0
otu4565	4	13	19
otu4566	7	13	0
otu4567	6	16	3
otu4568	12	17	7
otu4569	22	0	0
otu4570	9	10	19
otu4571	17	37	15
otu4572	3	56	4
otu4573	5	17	18
otu4574	0	4	0
otu4575	19	8	11
otu4576	0	28	3
otu4577	3	0	4
otu4578	10	19	18
otu4579	12	15	13
otu4580	7	10	8
otu4581	6	5	0
otu4582	0	4	8
otu4583	10	34	14
otu4584	0	0	0
otu4585	20	17	24
otu4586	26	5	3
otu4587	14	15	24
otu4588	9	26	5
otu4589	6	11	10
otu4590	5	8	9
otu4591	6	14	3
otu4592	12	12	3
otu4593	13	0	10
otu4594	22	8	14
otu4595	10	30	11
otu4596	7	23	11
otu4597	15	0	13
otu4598	0	17	0
otu4599	6	46	3
otu4600	17	15	7
otu4601	3	0	2
otu4602	3	4	0
otu4603	0	12	6
otu4604	1	9	5
otu4605	12	9	13
otu4606	3	39	3
otu4607	25	5	17
otu4608	18	7	6
otu4609	7	23	12
otu4610	13	13	0
otu4611	4	16	7
otu4612	10	11	8
otu4613	0	3	3
otu4614	21	0	0
otu4615	2	3	8
otu4616	10	2	5
otu4617	14	21	4
otu4618	0	28	0
otu4619	6	20	21
otu4620	14	6	19
otu4621	17	24	17
otu4622	5	6	6
otu4623	4	14	2
otu4624	0	2	4
otu4625	10	4	0
otu4626	14	8	14
otu4627	10	22	7
otu4628	13	16	7
otu4629	0	59	4
otu4630	17	19	15
otu4631	12	19	12
otu4632	7	2	7
otu4633	9	4	4
otu4634	7	24	6
otu4635	10	4	4
otu4636	8	29	52
otu4637	4	14	13
otu4638	0	0	0
otu4639	0	21	3
otu4640	23	22	14
otu4641	2	41	0
otu4642	8	0	30
otu4643	12	7	29
otu4644	3	20	7
otu4645	7	7	6
otu4646	0	9	8
otu4647	19	13	3
otu4648	9	9	14
otu4649	35	22	22
otu4650	10	6	8
otu4651	0	110	0
otu4652	0	67	0
otu4653	0	5	0
otu4654	0	46	0
otu4655	0	34	4
otu4656	5	33	8
otu4657	22	30	12
otu4658	13	4	10
otu4659	8	7	3
otu4660	0	4	0
otu4661	21	36	12
otu4662	14	0	10
otu4663	5	27	4
otu4664	7	6	9
otu4665	22	5	30
otu4666	15	15	12
otu4667	4	11	0
otu4668	10	11	16
otu4669	10	9	6
otu4670	6	5	11
otu4671	0	8	0
otu4672	8	45	7
otu4673	2	10	4
otu4674	0	0	0
otu4675	8	18	22
otu4676	0	57	0
otu4677	5	11	6
otu4678	15	0	9
otu4679	21	21	32
otu4680	25	0	5
otu4681	19	21	17
otu4682	3	52	0
otu4683	10	8	3
otu4684	0	0	0
otu4685	7	3	11
otu4686	19	7	24
otu4687	0	10	0
otu4688	24	5	17
otu4689	6	3	9
otu4690	4	10	8
otu4691	15	14	27
otu4692	20	10	7
otu4693	17	36	13
otu4694	7	17	24
otu4695	5	16	8
otu4696	4	29	4
otu4697	21	0	7
otu4698	24	0	5
otu4699	9	30	17
otu4700	6	10	8
otu4701	7	3	3
otu4702	0	18	0
otu4703	3	31	4
otu4704	6	11	8
otu4705	4	11	6
otu4706	0	0	2
otu4707	11	3	5
otu4708	8	10	5
otu4709	10	10	6
otu4710	29	0	0
otu4711	13	15	14
otu4712	5	27	6
otu4713	16	32	6
otu4714	0	39	8
otu4715	19	20	10
otu4716	13	7	6
otu4717	96	8	0
otu4718	2	0	6
otu4719	0	9	0
otu4720	7	12	6
otu4721	5	0	0
otu4722	22	9	23
otu4723	8	6	11
otu4724	7	33	9
otu4725	21	33	18
otu4726	14	9	6
otu4727	17	9	6
otu4728	5	21	6
otu4729	0	23	0
otu4730	20	0	7
otu4731	5	6	10
otu4732	9	0	6
otu4733	13	13	13
otu4734	0	45	2
otu4735	9	18	14
otu4736	8	0	12
otu4737	23	9	26
otu4738	4	8	0
otu4739	13	10	10
otu4740	5	6	5
otu4741	14	24	15
otu4742	0	0	0
otu4743	4	3	7
otu4744	0	2	0
otu4745	13	19	15
otu4746	19	12	8
otu4747	10	13	3
otu4748	0	36	2
otu4749	7	20	19
otu4750	14	23	18
otu4751	3	47	4
otu4752	3	29	0
otu4753	10	9	8
otu4754	20	10	34
otu4755	2	6	29
otu4756	7	10	7
otu4757	0	0	0
otu4758	0	21	9
otu4759	15	39	15
otu4760	14	10	6
otu4761	4	0	4
otu4762	0	4	0
otu4763	13	9	7
otu4764	0	3	5
otu4765	21	16	35
otu4766	4	36	3
otu4767	8	21	7
otu4768	0	0	0
otu4769	6	5	4
otu4770	8	7	7
otu4771	4	5	0
otu4772	13	6	6
otu4773	0	16	12
otu4774	24	0	3
otu4775	9	6	4
otu4776	19	21	8
otu4777	2	22	3
otu4778	10	22	16
otu4779	0	0	0
otu4780	11	12	11
otu4781	16	0	8
otu4782	2	22	9
otu4783	6	13	0
otu4784	0	4	0
otu4785	3	6	10
otu4786	6	12	12
otu4787	3	2	3
otu4788	0	9	5
otu4789	12	33	10
otu4790	16	0	8
otu4791	16	23	15
otu4792	12	38	4
otu4793	14	10	17
otu4794	17	0	18
otu4795	11	7	5
otu4796	0	0	6
otu4797	10	7	5
otu4798	14	23	11
otu4799	20	9	29
otu4800	6	7	18
otu4801	4	5	9
otu4802	17	11	6
otu4803	0	22	0
otu4804	13	6	5
otu4805	10	7	5
otu4806	9	8	4
otu4807	12	7	6
otu4808	6	0	4
otu4809	6	4	5
otu4810	0	15	4
otu4811	15	21	15
otu4812	5	9	3
otu4813	0	12	4
otu4814	10	9	21
otu4815	0	18	0
otu4816	0	0	3
otu4817	7	8	9
otu4818	20	10	6
otu4819	9	10	4
otu4820	3	5	4
otu4821	27	0	33
otu4822	7	10	18
otu4823	13	13	15
otu4824	0	0	0
otu4825	9	19	15
otu4826	6	28	0
otu4827	0	13	0
otu4828	15	0	9
otu4829	0	0	3
otu4830	2	0	0
otu4831	0	2	3
otu4832	7	18	22
otu4833	5	2	2
otu4834	2	43	0
otu4835	6	15	2
otu4836	5	2	0
otu4837	0	4	10
otu4838	20	35	9
otu4839	16	6	7
otu4840	8	14	12
otu4841	18	6	6
otu4842	22	22	16
otu4843	4	11	2
otu4844	2	12	8
otu4845	4	4	4
otu4846	1	28	3
otu4847	3	35	3
otu4848	0	0	14
otu4849	4	6	0
otu4850	12	13	10
otu4851	5	13	3
otu4852	3	12	4
otu4853	10	11	6
otu4854	9	28	19
otu4855	15	10	10
otu4856	6	4	3
otu4857	0	5	3
otu4858	5	2	0
otu4859	6	4	2
otu4860	3	9	7
otu4861	18	9	27
otu4862	18	6	21
otu4863	4	0	0
otu4864	25	12	20
otu4865	18	28	13
otu4866	2	0	19
otu4867	2	0	0
otu4868	0	17	6
otu4869	3	0	3
otu4870	2	17	15
otu4871	16	41	14
otu4872	15	8	6
otu4873	0	0	0
otu4874	4	4	0
otu4875	2	5	12
otu4876	13	28	6
otu4877	10	8	6
otu4878	0	14	24
otu4879	11	7	6
otu4880	9	9	22
otu4881	0	0	0
otu4882	20	0	12
otu4883	12	13	15
otu4884	3	8	8
otu4885	12	8	0
otu4886	18	21	9
otu4887	7	9	21
otu4888	16	7	5
otu4889	5	0	0
otu4890	15	20	15
otu4891	0	9	0
otu4892	4	8	4
otu4893	12	0	8
otu4894	15	11	18
otu4895	22	0	5
otu4896	17	0	0
otu4897	15	32	8
otu4898	10	16	8
otu4899	21	3	13
otu4900	5	11	10
otu4901	0	6	14
otu4902	9	7	4
otu4903	0	46	17
otu4904	8	17	6
otu4905	13	23	7
otu4906	5	16	11
otu4907	4	0	0
otu4908	4	14	10
otu4909	0	5	5
otu4910	0	10	0
otu4911	0	0	0
otu4912	6	9	3
otu4913	9	9	5
otu4914	0	0	29
otu4915	10	26	14
otu4916	12	10	6
otu4917	10	9	3
otu4918	14	11	3
otu4919	5	0	3
otu4920	10	15	15
otu4921	13	8	5
otu4922	13	39	6
otu4923	15	0	4
otu4924	13	17	10
otu4925	5	14	14
otu4926	2	13	9
otu4927	4	16	0
otu4928	6	6	3
otu4929	2	7	8
otu4930	0	6	4
otu4931	7	17	13
otu4932	6	16	6
otu4933	3	32	15
otu4934	13	9	3
otu4935	14	20	9
otu4936	9	30	10
otu4937	9	15	15
otu4938	9	7	4
otu4939	3	2	4
otu4940	12	13	10
otu4941	0	3	3
otu4942	14	29	14
otu4943	14	12	5
otu4944	3	8	5
otu4945	8	16	8
otu4946	0	39	4
otu4947	5	11	6
otu4948	8	0	14
otu4949	5	8	0
otu4950	2	3	9
otu4951	0	6	0
otu4952	10	3	0
otu4953	10	8	5
otu4954	14	47	5
otu4956	0	2	4
otu4957	11	6	5
otu4958	10	6	5
otu4959	9	7	5
otu4960	16	10	9
otu4961	9	19	11
otu4962	6	12	6
otu4963	0	13	9
otu4964	3	5	5
otu4965	6	12	7
otu4966	6	10	7
otu4967	0	0	3
otu4968	4	0	9
otu4969	0	4	4
otu4970	4	7	12
otu4971	15	34	7
otu4972	0	1	47
otu4973	15	31	13
otu4974	0	0	3
otu4975	11	9	7
otu4976	4	12	0
otu4977	9	11	6
otu4978	16	19	9
otu4979	11	13	13
otu4980	0	13	7
otu4981	0	0	28
otu4982	8	19	0
otu4983	14	30	12
otu4984	11	8	6
otu4985	13	4	5
otu4986	4	21	15
otu4987	10	7	5
otu4988	5	7	4
otu4989	30	0	2
otu4990	6	9	14
otu4991	0	0	6
otu4992	0	0	3
otu4993	0	13	0
otu4994	0	4	0
otu4995	0	44	0
otu4996	0	7	0
otu4997	4	3	8
otu4998	12	32	9
otu4999	0	4	0
otu5000	0	4	3
otu5001	6	6	5
otu5002	0	18	0
otu5003	0	4	13
otu5004	0	71	0
otu5005	7	10	5
otu5006	14	25	6
otu5007	12	5	6
otu5008	4	6	3
otu5009	4	25	5
otu5010	0	0	0
otu5011	9	18	12
otu5012	20	7	24
otu5013	8	12	8
otu5014	6	18	6
otu5016	22	15	8
otu5017	0	16	0
otu5018	0	22	4
otu5019	0	23	4
otu5020	8	19	12
otu5021	5	14	11
otu5022	8	8	3
otu5023	4	7	0
otu5024	8	11	5
otu5025	0	6	3
otu5026	14	8	0
otu5027	9	19	15
otu5028	4	7	4
otu5029	0	6	5
otu5030	18	2	11
otu5031	23	32	6
otu5032	14	3	7
otu5033	16	20	17
otu5034	8	14	14
otu5035	0	13	4
otu5036	19	10	5
otu5037	9	7	6
otu5038	0	10	0
otu5039	0	6	6
otu5040	7	14	8
otu5041	9	6	4
otu5042	4	18	4
otu5043	10	10	8
otu5044	9	10	3
otu5045	8	6	0
otu5046	0	3	3
otu5047	0	20	0
otu5048	8	11	3
otu5049	0	5	0
otu5050	0	12	0
otu5051	0	0	3
otu5052	5	14	12
otu5053	9	22	8
otu5054	15	27	8
otu5055	11	38	10
otu5056	18	31	9
otu5057	10	12	5
otu5058	7	6	3
otu5059	11	14	18
otu5060	6	12	14
otu5061	11	23	12
otu5062	13	10	10
otu5063	3	0	0
otu5064	8	15	18
otu5065	6	24	0
otu5066	0	11	5
otu5067	4	13	0
otu5068	6	12	13
otu5069	7	3	3
otu5070	3	10	20
otu5071	13	9	10
otu5072	0	13	0
otu5073	0	6	2
otu5074	4	10	4
otu5075	6	8	2
otu5076	13	27	8
otu5077	9	8	5
otu5078	10	8	5
otu5079	8	6	4
otu5080	10	20	5
otu5081	0	0	0
otu5082	0	20	10
otu5083	2	10	11
otu5084	12	10	10
otu5085	14	26	0
otu5086	11	19	11
otu5087	0	7	4
otu5088	6	0	13
otu5089	4	12	0
otu5090	3	16	0
otu5091	8	5	6
otu5092	8	10	11
otu5093	5	2	7
otu5094	3	10	4
otu5095	11	7	5
otu5096	11	5	5
otu5097	7	6	9
otu5098	0	0	50
otu5099	13	8	17
otu5100	2	38	7
otu5101	27	13	4
otu5102	5	5	4
otu5103	3	25	1
otu5104	14	6	22
otu5105	4	9	12
otu5106	0	0	0
otu5107	4	4	10
otu5108	22	0	0
otu5109	11	4	9
otu5110	16	5	27
otu5111	14	6	1
otu5112	4	10	7
otu5113	3	11	0
otu5114	13	21	6
otu5115	9	11	7
otu5116	9	3	9
otu5117	7	24	16
otu5118	15	32	13
otu5119	0	23	10
otu5120	10	6	5
otu5121	2	0	5
otu5122	0	33	5
otu5123	0	9	0
otu5124	12	11	6
otu5125	0	11	0
otu5126	2	9	4
otu5127	12	6	12
otu5128	0	10	14
otu5129	10	3	3
otu5130	2	4	0
otu5131	0	5	8
otu5132	14	5	30
otu5133	3	4	2
otu5134	0	0	5
otu5135	5	5	4
otu5136	4	16	8
otu5137	0	4	0
otu5138	0	11	7
otu5139	7	6	4
otu5140	12	26	14
otu5141	21	10	14
otu5142	10	28	12
otu5143	13	33	7
otu5144	3	0	4
otu5145	20	5	4
otu5146	2	0	4
otu5147	11	9	6
otu5148	5	0	7
otu5149	4	5	5
otu5150	7	0	24
otu5151	15	13	8
otu5152	16	25	9
otu5153	0	3	3
otu5154	0	1	1
otu5155	5	4	6
otu5156	0	8	12
otu5157	11	5	10
otu5158	4	15	8
otu5159	8	4	0
otu5160	7	13	3
otu5161	10	5	6
otu5162	19	33	16
otu5163	9	21	13
otu5164	7	6	5
otu5165	5	18	9
otu5166	18	9	20
otu5167	7	1	16
otu5168	15	23	5
otu5169	0	0	3
otu5170	7	5	8
otu5171	3	14	0
otu5172	0	8	0
otu5173	0	11	5
otu5174	14	16	5
otu5175	3	7	3
otu5176	0	6	4
otu5177	0	11	13
otu5178	3	4	3
otu5179	5	7	4
otu5180	5	11	13
otu5181	5	7	2
otu5182	0	4	74
otu5183	14	27	11
otu5184	13	23	14
otu5185	0	0	78
otu5186	7	6	7
otu5187	23	0	0
otu5188	3	0	10
otu5189	5	3	69
otu5190	15	7	20
otu5191	3	17	0
otu5192	7	12	7
otu5193	14	8	10
otu5194	4	0	13
otu5195	13	12	6
otu5196	8	6	18
otu5197	21	25	9
otu5198	13	4	7
otu5199	13	9	5
otu5200	11	0	15
otu5201	0	6	0
otu5202	17	5	19
otu5203	7	22	0
otu5204	0	10	17
otu5205	0	0	0
otu5206	0	3	5
otu5207	3	0	0
otu5208	5	6	0
otu5209	14	4	30
otu5210	0	10	4
otu5211	0	2	0
otu5212	10	35	4
otu5213	16	18	12
otu5214	13	25	11
otu5215	11	3	0
otu5216	1	7	2
otu5217	9	16	10
otu5218	0	7	0
otu5219	0	0	4
otu5220	8	13	11
otu5221	4	5	2
otu5222	11	6	10
otu5223	11	4	10
otu5224	9	0	0
otu5225	0	2	4
otu5226	2	7	0
otu5227	1	2	4
otu5228	0	8	6
otu5229	0	0	0
otu5230	0	55	0
otu5231	7	13	2
otu5232	4	5	0
otu5233	14	9	11
otu5234	6	4	6
otu5235	15	28	16
otu5236	0	4	3
otu5237	4	19	13
otu5238	3	3	8
otu5239	0	41	6
otu5240	7	26	10
otu5241	9	28	8
otu5242	0	10	6
otu5243	0	0	0
otu5244	9	0	10
otu5245	0	10	3
otu5246	2	5	9
otu5247	3	7	0
otu5248	9	32	11
otu5249	9	28	5
otu5250	12	25	11
otu5251	10	31	9
otu5252	8	33	8
otu5253	4	9	4
otu5254	7	28	9
otu5255	17	5	12
otu5256	0	0	0
otu5257	9	6	4
otu5258	0	0	8
otu5259	0	12	0
otu5260	4	25	18
otu5261	9	10	13
otu5262	7	14	5
otu5263	0	3	0
otu5264	0	26	3
otu5265	7	9	4
otu5266	0	16	0
otu5267	14	0	0
otu5268	5	0	6
otu5269	3	4	11
otu5270	39	27	7
otu5271	0	0	7
otu5272	3	33	3
otu5273	9	31	5
otu5274	4	2	11
otu5275	0	1	0
otu5276	6	2	21
otu5277	13	4	3
otu5278	0	3	7
otu5279	7	9	3
otu5280	3	0	7
otu5281	2	6	13
otu5282	1	11	3
otu5283	9	11	5
otu5284	0	0	0
otu5285	0	3	3
otu5286	5	2	7
otu5287	0	27	3
otu5288	18	8	23
otu5289	0	6	6
otu5290	4	13	3
otu5291	0	41	0
otu5293	14	39	8
otu5294	11	26	11
otu5295	10	5	6
otu5296	78	0	0
otu5297	3	0	6
otu5298	3	6	0
otu5299	13	0	10
otu5300	5	2	12
otu5301	9	28	11
otu5302	3	6	7
otu5303	11	30	13
otu5304	6	10	5
otu5305	12	8	17
otu5306	7	0	9
otu5307	3	10	4
otu5308	0	10	0
otu5309	0	4	0
otu5310	0	5	6
otu5311	6	5	3
otu5312	0	2	7
otu5313	8	11	0
otu5314	8	13	0
otu5315	10	23	9
otu5316	0	10	8
otu5317	12	7	5
otu5318	17	7	21
otu5319	24	13	9
otu5320	3	8	4
otu5321	0	15	3
otu5322	11	6	10
otu5323	7	21	5
otu5324	0	59	0
otu5325	6	4	15
otu5326	6	8	0
otu5327	4	0	3
otu5328	4	2	9
otu5329	5	2	7
otu5330	12	13	27
otu5331	8	0	16
otu5332	5	8	0
otu5333	6	0	3
otu5334	0	0	8
otu5335	4	15	0
otu5336	0	0	0
otu5337	18	7	20
otu5338	17	24	12
otu5339	18	22	7
otu5340	17	4	18
otu5341	0	9	0
otu5342	6	4	5
otu5343	3	0	0
otu5344	5	7	3
otu5345	6	12	7
otu5346	3	5	5
otu5347	5	7	7
otu5348	7	8	0
otu5349	8	0	0
otu5350	4	0	13
otu5351	1	7	8
otu5352	10	27	11
otu5353	10	19	11
otu5354	9	26	12
otu5355	14	29	7
otu5356	6	15	4
otu5357	6	9	14
otu5358	15	3	12
otu5359	14	0	9
otu5360	0	6	6
otu5361	15	7	24
otu5362	4	7	13
otu5363	0	0	5
otu5364	4	13	0
otu5365	3	9	18
otu5366	7	9	8
otu5367	3	0	15
otu5368	0	0	0
otu5369	0	0	18
otu5370	5	3	16
otu5371	9	20	8
otu5372	14	26	6
otu5373	12	27	6
otu5374	0	5	4
otu5375	3	0	9
otu5377	6	28	8
otu5378	3	8	10
otu5379	13	9	4
otu5380	4	0	4
otu5381	14	2	0
otu5382	0	8	0
otu5383	11	14	10
otu5384	4	11	8
otu5385	0	3	12
otu5386	0	0	0
otu5387	0	12	3
otu5388	0	0	6
otu5389	8	26	14
otu5390	5	5	2
otu5391	9	25	8
otu5392	11	13	8
otu5393	7	14	10
otu5394	5	17	3
otu5395	5	13	9
otu5396	2	0	0
otu5397	4	0	6
otu5398	11	5	0
otu5399	4	5	6
otu5400	3	6	6
otu5401	0	0	2
otu5402	12	6	4
otu5403	3	15	2
otu5404	4	11	5
otu5405	5	17	10
otu5406	3	4	3
otu5407	4	0	4
otu5408	0	7	2
otu5409	4	16	3
otu5410	0	7	14
otu5411	6	5	0
otu5412	11	30	3
otu5413	4	12	12
otu5414	6	7	0
otu5415	5	10	0
otu5416	7	7	9
otu5417	13	23	7
otu5418	0	3	0
otu5419	0	5	0
otu5420	2	14	7
otu5421	0	2	0
otu5422	5	0	0
otu5423	0	13	0
otu5424	18	14	11
otu5425	5	6	17
otu5426	12	27	11
otu5427	3	0	0
otu5428	2	3	0
otu5429	3	5	1
otu5430	2	4	9
otu5431	3	8	0
otu5432	0	8	0
otu5433	7	3	0
otu5434	6	0	3
otu5435	0	6	0
otu5436	0	21	10
otu5437	10	6	4
otu5438	6	10	2
otu5439	56	0	0
otu5440	8	30	7
otu5441	5	0	5
otu5442	7	2	2
otu5443	0	0	3
otu5444	6	11	10
otu5445	9	8	11
otu5446	0	7	0
otu5447	7	6	4
otu5448	0	4	0
otu5449	0	53	0
otu5450	5	14	8
otu5451	10	8	7
otu5452	15	13	10
otu5453	8	14	5
otu5454	3	17	10
otu5455	11	0	9
otu5456	12	4	14
otu5457	2	5	12
otu5458	0	5	0
otu5459	5	12	11
otu5460	0	9	0
otu5461	6	11	0
otu5462	0	4	0
otu5463	4	0	0
otu5464	5	4	3
otu5465	10	28	6
otu5466	0	7	7
otu5467	7	7	7
otu5468	0	6	0
otu5469	7	7	6
otu5470	0	10	2
otu5471	8	21	7
otu5472	7	0	8
otu5473	14	2	19
otu5474	0	0	0
otu5475	6	10	6
otu5476	4	3	5
otu5477	0	0	21
otu5478	8	4	17
otu5479	0	0	19
otu5480	6	29	8
otu5481	5	6	4
otu5482	6	2	0
otu5483	0	12	10
otu5484	1	40	0
otu5485	15	30	11
otu5486	7	3	10
otu5487	14	19	13
otu5488	5	24	5
otu5489	0	9	2
otu5490	7	25	7
otu5491	9	25	6
otu5492	6	27	8
otu5493	13	17	9
otu5494	4	0	4
otu5495	8	8	6
otu5496	2	0	0
otu5497	4	7	0
otu5498	0	10	5
otu5499	0	10	0
otu5500	10	24	7
otu5501	3	9	2
otu5502	0	1	0
otu5503	0	10	3
otu5504	0	9	11
otu5505	6	10	11
otu5506	4	51	4
otu5507	9	2	6
otu5508	6	34	7
otu5509	11	10	7
otu5510	3	4	7
otu5511	6	17	4
otu5512	0	12	3
otu5513	2	8	0
otu5514	5	8	9
otu5515	0	4	0
otu5516	0	4	0
otu5517	6	14	7
otu5518	0	8	8
otu5519	8	19	6
otu5520	9	30	5
otu5521	13	6	0
otu5522	0	20	3
otu5523	6	7	0
otu5524	14	0	14
otu5525	0	6	6
otu5526	1	3	4
otu5527	12	0	19
otu5528	11	6	4
otu5529	3	13	10
otu5530	0	3	3
otu5532	7	6	2
otu5533	0	5	5
otu5534	11	0	2
otu5535	0	5	20
otu5536	0	5	0
otu5537	8	28	6
otu5538	9	4	7
otu5539	5	14	7
otu5540	0	0	2
otu5541	0	7	3
otu5542	7	8	6
otu5543	9	9	7
otu5544	0	2	0
otu5545	4	10	11
otu5546	8	9	7
otu5547	0	2	7
otu5548	8	0	16
otu5549	0	20	0
otu5550	4	0	5
otu5551	0	0	3
otu5552	3	8	6
otu5553	4	7	0
otu5554	2	16	3
otu5555	9	6	6
otu5556	0	2	0
otu5557	0	10	3
otu5558	6	3	11
otu5559	36	21	0
otu5560	7	9	7
otu5561	15	24	5
otu5562	8	22	11
otu5563	13	29	5
otu5564	6	24	5
otu5565	11	27	12
otu5566	10	22	5
otu5567	4	15	0
otu5568	0	38	0
otu5569	14	7	8
otu5570	0	8	0
otu5571	10	0	7
otu5572	26	0	6
otu5573	0	3	6
otu5574	2	0	0
otu5575	4	3	0
otu5576	4	7	0
otu5577	7	10	5
otu5578	8	10	9
otu5579	12	11	12
otu5580	0	4	2
otu5581	19	5	9
otu5582	4	4	10
otu5583	10	9	0
otu5584	14	8	0
otu5585	5	12	15
otu5586	0	3	2
otu5587	9	5	9
otu5588	4	5	2
otu5589	7	5	6
otu5590	5	11	16
otu5591	3	6	0
otu5592	5	2	19
otu5593	0	0	15
otu5594	5	0	0
otu5595	14	9	2
otu5596	10	12	10
otu5597	14	26	8
otu5598	14	8	0
otu5599	0	0	0
otu5600	5	4	4
otu5601	0	2	0
otu5602	0	5	0
otu5603	2	10	15
otu5604	3	6	8
otu5605	0	2	2
otu5606	0	6	5
otu5607	6	9	6
otu5608	4	7	0
otu5609	3	6	3
otu5610	0	0	0
otu5611	0	0	0
otu5612	5	2	2
otu5613	6	0	0
otu5614	3	5	4
otu5615	0	0	4
otu5616	10	23	8
otu5617	8	26	10
otu5618	10	26	8
otu5619	8	21	5
otu5620	0	0	0
otu5621	0	3	0
otu5622	0	21	4
otu5623	3	5	0
otu5624	4	3	2
otu5625	0	6	6
otu5626	3	8	3
otu5627	0	4	3
otu5628	7	0	0
otu5629	8	13	8
otu5630	2	26	5
otu5631	9	26	7
otu5632	10	3	3
otu5633	9	0	0
otu5634	0	8	14
otu5635	0	0	0
otu5636	0	0	0
otu5637	6	4	9
otu5638	3	40	0
otu5639	8	7	11
otu5640	0	4	3
otu5641	10	26	7
otu5642	5	28	3
otu5643	7	23	10
otu5644	8	27	7
otu5645	4	6	5
otu5646	7	26	5
otu5647	12	2	8
otu5648	3	16	9
otu5649	15	0	4
otu5650	0	30	4
otu5651	7	17	4
otu5652	10	20	4
otu5653	0	0	0
otu5654	4	7	3
otu5655	1	3	0
otu5656	4	7	6
otu5657	1	7	5
otu5658	0	3	0
otu5659	5	3	6
otu5660	0	4	3
otu5661	3	3	0
otu5662	9	7	2
otu5663	0	7	0
otu5664	5	12	5
otu5665	5	11	0
otu5666	6	0	3
otu5667	0	3	0
otu5668	0	10	4
otu5669	0	3	0
otu5670	0	12	3
otu5671	0	12	14
otu5672	6	24	8
otu5673	9	32	6
otu5674	10	14	10
otu5675	6	5	17
otu5676	4	6	5
otu5677	8	0	6
otu5678	6	27	9
otu5679	12	8	0
otu5680	0	0	5
otu5681	0	10	2
otu5682	6	4	22
otu5683	0	33	0
otu5684	11	5	11
otu5685	0	9	14
otu5686	0	0	14
otu5687	0	2	0
otu5688	10	9	14
otu5689	9	8	9
otu5690	8	23	5
otu5691	0	3	0
otu5692	4	4	3
otu5693	9	8	19
otu5694	0	4	0
otu5695	0	4	5
otu5696	3	2	7
otu5697	3	14	2
otu5698	9	8	0
otu5699	7	17	4
otu5700	9	24	8
otu5701	10	23	3
otu5702	9	21	6
otu5703	8	8	3
otu5704	6	8	7
otu5705	5	4	0
otu5706	2	0	29
otu5707	5	5	7
otu5708	3	3	4
otu5709	6	6	0
otu5710	2	0	0
otu5711	5	8	0
otu5712	9	3	6
otu5713	0	0	0
otu5714	11	2	5
otu5715	0	3	8
otu5716	4	3	2
otu5717	3	3	0
otu5718	9	3	0
otu5719	3	7	0
otu5720	0	0	0
otu5721	2	0	8
otu5722	0	7	0
otu5723	0	0	0
otu5724	5	9	8
otu5725	0	17	9
otu5726	2	4	3
otu5727	18	21	7
otu5728	9	21	5
otu5729	0	0	0
otu5730	5	12	4
otu5731	3	0	5
otu5732	0	0	0
otu5733	16	4	20
otu5734	9	25	7
otu5735	0	4	13
otu5736	0	0	0
otu5737	1	0	2
otu5738	3	3	0
otu5739	5	5	0
otu5740	2	33	0
otu5741	0	3	1
otu5742	9	9	10
otu5743	5	12	3
otu5744	7	8	6
otu5745	0	26	0
otu5746	0	3	7
otu5747	4	10	0
otu5748	4	3	13
otu5749	0	18	3
otu5750	2	12	0
otu5751	4	11	0
otu5752	0	4	0
otu5753	4	8	2
otu5754	12	3	3
otu5755	0	3	3
otu5756	3	0	0
otu5757	0	0	0
otu5758	13	19	7
otu5759	7	24	6
otu5760	8	22	7
otu5761	9	23	5
otu5762	10	19	7
otu5763	7	25	6
otu5764	18	4	5
otu5765	3	3	8
otu5766	0	22	4
otu5767	6	0	0
otu5768	0	0	10
otu5769	3	2	0
otu5770	3	8	0
otu5771	2	10	0
otu5772	4	9	2
otu5773	9	11	10
otu5774	3	32	0
otu5775	5	26	3
otu5776	10	25	7
otu5777	0	39	0
otu5778	9	21	6
otu5779	0	4	0
otu5780	0	7	2
otu5781	8	9	13
otu5782	7	14	3
otu5783	3	4	2
otu5784	3	9	0
otu5785	0	4	0
otu5786	0	0	0
otu5787	0	3	0
otu5788	7	0	5
otu5789	4	5	0
otu5790	6	7	9
otu5791	4	3	0
otu5792	1	5	0
otu5793	3	3	6
otu5794	2	7	7
otu5795	9	23	7
otu5796	8	21	9
otu5797	3	24	7
otu5798	9	23	8
otu5799	8	24	6
otu5800	7	22	7
otu5801	8	25	5
otu5802	6	7	6
otu5803	2	22	0
otu5804	8	24	9
otu5805	0	4	0
otu5806	0	7	0
otu5807	3	4	5
otu5808	2	5	0
otu5809	6	20	5
otu5810	0	0	58
otu5811	5	3	17
otu5812	17	0	0
otu5813	5	10	5
otu5814	3	12	6
otu5815	8	7	16
otu5816	4	14	0
otu5817	6	12	2
otu5818	6	8	8
otu5819	0	11	2
otu5820	0	4	0
otu5821	0	35	0
otu5822	6	18	12
otu5823	7	18	5
otu5824	0	10	7
otu5825	2	3	2
otu5826	3	17	6
otu5827	0	0	0
otu5828	5	5	0
otu5829	0	0	10
otu5830	7	26	7
otu5831	6	6	0
otu5832	0	0	2
otu5833	0	5	0
otu5834	6	0	0
otu5835	11	19	14
otu5836	7	23	5
otu5837	6	0	0
otu5838	5	22	13
otu5839	3	4	4
otu5840	7	5	5
otu5841	0	0	3
otu5842	2	3	0
otu5843	12	9	0
otu5844	5	0	9
otu5845	4	5	15
otu5846	12	2	0
otu5847	0	6	0
otu5848	2	6	14
otu5849	2	11	0
otu5850	0	6	0
otu5851	2	4	0
otu5852	4	3	0
otu5853	2	11	6
otu5854	0	0	0
otu5855	8	0	9
otu5856	0	0	7
otu5857	0	6	0
otu5858	3	0	7
otu5859	0	2	16
otu5860	12	20	5
otu5861	4	10	5
otu5862	0	6	0
otu5863	0	7	12
otu5864	0	29	0
otu5865	3	9	4
otu5866	0	6	6
otu5867	11	10	6
otu5868	2	5	0
otu5869	3	5	2
otu5870	0	0	3
otu5871	8	22	8
otu5872	7	8	7
otu5873	7	7	6
otu5874	9	7	2
otu5875	0	38	0
otu5876	0	7	0
otu5877	2	18	6
otu5878	0	34	0
otu5879	4	7	6
otu5880	3	8	0
otu5881	0	0	2
otu5882	0	7	16
otu5883	0	9	3
otu5884	8	23	5
otu5885	13	23	9
otu5886	6	0	13
otu5887	9	26	0
otu5888	0	3	0
otu5889	4	5	4
otu5890	0	10	8
otu5891	5	13	7
otu5892	9	8	8
otu5893	7	24	6
otu5894	0	6	3
otu5895	5	5	7
otu5896	8	23	6
otu5897	0	7	0
otu5898	3	7	0
otu5899	0	8	0
otu5900	0	2	11
otu5901	0	0	3
otu5902	0	8	4
otu5903	3	3	2
otu5904	0	0	0
otu5905	2	14	0
otu5906	0	3	4
otu5907	2	5	0
otu5908	0	8	0
otu5909	8	23	7
otu5910	4	13	5
otu5911	11	6	4
otu5912	7	7	8
otu5913	11	21	5
otu5914	0	5	0
otu5915	5	2	0
otu5916	5	14	5
otu5917	3	9	13
otu5918	5	16	0
otu5919	4	33	3
otu5920	5	10	6
otu5921	0	2	3
otu5922	0	4	0
otu5923	0	3	0
otu5924	0	5	1
otu5925	5	32	4
otu5926	3	0	6
otu5927	7	8	3
otu5928	3	7	16
otu5929	0	12	5
otu5930	0	0	0
otu5931	0	11	0
otu5932	8	5	6
otu5933	8	6	11
otu5934	7	21	6
otu5935	7	23	4
otu5936	12	12	6
otu5937	6	25	9
otu5938	0	0	0
otu5939	12	23	0
otu5940	0	0	4
otu5941	7	0	0
otu5942	0	5	14
otu5943	14	6	3
otu5944	4	0	0
otu5945	0	0	1
otu5946	0	2	0
otu5947	0	30	0
otu5948	0	23	0
otu5949	0	0	0
otu5950	6	0	6
otu5951	5	3	8
otu5952	0	0	4
otu5953	0	4	0
otu5954	0	0	3
otu5955	3	4	2
otu5956	0	4	0
otu5957	0	10	7
otu5958	0	0	0
otu5959	0	6	0
otu5960	5	8	9
otu5961	0	0	0
otu5962	4	0	14
otu5963	0	0	6
otu5964	5	7	0
otu5965	2	8	5
otu5966	0	9	6
otu5967	0	0	0
otu5968	8	23	5
otu5969	7	23	6
otu5970	12	6	0
otu5971	2	7	0
otu5972	8	21	7
otu5973	8	18	8
otu5974	11	23	5
otu5975	4	14	4
otu5976	9	23	7
otu5977	0	2	1
otu5978	23	12	4
otu5979	8	14	5
otu5980	0	7	0
otu5981	2	11	0
otu5982	2	13	0
otu5983	0	0	2
otu5984	0	7	4
otu5985	7	3	0
otu5986	0	3	6
otu5987	4	5	7
otu5988	0	0	4
otu5989	3	4	0
otu5990	6	6	3
otu5991	6	5	11
otu5992	0	0	0
otu5993	0	0	0
otu5994	0	7	3
otu5995	0	31	0
otu5996	0	31	0
otu5997	7	11	7
otu5998	2	11	4
otu5999	0	0	0
otu6000	4	4	0
otu6001	0	6	0
otu6002	0	3	5
otu6003	0	5	0
otu6004	9	2	13
otu6005	14	0	8
otu6006	7	11	11
otu6007	5	0	3
otu6008	4	0	0
otu6009	4	25	7
otu6010	5	2	0
otu6011	0	6	0
otu6012	0	9	0
otu6013	0	4	12
otu6014	0	0	3
otu6015	0	0	3
otu6016	11	0	9
otu6017	8	22	6
otu6018	0	23	0
otu6019	7	24	7
otu6020	9	20	7
otu6021	0	0	51
otu6022	8	24	5
otu6023	9	5	8
otu6024	0	14	10
otu6025	0	7	4
otu6026	15	0	4
otu6027	2	3	0
otu6028	4	2	4
otu6029	2	12	0
otu6030	3	7	0
otu6031	5	4	15
otu6032	5	6	4
otu6033	3	7	10
otu6034	5	0	4
otu6035	0	8	0
otu6036	4	7	0
otu6037	12	0	4
otu6038	3	0	15
otu6039	0	8	0
otu6040	4	0	0
otu6041	3	0	9
otu6042	25	0	15
otu6043	0	0	18
otu6045	0	5	3
otu6046	0	0	0
otu6047	0	5	4
otu6048	5	3	0
otu6049	5	7	7
otu6050	0	7	4
otu6051	8	9	4
otu6052	6	20	6
otu6053	9	23	4
otu6054	12	5	7
otu6055	0	6	7
otu6056	11	3	7
otu6057	0	41	3
otu6058	4	5	0
otu6059	0	36	0
otu6060	3	2	2
otu6061	0	6	0
otu6062	0	2	0
otu6063	0	2	6
otu6064	0	2	3
otu6065	5	7	8
otu6066	4	7	9
otu6067	0	0	0
otu6068	7	7	6
otu6069	2	21	0
otu6070	3	4	8
otu6071	3	35	0
otu6072	0	9	2
otu6073	4	0	3
otu6074	0	3	6
otu6075	0	6	5
otu6076	3	7	7
otu6077	0	2	4
otu6078	7	2	7
otu6079	0	5	0
otu6080	0	3	0
otu6081	0	3	7
otu6082	11	17	8
otu6083	7	23	8
otu6084	0	3	4
otu6085	5	23	4
otu6086	6	20	7
otu6087	1	0	0
otu6088	6	14	6
otu6089	0	14	3
otu6090	7	6	4
otu6091	0	0	9
otu6092	2	0	3
otu6093	7	9	0
otu6094	7	21	5
otu6095	0	0	0
otu6096	3	3	3
otu6097	3	3	21
otu6098	0	6	0
otu6099	0	11	7
otu6100	0	5	6
otu6101	0	5	0
otu6102	11	0	6
otu6103	4	7	5
otu6104	7	7	5
otu6105	4	6	8
otu6106	3	3	3
otu6107	5	5	9
otu6108	6	1	5
otu6109	7	12	8
otu6110	0	26	0
otu6111	0	0	0
otu6112	0	8	0
otu6113	0	41	0
otu6114	7	0	7
otu6115	0	5	3
otu6116	0	7	0
otu6117	12	8	4
otu6118	3	15	2
otu6119	4	19	0
otu6120	3	2	2
otu6121	0	7	4
otu6122	6	2	2
otu6123	0	0	7
otu6124	0	9	31
otu6125	6	22	7
otu6126	5	14	0
otu6127	5	19	7
otu6128	7	22	3
otu6129	8	10	6
otu6130	0	5	0
otu6131	4	0	0
otu6132	5	22	5
otu6133	0	7	0
otu6134	4	2	0
otu6135	7	20	7
otu6136	3	7	8
otu6137	0	3	10
otu6138	0	10	6
otu6139	3	0	0
otu6140	2	3	2
otu6141	5	0	4
otu6142	3	0	7
otu6143	2	11	0
otu6144	3	3	9
otu6145	2	6	13
otu6146	0	2	0
otu6147	3	11	9
otu6148	7	2	3
otu6150	9	0	7
otu6151	5	22	7
otu6152	2	0	0
otu6153	0	4	2
otu6154	0	4	4
otu6155	0	0	6
otu6156	0	4	0
otu6157	7	5	4
otu6158	0	0	1
otu6159	4	0	9
otu6160	0	7	3
otu6161	0	0	8
otu6162	0	3	6
otu6163	5	4	6
otu6164	0	5	0
otu6165	4	12	0
otu6166	10	9	3
otu6167	0	5	0
otu6168	5	5	11
otu6169	0	4	0
otu6170	7	4	3
otu6171	0	0	4
otu6172	2	5	6
otu6173	5	5	4
otu6174	0	8	5
otu6175	0	9	10
otu6176	0	5	0
otu6177	7	22	4
otu6178	0	0	4
otu6179	0	0	0
otu6180	2	7	2
otu6181	0	19	6
otu6182	4	12	5
otu6183	4	5	10
otu6184	2	0	0
otu6185	5	6	0
otu6186	0	12	6
otu6187	0	0	0
otu6188	0	5	0
otu6189	9	11	0
otu6190	5	8	5
otu6191	0	9	10
otu6192	0	7	0
otu6193	0	0	5
otu6194	7	0	9
otu6195	0	3	5
otu6196	4	16	0
otu6197	0	0	0
otu6198	5	18	8
otu6199	5	18	5
otu6200	7	18	6
otu6201	4	33	0
otu6202	0	4	5
otu6203	5	19	2
otu6204	0	23	4
otu6205	0	0	5
otu6206	3	7	6
otu6207	6	0	0
otu6208	3	5	5
otu6209	6	20	3
otu6210	0	4	22
otu6211	6	0	8
otu6212	0	2	5
otu6213	6	5	5
otu6214	0	12	3
otu6215	4	0	6
otu6216	5	10	3
otu6217	0	0	0
otu6218	0	32	7
otu6219	7	10	2
otu6220	2	31	0
otu6221	7	8	4
otu6222	0	6	0
otu6223	0	8	3
otu6224	3	5	0
otu6225	4	2	3
otu6226	0	10	0
otu6227	8	2	11
otu6228	0	0	5
otu6229	0	5	7
otu6230	3	2	2
otu6231	17	9	10
otu6232	0	11	0
otu6233	4	0	2
otu6234	0	0	5
otu6235	0	3	0
otu6236	0	4	0
otu6237	8	0	0
otu6238	4	0	0
otu6239	0	25	6
otu6240	10	13	4
otu6241	4	20	5
otu6242	3	2	0
otu6243	0	5	16
otu6244	16	13	5
otu6245	4	0	4
otu6246	0	5	0
otu6247	8	4	4
otu6248	7	5	4
otu6249	5	7	8
otu6251	4	0	0
otu6252	3	6	3
otu6253	0	3	2
otu6254	4	6	6
otu6255	2	10	6
otu6256	0	8	0
otu6257	4	8	2
otu6258	0	4	0
otu6259	0	4	8
otu6260	3	3	5
otu6261	0	6	3
otu6262	10	6	3
otu6263	5	4	3
otu6264	7	0	9
otu6265	10	0	0
otu6266	3	9	0
otu6267	4	4	0
otu6268	0	8	0
otu6269	3	17	0
otu6270	13	9	8
otu6271	0	0	0
otu6272	10	9	8
otu6273	6	18	6
otu6274	6	20	4
otu6275	12	8	4
otu6276	1	6	0
otu6277	6	16	6
otu6278	4	4	8
otu6279	0	0	4
otu6280	0	3	0
otu6281	0	14	3
otu6282	5	0	0
otu6283	3	3	3
otu6284	0	0	8
otu6285	3	26	0
otu6286	10	0	5
otu6287	11	0	9
otu6288	0	0	3
otu6289	0	2	3
otu6290	5	6	3
otu6291	6	0	0
otu6292	0	0	6
otu6293	0	3	0
otu6294	3	18	7
otu6295	0	0	0
otu6296	2	0	0
otu6297	0	0	7
otu6298	0	2	0
otu6299	0	3	4
otu6300	0	8	4
otu6301	2	28	0
otu6302	0	8	5
otu6303	0	6	9
otu6304	3	5	0
otu6305	11	3	5
otu6306	0	4	0
otu6307	0	10	7
otu6308	5	3	3
otu6309	0	0	0
otu6310	5	12	0
otu6311	11	0	12
otu6312	3	4	9
otu6313	5	8	9
otu6314	0	0	3
otu6315	8	0	2
otu6316	0	2	3
otu6317	0	31	0
otu6318	0	0	0
otu6319	0	11	9
otu6320	5	20	3
otu6321	0	8	3
otu6322	7	23	0
otu6323	9	8	0
otu6324	1	22	4
otu6325	8	21	4
otu6326	7	22	3
otu6327	16	10	0
otu6328	7	4	4
otu6329	4	0	3
otu6330	0	7	2
otu6331	9	3	0
otu6332	5	7	6
otu6333	16	3	4
otu6334	0	0	0
otu6335	0	4	0
otu6336	7	21	6
otu6337	0	0	0
otu6338	0	0	7
otu6339	3	3	4
otu6340	4	6	1
otu6341	5	7	10
otu6342	11	6	3
otu6343	6	5	8
otu6344	5	0	7
otu6345	0	8	0
otu6346	0	0	0
otu6347	3	1	2
otu6348	0	8	0
otu6349	0	5	3
otu6350	0	2	1
otu6351	0	0	4
otu6352	11	5	3
otu6353	0	0	0
otu6354	0	4	0
otu6355	4	12	6
otu6356	4	2	4
otu6357	3	4	0
otu6358	0	3	0
otu6359	5	7	7
otu6360	2	2	12
otu6361	2	40	0
otu6362	0	7	5
otu6363	8	25	0
otu6364	4	9	7
otu6365	7	7	0
otu6366	0	5	0
otu6367	6	14	0
otu6368	0	10	10
otu6369	5	9	0
otu6370	0	4	4
otu6371	3	7	6
otu6372	0	0	3
otu6373	4	2	0
otu6374	0	7	5
otu6375	9	6	7
otu6376	6	4	4
otu6377	11	0	4
otu6378	0	7	0
otu6379	0	0	34
otu6380	0	0	0
otu6381	0	6	5
otu6382	0	0	6
otu6383	5	3	6
otu6384	6	5	5
otu6385	5	7	4
otu6386	4	4	3
otu6387	0	0	5
otu6388	31	0	0
otu6389	2	5	4
otu6390	2	7	0
otu6391	0	0	0
otu6392	4	6	7
otu6393	4	9	0
otu6394	6	2	5
otu6395	0	9	0
otu6396	0	4	5
otu6397	4	7	3
otu6398	0	8	3
otu6399	0	0	0
otu6400	4	0	6
otu6401	2	0	3
otu6402	12	11	5
otu6403	2	10	5
otu6404	2	4	0
otu6405	0	4	0
otu6406	3	4	7
otu6407	10	9	4
otu6408	3	8	2
otu6409	6	19	6
otu6410	8	10	6
otu6411	0	2	0
otu6412	2	0	3
otu6413	0	0	0
otu6414	0	1	3
otu6415	0	0	0
otu6416	10	0	5
otu6417	0	8	4
otu6418	0	0	5
otu6419	0	9	1
otu6420	10	5	7
otu6421	5	0	0
otu6422	4	7	4
otu6423	10	7	0
otu6424	0	0	8
otu6425	6	19	6
otu6426	12	4	0
otu6427	8	18	6
otu6428	3	13	6
otu6429	0	3	0
otu6430	0	2	4
otu6431	0	0	6
otu6432	0	40	0
otu6433	0	5	0
otu6434	2	5	0
otu6435	9	5	3
otu6436	9	0	3
otu6437	5	5	7
otu6438	0	3	6
otu6439	3	0	5
otu6440	0	4	3
otu6441	3	5	3
otu6442	3	9	5
otu6443	11	0	7
otu6444	5	0	6
otu6445	2	8	4
otu6446	0	7	0
otu6447	0	0	0
otu6448	4	4	5
otu6449	6	17	7
otu6450	0	0	0
otu6451	0	0	6
otu6452	0	0	3
otu6453	0	0	0
otu6454	0	0	0
otu6455	0	0	0
otu6456	0	0	0
otu6457	2	0	7
otu6458	10	8	1
otu6459	4	0	3
otu6460	3	0	12
otu6461	0	5	0
otu6462	0	5	1
otu6463	0	0	2
otu6464	0	0	2
otu6465	0	4	0
otu6466	5	11	3
otu6467	4	21	0
otu6468	3	9	6
otu6469	7	10	3
otu6470	0	4	6
otu6471	3	0	3
otu6472	0	4	4
otu6474	9	0	0
otu6475	13	0	4
otu6476	6	0	0
otu6477	0	0	3
otu6478	3	7	0
otu6479	0	0	0
otu6480	0	0	5
otu6481	6	9	4
otu6482	0	3	4
otu6483	0	0	0
otu6484	0	7	0
otu6485	0	0	6
otu6486	11	9	4
otu6487	0	2	0
otu6488	6	5	0
otu6489	0	0	2
otu6490	0	11	0
otu6491	0	1	2
otu6492	0	0	0
otu6493	2	2	3
otu6494	0	0	3
otu6495	1	17	0
otu6496	0	6	3
otu6497	0	0	8
otu6498	0	5	0
otu6499	4	16	2
otu6500	0	0	0
otu6501	0	5	9
otu6502	3	0	4
otu6503	0	3	0
otu6504	4	8	3
otu6505	4	8	0
otu6506	9	10	4
otu6507	7	8	4
otu6508	6	16	6
otu6509	7	9	3
otu6510	5	5	5
otu6511	3	14	7
otu6512	4	4	6
otu6513	0	3	0
otu6514	2	0	0
otu6515	0	2	0
otu6516	0	2	0
otu6517	0	29	9
otu6518	0	3	0
otu6519	11	4	5
otu6520	0	38	0
otu6521	0	31	7
otu6522	8	0	0
otu6523	3	5	0
otu6524	0	2	0
otu6525	4	0	0
otu6526	3	0	0
otu6527	5	3	7
otu6528	3	7	0
otu6529	8	0	0
otu6530	1	5	5
otu6531	6	5	4
otu6532	0	0	0
otu6533	3	4	5
otu6534	4	0	0
otu6535	4	0	0
otu6536	3	0	3
otu6537	14	0	0
otu6538	4	7	4
otu6539	5	8	5
otu6540	5	0	8
otu6541	2	3	7
otu6542	8	0	5
otu6543	3	12	5
otu6544	0	0	0
otu6545	0	28	1
otu6546	0	13	5
otu6547	3	4	5
otu6548	3	0	6
otu6549	0	0	0
otu6550	9	0	3
otu6551	0	0	0
otu6552	0	6	0
otu6553	5	0	8
otu6554	5	0	2
otu6555	0	7	3
otu6556	0	0	0
otu6557	0	11	0
otu6558	7	13	5
otu6559	4	0	0
otu6560	5	11	8
otu6561	4	7	3
otu6562	0	0	4
otu6563	0	0	0
otu6564	0	0	5
otu6565	3	0	0
otu6566	7	2	0
otu6567	12	0	0
otu6568	13	2	4
otu6569	0	0	0
otu6570	5	5	0
otu6571	0	0	0
otu6572	0	4	9
otu6573	0	3	4
otu6574	3	0	4
otu6575	0	2	0
otu6576	0	4	0
otu6577	2	8	0
otu6578	0	0	0
otu6579	0	7	3
otu6580	0	0	16
otu6581	0	0	2
otu6582	8	10	5
otu6583	3	0	0
otu6584	0	4	5
otu6585	8	6	0
otu6586	4	0	0
otu6587	10	0	3
otu6588	2	16	0
otu6589	0	0	0
otu6590	5	2	7
otu6591	0	3	4
otu6592	2	21	7
otu6593	2	3	4
otu6594	5	4	4
otu6595	3	5	2
otu6596	3	3	5
otu6597	0	4	0
otu6598	8	11	3
otu6599	8	0	3
otu6600	0	9	2
otu6601	0	0	6
otu6602	0	1	5
otu6603	2	8	0
otu6604	6	14	3
otu6605	11	11	0
otu6606	4	0	4
otu6607	0	13	7
otu6608	0	3	0
otu6609	3	6	0
otu6610	3	0	0
otu6611	0	3	4
otu6612	6	3	5
otu6613	0	8	0
otu6614	4	0	0
otu6615	0	2	2
otu6616	7	7	0
otu6617	0	2	0
otu6618	0	3	2
otu6619	0	7	0
otu6620	0	0	7
otu6621	3	7	4
otu6622	0	13	0
otu6623	15	2	1
otu6624	5	13	4
otu6625	0	5	9
otu6626	0	0	6
otu6628	13	0	0
otu6629	4	7	8
otu6630	0	0	2
otu6631	3	0	3
otu6632	0	4	3
otu6633	6	0	4
otu6634	0	0	0
otu6635	3	0	0
otu6636	5	0	3
otu6637	2	0	0
otu6638	5	5	5
otu6639	3	7	8
otu6640	0	0	0
otu6641	4	2	0
otu6642	3	2	5
otu6643	0	10	4
otu6644	4	7	3
otu6645	2	0	4
otu6646	13	9	0
otu6647	8	0	3
otu6648	2	5	3
otu6649	5	19	6
otu6650	4	15	5
otu6651	0	0	0
otu6652	0	5	0
otu6653	0	3	0
otu6654	0	2	0
otu6655	5	7	4
otu6656	0	7	0
otu6658	0	0	0
otu6659	5	0	0
otu6660	5	0	2
otu6661	4	0	16
otu6662	0	8	0
otu6663	3	0	0
otu6664	7	4	8
otu6665	0	5	0
otu6666	4	5	4
otu6667	5	5	0
otu6668	0	0	0
otu6669	3	0	9
otu6670	4	9	6
otu6672	5	0	4
otu6674	0	2	9
otu6675	0	5	0
otu6676	5	4	7
otu6677	0	2	4
otu6678	0	4	0
otu6680	0	0	3
otu6681	3	2	0
otu6682	0	0	6
otu6683	0	5	0
otu6684	0	0	0
otu6685	10	2	7
otu6686	0	4	0
otu6687	3	6	7
otu6688	0	27	2
otu6689	3	0	7
otu6690	3	6	0
otu6691	0	12	0
otu6692	0	1	0
otu6693	0	4	0
otu6694	0	0	0
otu6695	0	0	0
otu6696	0	4	0
otu6697	0	34	0
otu6698	0	0	0
otu6699	6	0	0
otu6700	3	6	0
otu6701	1	0	0
otu6702	0	0	7
otu6703	4	2	0
otu6704	4	7	9
otu6705	0	0	10
otu6706	9	0	0
otu6707	4	0	0
otu6708	4	5	0
otu6709	8	7	0
otu6710	4	9	2
otu6711	3	3	5
otu6712	2	2	4
otu6713	0	0	0
otu6714	0	0	0
otu6715	0	4	0
otu6716	0	4	6
otu6717	4	4	3
otu6718	0	6	0
otu6719	0	0	5
otu6720	0	6	13
otu6721	10	0	6
otu6722	0	10	8
otu6723	0	7	0
otu6724	2	9	0
otu6725	3	6	0
otu6726	0	11	4
otu6727	3	2	0
otu6728	0	0	0
otu6729	0	0	2
otu6730	5	0	0
otu6731	3	3	2
otu6732	6	8	6
otu6733	2	4	8
otu6734	3	0	0
otu6735	5	7	0
otu6736	0	0	0
otu6737	2	3	0
otu6738	0	0	0
otu6739	4	0	4
otu6740	0	8	2
otu6741	8	0	4
otu6742	3	0	4
otu6743	5	0	0
otu6744	0	5	0
otu6745	0	9	0
otu6746	0	5	5
otu6747	0	0	3
otu6748	0	2	9
otu6749	0	0	3
otu6750	0	3	0
otu6751	0	3	0
otu6752	8	2	4
otu6753	0	5	5
otu6754	4	1	4
otu6755	9	0	6
otu6756	0	2	4
otu6757	3	9	6
otu6758	3	4	4
otu6759	0	7	10
otu6760	0	29	0
otu6761	0	4	0
otu6762	0	7	0
otu6763	4	0	5
otu6764	6	3	0
otu6765	0	18	0
otu6766	6	0	0
otu6767	5	0	0
otu6768	3	2	3
otu6769	2	0	6
otu6770	0	5	0
otu6771	6	0	18
otu6772	4	4	2
otu6773	2	4	0
otu6774	0	4	0
otu6775	0	6	6
otu6776	6	7	12
otu6777	0	0	0
otu6778	5	7	6
otu6779	4	4	10
otu6780	0	4	0
otu6781	3	7	6
otu6782	0	9	0
otu6783	5	3	9
otu6784	2	3	0
otu6785	0	0	8
otu6786	6	3	6
otu6787	4	0	7
otu6788	0	4	4
otu6789	0	6	0
otu6790	0	0	6
otu6791	4	3	6
otu6792	0	7	5
otu6793	0	0	4
otu6794	0	3	0
otu6795	0	3	3
otu6796	0	8	0
otu6797	3	4	5
otu6798	0	2	4
otu6799	9	13	0
otu6800	2	4	3
otu6801	3	5	0
otu6802	0	0	5
otu6803	0	0	20
otu6804	4	6	5
otu6805	7	3	4
otu6806	0	0	4
otu6808	0	6	3
otu6809	0	0	0
otu6810	0	0	0
otu6811	0	0	17
otu6812	3	0	12
otu6813	0	7	0
otu6814	0	0	0
otu6815	4	5	7
otu6816	5	0	0
otu6817	0	0	3
otu6818	13	0	8
otu6819	5	6	4
otu6820	6	6	9
otu6821	4	10	5
otu6822	4	0	2
otu6824	4	0	0
otu6825	0	0	3
otu6826	6	0	3
otu6827	3	11	9
otu6828	0	6	0
otu6829	0	2	0
otu6830	3	5	0
otu6831	0	3	0
otu6832	0	4	2
otu6833	1	3	0
otu6834	0	0	2
otu6835	3	3	0
otu6836	7	0	0
otu6837	0	0	0
otu6838	2	8	0
otu6839	0	0	4
otu6840	6	3	0
otu6841	3	3	0
otu6842	0	0	12
otu6843	0	0	0
otu6844	0	8	4
otu6845	3	0	9
otu6846	0	0	0
otu6847	0	3	6
otu6848	0	16	0
otu6849	3	0	0
otu6850	3	8	4
otu6851	6	8	6
otu6852	0	3	0
otu6853	6	9	0
otu6854	0	6	6
otu6855	3	0	5
otu6856	5	6	2
otu6857	0	3	2
otu6858	0	0	0
otu6859	3	9	8
otu6860	0	0	0
otu6861	0	31	0
otu6862	0	0	0
otu6863	0	4	0
otu6864	4	0	0
otu6865	6	6	2
otu6866	0	0	0
otu6867	0	0	0
otu6868	0	0	0
otu6869	5	7	0
otu6870	0	0	3
otu6871	3	0	5
otu6872	0	0	4
otu6873	0	4	0
otu6874	2	0	0
otu6875	3	0	0
otu6876	0	16	0
otu6877	0	7	5
otu6878	8	0	7
otu6879	6	0	0
otu6880	0	4	4
otu6881	3	5	0
otu6882	5	5	6
otu6883	0	28	0
otu6884	7	0	0
otu6885	2	7	7
otu6886	0	11	5
otu6887	0	0	0
otu6888	0	6	0
otu6889	2	0	2
otu6890	0	0	0
otu6891	0	5	0
otu6892	0	5	0
otu6893	0	0	0
otu6894	3	0	0
otu6895	4	0	5
otu6896	0	0	0
otu6897	0	0	2
otu6898	4	0	0
otu6899	0	7	6
otu6900	10	7	5
otu6901	0	5	0
otu6902	0	0	0
otu6903	0	0	0
otu6904	0	0	5
otu6905	9	4	2
otu6906	0	0	3
otu6907	0	0	4
otu6908	0	7	4
otu6909	2	0	0
otu6910	5	2	0
otu6911	5	8	0
otu6912	4	5	5
otu6913	0	0	6
otu6914	5	5	5
otu6915	7	3	3
otu6916	8	2	4
otu6917	11	6	3
otu6918	5	5	10
otu6919	0	3	0
otu6920	2	4	0
otu6921	0	6	0
otu6922	0	3	0
otu6923	2	0	3
otu6924	11	5	4
otu6925	3	0	2
otu6926	0	3	0
otu6927	3	3	0
otu6928	0	1	0
otu6929	4	0	2
otu6930	0	2	6
otu6931	4	10	5
otu6932	0	5	0
otu6933	0	0	0
otu6934	0	3	2
otu6935	10	3	4
otu6936	0	4	5
otu6937	3	9	5
otu6938	0	4	4
otu6939	3	7	0
otu6940	5	4	0
otu6941	3	4	0
otu6942	0	0	9
otu6943	4	5	0
otu6944	0	0	0
otu6945	10	0	8
otu6946	0	4	0
otu6947	0	22	0
otu6948	7	2	5
otu6949	0	0	5
otu6950	0	4	3
otu6951	0	12	0
otu6952	2	4	7
otu6953	4	2	6
otu6954	4	3	5
otu6955	2	3	2
otu6956	0	5	0
otu6957	3	6	4
otu6958	4	4	2
otu6959	4	6	3
otu6960	0	0	0
otu6961	5	4	0
otu6962	4	6	5
otu6963	0	5	8
otu6964	0	0	7
otu6965	0	0	0
otu6966	0	6	0
otu6967	0	0	0
otu6968	0	29	0
otu6969	0	3	5
otu6970	0	0	0
otu6972	0	3	0
otu6973	0	5	0
otu6974	9	0	0
otu6975	0	0	0
otu6976	0	8	0
otu6977	0	0	0
otu6978	0	3	0
otu6979	0	0	0
otu6980	0	8	0
otu6981	5	5	10
otu6982	3	8	2
otu6983	4	7	5
otu6984	0	3	0
otu6985	5	6	3
otu6986	3	0	0
otu6987	2	6	4
otu6988	0	2	0
otu6989	0	5	3
otu6990	0	2	0
otu6991	0	0	0
otu6992	5	8	3
otu6993	0	0	4
otu6994	7	4	4
otu6995	0	0	4
otu6996	0	4	0
otu6997	0	0	0
otu6998	0	9	0
otu6999	0	0	4
otu7000	2	11	0
otu7001	0	10	0
otu7002	0	0	0
otu7003	0	4	0
otu7004	0	10	0
otu7005	2	4	5
otu7006	6	2	0
otu7007	2	0	0
otu7008	0	0	2
otu7009	4	7	3
otu7010	0	0	0
otu7011	9	0	4
otu7012	4	2	8
otu7013	3	5	3
otu7014	3	4	9
otu7015	0	4	4
otu7016	0	0	0
otu7017	3	0	0
otu7018	0	8	2
otu7019	0	0	0
otu7020	5	5	0
otu7021	0	4	0
otu7022	0	0	0
otu7023	3	1	0
otu7024	0	5	5
otu7025	0	0	9
otu7026	0	9	0
otu7027	5	16	0
otu7028	4	6	5
otu7029	0	0	4
otu7030	6	6	2
otu7031	0	0	2
otu7032	0	0	0
otu7033	0	3	0
otu7034	0	6	0
otu7035	0	4	0
otu7036	2	7	0
otu7037	6	2	0
otu7038	1	5	0
otu7039	0	0	3
otu7040	0	0	3
otu7041	0	3	0
otu7042	2	14	7
otu7043	8	3	5
otu7044	6	4	5
otu7045	1	4	0
otu7046	14	3	0
otu7047	0	22	0
otu7048	4	0	0
otu7049	0	3	0
otu7050	0	6	0
otu7051	0	7	3
otu7052	0	2	0
otu7053	2	4	0
otu7054	11	0	3
otu7055	2	0	0
otu7056	0	5	5
otu7057	0	7	0
otu7058	4	6	6
otu7059	0	7	3
otu7060	0	2	0
otu7061	0	7	8
otu7062	3	0	6
otu7064	0	0	0
otu7065	0	0	0
otu7066	0	2	3
otu7067	5	5	0
otu7068	4	7	6
otu7069	0	13	0
otu7070	6	5	7
otu7071	3	2	0
otu7072	7	3	3
otu7073	3	7	4
otu7074	5	6	2
otu7075	0	4	3
otu7076	5	8	0
otu7077	0	0	0
otu7078	0	0	2
otu7079	0	0	0
otu7080	3	2	0
otu7081	0	0	0
otu7082	0	6	6
otu7083	0	7	9
otu7084	0	0	0
otu7085	0	0	0
otu7086	2	0	0
otu7087	0	0	0
otu7088	2	0	3
otu7089	0	0	0
otu7090	0	0	0
otu7091	0	0	2
otu7092	0	0	0
otu7093	0	17	0
otu7094	16	0	2
otu7095	4	3	6
otu7096	4	0	11
otu7097	0	0	2
otu7098	0	3	2
otu7099	0	4	3
otu7100	0	8	6
otu7101	0	6	2
otu7102	0	4	0
otu7103	3	0	5
otu7104	0	5	1
otu7105	0	0	1
otu7106	0	0	3
otu7107	0	10	0
otu7108	0	0	1
otu7109	0	20	0
otu7110	0	0	0
otu7111	0	0	0
otu7112	0	0	3
otu7113	0	0	0
otu7114	0	0	0
otu7115	0	0	5
otu7116	0	0	5
otu7117	0	3	0
otu7118	0	7	4
otu7119	0	2	4
otu7120	0	0	0
otu7121	0	0	2
otu7122	0	0	3
otu7123	7	0	0
otu7124	0	8	4
otu7125	9	3	0
otu7126	0	0	4
otu7127	5	8	4
otu7128	6	5	0
otu7129	5	5	3
otu7130	3	5	6
otu7131	2	2	7
otu7132	2	4	2
otu7133	3	9	0
otu7134	4	3	3
otu7135	0	0	0
otu7136	8	0	8
otu7137	0	2	4
otu7138	0	5	4
otu7139	0	0	0
otu7140	0	0	0
otu7141	4	5	4
otu7142	0	3	0
otu7143	6	0	9
otu7144	0	0	3
otu7145	0	0	6
otu7146	0	0	0
otu7147	19	0	0
otu7148	4	0	22
otu7149	6	2	0
otu7150	0	0	0
otu7151	5	3	3
otu7152	0	0	5
otu7154	0	8	0
otu7155	4	5	3
otu7156	0	0	0
otu7157	6	0	6
otu7158	0	0	0
otu7159	0	0	0
otu7160	0	2	0
otu7161	5	5	4
otu7162	0	0	0
otu7163	0	0	7
otu7164	2	4	4
otu7165	0	2	0
otu7166	4	0	0
otu7167	0	6	4
otu7168	0	3	5
otu7169	0	0	0
otu7170	0	3	0
otu7171	4	8	2
otu7172	0	6	0
otu7173	0	0	4
otu7174	0	0	0
otu7175	4	10	0
otu7176	5	0	2
otu7177	3	3	0
otu7178	3	0	0
otu7179	0	0	0
otu7180	0	18	0
otu7181	4	0	0
otu7182	0	0	3
otu7183	0	0	0
otu7184	0	8	0
otu7185	0	2	0
otu7186	7	0	0
otu7187	0	0	4
otu7188	0	4	0
otu7189	0	3	2
otu7190	0	0	3
otu7192	0	3	0
otu7193	7	0	0
otu7194	0	7	7
otu7195	0	0	0
otu7196	5	7	3
otu7197	7	3	0
otu7198	4	4	0
otu7199	5	5	4
otu7200	5	4	6
otu7201	11	0	0
otu7202	0	0	1
otu7203	0	5	3
otu7204	3	0	0
otu7205	0	0	0
otu7206	2	0	0
otu7207	2	18	0
otu7208	0	3	0
otu7209	3	0	2
otu7210	0	0	0
otu7211	0	0	0
otu7212	2	10	0
otu7213	0	2	2
otu7214	0	0	2
otu7215	0	4	6
otu7216	0	0	0
otu7217	0	4	0
otu7218	0	3	5
otu7219	0	0	0
otu7220	4	0	0
otu7221	5	0	5
otu7222	0	7	2
otu7223	0	1	0
otu7224	0	4	5
otu7225	9	5	0
otu7226	0	7	0
otu7227	0	5	0
otu7228	6	8	0
otu7229	4	5	0
otu7230	0	2	0
otu7231	0	8	0
otu7232	0	1	3
otu7233	0	0	0
otu7234	0	3	1
otu7235	4	9	7
otu7236	0	0	0
otu7237	0	0	0
otu7238	7	0	7
otu7239	0	0	0
otu7240	0	8	0
otu7241	0	5	0
otu7242	0	0	3
otu7243	3	0	12
otu7244	4	0	10
otu7245	0	3	0
otu7246	0	0	0
otu7247	24	0	0
otu7248	0	0	4
otu7249	2	0	0
otu7250	0	4	0
otu7251	0	0	3
otu7252	0	9	2
otu7253	5	4	4
otu7254	0	0	0
otu7255	0	0	4
otu7256	7	5	0
otu7257	0	0	0
otu7258	0	0	0
otu7259	7	7	0
otu7260	0	0	17
otu7261	4	5	0
otu7262	0	3	2
otu7263	2	4	3
otu7264	2	0	6
otu7265	4	2	7
otu7266	0	0	19
otu7267	4	5	5
otu7268	0	8	1
otu7269	5	8	0
otu7271	3	8	0
otu7272	6	10	0
otu7273	4	6	4
otu7274	10	5	2
otu7275	0	11	10
otu7276	5	4	4
otu7277	0	3	0
otu7278	0	8	0
otu7279	5	6	4
otu7280	2	4	0
otu7281	4	2	0
otu7282	0	7	9
otu7283	0	0	0
otu7284	3	0	0
otu7285	5	0	5
otu7286	8	5	4
otu7287	5	0	3
otu7288	3	3	3
otu7289	0	0	0
otu7290	5	6	0
otu7291	0	5	3
otu7292	0	0	11
otu7293	3	0	4
otu7294	3	3	3
otu7295	0	0	0
otu7296	6	5	0
otu7297	0	7	0
otu7298	0	2	3
otu7299	0	0	0
otu7300	8	0	0
otu7301	4	1	2
otu7302	0	0	0
otu7303	0	0	0
otu7304	2	0	5
otu7305	0	10	3
otu7306	0	0	0
otu7307	0	0	2
otu7308	4	0	0
otu7309	0	3	0
otu7310	0	0	0
otu7311	0	0	7
otu7312	3	0	3
otu7313	3	7	2
otu7314	3	5	2
otu7315	0	0	4
otu7316	7	2	0
otu7317	4	0	0
otu7318	7	0	5
otu7319	4	4	0
otu7320	0	3	0
otu7321	4	0	1
otu7322	0	3	2
otu7323	0	3	3
otu7324	0	0	0
otu7326	0	3	0
otu7327	4	0	4
otu7328	0	3	0
otu7329	3	0	0
otu7330	6	0	0
otu7331	7	0	0
otu7332	0	0	3
otu7333	9	7	5
otu7334	4	0	0
otu7335	0	0	0
otu7336	0	0	4
otu7337	0	5	9
otu7338	0	0	12
otu7339	0	0	9
otu7340	10	3	0
otu7341	0	0	0
otu7342	2	9	0
otu7343	4	7	0
otu7344	4	4	4
otu7345	5	5	0
otu7346	7	0	6
otu7347	9	6	0
otu7348	5	4	4
otu7349	5	9	0
otu7350	0	4	4
otu7351	8	5	0
otu7352	0	0	0
otu7353	0	4	7
otu7354	0	8	0
otu7355	3	0	3
otu7356	6	0	0
otu7357	15	0	0
otu7358	0	0	0
otu7359	0	8	0
otu7360	6	4	0
otu7361	0	0	4
otu7362	0	8	7
otu7364	6	4	0
otu7365	7	3	0
otu7366	0	5	5
otu7367	4	6	4
otu7368	10	0	0
otu7369	4	5	4
otu7370	0	3	4
otu7371	0	0	0
otu7372	0	4	3
otu7373	7	4	0
otu7374	3	0	0
otu7375	3	0	5
otu7376	7	0	5
otu7377	5	0	5
otu7378	2	2	3
otu7379	0	0	0
otu7380	0	10	0
otu7381	0	5	0
otu7382	4	5	2
otu7383	4	2	0
otu7384	8	0	0
otu7385	0	3	0
otu7386	0	0	0
otu7387	0	0	0
otu7388	0	8	4
otu7389	4	3	2
otu7390	0	6	0
otu7391	6	0	3
otu7392	0	3	0
otu7393	0	0	0
otu7395	0	4	0
otu7396	0	0	2
otu7397	3	5	4
otu7399	4	4	3
otu7400	0	5	0
otu7401	0	0	0
otu7403	0	2	0
otu7404	0	2	0
otu7405	0	0	0
otu7406	0	2	0
otu7407	5	0	0
otu7408	0	3	0
otu7409	0	0	7
otu7410	11	4	0
otu7411	0	8	0
otu7412	0	0	0
otu7413	0	0	0
otu7414	0	2	5
otu7415	0	0	2
otu7416	3	0	0
otu7417	0	0	0
otu7418	0	0	5
otu7419	0	0	0
otu7420	0	5	0
otu7421	2	12	0
otu7422	0	0	3
otu7423	0	0	10
otu7424	0	0	3
otu7425	4	4	0
otu7426	0	3	0
otu7427	2	5	4
otu7428	2	3	4
otu7429	6	0	0
otu7430	6	4	0
otu7431	6	5	0
otu7432	2	0	0
otu7433	2	4	5
otu7434	4	0	0
otu7435	0	0	8
otu7436	4	7	0
otu7437	0	4	0
otu7438	0	0	0
otu7439	0	0	0
otu7440	2	7	5
otu7441	3	0	5
otu7442	7	0	0
otu7443	4	4	3
otu7444	6	4	0
otu7445	4	0	2
otu7446	7	0	5
otu7447	5	3	0
otu7448	3	0	7
otu7449	0	0	0
otu7451	0	3	0
otu7452	0	0	0
otu7453	9	0	7
otu7454	0	0	3
otu7455	0	4	0
otu7456	0	6	0
otu7457	0	6	3
otu7458	0	7	6
otu7459	0	0	0
otu7460	0	3	0
otu7461	0	0	0
otu7462	4	0	0
otu7463	0	0	4
otu7464	3	3	0
otu7465	7	2	0
otu7466	5	2	0
otu7467	0	6	2
otu7468	5	0	9
otu7469	0	0	0
otu7470	0	9	0
otu7471	0	0	0
otu7473	0	0	7
otu7474	3	4	0
otu7475	0	0	5
otu7476	0	3	2
otu7477	0	4	3
otu7478	0	0	5
otu7479	3	0	0
otu7480	0	6	3
otu7481	0	0	0
otu7482	0	3	0
otu7483	2	0	7
otu7484	0	0	0
otu7485	11	1	0
otu7486	3	2	0
otu7487	0	5	3
otu7488	4	6	0
otu7489	4	2	6
otu7490	6	0	4
otu7491	10	0	0
otu7492	0	9	2
otu7493	5	3	3
otu7494	6	0	0
otu7496	5	0	0
otu7497	0	0	0
otu7498	0	11	3
otu7499	4	4	3
otu7500	0	0	3
otu7501	0	10	7
otu7502	5	3	3
otu7503	3	5	0
otu7504	0	5	3
otu7506	0	4	1
otu7507	6	0	11
otu7508	0	0	0
otu7509	0	0	0
otu7510	6	2	0
otu7511	2	4	4
otu7512	0	0	3
otu7513	0	6	6
otu7514	0	0	0
otu7515	0	0	0
otu7517	0	0	0
otu7518	0	15	4
otu7519	0	0	0
otu7520	5	4	0
otu7521	0	0	9
otu7522	0	5	0
otu7523	0	6	3
otu7524	5	0	1
otu7525	0	5	0
otu7526	2	4	0
otu7527	1	4	2
otu7528	0	0	5
otu7529	0	5	2
otu7530	0	8	0
otu7531	0	0	0
otu7532	0	6	0
otu7533	0	3	0
otu7535	0	2	0
otu7536	0	0	0
otu7537	0	0	0
otu7538	0	0	0
otu7539	0	0	5
otu7540	0	8	2
otu7541	0	7	0
otu7542	0	6	6
otu7544	0	3	0
otu7545	0	0	0
otu7546	3	0	0
otu7547	12	8	0
otu7548	0	0	0
otu7549	0	0	4
otu7550	0	0	0
otu7551	1	4	0
otu7552	0	4	0
otu7553	0	0	0
otu7554	0	0	3
otu7555	0	0	0
otu7556	4	1	2
otu7557	0	4	0
otu7558	0	0	2
otu7559	0	3	0
otu7560	0	0	0
otu7561	0	6	3
otu7562	0	0	2
otu7563	0	4	0
otu7564	0	4	8
otu7565	0	0	0
otu7566	0	0	0
otu7567	3	3	0
otu7568	0	4	6
otu7569	0	4	0
otu7570	0	0	0
otu7571	0	10	0
otu7572	0	0	6
otu7573	0	0	0
otu7574	0	0	0
otu7575	3	0	3
otu7577	6	5	4
otu7578	3	0	5
otu7579	5	6	3
otu7580	3	4	10
otu7581	3	4	0
otu7582	6	3	0
otu7583	0	3	0
otu7585	0	0	0
otu7586	0	0	0
otu7587	5	0	0
otu7588	5	0	3
otu7589	0	0	0
otu7590	0	0	0
otu7591	0	0	0
otu7592	0	9	2
otu7593	0	3	0
otu7594	0	5	0
otu7595	4	2	0
otu7596	0	6	0
otu7597	0	0	2
otu7598	0	0	3
otu7599	2	0	0
otu7601	6	8	0
otu7602	0	0	0
otu7603	0	4	0
otu7604	0	4	0
otu7606	0	5	0
otu7607	0	0	4
otu7608	3	0	0
otu7609	0	0	0
otu7610	0	0	0
otu7611	0	0	2
otu7612	0	0	0
otu7613	0	0	0
otu7614	0	0	0
otu7615	0	3	0
otu7616	0	0	0
otu7617	0	9	5
otu7618	0	0	0
otu7619	0	0	0
otu7620	0	0	0
otu7621	0	2	0
otu7622	0	3	7
otu7623	5	12	0
otu7624	0	4	0
otu7625	12	0	0
otu7626	0	3	3
otu7628	0	0	0
otu7629	0	10	3
otu7630	0	5	0
otu7631	3	0	3
otu7632	0	9	4
otu7633	3	6	3
otu7634	0	2	5
otu7635	3	13	1
otu7636	0	5	2
otu7637	0	0	0
otu7638	0	0	0
otu7639	0	3	0
otu7640	3	0	9
otu7641	4	4	0
otu7642	0	2	3
otu7643	0	0	0
otu7644	0	0	0
otu7645	3	0	3
otu7646	0	6	0
otu7647	9	2	0
otu7648	0	0	0
otu7649	0	0	1
otu7650	0	0	3
otu7651	0	6	0
otu7652	0	4	0
otu7653	2	2	0
otu7654	9	0	0
otu7655	0	0	7
otu7656	0	0	7
otu7657	0	0	0
otu7658	0	5	0
otu7659	0	0	5
otu7660	0	0	0
otu7661	0	0	0
otu7662	0	0	0
otu7663	1	0	3
otu7664	7	4	0
otu7665	4	0	6
otu7666	0	0	9
otu7667	0	4	0
otu7668	0	0	0
otu7669	6	0	0
otu7670	0	5	3
otu7671	0	5	0
otu7672	3	5	2
otu7673	3	8	0
otu7676	0	3	0
otu7678	6	0	0
otu7679	6	5	3
otu7680	2	2	5
otu7681	2	3	6
otu7685	2	3	7
otu7686	0	3	0
otu7687	0	0	0
otu7688	0	0	7
otu7689	4	4	0
otu7690	0	0	0
otu7691	3	0	7
otu7692	1	5	0
otu7693	8	5	0
otu7694	0	3	9
otu7695	0	8	0
otu7696	0	4	3
otu7697	4	0	3
otu7698	0	0	6
otu7699	7	4	0
otu7700	0	8	0
otu7701	0	0	0
otu7702	5	0	2
otu7703	4	5	4
otu7704	0	3	0
otu7705	0	0	0
otu7706	0	0	3
otu7707	0	0	0
otu7709	0	0	0
otu7710	4	4	1
otu7712	0	0	0
otu7713	0	7	7
otu7714	0	0	0
otu7716	0	0	0
otu7717	0	0	0
otu7718	0	0	0
otu7719	3	5	0
otu7720	0	0	7
otu7721	0	7	0
otu7722	0	0	0
otu7723	0	3	3
otu7724	4	0	0
otu7725	4	0	8
otu7726	8	0	0
otu7727	2	0	4
otu7729	7	0	0
otu7730	0	0	0
otu7731	8	2	0
otu7732	0	4	3
otu7733	0	0	0
otu7734	4	3	0
otu7735	0	0	0
otu7739	0	12	0
otu7740	7	0	8
otu7741	0	3	4
otu7742	0	2	0
otu7743	6	0	0
otu7744	0	8	0
otu7745	0	4	0
otu7746	0	4	0
otu7747	0	0	5
otu7748	0	0	0
otu7749	0	0	0
otu7750	0	4	3
otu7752	2	0	2
otu7753	0	6	3
otu7754	2	0	0
otu7755	2	0	0
otu7756	0	0	4
otu7757	4	0	4
otu7758	0	0	0
otu7759	9	1	3
otu7760	0	0	0
otu7761	0	0	4
otu7762	6	5	0
otu7763	5	4	0
otu7764	7	4	0
otu7765	0	0	0
otu7766	8	0	0
otu7769	6	0	5
otu7770	5	3	2
otu7771	0	0	3
otu7772	0	7	0
otu7773	4	0	3
otu7775	0	9	0
otu7776	0	0	5
otu7777	6	0	0
otu7778	0	0	0
otu7780	0	3	0
otu7782	3	0	11
otu7783	0	3	5
otu7784	0	5	5
otu7785	3	0	0
otu7786	0	7	0
otu7787	0	0	0
otu7788	4	8	2
otu7789	2	4	2
otu7790	0	0	0
otu7791	0	0	4
otu7792	0	0	8
otu7793	11	0	0
otu7794	4	0	0
otu7795	0	0	0
otu7796	0	0	0
otu7797	0	0	0
otu7799	0	4	0
otu7800	0	0	0
otu7801	0	4	5
otu7802	3	0	0
otu7803	0	0	2
otu7804	7	0	3
otu7805	0	0	0
otu7806	2	0	0
otu7807	0	2	0
otu7808	0	0	4
otu7809	3	0	0
otu7810	0	6	0
otu7811	0	5	0
otu7812	0	0	6
otu7814	0	2	0
otu7815	0	3	0
otu7816	0	0	0
otu7817	0	3	0
otu7818	0	0	0
otu7819	0	4	0
otu7820	5	3	0
otu7821	0	0	0
otu7822	3	5	0
otu7823	0	3	0
otu7824	0	0	4
otu7825	4	5	0
otu7826	0	3	0
otu7827	0	3	0
otu7830	0	5	0
otu7831	0	3	0
otu7832	0	4	10
otu7833	8	0	0
otu7834	0	4	0
otu7835	0	6	0
otu7836	0	0	3
otu7837	7	5	0
otu7838	0	0	5
otu7839	0	7	0
otu7840	5	0	0
otu7841	0	7	0
otu7842	2	12	0
otu7843	0	0	0
otu7844	0	0	0
otu7845	0	0	0
otu7846	0	0	8
otu7847	0	0	2
otu7848	0	0	2
otu7849	0	0	3
otu7850	0	2	0
otu7851	4	0	0
otu7852	0	9	0
otu7853	8	6	0
otu7854	0	4	3
otu7855	1	0	3
otu7856	0	0	6
otu7857	0	0	3
otu7858	0	5	5
otu7859	6	0	0
otu7861	2	4	0
otu7862	4	4	0
otu7863	0	5	4
otu7864	5	4	0
otu7865	0	4	0
otu7866	5	5	0
otu7867	3	4	0
otu7868	0	2	12
otu7869	0	4	4
otu7870	5	4	3
otu7872	4	4	3
otu7873	4	4	5
otu7874	0	4	3
otu7875	0	0	0
otu7876	0	5	0
otu7877	2	5	2
otu7878	4	0	5
otu7879	7	0	0
otu7880	4	4	2
otu7881	0	0	0
otu7882	0	0	0
otu7883	3	4	0
otu7884	0	0	0
otu7885	5	4	4
otu7886	0	2	3
otu7887	2	7	0
otu7889	0	3	0
otu7891	0	0	0
otu7892	0	0	0
otu7893	0	0	0
otu7894	4	6	0
otu7895	0	0	0
otu7897	6	0	0
otu7898	7	0	5
otu7899	0	0	0
otu7900	0	0	0
otu7901	4	4	0
otu7903	5	0	0
otu7904	3	0	0
otu7905	0	5	5
otu7906	0	0	3
otu7907	12	0	0
otu7908	0	4	0
otu7909	0	5	8
otu7910	0	0	0
otu7911	4	0	4
otu7912	0	0	0
otu7913	2	6	4
otu7915	0	0	7
otu7916	0	0	0
otu7917	4	0	0
otu7918	0	5	2
otu7919	0	0	0
otu7920	0	6	5
otu7921	0	0	0
otu7922	0	0	0
otu7923	0	0	0
otu7926	0	0	0
otu7927	3	7	2
otu7928	0	0	0
otu7929	0	0	0
otu7930	0	0	0
otu7931	0	0	0
otu7933	0	6	3
otu7934	0	0	4
otu7935	0	4	3
otu7936	3	8	0
otu7937	0	0	0
otu7938	0	0	6
otu7939	4	0	0
otu7941	0	0	0
otu7942	0	3	5
otu7943	0	0	0
otu7944	0	1	5
otu7946	4	0	0
otu7947	0	5	0
otu7949	0	0	0
otu7950	0	4	2
otu7952	0	0	3
otu7953	0	0	3
otu7954	0	0	4
otu7955	0	0	0
otu7956	4	0	0
otu7957	0	2	0
otu7958	0	0	0
otu7959	0	2	0
otu7960	0	0	2
otu7961	1	0	0
otu7962	0	4	0
otu7963	0	0	2
otu7964	2	0	0
otu7965	0	3	5
otu7966	0	0	0
otu7967	0	0	4
otu7969	0	0	0
otu7971	0	0	0
otu7972	0	0	0
otu7973	0	0	4
otu7974	0	2	2
otu7975	0	0	0
otu7976	0	0	0
otu7977	4	0	0
otu7978	0	2	0
otu7979	0	0	0
otu7980	5	0	0
otu7981	0	0	0
otu7982	0	0	2
otu7984	0	13	3
otu7985	0	8	5
otu7986	3	6	0
otu7987	2	3	0
otu7988	0	4	3
otu7989	0	6	0
otu7991	0	3	6
otu7992	0	4	0
otu7993	0	0	16
otu7994	0	4	3
otu7995	0	0	0
otu7997	0	4	0
otu7998	0	4	3
otu7999	0	0	0
otu8000	0	0	0
otu8002	1	0	9
otu8003	0	2	0
otu8004	0	0	6
otu8005	0	4	0
otu8006	0	4	4
otu8007	0	0	0
otu8009	0	0	6
otu8010	0	3	0
otu8011	0	0	0
otu8012	7	0	0
otu8013	0	8	5
otu8014	0	0	0
otu8017	3	0	0
otu8018	0	6	0
otu8019	0	0	0
otu8020	0	3	4
otu8021	0	3	4
otu8022	6	0	0
otu8023	0	0	5
otu8024	0	2	0
otu8025	0	0	0
otu8026	0	0	14
otu8028	0	0	0
otu8029	0	0	0
otu8030	0	0	0
otu8031	0	0	0
otu8032	0	0	0
otu8033	0	0	0
otu8034	0	0	0
otu8035	0	0	6
otu8036	0	5	0
otu8037	0	3	0
otu8038	0	0	0
otu8039	0	0	0
otu8040	0	0	0
otu8041	0	0	4
otu8042	0	0	0
otu8043	0	0	0
otu8044	0	0	8
otu8045	0	0	4
otu8046	5	0	2
otu8047	0	3	0
otu8048	0	0	0
otu8051	0	0	7
otu8052	0	0	0
otu8054	0	0	0
otu8055	0	4	0
otu8056	0	15	0
otu8057	5	0	4
otu8058	0	6	0
otu8059	0	0	0
otu8060	0	4	0
otu8061	0	0	0
otu8062	0	6	2
otu8063	0	0	0
otu8064	7	0	0
otu8065	0	0	0
otu8066	0	0	3
otu8067	0	10	0
otu8069	0	0	0
otu8070	0	4	0
otu8071	0	0	0
otu8072	4	0	0
otu8073	0	0	0
otu8074	4	2	0
otu8075	0	15	0
otu8076	0	5	0
otu8077	0	2	3
otu8078	0	2	0
otu8079	3	0	0
otu8081	7	0	0
otu8082	0	0	0
otu8084	3	0	0
otu8085	0	0	0
otu8086	0	0	0
otu8087	0	0	0
otu8088	0	0	4
otu8089	0	0	0
otu8090	0	3	0
otu8091	11	2	0
otu8092	0	0	0
otu8093	0	4	0
otu8094	7	0	0
otu8095	0	0	0
otu8097	0	4	0
otu8098	3	0	3
otu8100	0	6	6
otu8101	3	5	5
otu8102	4	2	0
otu8103	0	9	0
otu8104	3	5	5
otu8106	5	0	0
otu8108	0	5	6
otu8109	0	7	3
otu8110	0	0	0
otu8111	0	0	7
otu8112	0	0	4
otu8113	7	2	0
otu8114	0	0	0
otu8115	0	2	3
otu8120	0	5	0
otu8121	7	3	0
otu8122	0	4	0
otu8123	0	0	0
otu8124	0	0	0
otu8125	0	0	0
otu8126	3	4	4
otu8127	3	2	2
otu8128	0	0	2
otu8129	6	0	3
otu8130	7	4	0
otu8132	0	12	0
otu8135	0	0	0
otu8136	4	4	0
otu8137	0	9	0
otu8138	0	7	0
otu8139	0	0	0
otu8140	0	3	0
otu8141	0	0	0
otu8142	4	0	0
otu8143	0	0	4
otu8144	4	0	3
otu8145	0	0	0
otu8146	0	7	5
otu8147	4	0	0
otu8148	0	3	2
otu8149	0	0	6
otu8150	0	0	0
otu8152	0	0	0
otu8153	0	4	2
otu8154	3	0	0
otu8155	0	3	0
otu8156	0	0	0
otu8157	0	0	0
otu8158	2	3	0
otu8159	0	0	0
otu8160	0	0	0
otu8161	0	0	0
otu8162	0	0	4
otu8163	0	0	5
otu8165	0	3	0
otu8166	0	0	0
otu8167	3	0	0
otu8169	0	0	0
otu8170	0	0	10
otu8171	0	4	0
otu8173	5	4	0
otu8174	0	7	0
otu8175	0	0	0
otu8176	0	4	4
otu8177	10	4	0
otu8178	2	4	0
otu8179	0	0	0
otu8180	0	5	0
otu8182	0	4	0
otu8184	0	0	0
otu8185	0	6	0
otu8186	0	3	0
otu8187	0	0	0
otu8188	0	3	0
otu8189	3	6	0
otu8192	0	0	4
otu8193	0	0	0
otu8194	0	0	9
otu8195	0	9	0
otu8196	0	3	0
otu8197	0	2	0
otu8198	3	4	0
otu8199	0	0	4
otu8200	0	0	5
otu8201	2	7	0
otu8202	0	3	3
otu8203	3	0	0
otu8204	0	0	0
otu8205	0	2	4
otu8206	0	0	0
otu8207	0	0	0
otu8208	2	3	0
otu8209	0	0	0
otu8210	2	0	3
otu8211	0	0	0
otu8212	0	7	0
otu8213	0	7	4
otu8214	8	3	0
otu8215	0	0	0
otu8216	0	4	0
otu8217	0	0	0
otu8219	0	0	0
otu8220	0	0	0
otu8221	0	4	0
otu8222	0	0	0
otu8223	0	3	0
otu8224	0	8	6
otu8225	0	4	3
otu8226	0	0	0
otu8227	0	0	0
otu8228	0	3	2
otu8230	0	2	0
otu8231	0	4	4
otu8232	0	0	0
otu8233	0	3	5
otu8234	0	6	0
otu8235	0	9	0
otu8237	5	6	0
otu8238	5	4	0
otu8239	0	4	3
otu8241	0	8	3
otu8243	0	3	11
otu8244	0	6	4
otu8245	0	4	2
otu8246	4	4	0
otu8247	0	0	11
otu8248	5	4	0
otu8249	0	0	0
otu8250	0	5	2
otu8251	4	0	3
otu8252	0	2	0
otu8253	0	0	1
otu8254	0	1	0
otu8255	0	2	0
otu8256	0	2	0
otu8257	0	9	3
otu8258	0	0	0
otu8259	0	5	4
otu8260	0	2	0
otu8261	0	0	4
otu8262	0	0	0
otu8263	0	4	4
otu8264	0	0	0
otu8265	0	0	14
otu8266	0	14	0
otu8268	0	2	6
otu8269	4	0	0
otu8271	3	0	0
otu8272	0	9	0
otu8273	0	0	0
otu8274	0	12	0
otu8275	3	0	5
otu8276	0	0	14
otu8277	0	0	0
otu8278	0	4	4
otu8279	7	0	0
otu8280	0	2	0
otu8281	0	0	0
otu8282	0	0	0
otu8284	0	6	0
otu8285	0	3	4
otu8286	0	0	0
otu8287	7	0	0
otu8288	0	0	0
otu8289	0	0	0
otu8291	0	0	0
otu8292	0	0	0
otu8293	4	4	0
otu8294	0	13	0
otu8295	3	3	4
otu8296	0	2	0
otu8298	0	4	0
otu8299	0	0	0
otu8300	0	0	0
otu8301	0	0	0
otu8302	0	0	0
otu8303	0	0	0
otu8304	0	0	4
otu8305	0	3	0
otu8306	0	0	0
otu8307	0	0	4
otu8308	2	0	6
otu8309	0	4	0
otu8310	0	8	2
otu8311	0	8	0
otu8312	0	5	0
otu8313	5	4	0
otu8314	0	4	0
otu8315	0	0	2
otu8319	0	0	4
otu8321	1	0	0
otu8323	0	6	0
otu8325	0	0	0
otu8326	4	5	0
otu8328	0	0	0
otu8329	0	0	0
otu8330	0	0	0
otu8331	0	0	0
otu8332	0	0	0
otu8334	3	2	0
otu8335	0	2	0
otu8337	0	0	2
otu8338	0	1	0
otu8339	0	0	0
otu8340	0	8	0
otu8341	0	3	0
otu8342	0	0	0
otu8343	0	0	0
otu8344	0	0	4
otu8345	0	0	0
otu8346	0	0	0
otu8347	0	0	0
otu8348	1	3	0
otu8349	0	0	0
otu8350	0	4	9
otu8351	0	0	0
otu8352	0	0	0
otu8353	5	0	0
otu8354	0	5	0
otu8355	0	4	3
otu8356	0	0	0
otu8357	0	2	0
otu8359	0	0	0
otu8360	0	3	0
otu8362	2	0	0
otu8363	0	0	2
otu8364	0	2	0
otu8365	0	0	0
otu8366	0	6	2
otu8367	0	0	0
otu8368	0	0	0
otu8370	0	7	0
otu8371	0	7	0
otu8372	0	0	0
otu8374	0	0	0
otu8375	0	0	0
otu8376	0	0	0
otu8377	0	0	0
otu8378	2	5	0
otu8380	0	0	0
otu8381	0	0	0
otu8382	0	0	0
otu8383	0	0	0
otu8384	4	4	0
otu8385	0	4	0
otu8387	0	3	0
otu8389	0	3	0
otu8393	8	0	0
otu8394	0	0	0
otu8396	0	0	13
otu8397	0	0	0
otu8398	3	0	5
otu8399	0	0	0
otu8400	4	0	4
otu8403	3	4	0
otu8404	6	2	1
otu8405	4	0	0
otu8406	0	0	3
otu8407	4	2	0
otu8410	0	0	0
otu8411	0	2	0
otu8412	0	0	0
otu8413	0	0	0
otu8414	0	13	0
otu8415	0	0	0
otu8416	0	0	4
otu8417	0	0	0
otu8418	3	3	0
otu8420	0	0	0
otu8421	0	0	0
otu8422	0	3	4
otu8423	0	5	0
otu8424	0	0	5
otu8425	3	2	0
otu8426	2	0	0
otu8427	0	3	0
otu8428	0	0	0
otu8431	6	0	0
otu8432	3	6	0
otu8434	6	0	0
otu8435	0	0	0
otu8437	0	4	0
otu8438	6	0	0
otu8440	7	0	0
otu8441	0	0	0
otu8444	0	0	6
otu8446	0	4	4
otu8447	5	0	2
otu8448	0	3	0
otu8449	7	2	0
otu8451	6	0	4
otu8452	3	0	3
otu8453	0	0	0
otu8455	0	0	0
otu8456	0	0	5
otu8457	0	5	3
otu8458	0	0	0
otu8459	0	0	5
otu8461	0	2	4
otu8464	0	0	4
otu8465	0	2	9
otu8466	3	3	0
otu8467	0	0	0
otu8469	0	5	0
otu8470	0	0	0
otu8471	4	3	0
otu8472	0	6	3
otu8473	0	5	0
otu8474	0	0	0
otu8475	6	6	0
otu8476	0	0	4
otu8480	0	0	0
otu8481	0	0	8
otu8482	0	0	0
otu8484	0	2	6
otu8485	0	0	0
otu8487	0	0	0
otu8488	0	4	2
otu8489	0	2	3
otu8490	0	0	6
otu8491	1	2	0
otu8494	0	0	0
otu8495	0	0	6
otu8496	0	4	0
otu8497	0	0	0
otu8498	0	0	0
otu8499	0	3	0
otu8500	0	0	3
otu8501	6	0	0
otu8502	3	4	0
otu8503	0	0	0
otu8504	0	0	0
otu8505	5	0	0
otu8506	0	0	0
otu8508	0	3	0
otu8509	0	0	0
otu8510	0	2	0
otu8511	0	0	0
otu8512	0	5	2
otu8513	0	2	4
otu8514	0	0	0
otu8515	0	0	0
otu8516	3	3	2
otu8517	0	5	0
otu8518	0	6	0
otu8519	2	3	0
otu8520	2	0	0
otu8522	0	0	0
otu8523	2	2	0
otu8524	0	4	8
otu8527	0	0	0
otu8528	0	3	0
otu8529	0	0	0
otu8530	0	2	0
otu8531	0	0	0
otu8532	0	0	0
otu8533	0	4	2
otu8535	0	3	0
otu8536	0	0	0
otu8537	0	0	0
otu8538	0	4	3
otu8539	0	5	0
otu8540	0	0	0
otu8543	0	0	0
otu8544	0	0	0
otu8545	2	4	0
otu8546	4	0	0
otu8548	0	1	0
otu8549	0	6	0
otu8550	3	4	0
otu8551	0	5	4
otu8552	3	4	5
otu8553	4	3	0
otu8555	5	0	0
otu8556	0	7	5
otu8557	0	0	2
otu8558	0	0	0
otu8559	0	0	0
otu8560	0	5	4
otu8561	0	0	0
otu8562	0	0	0
otu8563	0	0	3
otu8564	0	12	0
otu8565	0	4	0
otu8566	5	7	0
otu8569	3	0	4
otu8572	0	1	0
otu8574	0	0	0
otu8575	0	0	0
otu8576	0	4	2
otu8578	0	0	4
otu8579	0	0	4
otu8580	0	0	0
otu8581	0	3	4
otu8583	3	3	0
otu8584	0	3	0
otu8585	0	0	0
otu8586	0	0	0
otu8587	0	4	0
otu8588	2	0	0
otu8589	0	0	5
otu8590	7	4	0
otu8592	5	2	5
otu8594	0	0	0
otu8595	1	2	0
otu8596	0	0	0
otu8597	0	11	0
otu8598	0	0	3
otu8599	0	3	0
otu8600	0	6	0
otu8601	0	0	0
otu8602	0	0	8
otu8604	0	3	0
otu8607	0	0	9
otu8608	1	0	0
otu8609	0	0	0
otu8610	0	0	0
otu8614	0	3	0
otu8615	0	0	0
otu8618	1	0	3
otu8620	0	0	5
otu8621	0	0	0
otu8623	0	0	0
otu8625	0	0	0
otu8627	4	4	0
otu8628	0	0	0
otu8630	0	0	0
otu8632	0	0	0
otu8633	3	0	0
otu8634	0	0	0
otu8635	0	3	0
otu8638	0	0	0
otu8639	0	9	0
otu8640	0	6	5
otu8641	2	2	0
otu8642	0	0	0
otu8643	0	5	0
otu8644	0	4	0
otu8645	0	0	0
otu8646	0	0	11
otu8649	0	0	3
otu8650	0	0	0
otu8651	0	0	3
otu8652	0	3	0
otu8653	0	5	0
otu8654	0	0	0
otu8656	0	4	2
otu8657	0	0	0
otu8659	0	0	3
otu8660	0	7	0
otu8661	0	0	0
otu8662	0	0	0
otu8665	0	0	2
otu8667	7	0	0
otu8668	0	0	0
otu8670	0	0	11
otu8671	0	0	0
otu8673	0	0	0
otu8674	0	0	0
otu8675	0	0	0
otu8676	0	0	5
otu8677	0	0	0
otu8678	0	6	0
otu8679	0	5	0
otu8680	0	0	0
otu8681	0	0	5
otu8682	0	5	0
otu8683	0	0	0
otu8686	4	3	4
otu8687	0	0	0
otu8688	0	0	0
otu8690	0	0	5
otu8692	0	0	3
otu8694	0	0	0
otu8695	0	11	0
otu8696	0	0	0
otu8697	0	0	3
otu8699	0	0	0
otu8701	0	0	1
otu8703	0	0	0
otu8704	0	0	0
otu8705	0	0	0
otu8709	0	3	4
otu8710	0	0	0
otu8711	0	0	6
otu8712	0	0	4
otu8715	3	0	8
otu8717	0	5	0
otu8718	0	0	0
otu8721	0	0	11
otu8724	0	0	7
otu8726	0	2	0
otu8727	0	0	4
otu8729	0	0	0
otu8730	0	0	0
otu8731	0	0	3
otu8732	0	3	0
otu8735	0	0	0
otu8737	0	0	0
otu8739	0	6	5
otu8740	0	0	0
otu8741	0	0	3
otu8742	0	0	0
otu8743	0	0	0
otu8744	0	3	0
otu8745	0	0	11
otu8746	6	5	0
otu8747	0	0	8
otu8748	0	0	0
otu8750	2	0	0
otu8751	0	0	0
otu8752	0	4	4
otu8753	0	2	0
otu8754	11	0	0
otu8755	0	4	0
otu8758	0	0	0
otu8761	0	0	0
otu8762	0	0	2
otu8763	0	0	0
otu8764	0	3	0
otu8765	11	0	0
otu8766	4	0	2
otu8767	0	0	4
otu8769	0	0	8
otu8771	0	0	0
otu8773	0	0	11
otu8774	0	0	0
otu8775	0	0	0
otu8776	0	0	0
otu8779	0	4	6
otu8782	0	0	0
otu8783	0	0	6
otu8784	0	0	0
otu8785	0	0	5
otu8786	0	0	3
otu8787	0	6	0
otu8790	0	4	0
otu8793	0	0	0
otu8794	0	0	3
otu8795	3	3	0
otu8796	0	4	0
otu8797	0	0	0
otu8798	0	4	0
otu8799	0	0	0
otu8801	0	0	0
otu8803	0	0	6
otu8804	0	10	0
otu8806	0	0	0
otu8807	0	0	4
otu8809	0	7	0
otu8810	0	4	0
otu8812	0	5	0
otu8813	0	0	0
otu8817	3	0	0
otu8819	0	0	6
otu8822	0	0	2
otu8823	0	0	0
otu8826	0	0	3
otu8827	0	3	0
otu8828	0	0	3
otu8829	0	0	0
otu8830	0	5	0
otu8833	0	0	0
otu8836	0	0	0
otu8842	0	0	0
otu8844	0	0	0
otu8845	0	0	0
otu8847	0	0	0
otu8848	0	0	0
otu8849	0	0	0
otu8851	0	0	0
otu8852	0	3	0
otu8854	10	0	0
otu8858	0	0	0
otu8859	0	2	0
otu8861	0	0	6
otu8862	0	0	0
otu8863	0	3	0
otu8865	0	8	0
otu8867	0	3	0
otu8868	0	0	0
otu8870	0	3	0
otu8873	0	0	0
otu8875	0	0	0
otu8876	0	0	0
otu8877	0	0	0
otu8878	0	0	4
otu8879	0	0	0
otu8880	0	0	0
otu8881	0	0	3
otu8882	0	0	0
otu8883	0	0	1
otu8884	6	0	4
otu8885	0	0	0
otu8886	4	3	0
otu8887	0	0	3
otu8888	0	0	0
otu8889	0	0	0
otu8890	0	0	2
otu8891	2	0	4
otu8894	5	5	0
otu8896	0	0	0
otu8898	0	3	3
otu8899	0	7	0
otu8900	0	4	3
otu8901	0	2	4
otu8903	0	6	0
otu8904	0	0	10
otu8905	2	3	3
otu8909	10	0	0
otu8910	8	0	0
otu8911	0	7	0
otu8912	0	2	3
otu8913	0	5	0
otu8915	0	3	0
otu8916	0	5	5
otu8918	3	4	0
otu8919	5	5	0
otu8921	0	0	10
otu8924	0	3	0
otu8926	0	4	0
otu8928	0	0	0
otu8930	0	0	0
otu8931	0	0	0
otu8933	0	3	0
otu8934	4	4	0
otu8937	0	0	0
otu8939	0	0	0
otu8943	0	0	0
otu8945	0	0	7
otu8946	0	0	0
otu8947	0	0	0
otu8951	0	3	0
otu8952	0	0	0
otu8953	1	0	3
otu8954	3	4	0
otu8956	0	2	0
otu8957	0	0	0
otu8959	0	0	0
otu8962	0	0	0
otu8963	6	0	3
otu8964	0	6	0
otu8966	4	0	0
otu8967	0	3	0
otu8968	0	0	0
otu8969	10	0	0
otu8970	0	0	10
otu8971	4	3	0
otu8972	0	0	3
otu8974	0	0	0
otu8976	8	0	2
otu8977	5	0	0
otu8978	0	2	0
otu8981	0	0	10
otu8982	0	0	0
otu8984	0	0	0
otu8985	0	0	0
otu8986	0	0	3
otu8987	0	10	0
otu8988	0	0	0
otu8994	0	0	0
otu8996	0	0	0
otu8997	0	0	6
otu8998	2	0	0
otu9000	0	5	0
otu9001	0	0	0
otu9002	0	9	0
otu9003	0	0	2
otu9004	0	0	0
otu9005	0	0	0
otu9008	0	0	0
otu9009	0	0	0
otu9010	0	0	0
otu9012	0	0	0
otu9013	0	2	0
otu9014	0	0	0
otu9015	0	0	0
otu9016	0	7	0
otu9018	0	7	0
otu9019	0	0	0
otu9022	0	1	4
otu9025	0	0	0
otu9029	0	3	0
otu9032	0	0	9
otu9035	0	0	0
otu9036	0	6	0
otu9038	0	0	0
otu9042	0	3	0
otu9043	0	0	0
otu9044	0	0	0
otu9045	0	0	0
otu9046	0	0	0
otu9048	0	0	9
otu9049	0	5	0
otu9052	6	0	0
otu9054	0	0	0
otu9057	0	0	0
otu9058	0	0	0
otu9059	0	0	0
otu9060	0	3	0
otu9061	2	0	0
otu9062	0	0	0
otu9063	0	0	0
otu9065	0	0	0
otu9069	0	0	0
otu9071	0	0	0
otu9072	0	0	4
otu9073	6	3	0
otu9074	0	3	0
otu9075	0	4	0
otu9076	0	3	3
otu9077	0	9	0
otu9078	0	0	0
otu9079	3	0	0
otu9081	0	0	0
otu9082	0	0	0
otu9084	9	0	0
otu9085	0	0	0
otu9086	0	3	1
otu9087	0	0	5
otu9092	0	6	0
otu9093	0	0	0
otu9094	3	0	0
otu9104	0	0	3
otu9106	0	4	0
otu9107	0	0	6
otu9108	6	0	0
otu9109	4	2	3
otu9110	3	6	0
otu9114	0	0	0
otu9117	0	0	0
otu9118	0	3	0
otu9120	2	4	0
otu9121	4	5	0
otu9126	0	0	0
otu9127	0	0	3
otu9130	0	4	0
otu9131	0	0	0
otu9133	0	0	9
otu9134	0	5	4
otu9135	0	3	0
otu9136	0	9	0
otu9137	0	0	0
otu9140	0	0	9
otu9142	0	0	0
otu9143	0	9	0
otu9144	0	0	0
otu9145	0	0	0
otu9148	0	2	4
otu9149	0	2	7
otu9150	6	0	3
otu9154	0	3	0
otu9156	0	0	9
otu9159	0	6	0
otu9160	0	3	3
otu9161	0	0	0
otu9163	0	0	0
otu9165	5	0	0
otu9166	0	0	5
otu9168	0	4	0
otu9169	0	0	0
otu9172	0	0	6
otu9173	0	0	3
otu9174	6	3	0
otu9177	0	0	0
otu9178	0	0	2
otu9179	0	3	1
otu9181	0	0	0
otu9186	0	3	0
otu9187	0	0	0
otu9189	0	0	0
otu9191	0	0	0
otu9192	0	4	0
otu9197	0	0	0
otu9198	0	0	0
otu9200	0	0	8
otu9201	0	0	3
otu9204	5	0	0
otu9205	2	3	3
otu9209	0	0	0
otu9211	0	0	0
otu9212	0	0	3
otu9213	0	0	0
otu9216	0	0	0
otu9217	8	0	0
otu9219	0	5	0
otu9224	0	0	0
otu9227	0	0	2
otu9228	0	0	0
otu9230	0	0	8
otu9231	0	0	0
otu9232	0	0	0
otu9235	0	5	0
otu9236	0	0	8
otu9241	0	8	0
otu9243	8	0	0
otu9244	0	0	0
otu9245	0	0	0
otu9249	3	0	0
otu9253	0	0	0
otu9254	0	6	0
otu9255	0	0	0
otu9256	0	4	0
otu9259	0	0	8
otu9260	0	0	0
otu9262	0	8	0
otu9265	0	2	4
otu9266	5	0	0
otu9268	0	0	0
otu9271	0	0	0
otu9273	0	4	0
otu9275	0	0	3
otu9276	0	0	0
otu9277	0	0	0
otu9278	0	0	0
otu9279	0	0	0
otu9280	0	0	0
otu9282	0	0	0
otu9283	0	0	6
otu9284	0	4	0
otu9285	0	0	0
otu9287	0	0	0
otu9289	0	0	0
otu9291	0	0	4
otu9293	0	5	0
otu9295	0	0	0
otu9296	0	0	6
otu9297	3	0	0
otu9300	0	5	0
otu9302	0	0	0
otu9303	0	0	0
otu9307	0	0	0
otu9309	0	0	0
otu9310	0	0	0
otu9312	0	4	0
otu9313	0	0	0
otu9316	0	0	3
otu9320	0	0	0
otu9322	0	0	0
otu9328	0	0	0
otu9330	0	2	0
otu9331	0	0	6
otu9338	0	0	0
otu9339	0	4	0
otu9340	0	0	6
otu9346	3	5	0
otu9347	0	0	6
otu9352	0	5	3
otu9357	0	0	8
otu9359	0	0	0
otu9360	0	0	4
otu9361	8	0	0
otu9363	0	0	3
otu9364	0	3	5
otu9366	0	0	4
otu9367	2	4	0
otu9369	4	4	0
otu9370	6	2	0
otu9371	0	0	0
otu9372	0	0	0
otu9373	0	0	0
otu9374	0	4	0
otu9375	0	3	5
otu9376	0	4	0
otu9380	0	0	0
otu9381	0	8	0
otu9386	0	0	0
otu9387	0	0	0
otu9388	0	0	0
otu9390	1	0	0
otu9391	0	0	0
otu9392	0	0	0
otu9393	0	0	4
otu9400	8	0	0
otu9406	0	0	8
otu9409	0	3	0
otu9413	0	0	0
otu9414	0	0	5
otu9415	0	0	0
otu9416	0	0	0
otu9417	0	0	0
otu9418	0	0	0
otu9419	0	0	7
otu9420	7	0	0
otu9421	0	0	0
otu9424	0	0	7
otu9426	7	0	0
otu9428	0	0	2
otu9429	0	0	0
otu9430	0	0	0
otu9431	0	0	7
otu9432	0	0	0
otu9433	0	4	0
otu9435	0	0	0
otu9436	0	0	0
otu9438	0	0	0
otu9440	0	0	2
otu9444	0	2	0
otu9445	0	5	0
otu9448	0	0	0
otu9449	0	0	0
otu9453	0	0	0
otu9455	0	0	0
otu9456	0	0	0
otu9457	0	0	0
otu9462	0	0	0
otu9464	2	5	0
otu9468	0	0	0
otu9470	0	0	0
otu9471	0	0	0
otu9473	7	0	0
otu9475	0	7	0
otu9483	0	3	0
otu9484	0	0	0
otu9485	4	0	0
otu9486	0	4	0
otu9489	0	0	0
otu9493	3	0	0
otu9496	0	0	0
otu9503	0	2	0
otu9505	0	2	0
otu9510	0	0	0
otu9511	0	0	0
otu9519	0	7	0
otu9520	7	0	0
otu9523	0	7	0
otu9525	0	0	7
otu9527	0	3	0
otu9528	0	4	0
otu9529	0	0	0
otu9531	3	0	0
otu9532	0	0	0
otu9533	0	0	0
otu9534	0	0	0
otu9535	4	0	3
otu9540	0	5	2
otu9541	0	0	0
otu9547	0	0	0
otu9549	0	0	0
otu9550	0	5	0
otu9551	0	0	0
otu9552	0	0	0
otu9553	0	0	3
otu9554	0	0	0
otu9555	0	3	0
otu9556	0	4	0
otu9560	0	0	0
otu9561	0	4	0
otu9562	0	3	0
otu9563	0	1	0
otu9567	0	0	0
otu9569	7	0	0
otu9572	3	0	3
otu9573	0	0	0
otu9580	4	0	3
otu9584	0	0	0
otu9585	7	0	0
otu9586	7	0	0
otu9587	0	3	0
otu9588	0	2	2
otu9589	0	7	0
otu9590	0	0	0
otu9591	0	0	0
otu9592	5	0	0
otu9599	0	0	7
otu9601	0	0	5
otu9603	0	0	6
otu9608	0	0	0
otu9610	4	3	0
otu9612	4	3	0
otu9618	2	0	0
otu9621	0	0	7
otu9624	0	0	0
otu9629	0	4	0
otu9630	0	0	0
otu9631	7	0	0
otu9636	7	0	0
otu9638	0	3	2
otu9640	0	0	0
otu9642	0	0	5
otu9644	0	0	0
otu9646	0	0	0
otu9653	0	0	0
otu9655	0	0	0
otu9656	0	0	0
otu9661	0	0	0
otu9663	0	0	0
otu9664	0	0	0
otu9666	0	0	0
otu9667	0	0	0
otu9671	0	4	0
otu9672	0	0	0
otu9673	0	0	0
otu9674	0	0	0
otu9675	0	0	0
otu9678	0	0	0
otu9688	0	0	4
otu9691	5	0	2
otu9692	0	0	0
otu9693	0	4	0
otu9694	0	0	0
otu9695	0	0	0
otu9696	0	0	0
otu9697	0	0	0
otu9700	0	0	0
otu9705	2	0	0
otu9707	0	0	4
otu9708	0	0	0
otu9709	0	0	5
otu9710	0	0	0
otu9713	0	0	0
otu9714	0	0	4
otu9716	0	3	0
otu9719	0	0	0
otu9721	4	0	0
otu9722	0	0	0
otu9723	0	5	0
otu9725	3	0	4
otu9730	0	4	0
otu9731	0	3	0
otu9732	0	0	0
otu9734	0	0	0
otu9740	0	0	0
otu9743	2	4	0
otu9745	0	3	0
otu9746	0	0	0
otu9751	0	0	5
otu9755	0	6	0
otu9756	6	0	0
otu9757	0	5	1
otu9758	0	6	0
otu9763	0	0	0
otu9764	0	0	0
otu9770	0	0	6
otu9771	0	0	0
otu9772	0	0	6
otu9773	0	6	0
otu9774	0	0	0
otu9775	0	0	0
otu9777	0	0	0
otu9778	3	3	0
otu9779	0	0	0
otu9780	4	0	0
otu9781	0	3	0
otu9784	3	0	3
otu9787	0	0	5
otu9789	0	0	0
otu9790	0	0	6
otu9791	0	0	0
otu9792	0	0	0
otu9794	0	0	0
otu9795	0	0	0
otu9797	0	0	0
otu9799	0	3	0
otu9801	0	0	0
otu9802	2	0	4
otu9805	6	0	0
otu9806	0	0	0
otu9808	0	0	0
otu9809	0	0	0
otu9810	0	0	0
otu9811	0	0	0
otu9814	0	0	4
otu9815	6	0	0
otu9818	6	0	0
otu9820	0	0	4
otu9822	2	4	0
otu9823	0	0	0
otu9824	0	0	6
otu9825	0	6	0
otu9826	0	2	0
otu9828	0	0	5
otu9829	4	0	0
otu9831	0	0	0
otu9832	0	3	0
otu9836	0	0	0
otu9839	0	0	0
otu9840	0	0	0
otu9841	0	0	0
otu9842	6	0	0
otu9843	2	4	0
otu9846	0	0	0
otu9849	0	2	0
otu9851	0	0	0
otu9855	0	0	0
otu9856	0	3	0
otu9857	0	0	0
otu9860	0	0	6
otu9867	0	2	1
otu9871	1	0	0
otu9873	0	0	4
otu9875	0	0	0
otu9878	0	0	6
otu9879	0	3	0
otu9882	0	1	0
otu9884	2	0	0
otu9885	0	6	0
otu9886	0	0	0
otu9887	0	0	0
otu9889	0	0	0
otu9890	0	0	0
otu9892	4	0	0
otu9894	0	0	0
otu9895	2	0	0
otu9897	2	4	0
otu9903	0	3	0
otu9904	3	0	0
otu9905	0	2	0
otu9906	0	2	0
otu9907	0	3	0
otu9909	6	0	0
otu9911	0	0	0
otu9913	0	0	0
otu9914	0	0	0
otu9916	1	0	0
otu9918	0	0	6
otu9921	0	0	6
otu9923	0	0	0
otu9924	3	0	0
otu9925	0	0	0
otu9927	0	0	0
otu9928	0	0	0
otu9929	0	0	0
otu9931	0	0	6
otu9932	0	0	6
otu9933	6	0	0
otu9934	0	0	0
otu9936	0	0	0
otu9938	0	4	0
otu9940	0	0	0
otu9941	3	0	0
otu9942	0	6	0
otu9944	0	0	6
otu9946	0	6	0
otu9947	0	0	0
otu9956	6	0	0
otu9957	0	6	0
otu9958	0	0	0
otu9962	6	0	0
otu9963	0	0	6
otu9964	0	0	0
otu9969	0	0	0
otu9971	0	0	0
otu9972	0	0	0
otu9974	0	0	6
otu9975	0	0	6
otu9976	0	0	0
otu9977	0	0	4
otu9980	0	0	0
otu9982	0	0	0
otu9985	4	0	2
otu9989	0	0	0
otu9990	0	0	0
otu9991	0	0	0
otu9992	0	5	0
otu9994	0	0	0
otu9995	0	6	0
otu9996	0	0	3
otu9997	0	0	0
otu10000	0	0	0
otu10001	6	0	0
otu10003	6	0	0
otu10006	0	0	0
otu10007	0	3	0
otu10008	0	0	0
otu10011	0	3	3
otu10012	6	0	0
otu10013	0	0	0
otu10014	0	0	0
otu10018	0	3	0
otu10019	0	0	0
otu10022	0	0	0
otu10025	0	0	0
otu10028	0	0	0
otu10029	0	2	4
otu10030	2	0	0
otu10031	0	0	3
otu10033	0	0	6
otu10034	0	0	0
otu10035	2	0	4
otu10036	0	0	4
otu10037	0	6	0
otu10041	0	0	0
otu10046	0	0	0
otu10048	0	0	0
otu10050	0	0	0
otu10053	0	1	2
otu10061	0	0	0
otu10062	0	0	0
otu10066	0	0	0
otu10067	0	0	0
otu10069	0	0	0
