	CKG1	CKG2	CKG3	MPSG1	MPSG2	MPSG3
otu1	423592	862011	342997	1259386	749400	760737
otu2	933793	911647	730113	500941	556998	426634
otu3	607606	510604	456437	173602	224230	168127
otu4	403941	273735	331831	145193	157831	196316
otu5	28113	5670	25240	71698	74969	57239
otu6	90969	193709	155786	262795	240356	282197
otu7	23873	5977	23458	40954	41916	53370
otu8	66405	89878	101165	140534	179079	149686
otu9	311942	33439	98291	141701	21928	100156
otu10	208321	152019	142536	61666	101155	64621
otu11	30734	59850	120932	64355	134948	127121
otu12	182163	128324	158337	62951	77126	49818
otu13	212557	118871	89253	61783	47224	61839
otu14	68644	32905	60846	74912	136622	114810
otu15	184232	157369	134188	41189	52958	36901
otu16	178745	127175	121537	48943	57317	40600
otu17	125912	202102	85640	23979	121754	24058
otu18	21539	64902	78047	74015	106099	68453
otu19	131071	91643	112318	28737	41922	30886
otu20	115697	85831	102929	24281	50643	35917
otu21	20985	58785	84551	51767	32738	93582
otu22	110058	76548	73408	30478	40131	30401
otu23	28528	31299	57105	42628	103106	61787
otu24	90976	72663	74568	18534	40444	19861
otu25	19895	42672	51002	50076	37160	58998
otu26	78283	26467	167227	11992	10551	13683
otu27	129357	40297	85854	14009	4901	16246
otu28	69230	85054	56562	19538	41763	15348
otu29	70026	36382	82599	25146	31061	19093
otu30	64890	61298	63082	15587	59600	14788
otu31	16747	31044	25312	49570	64741	54642
otu32	108844	11292	137856	10008	1674	4716
otu33	89078	66133	50046	18991	28261	19020
otu34	20824	52589	18957	55688	41554	34061
otu35	64636	37246	64105	41547	25699	20502
otu36	44664	72758	30612	15389	53146	13111
otu37	16815	24659	26966	46821	40774	55038
otu38	103291	43983	44262	17536	18303	16455
otu39	56185	45489	56967	13375	35122	21267
otu40	63667	51260	71284	11536	25880	12271
otu41	13209	33716	23139	46284	46727	40590
otu42	69401	55370	44781	20859	15088	17085
otu43	36207	9881	20653	40208	27952	34078
otu44	46923	73926	34857	11053	19457	11344
otu45	9680	52095	17006	22515	57215	19038
otu46	52390	49732	35322	13845	19721	24359
otu47	10785	33161	10479	49030	24626	56417
otu48	52202	17847	63068	16683	11562	12785
otu49	44709	65337	32968	10819	19497	10245
otu50	33361	35213	6040	5760	35354	837
otu51	48240	17439	106979	6902	6949	7626
otu52	65006	35581	42735	10555	18738	10680
otu53	9645	14540	19467	16053	81445	26942
otu54	33110	71724	25479	7493	15728	7432
otu55	45767	38223	39715	11272	12333	14634
otu56	46455	38276	26892	9357	10266	14776
otu57	27369	60697	21809	6130	13158	6167
otu58	33554	28219	34475	9187	19742	9072
otu59	36939	30535	26284	12743	15406	11057
otu60	7401	13348	13382	21271	22523	20855
otu61	35500	32057	20546	7998	8494	7948
otu62	25149	25978	25465	5927	20293	4951
otu63	25526	21822	24954	8389	11470	14805
otu64	8953	5873	8688	5301	55906	7208
otu65	28068	24500	23466	8147	12210	7280
otu66	5960	11174	11746	22494	19188	19664
otu67	29502	20445	19166	7473	9815	6300
otu68	10408	12610	14898	5529	21834	7652
otu69	7154	15265	13824	10481	18738	10132
otu70	22523	45789	16037	4076	2455	2816
otu71	7146	17898	6497	18626	14931	12832
otu72	20651	20779	16553	7208	9965	5342
otu73	4241	15052	4957	20514	10783	25299
otu74	7173	12780	7722	17793	15374	13824
otu75	25199	22050	17989	5563	8378	6202
otu76	7064	4571	10607	11068	15835	18070
otu77	22006	23803	15538	5191	9244	6086
otu78	3647	11058	9041	11466	28014	12532
otu79	9651	4553	7955	10535	16747	15324
otu80	17673	28159	16212	5104	2565	12398
otu81	20892	19241	14134	5886	10214	5046
otu82	17407	24257	13462	8480	7377	4195
otu83	9351	7905	4967	7803	16923	4598
otu84	17659	19322	14042	6147	10730	4757
otu85	3657	6806	7785	13095	15560	14064
otu86	5457	13478	12293	12895	13357	7711
otu87	21371	14621	15460	5052	6932	5016
otu88	4366	4825	9532	10085	17661	13103
otu89	20073	14977	13465	4832	6674	4937
otu90	4401	6942	8264	11540	10709	12892
otu91	7001	2034	2921	9610	14862	12470
otu92	5172	3794	6260	6860	25749	7506
otu93	7035	3386	6050	7585	14439	11633
otu94	6065	1305	9328	5299	15006	12070
otu95	3760	6804	7229	7888	18546	10851
otu96	2843	9953	3412	13863	7938	16407
otu97	19416	8781	15964	7775	5997	4117
otu98	5093	8777	8671	6271	13495	6784
otu99	16141	5027	29501	3234	746	5197
otu100	19386	15910	12718	6133	2475	5219
otu101	6984	5117	14969	10375	7398	3717
otu102	5764	6687	6145	9947	11157	8854
otu103	4871	8266	8808	9430	12966	7330
otu104	14742	14314	12171	3576	5929	3582
otu105	1089	17536	3222	17734	6262	9189
otu106	5110	7857	4103	11462	9094	8343
otu107	16547	13386	11519	3894	6073	3371
otu108	10356	19323	8082	4483	5716	5263
otu109	5395	1142	8175	4485	13077	10565
otu110	559	4435	526	13253	4059	25856
otu111	2771	5576	5935	8693	10926	9577
otu112	14614	11370	8699	4087	6005	4509
otu113	22703	128	136	9285	166	6122
otu114	4934	1103	7475	4284	11734	9482
otu115	13913	6208	6946	4555	4528	10099
otu116	4715	1134	7298	4022	11667	9869
otu117	7232	1786	4638	7870	6362	10001
otu118	11737	11808	10209	3699	4325	2985
otu119	17206	6238	7409	4216	4294	3411
otu120	2975	3661	2837	7312	12097	8028
otu121	3018	4874	5192	8785	8545	8178
otu122	17033	9881	9764	2539	4153	2521
otu123	7833	7656	6515	2207	14599	7728
otu124	10108	14617	6427	2084	5968	349
otu125	5102	2612	4541	5727	9406	8249
otu126	9985	9639	9822	2545	3884	3272
otu127	1258	459	1379	2492	2779	2367
otu128	10224	12183	9420	2941	5193	2149
otu129	4804	2312	3938	5274	10336	8047
otu130	10660	15576	6969	2226	4950	3734
otu131	3234	8309	7662	7798	7845	4380
otu132	11294	8514	7673	3949	7071	1679
otu133	472	14284	16909	2556	1000	6586
otu134	5228	23234	5363	1572	7422	1073
otu135	2627	5859	5308	6483	6489	7252
otu136	4503	1904	5424	5058	9087	7004
otu137	9058	8363	7212	2803	6687	6143
otu138	8265	11602	8893	2453	5875	1931
otu139	9781	10874	7664	3085	4403	2724
otu140	3969	808	6165	3430	9684	7758
otu141	4520	5581	5203	5406	7359	5445
otu142	9941	8565	8900	2672	4296	2252
otu143	4114	840	5843	3489	9333	7435
otu144	2988	2913	4207	3803	13707	4728
otu145	2575	5533	4898	7487	5737	7022
otu146	8997	10914	5885	2480	6130	2074
otu147	8361	12560	8120	2290	1296	5888
otu148	13257	7456	7713	1881	3112	1775
otu149	8531	6794	9551	2309	3583	2851
otu150	9088	7396	6115	3035	3115	3479
otu151	5580	1471	3485	5854	4317	6130
otu152	11140	10501	5381	1692	1957	1940
otu153	8513	8525	7041	2343	2653	2162
otu154	4926	1362	3755	5482	5879	5736
otu155	9208	5853	4873	3610	3412	4109
otu156	3221	661	4965	2651	7891	6099
otu157	2584	3365	4305	4497	7653	4712
otu158	7880	572	2442	1048	3601	5982
otu159	8834	6549	6501	2226	3609	2360
otu160	11259	5676	6628	2194	3420	2397
otu161	3159	2494	4082	4615	5967	5192
otu162	1632	2863	3404	5517	6689	5993
otu163	6773	4101	1368	3056	5741	2286
otu164	8773	6061	5098	2792	3797	2859
otu165	1584	1314	930	3947	919	599
otu166	3623	1530	3117	3368	6490	5451
otu167	8105	6480	6871	1425	4254	1318
otu168	3855	1542	3181	6925	4270	5845
otu169	8163	6992	5726	1929	3776	1872
otu170	3103	3683	4570	1683	6412	2225
otu171	8942	5790	5855	2052	2844	2147
otu172	563	2550	66	7469	2622	10208
otu173	7748	5067	5260	2000	3208	3217
otu174	8884	5699	5255	2208	2594	1904
otu175	6909	7974	5752	1560	2413	1552
otu176	7154	6638	4999	1247	2778	1486
otu177	2847	1324	2879	2772	6013	4033
otu178	6212	5633	4326	1633	4296	1711
otu179	5033	8433	3720	1864	2466	2215
otu180	5345	8120	3319	1174	3458	312
otu181	2750	1350	2406	3176	5131	4441
otu182	5945	11716	4175	1164	581	759
otu183	5405	5495	4935	1817	2468	1354
otu184	2541	1308	2275	2854	4892	4113
otu185	849	4082	1701	4094	3532	5361
otu186	6044	4061	4518	2266	2358	1162
otu187	6002	5882	4208	1530	1868	1321
otu188	5950	2106	4540	2858	2754	1119
otu189	5472	4529	5055	1513	2622	1204
otu190	7212	3901	7720	425	1615	784
otu191	4032	3434	3191	1376	5536	967
otu192	6068	5073	4430	1294	2023	1399
otu193	7482	949	1137	442	9406	249
otu194	6217	4548	4553	1475	2359	1496
otu195	6371	4246	4685	1462	2172	1370
otu196	2056	533	1037	3281	4668	4079
otu197	5615	5390	4131	1541	1447	1813
otu198	5263	1882	10548	880	770	737
otu199	5514	4603	3832	1481	2662	1617
otu200	5660	6027	4674	1778	1340	1027
otu201	6582	2861	5257	1144	2305	1562
otu202	5055	1771	2540	1912	1418	5310
otu203	6366	4461	4240	1221	1935	1149
otu204	6819	2877	4317	1456	1840	2049
otu205	4457	4835	4858	1034	1912	896
otu206	2171	2169	239	150	6861	446
otu207	1500	3558	3328	3594	3573	2172
otu208	6323	3415	4192	1195	2561	1342
otu209	4908	5079	3431	1514	2923	1225
otu210	4570	5467	2791	1023	2444	810
otu211	4873	6634	3298	1255	1831	1130
otu212	5124	4867	3525	1387	1717	1354
otu213	5898	3930	4146	1019	2020	1154
otu214	5503	4115	3944	1190	2174	1324
otu215	4472	4411	3909	1347	2139	1712
otu216	3333	2834	6660	1069	2033	823
otu217	2665	443	1668	2516	2650	4638
otu218	4116	3797	3247	1207	2859	2634
otu219	4369	4788	4142	1114	1553	1244
otu220	3782	5607	3373	1079	2748	1182
otu221	1737	1594	2126	2455	3587	2947
otu222	5155	4109	3699	1164	1955	1474
otu223	594	4125	1096	478	6366	320
otu224	5381	3573	3131	1470	1578	904
otu225	5547	2665	4599	2217	1684	1106
otu226	4229	5578	3467	930	1133	2259
otu227	777	14646	726	2224	1718	221
otu228	4665	1850	3191	2493	2061	964
otu229	5415	2393	3329	1895	1453	1382
otu230	1764	2303	2522	1005	3626	1337
otu231	1639	404	2495	1457	3989	3086
otu232	5648	3390	3678	1036	1671	937
otu233	2253	2483	1371	2907	1958	4460
otu234	1004	1740	1919	2919	3060	2931
otu235	4394	3838	3256	1007	1755	1009
otu236	1772	802	1695	1716	3561	3002
otu237	4560	3562	3162	1333	1819	720
otu238	1309	1596	2349	2180	2909	2621
otu239	1699	1762	308	445	4733	399
otu240	4291	3953	2891	1039	1668	849
otu241	3823	5082	2408	904	1620	763
otu242	4540	2855	4366	973	1246	930
otu243	4683	2813	2422	1421	1729	1010
otu244	1225	1005	3374	1567	2649	2460
otu245	4335	3819	2536	1316	1406	800
otu246	4484	4496	2475	726	1456	950
otu247	1089	2509	239	338	6742	213
otu248	1008	1603	1701	2175	3277	2592
otu249	1697	829	1452	1918	3125	2671
otu250	4568	3482	2978	910	1732	992
otu251	2095	1479	5724	1517	907	1782
otu252	4470	2549	3656	1826	1433	995
otu253	2282	2236	1111	2245	1715	3752
otu254	2899	4565	1383	551	2188	925
otu255	1390	302	2188	1277	3414	2700
otu256	1723	1265	5661	1490	972	1696
otu257	928	2562	1021	2597	2690	2081
otu258	1218	659	1519	1598	4029	2555
otu259	2880	2642	1804	1282	2136	911
otu260	4617	3272	2321	606	1335	809
otu261	1551	697	1299	1634	3219	2456
otu262	1326	357	1962	1178	3208	2625
otu263	3618	3288	2214	1251	1441	884
otu264	2953	1854	645	1339	2486	965
otu265	3674	3532	2194	1103	1191	928
otu266	1037	1281	1675	1658	3723	1968
otu267	2977	4188	1984	496	1819	73
otu268	1121	1319	1451	1722	3468	1941
otu269	4828	2517	3210	690	1149	681
otu270	1405	396	1760	1425	2879	2415
otu271	1778	373	1201	1762	1854	3033
otu272	813	724	1416	781	3275	3089
otu273	3496	2372	3165	902	1431	768
otu274	3520	2876	2867	652	1612	686
otu275	684	530	482	482	4005	804
otu276	3224	3215	2188	926	1381	882
otu277	1401	1526	440	404	3203	341
otu278	1367	628	1253	1428	3072	2187
otu279	3224	4435	2602	877	656	595
otu280	3732	2238	3131	1480	1135	771
otu281	2846	3554	1984	1010	1245	865
otu282	2968	2130	2852	1067	1395	864
otu283	2955	3048	2245	910	1755	958
otu284	3793	3304	2013	714	792	768
otu285	2394	1659	1287	1281	1220	1304
otu286	3008	1901	1191	1089	1202	2093
otu287	1511	1740	1575	451	5317	1916
otu288	3108	2910	1997	1094	1112	878
otu289	2872	3817	2114	662	1233	704
otu290	4810	2610	1909	655	836	788
otu291	2440	3763	2213	520	707	975
otu292	3033	2647	2534	841	1249	898
otu293	3328	2670	2271	979	1332	1027
otu294	3534	2631	2370	651	1232	672
otu295	3655	1803	2532	825	1440	802
otu296	1444	488	1099	3342	1524	2489
otu297	1251	651	990	1316	2759	2087
otu298	3742	1682	2961	688	1233	940
otu299	939	1381	1514	1118	3084	1500
otu300	3246	2449	2490	945	895	791
otu301	3052	2714	2430	945	1105	703
otu302	4891	116	55	2020	88	1472
otu303	2785	3188	1675	775	1327	776
otu304	4064	1785	2237	810	966	842
otu305	2451	2761	2292	817	1731	658
otu306	3000	1920	2171	728	1136	876
otu307	2509	1982	1862	922	1286	1714
otu308	2610	2776	2250	506	1467	692
otu309	434	4566	356	130	2567	382
otu310	927	779	1372	1172	2605	1691
otu311	1431	1401	1017	477	689	3043
otu312	2621	3018	1983	400	1391	918
otu313	895	904	1477	1314	2202	1785
otu314	2689	2384	2410	694	1013	695
otu315	1573	1496	863	1733	1184	2795
otu316	2896	3609	1552	614	1166	307
otu317	2745	2258	2295	741	1261	540
otu318	2363	2041	2167	582	1803	532
otu319	859	485	903	509	4738	795
otu320	2357	2886	2093	728	1038	597
otu321	1118	823	1313	1405	1959	1631
otu322	1566	1590	770	1335	1140	2483
otu323	1924	1470	3007	633	615	894
otu324	3023	2459	1969	563	944	573
otu325	2952	2233	1830	663	1078	603
otu326	581	1373	1463	1475	1581	1703
otu327	2841	2670	1712	675	909	568
otu328	2949	1982	2185	773	881	680
otu329	2085	1408	792	911	1904	655
otu330	792	1475	315	279	2959	265
otu331	2940	2255	1749	645	1060	759
otu332	491	1301	1307	1551	1642	1587
otu333	670	1014	1226	1117	1860	1814
otu334	2381	2050	2002	671	1217	686
otu335	1274	454	986	2615	1258	1908
otu336	1083	793	810	1782	1665	1666
otu337	3046	1246	2439	1277	998	611
otu338	2168	2090	2004	753	876	805
otu339	2355	2001	2218	674	813	360
otu340	801	934	970	1399	2025	1443
otu341	2760	1928	1384	530	977	771
otu342	1000	444	977	1048	2045	1678
otu343	1302	254	851	1156	1342	2151
otu344	440	925	1510	1313	1055	1809
otu345	640	991	1187	1292	2138	1540
otu346	1943	2285	1679	669	1027	861
otu347	2304	2966	1381	471	1115	389
otu348	1048	272	808	1571	2084	1656
otu349	2024	2011	1650	888	1287	717
otu350	2505	1809	1469	339	1333	399
otu351	2228	2606	1357	679	907	632
otu352	2203	1773	2155	671	887	625
otu353	638	1098	240	191	2827	446
otu354	2857	2465	1438	447	561	546
otu355	2421	2287	1763	546	816	512
otu356	2235	1537	1863	614	870	600
otu357	734	942	1458	542	2265	868
otu358	782	1381	4148	243	779	448
otu359	592	1219	342	330	2600	306
otu360	468	686	928	1413	2032	1559
otu361	2340	1861	1306	792	1116	730
otu362	2539	1773	1381	808	782	600
otu363	1136	415	817	2469	1054	1729
otu364	1790	2356	1660	538	1099	347
otu365	1907	1714	1267	326	1595	513
otu366	551	1373	315	266	2929	247
otu367	2053	1791	1792	766	783	692
otu368	2520	1330	1573	725	801	566
otu369	462	562	1207	829	2197	1334
otu370	2431	1650	1618	446	1206	491
otu371	2571	1249	1685	641	998	500
otu372	1636	1273	1292	1365	583	966
otu373	664	717	970	976	2267	1205
otu374	1927	2034	1807	562	836	583
otu375	939	437	732	911	1940	1441
otu376	2604	1585	1728	527	929	492
otu377	2957	872	1521	824	583	428
otu378	1078	402	988	1223	1537	1263
otu379	2585	1781	1353	734	654	443
otu380	953	581	1035	1121	1416	1255
otu381	2205	1493	1548	629	1178	452
otu382	1684	2556	1329	472	1004	430
otu383	905	731	880	1178	1395	1338
otu384	2419	1453	1552	810	771	480
otu385	2569	873	3387	323	212	427
otu386	1631	1324	989	1043	579	771
otu387	647	343	712	249	4121	450
otu388	2360	996	2130	562	992	674
otu389	164	331	1295	215	1883	2446
otu390	278	916	1096	1109	1566	1110
otu391	2193	1938	1203	712	894	500
otu392	2744	1411	1017	878	589	429
otu393	719	597	860	861	2236	1120
otu394	1291	1864	2481	329	674	395
otu395	525	745	1259	1032	1538	1132
otu396	2641	1738	1518	463	752	443
otu397	1664	2873	1282	346	911	300
otu398	1640	1793	1520	586	1045	745
otu399	633	1084	198	170	2631	193
otu400	1863	1181	1307	583	1155	757
otu401	1846	2676	1273	293	1173	159
otu402	357	1336	753	1179	1383	1197
otu403	2505	1038	1621	542	904	381
otu404	2098	2116	1383	600	640	509
otu405	629	624	815	1030	1922	1214
otu406	989	1061	643	1131	598	3166
otu407	753	531	840	461	2712	794
otu408	920	438	799	814	1367	1407
otu409	3152	171	154	1245	106	952
otu410	968	323	696	2148	935	1507
otu411	134	35	168	437	626	0
otu412	1774	2766	1270	434	714	267
otu413	1462	2048	1615	387	777	379
otu414	927	1791	1601	211	1770	216
otu415	501	986	184	209	2546	395
otu416	1838	1483	1423	503	542	678
otu417	868	416	692	729	1569	1221
otu418	2225	1664	1421	526	646	440
otu419	198	195	113	589	233	858
otu420	2083	1859	1411	408	589	334
otu421	2337	1679	1237	612	464	489
otu422	573	1070	231	216	2228	226
otu423	1103	838	366	313	916	1330
otu424	2272	1663	1503	363	660	387
otu425	2209	970	1770	433	776	495
otu426	1568	1470	1724	439	833	464
otu427	1959	1784	1558	671	521	341
otu428	1669	1823	1132	456	775	495
otu429	1888	1825	1456	311	577	384
otu430	569	386	673	469	2842	647
otu431	430	1007	207	144	2453	182
otu432	1879	1513	1352	468	638	325
otu433	2400	1658	1538	340	597	306
otu434	1308	1287	1775	629	633	646
otu435	1370	2173	1202	274	644	379
otu436	2490	979	701	1133	534	384
otu437	1888	1011	1371	372	1186	449
otu438	421	453	787	598	2668	1038
otu439	633	578	810	861	1330	1085
otu440	1915	1673	1480	363	639	287
otu441	1335	1327	1375	469	948	550
otu442	1282	828	1418	453	462	516
otu443	1124	903	757	296	2225	331
otu444	2107	760	1744	795	609	494
otu445	622	971	505	1111	1330	671
otu446	1388	1076	1546	455	992	557
otu447	662	243	662	623	1831	1070
otu448	2117	1728	1081	284	593	421
otu449	1757	1450	1296	736	425	373
otu450	1728	1828	854	385	685	395
otu451	936	824	664	303	1247	258
otu452	2046	937	1405	418	827	452
otu453	647	280	666	798	1437	1143
otu454	1769	1318	1296	457	566	414
otu455	1526	1431	1199	466	736	330
otu456	1578	1237	1181	414	827	414
otu457	873	976	2100	491	1039	282
otu458	1767	1288	1462	422	667	350
otu459	382	404	1616	578	1146	827
otu460	2528	546	508	1064	544	392
otu461	1855	1129	1280	467	648	493
otu462	1295	1228	1559	360	613	655
otu463	203	397	980	350	1222	1860
otu464	475	1957	2157	386	157	852
otu465	482	433	636	186	279	5245
otu466	1612	1316	1354	450	576	434
otu467	31	0	122	57	505	145
otu468	793	673	349	132	888	1346
otu469	425	1181	573	1136	1135	789
otu470	1800	1450	1141	409	507	367
otu471	1275	990	1342	372	1118	331
otu472	363	3643	166	190	748	193
otu473	251	522	497	1108	571	3454
otu474	1559	888	1519	451	694	867
otu475	1568	1712	786	451	583	410
otu476	388	934	204	187	2054	168
otu477	300	301	852	860	1551	1206
otu478	1467	1315	907	594	878	264
otu479	1297	1660	672	554	1026	251
otu480	1616	1816	915	417	415	405
otu481	146	565	317	817	1656	846
otu482	1445	1688	704	299	392	460
otu483	413	891	133	187	2283	115
otu484	1550	1560	1177	385	688	312
otu485	418	126	10	503	1656	1434
otu486	590	510	750	744	971	994
otu487	1262	1043	1671	411	448	323
otu488	1568	1129	1657	370	468	368
otu489	1316	814	654	820	345	1466
otu490	1692	1192	1442	603	427	296
otu491	733	203	512	724	850	1375
otu492	1618	1493	1104	343	474	402
otu493	1033	730	866	343	1550	210
otu494	1414	1305	959	482	694	322
otu495	1909	1298	976	374	368	354
otu496	1568	1084	1182	449	436	210
otu497	1550	1253	1028	375	709	385
otu498	473	429	626	610	1736	749
otu499	1929	995	1059	369	434	315
otu500	236	504	620	716	1397	769
otu501	1598	1091	1094	374	530	315
otu502	496	279	69	358	1444	1259
otu503	571	313	587	540	1301	898
otu504	1426	1474	1070	336	476	251
otu505	1695	935	900	338	643	629
otu506	523	252	686	511	1420	893
otu507	1434	1997	1234	303	208	196
otu508	384	599	605	823	1060	778
otu509	1334	1267	1197	297	457	297
otu510	925	955	1711	287	299	391
otu511	1300	1549	932	363	514	308
otu512	1534	1151	964	395	491	376
otu513	1294	1429	1057	271	634	147
otu514	1295	1702	895	400	468	318
otu515	627	347	582	1088	870	911
otu516	1375	1765	960	255	401	350
otu517	1657	863	1131	292	545	386
otu518	559	489	443	419	460	379
otu519	1236	1520	985	317	447	362
otu520	537	243	503	650	1192	906
otu521	1056	957	1481	293	688	317
otu522	386	761	134	188	2004	205
otu523	1625	992	1176	463	375	307
otu524	1530	1333	912	315	487	319
otu525	613	284	529	631	1171	881
otu526	1597	1238	1206	281	395	309
otu527	1401	1455	964	276	575	230
otu528	307	908	204	150	2419	134
otu529	1153	1597	860	393	609	290
otu530	1248	1822	851	174	713	128
otu531	1088	961	1151	332	666	267
otu532	1423	863	1496	127	281	253
otu533	1338	1167	830	280	902	219
otu534	374	387	496	495	1827	590
otu535	1281	2231	1041	218	127	182
otu536	185	201	800	120	1207	1596
otu537	561	159	673	742	1016	902
otu538	1146	1438	830	323	450	331
otu539	1567	784	1389	248	558	313
otu540	426	297	655	616	1045	854
otu541	1477	921	1097	358	622	373
otu542	1171	1443	865	351	571	195
otu543	1372	1178	721	263	542	389
otu544	987	888	1596	255	335	367
otu545	1566	878	1124	303	557	274
otu546	427	463	739	639	823	803
otu547	1282	1410	1037	197	445	199
otu548	433	690	177	207	1484	172
otu549	1112	895	1068	573	420	425
otu550	230	155	741	690	1275	1107
otu551	347	3627	295	620	542	127
otu552	1465	779	964	600	299	283
otu553	1461	869	1018	391	444	366
otu554	399	419	531	690	1003	820
otu555	1056	1075	1328	386	346	289
otu556	514	720	233	141	1523	206
otu557	1506	1092	989	286	451	285
otu558	1224	1246	780	296	327	403
otu559	46	466	1	1266	412	1688
otu560	1045	1501	707	265	715	393
otu561	617	208	438	1378	594	1001
otu562	1050	1204	741	342	661	399
otu563	1007	1571	787	219	566	185
otu564	995	463	498	498	548	1076
otu565	527	1452	385	113	1267	197
otu566	816	691	471	323	1588	130
otu567	608	214	446	1376	581	952
otu568	1043	1534	789	274	580	292
otu569	328	332	610	594	1099	819
otu570	1146	726	767	329	644	920
otu571	1282	1001	1056	305	360	298
otu572	596	122	455	658	691	1063
otu573	790	2012	663	467	554	288
otu574	1728	823	722	421	308	323
otu575	1580	866	776	335	417	405
otu576	384	282	384	259	2147	416
otu577	934	1168	843	352	642	281
otu578	361	401	565	747	891	776
otu579	1035	678	1567	294	261	398
otu580	599	316	414	712	886	778
otu581	594	682	448	145	773	160
otu582	275	309	496	431	1962	659
otu583	1401	950	1058	255	441	227
otu584	1010	1322	665	207	528	274
otu585	479	246	601	542	1002	748
otu586	1335	1041	877	313	470	282
otu587	353	288	535	444	1329	636
otu588	288	286	420	710	1239	858
otu589	458	216	489	534	1243	722
otu590	852	848	758	403	649	681
otu591	1008	1001	1050	279	638	263
otu592	1246	1054	885	251	438	257
otu593	418	216	537	446	944	863
otu594	1291	1147	689	254	385	215
otu595	157	385	545	686	986	748
otu596	1295	1255	993	362	311	227
otu597	1998	426	967	149	102	331
otu598	1469	774	780	387	477	263
otu599	1163	1122	779	204	253	419
otu600	881	997	836	300	638	370
otu601	1434	922	776	318	409	281
otu602	392	222	445	226	1868	407
otu603	943	713	1163	390	363	412
otu604	343	493	613	637	830	670
otu605	1359	688	1024	328	435	271
otu606	1220	1152	600	338	377	174
otu607	603	2242	488	406	528	151
otu608	305	1934	239	76	606	252
otu609	1291	914	889	285	288	303
otu610	1046	433	1209	467	480	182
otu611	1156	1046	799	204	518	248
otu612	1222	1288	606	260	508	252
otu613	1245	1041	602	278	500	256
otu614	1120	1202	785	237	456	270
otu615	1353	739	950	237	367	369
otu616	1081	835	818	337	622	291
otu617	1101	1029	913	230	442	203
otu618	1026	1009	852	282	404	254
otu619	431	240	518	580	861	694
otu620	1258	1136	539	278	322	389
otu621	507	656	909	84	1191	125
otu622	1724	306	755	142	773	90
otu623	946	981	841	282	659	143
otu624	298	429	335	521	1240	680
otu625	1309	1089	782	159	483	209
otu626	161	302	717	190	832	1094
otu627	1657	511	1167	171	75	185
otu628	1082	948	953	220	401	248
otu629	1169	876	562	330	443	389
otu630	840	1120	659	277	423	307
otu631	937	532	1299	149	666	213
otu632	569	185	438	682	631	725
otu633	916	1206	762	228	511	196
otu634	1160	887	800	257	586	243
otu635	700	1123	1069	269	434	214
otu636	1274	769	791	402	404	195
otu637	866	1574	583	211	342	189
otu638	872	995	634	248	830	207
otu639	642	1723	707	100	359	408
otu640	231	175	677	491	941	731
otu641	1177	1010	901	213	350	240
otu642	1153	1083	1066	170	338	166
otu643	1449	796	570	219	380	392
otu644	318	300	475	491	980	684
otu645	1158	943	629	290	560	246
otu646	343	353	184	936	922	618
otu647	701	1520	813	146	268	208
otu648	679	2255	301	457	248	162
otu649	293	54	0	294	1105	996
otu650	761	1188	710	217	446	243
otu651	1161	730	889	224	485	263
otu652	290	282	416	688	713	749
otu653	185	335	501	477	925	519
otu654	529	159	315	916	553	738
otu655	1361	713	995	196	304	162
otu656	1020	607	143	581	496	186
otu657	1554	593	474	358	274	317
otu658	911	347	438	423	366	1101
otu659	708	646	774	135	988	184
otu660	910	1254	281	121	152	425
otu661	334	279	452	558	939	472
otu662	412	138	574	381	897	633
otu663	1199	607	866	316	413	293
otu664	550	333	424	375	571	680
otu665	1134	550	614	594	252	343
otu666	1201	820	774	289	385	226
otu667	514	171	366	751	669	644
otu668	920	737	861	308	405	309
otu669	1343	806	247	424	159	400
otu670	793	857	903	258	468	237
otu671	392	166	351	483	800	720
otu672	532	466	391	86	1574	133
otu673	356	219	436	585	875	695
otu674	328	426	219	993	606	624
otu675	283	295	581	425	884	551
otu676	448	106	545	390	788	687
otu677	1072	777	701	291	489	217
otu678	1112	655	960	179	425	242
otu679	1309	330	402	567	224	545
otu680	725	1038	803	264	412	260
otu681	953	671	817	312	405	435
otu682	1071	901	855	192	321	208
otu683	463	1156	325	90	384	318
otu684	765	812	658	355	640	200
otu685	314	332	447	480	801	688
otu686	248	698	128	86	1367	118
otu687	350	327	475	553	633	651
otu688	807	621	427	271	469	269
otu689	344	281	354	321	1384	367
otu690	1096	1020	862	264	175	200
otu691	773	1050	782	228	218	250
otu692	1134	789	573	312	414	181
otu693	199	1443	142	87	919	86
otu694	917	892	731	264	287	280
otu695	604	657	88	100	614	12
otu696	778	1032	643	259	379	310
otu697	583	1510	657	109	593	148
otu698	717	926	921	175	429	228
otu699	1430	168	125	591	91	492
otu700	728	641	622	159	976	387
otu701	280	680	275	712	470	397
otu702	371	351	400	493	685	620
otu703	1275	612	516	337	239	275
otu704	1070	811	550	299	449	297
otu705	948	857	647	199	400	208
otu706	845	849	806	214	510	288
otu707	844	973	864	166	347	143
otu708	1001	942	620	334	260	155
otu709	604	127	376	478	698	591
otu710	904	1257	393	136	449	130
otu711	408	235	521	452	588	543
otu712	365	268	372	537	648	618
otu713	1207	392	508	443	298	384
otu714	569	1199	500	215	722	315
otu715	903	641	870	212	401	205
otu716	1131	591	840	188	335	246
otu717	882	516	393	419	437	322
otu718	1040	994	674	170	370	218
otu719	251	680	1381	202	602	123
otu720	798	744	758	168	313	280
otu721	855	985	490	229	399	113
otu722	945	816	897	165	327	220
otu723	159	277	364	534	821	698
otu724	212	249	326	398	1182	372
otu725	821	823	617	231	336	230
otu726	344	273	452	401	662	600
otu727	758	955	641	176	500	236
otu728	329	174	227	205	1573	301
otu729	295	477	513	603	647	435
otu730	965	967	724	171	292	135
otu731	1026	771	673	172	392	210
otu732	1273	358	599	274	349	261
otu733	131	316	496	395	969	429
otu734	829	971	630	193	304	166
otu735	1078	817	452	246	240	200
otu736	119	162	192	40	109	566
otu737	272	257	414	448	794	525
otu738	673	1167	548	142	270	178
otu739	83	178	36	799	1270	503
otu740	190	301	440	461	751	498
otu741	1082	634	914	294	221	150
otu742	387	499	482	153	613	257
otu743	219	680	98	86	1240	123
otu744	390	563	156	135	591	540
otu745	318	203	403	378	680	614
otu746	253	283	342	346	1049	427
otu747	232	364	410	368	734	465
otu748	795	828	507	294	371	242
otu749	731	1030	754	390	215	193
otu750	295	273	406	537	570	569
otu751	631	979	632	143	372	235
otu752	1138	687	569	174	215	245
otu753	755	409	739	304	558	152
otu754	1022	708	734	195	313	183
otu755	798	1339	616	201	132	136
otu756	261	183	342	394	716	597
otu757	891	788	584	178	374	200
otu758	905	823	558	194	345	137
otu759	1184	402	943	123	118	166
otu760	381	970	332	75	968	98
otu761	643	1100	569	200	344	229
otu762	845	630	516	267	324	207
otu763	290	194	402	330	795	540
otu764	134	250	216	431	837	493
otu765	1048	402	820	436	338	230
otu766	748	781	749	249	371	170
otu767	623	277	256	394	321	802
otu768	398	163	380	380	649	587
otu769	186	2414	185	344	366	99
otu770	327	317	400	459	595	460
otu771	320	327	403	480	630	440
otu772	916	687	827	165	246	185
otu773	819	836	585	189	251	218
otu774	864	521	507	251	442	254
otu775	374	653	148	58	597	323
otu776	908	881	499	182	265	186
otu777	953	588	565	308	288	213
otu778	786	719	679	263	238	212
otu779	772	959	637	124	256	169
otu780	256	238	389	357	836	452
otu781	660	772	350	183	530	315
otu782	240	47	87	40	31	704
otu783	1071	547	633	268	263	208
otu784	741	585	789	120	423	186
otu785	1159	594	709	282	156	258
otu786	682	1020	483	112	281	137
otu787	545	846	644	137	376	198
otu788	731	287	1580	135	92	105
otu789	770	556	766	226	385	226
otu790	197	317	362	465	649	469
otu791	777	748	558	210	329	183
otu792	602	502	495	234	648	228
otu793	694	594	626	164	525	159
otu794	232	215	376	436	649	500
otu795	235	135	367	56	141	415
otu796	770	579	513	238	415	234
otu797	337	265	428	404	630	421
otu798	929	778	354	177	235	240
otu799	2433	117	31	96	16	135
otu800	240	274	279	266	1080	322
otu801	370	149	306	824	355	593
otu802	308	141	403	319	570	576
otu803	341	481	354	640	978	257
otu804	926	257	392	325	166	475
otu805	893	740	593	169	249	152
otu806	443	309	415	453	453	425
otu807	224	181	336	355	841	438
otu808	503	312	895	139	222	353
otu809	234	149	276	153	1336	256
otu810	489	734	626	207	476	291
otu811	1484	81	1202	69	55	106
otu812	226	231	430	308	557	463
otu813	816	485	661	217	271	136
otu814	354	198	300	325	712	446
otu815	1111	686	713	106	219	153
otu816	287	527	208	617	336	352
otu817	931	535	397	264	280	132
otu818	762	576	447	170	415	172
otu819	273	140	348	473	526	574
otu820	241	140	380	285	696	532
otu821	572	775	598	187	380	179
otu822	851	873	458	194	206	180
otu823	634	699	511	198	440	125
otu824	198	206	342	341	876	378
otu825	643	640	497	200	295	144
otu826	784	787	376	226	243	137
otu827	579	1227	410	106	179	198
otu828	433	94	326	507	314	427
otu829	603	743	518	140	459	150
otu830	1052	130	119	434	137	403
otu831	717	930	410	154	422	140
otu832	386	146	268	764	350	573
otu833	699	715	491	229	250	145
otu834	357	337	240	215	1446	292
otu835	646	606	673	137	378	138
otu836	775	594	495	260	274	261
otu837	641	754	590	131	395	132
otu838	669	477	660	186	256	247
otu839	631	471	644	176	304	306
otu840	908	483	429	187	271	134
otu841	928	534	640	145	277	209
otu842	894	380	528	205	334	206
otu843	819	628	361	244	281	232
otu844	554	533	843	120	446	111
otu845	678	572	636	179	283	377
otu846	706	567	498	167	547	184
otu847	227	285	334	194	651	563
otu848	584	244	247	400	232	626
otu849	204	138	339	301	707	514
otu850	182	402	382	410	437	506
otu851	250	232	342	487	514	511
otu852	316	187	362	274	608	406
otu853	109	173	282	343	788	398
otu854	765	450	697	180	249	123
otu855	198	284	353	308	705	360
otu856	1031	125	118	393	157	343
otu857	708	719	352	234	306	170
otu858	514	654	613	129	392	116
otu859	688	442	417	391	399	193
otu860	930	462	533	196	216	197
otu861	202	90	293	294	775	459
otu862	711	505	590	295	185	143
otu863	922	439	385	254	233	354
otu864	208	491	77	58	817	58
otu865	676	601	489	187	321	149
otu866	832	337	709	109	131	166
otu867	862	607	468	225	186	161
otu868	877	488	713	121	167	187
otu869	436	467	180	118	413	68
otu870	570	801	370	169	302	167
otu871	397	106	315	356	512	435
otu872	709	936	376	111	195	135
otu873	756	515	792	143	213	128
otu874	865	1101	308	93	168	88
otu875	213	477	145	51	358	225
otu876	238	229	374	224	564	375
otu877	828	484	529	176	246	194
otu878	546	375	508	214	466	350
otu879	44	148	12	615	94	2086
otu880	124	83	692	328	659	519
otu881	767	667	450	164	152	102
otu882	555	796	447	126	363	118
otu883	701	781	384	129	211	300
otu884	795	697	392	154	295	229
otu885	651	645	364	187	346	154
otu886	819	381	490	185	406	88
otu887	451	484	443	255	261	679
otu888	604	658	675	168	185	170
otu889	329	142	256	646	352	496
otu890	304	759	263	88	683	84
otu891	267	150	324	295	521	436
otu892	827	462	448	177	213	173
otu893	713	499	511	250	151	240
otu894	889	192	185	328	117	316
otu895	336	375	420	168	431	198
otu896	715	576	513	159	270	166
otu897	989	536	532	130	73	126
otu898	746	689	417	124	204	140
otu899	711	599	517	167	242	200
otu900	800	414	361	93	539	147
otu901	380	397	867	80	484	141
otu902	546	583	254	152	389	221
otu903	848	351	426	308	158	138
otu904	196	2080	132	217	176	55
otu905	556	724	688	106	199	147
otu906	212	169	302	374	486	448
otu907	235	206	297	357	445	500
otu908	195	121	215	203	1086	239
otu909	586	527	460	182	348	231
otu910	614	662	565	131	238	87
otu911	673	516	516	178	225	272
otu912	803	521	444	149	161	148
otu913	661	924	393	94	169	104
otu914	51	108	31	501	1041	385
otu915	730	562	233	274	286	183
otu916	609	544	469	252	192	172
otu917	610	425	636	144	255	93
otu918	371	738	724	83	137	161
otu919	543	482	520	143	467	137
otu920	565	665	375	131	320	135
otu921	217	220	370	310	409	400
otu922	362	480	125	413	377	215
otu923	258	98	243	250	567	400
otu924	175	203	312	275	692	344
otu925	123	257	351	315	440	348
otu926	741	287	490	239	257	183
otu927	795	340	345	305	318	163
otu928	569	1174	427	84	25	40
otu929	693	734	457	146	139	103
otu930	830	123	112	303	129	412
otu931	554	331	468	177	270	388
otu932	446	585	361	58	590	100
otu933	259	665	164	87	732	99
otu934	803	458	423	166	290	173
otu935	520	735	411	67	239	68
otu936	262	141	361	237	521	351
otu937	498	512	578	158	278	134
otu938	562	1022	439	117	65	80
otu939	603	558	434	129	228	173
otu940	199	224	338	358	430	408
otu941	526	223	481	257	196	255
otu942	385	903	289	93	246	83
otu943	546	634	367	120	418	136
otu944	670	514	464	155	213	131
otu945	424	766	542	74	205	137
otu946	138	108	75	90	145	87
otu947	518	782	360	120	83	152
otu948	277	835	93	169	254	180
otu949	172	183	310	336	407	392
otu950	122	183	355	224	398	419
otu951	534	398	386	171	307	125
otu952	506	461	706	122	144	166
otu953	552	461	415	166	322	208
otu954	283	89	232	523	373	443
otu955	525	418	323	196	358	183
otu956	653	444	454	146	186	184
otu957	488	1003	322	56	121	83
otu958	459	485	601	62	328	154
otu959	218	644	162	38	470	106
otu960	242	1778	79	152	174	31
otu961	192	168	254	319	467	370
otu962	719	684	415	83	171	131
otu963	400	1096	227	321	270	114
otu964	597	825	251	147	135	102
otu965	184	440	377	365	391	215
otu966	461	464	595	119	156	319
otu967	419	408	447	163	384	316
otu968	667	550	394	115	221	185
otu969	445	443	680	99	235	108
otu970	264	111	255	343	397	414
otu971	446	351	417	88	430	169
otu972	608	380	390	141	295	202
otu973	243	82	159	364	527	367
otu974	679	282	417	214	187	212
otu975	157	213	250	330	358	452
otu976	529	709	397	117	193	95
otu977	633	477	383	211	244	137
otu978	338	190	264	50	54	99
otu979	483	652	347	90	442	101
otu980	535	667	421	146	161	161
otu981	573	887	345	132	64	74
otu982	655	280	431	121	390	67
otu983	588	924	442	81	59	75
otu984	699	382	389	128	201	253
otu985	148	121	224	132	864	217
otu986	539	356	307	160	423	92
otu987	553	543	384	202	225	53
otu988	601	401	325	172	280	190
otu989	411	319	253	241	312	300
otu990	541	303	488	220	263	122
otu991	808	345	235	300	151	154
otu992	698	305	328	203	222	174
otu993	132	171	258	243	613	269
otu994	577	595	333	169	209	121
otu995	284	1073	318	213	161	111
otu996	238	143	206	231	511	335
otu997	262	121	204	541	266	441
otu998	752	177	529	275	196	178
otu999	577	460	283	201	385	120
otu1000	198	424	106	59	408	275
otu1001	551	350	199	294	240	118
otu1002	708	520	241	98	193	233
otu1003	270	304	147	102	430	275
otu1004	291	90	144	377	373	434
otu1005	441	350	256	201	412	155
otu1006	576	652	273	162	203	120
otu1007	219	187	234	200	553	258
otu1008	99	151	213	214	731	283
otu1009	161	153	246	144	746	207
otu1010	557	519	450	98	229	120
otu1011	181	155	225	327	403	373
otu1012	216	281	171	387	69	1126
otu1013	483	583	342	105	223	135
otu1014	298	396	630	99	288	126
otu1015	582	215	568	101	190	54
otu1016	194	109	267	207	481	362
otu1017	393	412	270	170	405	366
otu1018	379	780	224	98	277	62
otu1019	166	79	265	271	456	406
otu1020	649	438	487	87	146	110
otu1021	574	334	445	121	162	242
otu1022	473	375	201	159	282	134
otu1023	487	828	364	113	98	93
otu1024	497	327	457	171	244	285
otu1025	465	407	398	154	349	102
otu1026	214	91	255	218	377	383
otu1027	509	226	306	176	359	206
otu1028	427	668	437	135	95	207
otu1029	443	408	455	143	280	85
otu1030	494	486	482	95	184	119
otu1031	135	241	310	279	314	361
otu1032	722	432	229	225	148	148
otu1033	164	538	54	413	350	262
otu1034	510	663	436	122	173	136
otu1035	135	178	287	188	512	313
otu1036	511	489	402	151	208	103
otu1037	169	126	208	184	714	222
otu1038	603	375	280	148	223	136
otu1039	111	224	224	335	477	307
otu1040	628	470	214	134	248	90
otu1041	343	807	264	86	197	86
otu1042	165	334	291	323	368	228
otu1043	512	487	374	113	207	171
otu1044	538	444	231	171	203	224
otu1045	403	298	561	191	288	98
otu1046	190	153	188	217	679	194
otu1047	572	252	402	177	304	111
otu1048	581	595	237	120	134	176
otu1049	415	931	287	82	159	99
otu1050	257	80	229	410	297	335
otu1051	247	237	326	46	691	79
otu1052	471	331	486	148	289	95
otu1053	620	499	270	98	123	177
otu1054	178	226	51	37	620	33
otu1055	458	691	296	81	154	73
otu1056	239	134	234	254	367	323
otu1057	521	532	321	172	195	134
otu1058	400	292	191	360	282	205
otu1059	548	414	399	133	155	101
otu1060	205	176	227	232	320	297
otu1061	414	207	373	461	214	245
otu1062	496	485	338	213	129	146
otu1063	469	347	299	143	298	92
otu1064	438	399	356	118	306	112
otu1065	193	118	196	252	337	350
otu1066	149	235	267	230	392	263
otu1067	169	119	261	261	340	348
otu1068	524	596	364	62	140	126
otu1069	176	102	242	286	374	341
otu1070	530	252	447	173	115	144
otu1071	227	433	122	46	367	180
otu1072	451	368	366	82	308	96
otu1073	152	108	249	124	550	259
otu1074	37	599	100	556	159	279
otu1075	289	131	63	123	463	330
otu1076	446	407	234	158	169	197
otu1077	525	350	450	85	175	52
otu1078	409	312	383	157	210	206
otu1079	133	347	160	27	435	114
otu1080	221	79	187	518	253	387
otu1081	231	128	249	320	261	325
otu1082	536	134	881	55	60	77
otu1083	440	313	553	112	248	91
otu1084	473	355	73	201	217	72
otu1085	435	793	377	110	42	48
otu1086	449	497	362	112	213	98
otu1087	494	489	397	97	274	124
otu1088	476	635	221	107	201	90
otu1089	9	9	5	10	48	80
otu1090	507	563	360	41	151	66
otu1091	706	375	163	281	123	75
otu1092	174	212	189	256	391	297
otu1093	382	457	278	157	293	113
otu1094	510	363	341	139	210	98
otu1095	514	497	262	168	155	73
otu1096	186	351	76	23	533	59
otu1097	108	145	193	211	612	247
otu1098	446	446	294	128	277	82
otu1099	571	306	369	116	107	104
otu1100	114	201	299	226	191	412
otu1101	431	192	365	139	240	341
otu1102	218	280	115	88	385	188
otu1103	157	324	179	48	772	26
otu1104	643	329	313	84	146	142
otu1105	252	175	231	70	856	65
otu1106	197	109	199	184	453	291
otu1107	489	788	209	74	140	55
otu1108	134	237	259	125	502	227
otu1109	164	174	178	185	571	211
otu1110	344	334	507	89	170	241
otu1111	307	696	198	60	145	70
otu1112	359	644	279	112	309	72
otu1113	373	246	427	65	224	439
otu1114	477	401	317	128	237	114
otu1115	26	74	49	242	122	465
otu1116	100	162	222	280	389	344
otu1117	492	362	304	154	154	107
otu1118	209	71	183	490	210	391
otu1119	468	374	244	104	194	140
otu1120	540	268	416	97	155	103
otu1121	189	28	286	138	383	313
otu1122	437	472	403	99	216	47
otu1123	472	417	438	70	113	111
otu1124	234	81	164	488	229	368
otu1125	637	369	229	125	62	128
otu1126	304	355	367	149	153	223
otu1127	424	451	234	154	190	188
otu1128	551	242	461	228	161	108
otu1129	428	586	361	70	169	84
otu1130	224	115	206	377	258	316
otu1131	165	160	257	141	399	293
otu1132	446	577	333	154	138	82
otu1133	263	790	218	182	235	74
otu1134	462	377	295	142	125	114
otu1135	467	330	399	84	236	96
otu1136	481	450	345	52	139	81
otu1137	447	345	288	125	312	152
otu1138	628	306	151	186	140	118
otu1139	469	301	239	115	298	110
otu1140	459	396	375	75	96	171
otu1141	567	297	116	157	126	126
otu1142	405	430	308	150	224	53
otu1143	210	73	182	271	390	298
otu1144	465	298	279	134	143	103
otu1145	349	402	473	108	125	92
otu1146	590	604	231	40	102	120
otu1147	130	306	43	42	598	49
otu1148	16	10	4	69	63	59
otu1149	66	107	27	355	86	1178
otu1150	444	460	341	71	161	87
otu1151	363	214	559	138	114	93
otu1152	418	323	372	130	190	188
otu1153	401	499	245	105	122	168
otu1154	549	855	158	37	115	22
otu1155	427	593	186	71	127	78
otu1156	183	160	204	217	381	221
otu1157	661	328	462	65	21	51
otu1158	383	33	245	542	25	194
otu1159	548	229	361	107	208	63
otu1160	93	150	129	207	437	248
otu1161	374	271	481	59	195	118
otu1162	114	102	151	249	363	359
otu1163	358	493	237	109	275	63
otu1164	437	522	314	71	164	59
otu1165	494	199	221	157	228	156
otu1166	176	1190	72	200	188	46
otu1167	309	529	367	80	246	119
otu1168	524	374	286	126	199	111
otu1169	197	78	254	209	329	287
otu1170	13	15	12	48	1322	27
otu1171	601	187	203	172	117	149
otu1172	533	386	224	150	131	80
otu1173	475	353	210	159	204	128
otu1174	155	25	229	133	413	317
otu1175	169	89	171	184	466	241
otu1176	227	269	132	55	506	76
otu1177	651	616	148	131	140	66
otu1178	190	297	198	66	247	201
otu1179	418	414	251	118	210	105
otu1180	156	129	145	138	648	163
otu1181	120	142	209	211	388	230
otu1182	454	219	616	63	131	65
otu1183	456	268	345	130	155	110
otu1184	509	193	437	123	43	96
otu1185	424	439	213	142	180	116
otu1186	222	166	183	225	201	268
otu1187	60	25	14	23	89	72
otu1188	334	436	387	74	204	59
otu1189	396	434	361	54	146	71
otu1190	130	106	173	326	317	295
otu1191	296	222	133	134	332	136
otu1192	271	203	479	162	150	203
otu1193	371	465	212	95	232	50
otu1194	417	294	397	114	199	177
otu1195	541	293	298	105	169	68
otu1196	570	346	432	64	141	93
otu1197	1239	306	56	29	50	39
otu1198	362	319	449	128	138	76
otu1199	356	454	279	100	246	70
otu1200	160	91	129	122	690	146
otu1201	134	73	189	161	288	327
otu1202	153	42	217	141	392	320
otu1203	469	140	98	244	84	309
otu1204	111	95	127	227	481	243
otu1205	203	72	116	314	250	333
otu1206	291	472	329	81	153	111
otu1207	359	276	359	88	242	80
otu1208	592	285	246	111	139	98
otu1209	318	304	335	147	246	139
otu1210	87	144	167	179	487	218
otu1211	409	354	346	106	130	62
otu1212	290	440	375	130	159	108
otu1213	356	580	214	94	73	165
otu1214	179	23	234	150	313	291
otu1215	305	434	255	236	270	72
otu1216	188	72	154	456	185	314
otu1217	253	298	167	61	393	439
otu1218	106	164	225	179	385	178
otu1219	183	116	279	195	284	239
otu1220	401	273	315	111	182	139
otu1221	425	398	264	168	107	103
otu1222	132	79	163	170	395	268
otu1223	386	341	227	164	173	114
otu1224	386	419	420	33	65	54
otu1225	288	553	273	101	205	75
otu1226	385	197	408	164	116	112
otu1227	333	29	235	531	16	166
otu1228	378	385	276	73	142	61
otu1229	198	135	140	53	707	7
otu1230	195	243	103	63	286	86
otu1231	301	301	254	134	223	166
otu1232	382	283	233	161	203	158
otu1233	107	120	158	238	471	188
otu1234	410	170	293	183	167	88
otu1235	235	584	397	27	183	37
otu1236	330	410	338	89	151	91
otu1237	373	269	224	177	254	273
otu1238	152	87	204	179	334	263
otu1239	565	223	475	63	40	68
otu1240	498	296	251	116	104	157
otu1241	325	451	229	213	271	55
otu1242	171	61	115	353	286	295
otu1243	184	119	203	175	242	247
otu1244	486	214	301	114	277	84
otu1245	252	433	360	92	250	85
otu1246	329	399	205	132	201	137
otu1247	401	443	361	40	91	35
otu1248	385	250	312	117	165	77
otu1249	332	233	317	147	348	87
otu1250	497	196	228	184	95	137
otu1251	380	433	270	91	140	72
otu1252	316	284	354	75	215	111
otu1253	308	321	192	142	163	158
otu1254	378	211	270	208	191	121
otu1255	171	63	182	268	227	287
otu1256	329	370	216	89	256	81
otu1257	332	299	277	69	219	96
otu1258	406	311	271	105	202	115
otu1259	203	444	94	41	168	157
otu1260	174	109	150	142	414	210
otu1261	404	495	210	60	135	77
otu1262	578	16	35	257	26	207
otu1263	191	97	190	319	359	184
otu1264	525	273	342	57	148	33
otu1265	107	92	155	144	476	200
otu1266	393	363	329	116	66	85
otu1267	383	104	273	157	333	29
otu1268	122	291	70	178	390	202
otu1269	132	117	161	217	251	263
otu1270	144	95	221	119	294	220
otu1271	441	331	292	149	101	61
otu1272	353	381	260	192	156	109
otu1273	86	250	61	50	445	66
otu1274	381	343	237	73	231	66
otu1275	257	297	474	54	178	65
otu1276	199	223	60	71	302	186
otu1277	170	131	202	259	215	231
otu1278	440	286	144	128	79	117
otu1279	124	150	178	150	326	165
otu1280	386	310	262	107	114	95
otu1281	410	256	221	102	118	165
otu1282	99	487	116	38	463	15
otu1283	106	115	96	112	576	149
otu1284	400	383	263	76	141	63
otu1285	294	249	382	107	179	45
otu1286	380	262	219	63	235	47
otu1287	306	265	311	115	219	102
otu1288	394	337	295	69	165	82
otu1289	315	346	276	112	143	94
otu1290	412	378	132	128	76	95
otu1291	114	126	139	132	517	96
otu1292	350	362	132	63	151	112
otu1293	274	218	195	122	291	213
otu1294	80	148	191	184	316	190
otu1295	590	123	142	247	45	123
otu1296	121	37	139	82	564	161
otu1297	344	295	295	65	200	101
otu1298	84	96	124	128	535	144
otu1299	461	198	287	109	135	102
otu1300	59	50	213	216	344	324
otu1301	460	164	218	125	276	59
otu1302	193	66	137	329	184	271
otu1303	294	123	243	152	281	110
otu1304	256	251	301	68	174	180
otu1305	130	125	155	163	331	199
otu1306	309	304	349	68	180	80
otu1307	354	126	267	161	129	187
otu1308	354	291	307	87	173	103
otu1309	136	35	192	149	282	272
otu1310	422	194	229	169	61	148
otu1311	408	174	169	93	94	106
otu1312	244	260	238	161	312	76
otu1313	101	82	376	98	186	216
otu1314	132	67	231	103	269	223
otu1315	370	412	152	79	101	76
otu1316	280	317	334	127	79	87
otu1317	389	243	169	99	142	86
otu1318	381	292	104	142	141	211
otu1319	494	132	237	165	74	92
otu1320	328	288	188	74	239	118
otu1321	429	250	307	98	121	50
otu1322	217	52	280	169	181	185
otu1323	399	340	195	64	215	62
otu1324	77	132	240	118	236	300
otu1325	104	66	163	157	352	229
otu1326	418	321	222	101	84	70
otu1327	576	191	333	71	21	62
otu1328	484	182	255	68	261	18
otu1329	271	187	418	51	336	106
otu1330	305	312	267	88	140	79
otu1331	131	194	80	35	380	64
otu1332	434	282	255	90	140	53
otu1333	390	148	540	76	93	32
otu1334	298	272	292	94	127	103
otu1335	265	533	138	45	98	48
otu1336	488	280	311	64	56	74
otu1337	102	77	114	118	474	210
otu1338	331	265	267	64	183	109
otu1339	258	349	234	118	182	153
otu1340	256	463	202	57	145	63
otu1341	207	340	555	26	17	23
otu1342	354	337	229	114	70	107
otu1343	283	256	274	51	306	66
otu1344	109	62	226	134	284	208
otu1345	278	224	236	123	171	154
otu1346	416	67	95	191	58	204
otu1347	171	84	133	281	153	242
otu1348	296	206	236	109	146	168
otu1349	518	304	139	97	108	77
otu1350	218	201	528	28	188	27
otu1351	374	372	213	60	79	58
otu1352	271	449	211	35	127	59
otu1353	150	74	169	163	268	221
otu1354	366	293	267	9	135	93
otu1355	287	354	163	83	121	133
otu1356	104	108	147	182	310	220
otu1357	333	121	258	115	118	115
otu1358	173	48	177	109	263	241
otu1359	238	610	166	52	136	64
otu1360	295	276	175	166	132	92
otu1361	321	327	262	101	98	94
otu1362	243	281	280	57	144	85
otu1363	267	299	191	54	185	35
otu1364	268	470	197	68	94	57
otu1365	445	194	104	160	74	110
otu1366	130	56	145	205	238	209
otu1367	260	300	311	71	112	94
otu1368	422	195	377	68	95	74
otu1369	208	215	341	146	78	163
otu1370	505	165	77	194	48	158
otu1371	188	244	54	47	196	164
otu1372	437	322	164	56	156	115
otu1373	307	443	177	78	74	117
otu1374	100	85	132	163	323	224
otu1375	207	173	145	138	242	147
otu1376	324	311	145	128	101	88
otu1377	450	195	295	102	43	79
otu1378	106	16	190	99	300	235
otu1379	128	75	95	132	265	229
otu1380	461	63	550	74	16	22
otu1381	251	397	173	74	152	100
otu1382	415	236	252	47	114	88
otu1383	288	311	224	100	162	88
otu1384	270	420	179	53	108	65
otu1385	255	301	327	36	218	38
otu1386	367	241	145	68	145	131
otu1387	338	186	241	126	110	139
otu1388	330	200	282	99	94	106
otu1389	529	205	151	133	57	85
otu1390	204	93	155	258	159	217
otu1391	235	148	59	189	87	359
otu1392	101	199	195	213	219	125
otu1393	111	75	147	101	340	172
otu1394	333	233	180	93	131	86
otu1395	376	264	126	144	86	67
otu1396	212	382	232	55	195	123
otu1397	264	22	160	462	4	134
otu1398	366	319	201	111	108	76
otu1399	222	227	188	152	135	166
otu1400	117	59	161	116	273	220
otu1401	348	264	149	84	168	22
otu1402	354	303	282	46	127	74
otu1403	78	609	223	121	185	37
otu1404	314	404	214	73	60	42
otu1405	346	235	180	78	121	143
otu1406	294	397	101	12	47	96
otu1407	80	91	154	165	265	174
otu1408	187	353	151	106	266	122
otu1409	145	45	200	103	253	220
otu1410	502	41	41	270	72	150
otu1411	59	198	65	244	187	278
otu1412	214	333	209	61	131	150
otu1413	127	129	157	121	220	192
otu1414	173	112	99	212	235	179
otu1415	106	16	179	92	275	215
otu1416	344	318	275	59	149	75
otu1417	108	114	114	66	537	73
otu1418	359	283	241	92	139	53
otu1419	500	94	470	57	11	33
otu1420	209	410	196	47	119	52
otu1421	88	128	92	156	292	151
otu1422	95	98	129	125	349	153
otu1423	230	304	292	45	127	30
otu1424	453	49	226	34	266	9
otu1425	128	26	181	99	261	188
otu1426	223	463	149	52	96	60
otu1427	188	54	97	216	122	177
otu1428	340	214	156	143	123	57
otu1429	86	102	686	3	25	8
otu1430	99	91	180	138	237	207
otu1431	413	93	71	172	29	235
otu1432	309	238	189	51	124	89
otu1433	332	236	246	81	105	73
otu1434	440	115	137	244	77	36
otu1435	87	40	98	52	553	85
otu1436	302	245	148	96	122	68
otu1437	419	272	233	38	83	46
otu1438	270	222	125	98	153	99
otu1439	428	114	236	42	211	8
otu1440	95	59	106	59	525	107
otu1441	266	296	134	147	124	46
otu1442	165	4	48	42	5	220
otu1443	94	54	125	81	412	135
otu1444	410	56	584	64	6	11
otu1445	115	26	149	150	230	226
otu1446	343	298	225	50	94	69
otu1447	166	47	174	137	282	173
otu1448	365	152	370	78	100	38
otu1449	126	152	153	70	343	224
otu1450	155	665	97	158	119	32
otu1451	413	79	32	170	32	146
otu1452	299	285	146	71	156	110
otu1453	71	98	34	200	414	151
otu1454	412	54	50	138	81	142
otu1455	226	296	227	34	138	32
otu1456	249	287	122	60	154	91
otu1457	352	242	143	110	80	122
otu1458	91	164	209	89	201	122
otu1459	152	248	313	61	257	44
otu1460	90	93	16	250	230	315
otu1461	172	163	84	39	200	89
otu1462	365	244	147	115	74	50
otu1463	253	12	153	378	2	127
otu1464	243	181	148	103	133	143
otu1465	442	173	116	101	46	100
otu1466	175	169	385	23	210	50
otu1467	237	460	120	47	99	45
otu1468	122	230	38	41	206	178
otu1469	224	207	317	68	106	128
otu1470	74	108	157	205	192	186
otu1471	433	150	310	66	19	54
otu1472	245	160	169	102	142	151
otu1473	277	340	221	73	75	63
otu1474	305	174	103	198	86	135
otu1475	357	195	212	64	152	79
otu1476	216	137	133	97	216	145
otu1477	404	122	91	134	90	59
otu1478	243	167	169	93	95	245
otu1479	282	224	266	75	105	67
otu1480	240	244	232	77	112	80
otu1481	310	186	75	164	189	126
otu1482	348	176	243	111	37	102
otu1483	100	188	118	90	226	168
otu1484	353	197	195	83	114	57
otu1485	460	4	7	192	14	121
otu1486	297	243	175	92	109	84
otu1487	76	181	513	15	166	42
otu1488	250	373	169	66	70	50
otu1489	328	241	150	90	123	63
otu1490	290	327	167	68	101	62
otu1491	73	96	187	106	185	172
otu1492	488	0	5	185	7	126
otu1493	221	404	203	50	69	52
otu1494	82	160	25	20	232	162
otu1495	92	75	177	135	172	204
otu1496	337	68	46	148	80	136
otu1497	57	136	154	126	241	143
otu1498	59	65	115	123	266	294
otu1499	296	195	182	44	180	67
otu1500	188	166	219	94	124	106
otu1501	18	100	240	79	215	226
otu1502	442	163	125	104	48	87
otu1503	59	202	125	93	241	114
otu1504	147	523	72	129	131	78
otu1505	333	198	241	91	93	41
otu1506	66	65	97	65	452	101
otu1507	121	66	96	250	189	192
otu1508	80	216	169	175	187	105
otu1509	329	189	252	90	84	88
otu1510	174	368	285	65	47	37
otu1511	257	244	178	167	122	112
otu1512	232	298	149	66	59	88
otu1513	180	194	423	18	144	33
otu1514	142	68	108	273	132	204
otu1515	293	443	51	157	112	96
otu1516	41	19	14	201	198	207
otu1517	173	69	86	205	157	180
otu1518	314	247	62	34	81	233
otu1519	179	208	249	37	173	65
otu1520	266	288	200	36	158	69
otu1521	332	144	157	134	106	61
otu1522	200	167	363	53	81	35
otu1523	220	263	207	57	131	50
otu1524	210	182	123	84	145	121
otu1525	151	165	74	174	94	248
otu1526	129	271	77	39	302	31
otu1527	309	274	179	88	112	66
otu1528	282	240	226	37	67	57
otu1529	24	90	129	167	200	166
otu1530	407	186	132	86	117	60
otu1531	73	119	122	108	238	162
otu1532	194	109	199	89	133	100
otu1533	407	126	118	166	72	48
otu1534	210	203	141	90	142	86
otu1535	129	163	104	147	135	169
otu1536	287	277	196	55	62	90
otu1537	301	166	181	136	99	53
otu1538	163	273	133	98	175	67
otu1539	87	83	161	87	289	111
otu1540	125	52	100	281	122	223
otu1541	297	266	164	113	87	50
otu1542	154	640	152	43	105	27
otu1543	293	284	208	61	74	52
otu1544	234	472	178	44	34	25
otu1545	275	292	130	91	74	75
otu1546	220	240	280	47	133	38
otu1547	268	232	118	81	107	87
otu1548	252	179	234	85	176	36
otu1549	356	136	191	94	99	72
otu1550	342	206	181	53	110	43
otu1551	112	58	152	122	209	157
otu1552	94	55	104	51	419	81
otu1553	247	181	162	84	176	55
otu1554	394	116	266	50	11	58
otu1555	357	115	198	38	201	26
otu1556	81	66	89	35	507	59
otu1557	79	105	116	178	189	248
otu1558	297	199	148	63	71	90
otu1559	215	209	328	28	123	24
otu1560	171	94	283	107	128	121
otu1561	314	231	161	99	57	24
otu1562	288	193	177	50	151	48
otu1563	65	56	141	87	270	124
otu1564	130	188	44	36	195	121
otu1565	139	73	438	17	267	39
otu1566	143	188	98	49	198	106
otu1567	198	257	137	83	175	95
otu1568	303	195	237	113	96	62
otu1569	298	306	181	70	72	43
otu1571	107	66	101	209	148	268
otu1572	347	147	161	78	87	76
otu1573	221	172	159	65	162	84
otu1574	213	196	242	64	125	95
otu1575	283	248	134	90	97	67
otu1576	286	176	118	37	194	39
otu1577	207	212	141	95	106	114
otu1578	257	193	142	57	154	78
otu1579	96	18	146	107	207	214
otu1580	140	95	43	13	167	127
otu1581	277	181	167	83	121	101
otu1582	204	219	138	49	50	117
otu1583	267	126	199	62	115	69
otu1584	124	309	128	56	161	79
otu1585	259	257	258	14	93	37
otu1586	307	167	188	87	82	37
otu1587	165	108	115	96	107	157
otu1588	247	233	231	84	80	76
otu1589	196	293	224	26	94	41
otu1590	63	130	222	89	223	82
otu1591	81	21	136	106	209	182
otu1592	12	82	141	77	228	272
otu1593	262	192	151	124	121	74
otu1594	367	255	61	87	60	49
otu1595	270	178	88	118	88	109
otu1596	361	153	157	70	50	45
otu1597	69	108	96	154	201	145
otu1598	246	444	158	30	24	27
otu1599	343	82	94	150	102	57
otu1600	262	283	110	89	61	69
otu1601	264	270	124	76	100	40
otu1602	98	20	122	163	154	196
otu1603	257	267	121	111	65	76
otu1604	213	303	169	55	92	79
otu1605	328	213	127	59	80	74
otu1606	199	350	122	57	108	94
otu1607	164	164	105	159	154	103
otu1608	205	148	276	58	109	90
otu1609	71	103	33	144	289	130
otu1610	315	147	187	84	105	71
otu1611	98	38	98	128	210	172
otu1612	205	178	140	49	119	68
otu1613	206	319	141	35	76	32
otu1614	244	28	337	38	165	56
otu1615	168	371	109	39	82	38
otu1616	53	84	108	113	240	156
otu1617	105	46	108	99	227	145
otu1618	136	104	69	283	269	68
otu1619	117	12	134	109	190	163
otu1620	336	184	184	40	107	72
otu1621	281	158	245	19	82	57
otu1622	176	491	160	48	36	41
otu1623	106	223	133	43	280	80
otu1624	205	169	116	78	125	111
otu1625	271	229	76	85	96	51
otu1626	37	122	130	126	173	166
otu1627	192	203	230	59	125	38
otu1628	266	117	137	91	71	132
otu1629	225	175	122	53	128	80
otu1630	182	104	209	91	101	77
otu1631	121	104	148	143	124	150
otu1632	179	175	214	72	89	67
otu1633	144	366	181	39	65	47
otu1634	329	54	463	21	9	9
otu1635	255	271	147	42	85	52
otu1636	146	226	56	34	133	48
otu1637	264	266	101	38	96	50
otu1638	170	194	263	35	135	40
otu1639	67	92	124	82	265	115
otu1640	99	106	340	4	212	23
otu1641	228	203	188	79	117	55
otu1642	109	114	277	52	181	61
otu1643	93	14	138	75	216	161
otu1644	152	59	95	95	201	131
otu1645	138	85	179	61	95	105
otu1646	216	188	157	101	119	132
otu1647	84	32	109	129	182	196
otu1648	293	149	200	48	77	79
otu1649	208	141	265	26	44	77
otu1650	252	160	111	15	96	76
otu1651	233	119	118	40	230	33
otu1652	194	150	150	36	164	63
otu1653	62	178	142	163	169	79
otu1654	123	125	213	49	127	84
otu1655	118	139	254	79	90	128
otu1656	97	54	85	112	145	169
otu1657	316	322	137	9	49	44
otu1658	89	61	52	141	115	89
otu1659	63	116	117	119	158	156
otu1660	69	61	75	94	354	76
otu1661	70	51	103	48	315	97
otu1662	296	262	130	64	59	74
otu1663	78	67	92	66	324	85
otu1664	154	243	174	52	179	42
otu1665	63	44	92	136	255	129
otu1666	128	161	111	21	297	53
otu1667	206	259	110	118	163	63
otu1668	167	227	237	88	120	37
otu1669	204	313	143	24	154	17
otu1670	319	198	126	86	35	59
otu1671	246	95	245	68	59	72
otu1672	216	126	168	44	154	57
otu1673	102	37	93	248	105	180
otu1674	110	60	31	19	448	24
otu1675	246	194	141	68	113	61
otu1676	62	187	159	154	155	81
otu1677	64	52	80	98	284	129
otu1678	53	28	69	75	379	120
otu1679	291	195	191	47	50	77
otu1680	186	299	150	50	77	35
otu1681	127	94	103	199	91	148
otu1682	58	63	98	144	207	124
otu1683	126	45	96	186	119	148
otu1684	202	192	126	35	102	31
otu1685	148	350	103	41	81	38
otu1686	152	244	270	33	71	77
otu1687	298	96	191	45	51	42
otu1688	221	177	144	94	74	54
otu1689	141	121	317	56	101	41
otu1690	223	246	87	49	210	44
otu1691	256	238	144	22	140	40
otu1692	104	142	100	89	120	146
otu1693	184	142	113	90	125	201
otu1694	213	261	117	33	56	50
otu1695	244	128	214	36	76	80
otu1696	107	127	68	211	90	138
otu1697	90	86	104	184	116	152
otu1698	193	147	173	81	71	157
otu1699	201	176	150	52	130	117
otu1700	98	50	77	121	157	159
otu1701	110	39	116	58	231	118
otu1702	127	202	120	29	226	33
otu1703	248	165	133	86	118	55
otu1704	252	246	115	67	70	52
otu1705	198	271	145	41	78	74
otu1706	230	260	134	52	74	42
otu1707	247	163	174	54	87	50
otu1708	54	48	93	103	221	141
otu1709	253	290	97	53	31	29
otu1710	251	198	168	35	76	40
otu1711	268	29	67	122	61	134
otu1712	85	310	260	18	62	53
otu1713	206	63	152	80	72	117
otu1714	158	162	244	25	86	64
otu1715	150	333	104	37	68	28
otu1716	152	268	201	12	119	80
otu1717	224	162	222	35	46	36
otu1718	150	177	160	69	152	51
otu1719	69	67	84	150	185	158
otu1720	171	268	90	33	154	95
otu1721	47	105	82	117	267	112
otu1722	174	141	138	74	160	48
otu1723	179	190	94	39	122	65
otu1724	106	52	82	128	179	141
otu1725	162	225	154	92	114	46
otu1726	77	67	97	173	101	150
otu1727	241	111	183	53	113	43
otu1728	244	199	100	96	117	52
otu1729	250	70	279	73	25	48
otu1730	311	132	117	70	30	42
otu1731	154	282	113	27	102	36
otu1732	210	295	163	62	45	37
otu1733	294	144	146	98	20	65
otu1734	216	201	94	57	57	79
otu1735	259	229	137	62	90	16
otu1736	322	92	106	81	40	66
otu1737	169	337	94	31	71	29
otu1738	233	105	163	48	69	47
otu1739	154	188	115	42	131	54
otu1740	51	69	111	69	276	117
otu1741	151	260	114	74	132	66
otu1742	94	47	68	221	108	163
otu1743	141	254	175	72	64	89
otu1744	148	117	123	79	194	147
otu1745	158	329	141	41	58	36
otu1746	198	345	148	43	34	33
otu1747	48	53	54	35	413	49
otu1748	289	122	184	40	33	42
otu1749	31	48	88	67	392	113
otu1750	208	226	133	48	58	41
otu1751	194	126	211	64	40	93
otu1752	231	258	79	39	57	35
otu1753	192	30	100	275	2	80
otu1754	256	187	145	40	50	33
otu1755	155	220	141	51	200	17
otu1756	98	218	222	26	170	13
otu1757	67	72	87	140	172	158
otu1758	0	122	173	472	0	0
otu1759	181	210	175	53	105	28
otu1760	181	231	146	24	93	32
otu1761	247	159	176	18	121	27
otu1762	121	69	135	68	262	145
otu1763	97	11	99	146	137	151
otu1764	184	128	149	74	111	38
otu1765	161	158	161	103	94	45
otu1766	162	73	112	84	134	87
otu1767	74	142	43	24	233	57
otu1768	108	115	268	22	145	65
otu1769	16	32	19	157	358	121
otu1770	294	111	169	47	78	68
otu1771	192	216	176	71	51	50
otu1772	261	95	226	40	98	30
otu1773	181	307	108	36	67	29
otu1774	242	199	109	89	43	56
otu1775	94	82	84	82	129	133
otu1776	207	146	73	72	101	74
otu1777	299	49	32	112	30	98
otu1778	154	144	219	43	82	53
otu1779	73	127	80	84	228	69
otu1780	99	75	77	110	108	128
otu1781	101	292	229	25	94	18
otu1782	97	57	97	95	135	153
otu1783	188	226	193	59	52	36
otu1784	77	95	83	137	109	118
otu1785	289	81	124	52	100	42
otu1786	180	178	120	39	100	60
otu1787	256	124	126	89	50	73
otu1788	248	111	136	79	96	76
otu1789	293	89	57	100	40	94
otu1790	61	80	140	44	236	62
otu1791	64	59	77	98	203	120
otu1792	252	124	77	6	287	49
otu1793	84	51	81	201	88	161
otu1794	321	167	57	6	90	23
otu1795	221	136	123	48	99	92
otu1796	146	141	125	69	108	141
otu1797	252	149	136	79	69	29
otu1798	197	269	102	26	73	28
otu1799	124	168	126	120	106	72
otu1800	224	99	127	51	98	68
otu1801	96	84	75	141	123	124
otu1802	161	300	96	21	76	21
otu1803	209	106	313	9	88	7
otu1804	204	131	106	73	101	62
otu1805	88	38	64	197	98	147
otu1806	239	260	153	9	31	36
otu1807	100	207	236	5	96	15
otu1808	384	83	73	97	27	34
otu1809	305	34	273	41	14	27
otu1810	93	67	113	87	161	108
otu1811	174	122	164	87	64	62
otu1812	219	130	179	52	68	60
otu1813	84	65	87	95	111	157
otu1814	80	82	77	198	75	147
otu1815	223	138	146	64	77	66
otu1816	328	117	39	111	43	42
otu1817	245	114	139	89	62	75
otu1818	88	46	75	114	136	139
otu1819	155	124	109	54	171	56
otu1820	139	34	181	52	105	68
otu1821	161	299	97	34	74	26
otu1822	258	131	63	113	51	54
otu1823	131	131	129	64	93	85
otu1824	178	221	93	17	75	11
otu1825	170	140	38	38	116	10
otu1826	225	170	146	27	90	46
otu1827	48	152	122	85	145	51
otu1828	86	29	58	120	142	131
otu1829	132	308	114	30	95	43
otu1830	173	123	171	43	81	90
otu1831	100	69	197	60	178	80
otu1832	65	59	61	201	96	144
otu1833	18	9	118	122	188	189
otu1834	169	123	188	77	102	59
otu1835	111	215	140	13	175	85
otu1836	42	139	177	50	40	45
otu1837	228	125	120	46	61	46
otu1838	136	205	106	35	112	28
otu1839	77	38	68	179	100	156
otu1840	163	7	89	237	10	136
otu1841	172	132	150	50	94	33
otu1842	143	202	109	82	56	66
otu1843	63	54	102	50	260	70
otu1844	314	96	198	28	14	38
otu1845	57	79	73	106	173	128
otu1846	83	61	115	61	147	94
otu1847	169	168	108	65	153	31
otu1848	273	84	60	107	42	97
otu1849	110	301	84	93	74	69
otu1850	127	151	174	63	63	88
otu1851	67	45	78	92	154	119
otu1852	74	34	71	43	285	88
otu1853	119	223	178	77	36	101
otu1854	180	61	154	73	70	61
otu1855	158	233	122	26	98	16
otu1856	146	49	86	93	91	93
otu1857	222	104	154	67	73	47
otu1858	83	51	106	82	129	115
otu1859	248	124	151	45	58	70
otu1860	252	74	260	27	28	30
otu1861	102	67	119	42	135	52
otu1862	250	70	204	90	63	46
otu1863	88	29	88	88	150	140
otu1864	81	107	58	35	304	35
otu1865	201	135	146	42	140	70
otu1866	53	42	357	11	78	20
otu1867	175	36	148	75	75	113
otu1868	62	46	96	94	135	131
otu1869	48	24	87	132	174	153
otu1870	60	44	64	53	237	75
otu1871	151	181	107	42	61	80
otu1872	46	26	88	72	225	112
otu1873	161	90	241	58	90	24
otu1874	210	143	116	29	67	57
otu1875	42	93	92	83	116	99
otu1876	163	281	80	36	63	46
otu1877	206	132	208	40	106	23
otu1878	162	195	168	54	45	63
otu1879	131	219	123	29	120	31
otu1880	183	149	155	76	65	58
otu1881	142	213	69	47	76	43
otu1882	177	98	174	44	88	51
otu1883	169	126	141	48	114	49
otu1884	203	133	129	87	78	41
otu1885	64	6	93	51	172	148
otu1886	153	147	99	50	132	82
otu1887	113	230	85	22	63	38
otu1888	206	203	97	20	97	51
otu1889	195	202	91	70	47	45
otu1890	184	120	83	70	56	74
otu1891	182	44	93	77	113	135
otu1892	133	104	183	45	112	52
otu1893	223	153	134	75	62	20
otu1894	81	65	68	126	154	112
otu1895	64	82	97	84	123	62
otu1896	8	4	485	8	20	5
otu1897	146	187	143	45	60	64
otu1898	39	156	54	107	99	123
otu1899	68	62	74	176	88	135
otu1900	211	66	110	68	57	36
otu1901	138	272	116	14	60	30
otu1902	116	218	173	18	56	39
otu1903	288	65	61	129	15	47
otu1904	43	66	85	49	203	89
otu1905	7	0	0	25	149	48
otu1906	146	121	181	68	93	79
otu1907	71	62	96	87	148	165
otu1908	189	140	126	52	56	73
otu1909	166	118	150	32	84	46
otu1910	72	42	81	100	9	454
otu1911	138	227	118	97	50	44
otu1912	199	116	167	34	107	9
otu1913	167	95	56	104	90	108
otu1914	80	23	79	123	119	132
otu1915	215	101	53	71	105	62
otu1916	165	163	90	63	133	27
otu1917	85	58	75	92	117	117
otu1918	36	93	77	96	121	114
otu1919	181	225	93	30	74	27
otu1920	225	176	124	30	60	35
otu1921	40	40	21	123	192	136
otu1922	167	310	101	24	21	21
otu1923	99	30	72	185	70	123
otu1924	237	147	116	21	39	22
otu1925	131	211	115	34	67	36
otu1926	73	35	52	79	254	64
otu1927	32	67	85	65	203	103
otu1928	168	54	152	19	82	63
otu1929	159	116	95	37	131	42
otu1930	123	82	103	22	378	14
otu1931	135	283	128	23	43	29
otu1932	88	104	310	11	70	51
otu1933	235	145	87	23	29	76
otu1934	165	324	114	27	13	18
otu1935	187	147	95	67	59	42
otu1936	128	179	78	70	113	51
otu1937	38	97	105	70	127	85
otu1938	94	81	87	22	254	98
otu1939	31	46	92	85	211	97
otu1940	240	131	96	79	39	38
otu1941	278	22	321	20	2	7
otu1942	65	59	64	75	135	107
otu1943	182	113	115	39	103	64
otu1944	231	145	128	23	67	27
otu1945	38	67	77	108	167	112
otu1946	77	172	190	12	124	12
otu1947	146	97	91	38	124	42
otu1948	83	27	71	177	91	123
otu1949	219	180	73	100	29	8
otu1950	113	145	201	36	85	25
otu1951	30	41	72	51	290	116
otu1952	217	163	113	52	66	20
otu1953	34	80	89	100	142	74
otu1954	59	32	51	104	96	155
otu1955	35	54	75	98	141	123
otu1956	66	73	123	81	136	93
otu1957	31	61	52	74	283	96
otu1958	86	73	275	14	80	60
otu1959	130	146	89	65	91	34
otu1960	47	59	112	61	226	71
otu1961	86	31	95	73	128	106
otu1962	208	102	122	44	82	41
otu1963	128	171	172	24	50	32
otu1964	212	167	95	46	52	37
otu1965	108	267	131	14	40	30
otu1966	9	0	9	3	9	13
otu1967	184	221	117	27	56	39
otu1968	109	104	15	62	165	78
otu1969	113	111	187	37	90	49
otu1970	215	86	114	55	65	32
otu1971	168	177	110	19	108	23
otu1972	169	131	131	42	75	35
otu1973	203	177	127	4	39	60
otu1974	19	19	14	150	242	102
otu1975	44	31	105	53	169	98
otu1976	139	66	244	11	49	21
otu1977	220	111	104	76	39	37
otu1978	159	182	106	33	70	18
otu1979	251	59	223	19	6	24
otu1980	49	71	70	72	172	71
otu1981	240	126	107	45	46	33
otu1982	228	38	64	105	33	66
otu1983	187	139	105	31	92	27
otu1984	125	184	153	46	41	21
otu1985	107	118	46	64	115	77
otu1986	136	82	83	53	92	75
otu1987	146	218	110	52	73	31
otu1988	67	95	40	15	169	42
otu1989	144	96	120	81	61	64
otu1990	66	29	62	96	129	115
otu1991	74	34	54	177	98	129
otu1992	187	183	111	25	92	49
otu1993	126	92	179	43	76	71
otu1994	88	154	173	32	37	52
otu1995	75	53	75	65	79	116
otu1996	142	242	86	65	36	52
otu1997	160	117	35	82	78	71
otu1998	99	53	104	63	80	93
otu1999	147	124	115	49	63	83
otu2000	126	205	95	48	89	46
otu2001	227	59	236	32	25	29
otu2002	97	238	99	31	93	45
otu2003	23	38	50	98	157	121
otu2004	171	161	118	75	38	51
otu2005	119	99	34	65	46	72
otu2006	163	249	119	12	26	29
otu2007	228	167	96	22	37	51
otu2008	85	19	51	154	87	126
otu2009	74	103	55	108	114	108
otu2010	51	109	78	19	104	133
otu2011	97	62	82	66	72	102
otu2012	255	53	113	119	17	44
otu2013	183	117	95	38	102	39
otu2014	67	66	92	24	143	41
otu2015	149	322	103	22	10	12
otu2016	115	210	74	17	104	45
otu2017	208	84	70	54	99	57
otu2018	38	27	98	99	137	154
otu2019	178	164	124	7	76	15
otu2020	69	103	52	12	161	47
otu2021	175	55	66	73	38	94
otu2022	108	117	182	13	108	44
otu2023	169	180	104	46	64	54
otu2024	109	137	245	18	26	9
otu2025	89	25	95	90	87	99
otu2026	119	139	174	38	40	54
otu2027	202	132	78	59	34	73
otu2028	55	38	204	80	74	83
otu2029	38	74	48	101	140	84
otu2030	96	66	191	14	127	24
otu2031	182	163	76	46	40	68
otu2032	121	56	128	121	142	40
otu2033	84	21	81	73	119	100
otu2034	80	37	63	120	116	100
otu2035	63	16	92	81	128	92
otu2036	141	147	128	35	59	63
otu2037	114	225	64	26	72	41
otu2038	64	90	83	38	104	62
otu2039	119	154	126	29	100	15
otu2040	165	158	116	29	67	33
otu2041	157	81	69	26	10	27
otu2042	50	78	86	38	106	59
otu2043	123	219	75	22	50	25
otu2044	112	215	70	31	78	25
otu2045	276	41	141	44	7	25
otu2046	133	276	73	21	38	22
otu2047	147	144	69	36	67	31
otu2048	28	54	178	56	146	83
otu2049	159	119	140	24	106	50
otu2050	79	109	272	14	25	23
otu2051	101	157	170	57	45	51
otu2052	167	167	129	14	61	20
otu2053	102	213	26	22	68	53
otu2054	253	30	0	85	17	55
otu2055	161	265	108	29	17	9
otu2056	130	201	75	37	76	34
otu2057	200	145	95	63	69	30
otu2058	157	144	72	19	112	29
otu2059	79	27	42	98	188	84
otu2060	52	32	82	43	176	89
otu2061	179	187	107	31	56	11
otu2062	230	85	54	84	41	30
otu2063	29	579	9	52	24	4
otu2064	41	20	50	29	276	41
otu2065	135	240	84	30	66	0
otu2066	139	57	91	9	57	87
otu2067	85	28	58	114	111	101
otu2068	133	155	145	13	54	40
otu2069	90	32	58	110	92	107
otu2070	57	37	49	79	97	133
otu2071	182	154	108	44	28	53
otu2072	56	47	62	137	77	134
otu2073	175	209	98	52	22	19
otu2074	66	24	48	155	94	117
otu2075	114	56	70	18	96	28
otu2076	169	107	122	26	27	39
otu2077	87	109	99	43	90	137
otu2078	68	23	88	66	119	99
otu2079	36	37	91	47	185	83
otu2080	119	70	64	55	133	55
otu2081	246	124	126	21	12	26
otu2082	44	49	53	33	247	46
otu2083	200	121	102	67	33	50
otu2084	150	139	152	27	76	24
otu2085	41	24	71	31	200	77
otu2086	168	12	48	121	76	75
otu2087	122	171	147	38	35	29
otu2088	129	15	72	204	13	79
otu2089	59	32	92	42	162	89
otu2090	139	113	143	13	50	20
otu2091	88	130	159	16	87	11
otu2092	99	48	224	49	34	86
otu2093	34	50	51	57	247	50
otu2094	90	208	51	19	109	20
otu2095	76	134	96	42	85	52
otu2096	180	107	85	42	25	59
otu2097	30	34	82	56	184	78
otu2098	233	32	256	23	10	13
otu2099	135	75	84	65	37	24
otu2100	94	168	151	16	91	34
otu2101	216	57	28	73	22	60
otu2102	133	281	87	20	15	26
otu2103	159	93	81	91	28	61
otu2104	175	86	119	34	89	32
otu2105	218	155	35	100	11	21
otu2106	67	132	176	10	86	39
otu2107	91	106	170	12	87	32
otu2108	75	24	52	148	81	106
otu2109	166	32	129	57	49	36
otu2110	157	71	200	15	35	90
otu2111	121	138	111	30	67	40
otu2112	134	214	80	14	76	20
otu2113	192	89	59	95	41	50
otu2114	113	87	83	103	58	72
otu2115	30	56	65	60	161	69
otu2116	264	71	26	85	7	18
otu2117	147	120	98	57	56	35
otu2118	51	52	164	7	138	43
otu2119	40	37	65	115	114	118
otu2120	43	59	62	121	67	124
otu2121	140	124	91	45	49	51
otu2122	230	63	229	6	13	14
otu2123	123	89	129	38	60	37
otu2124	121	272	71	18	58	19
otu2125	81	34	43	25	38	16
otu2126	154	125	110	42	72	48
otu2127	53	16	73	54	127	90
otu2128	183	58	143	65	23	65
otu2129	107	410	36	21	2	11
otu2130	16	75	83	80	105	63
otu2131	230	32	12	92	7	47
otu2132	115	112	75	46	91	29
otu2133	37	40	54	102	130	100
otu2134	63	74	88	33	89	44
otu2135	125	86	101	37	136	33
otu2136	107	77	33	76	81	84
otu2137	111	267	57	19	39	11
otu2138	87	59	79	46	67	88
otu2139	73	141	184	23	83	18
otu2140	58	45	150	4	88	47
otu2141	47	107	45	74	154	54
otu2142	179	123	79	43	58	17
otu2143	109	210	80	19	52	18
otu2144	160	33	22	78	26	58
otu2145	81	30	127	49	105	79
otu2146	51	32	44	113	84	98
otu2147	30	63	63	71	121	59
otu2148	64	24	46	148	73	125
otu2149	155	46	104	103	15	42
otu2150	107	111	69	65	61	86
otu2151	103	194	101	51	52	25
otu2152	176	29	200	21	9	84
otu2153	193	44	61	71	36	39
otu2154	178	104	125	13	62	8
otu2155	55	31	42	67	88	114
otu2156	172	79	198	23	14	12
otu2157	116	95	90	40	70	49
otu2158	207	21	244	21	4	11
otu2159	126	51	150	49	36	23
otu2160	34	30	61	83	162	78
otu2161	161	124	75	24	61	60
otu2162	139	165	111	53	25	28
otu2163	143	48	115	62	56	69
otu2164	147	113	54	53	98	27
otu2165	133	163	86	27	79	32
otu2166	181	239	79	15	49	7
otu2167	122	97	90	40	37	94
otu2168	35	72	74	92	88	73
otu2169	190	79	65	53	15	75
otu2170	156	121	61	54	61	43
otu2171	144	79	204	23	49	16
otu2172	29	58	64	45	173	63
otu2173	33	39	66	56	171	102
otu2174	103	165	49	28	86	54
otu2175	162	159	45	33	42	52
otu2176	101	139	160	32	39	67
otu2177	153	137	99	18	34	27
otu2178	55	107	131	5	60	112
otu2179	118	42	52	119	49	73
otu2180	210	20	195	32	15	9
otu2181	135	29	117	102	34	74
otu2182	152	155	54	43	38	30
otu2183	204	61	87	68	23	26
otu2184	133	22	39	90	36	82
otu2185	96	247	80	28	70	25
otu2186	156	41	109	71	32	69
otu2187	55	54	107	11	88	84
otu2188	34	42	59	77	130	97
otu2189	75	77	183	14	113	23
otu2190	123	161	109	21	35	18
otu2191	41	21	70	36	119	96
otu2192	56	51	83	84	43	95
otu2193	61	27	49	143	64	107
otu2194	6	42	76	15	124	175
otu2195	119	135	100	47	39	45
otu2196	70	14	80	45	120	80
otu2197	142	135	108	26	41	27
otu2198	118	85	29	71	41	100
otu2199	134	85	64	65	33	34
otu2200	138	156	68	32	39	28
otu2201	184	82	74	9	56	8
otu2202	126	182	46	4	19	71
otu2203	119	153	46	17	88	19
otu2204	20	73	156	38	97	38
otu2205	134	59	65	40	97	51
otu2206	93	40	49	90	93	80
otu2207	78	88	47	107	52	91
otu2208	127	60	143	24	60	44
otu2209	131	114	94	22	86	14
otu2210	81	46	51	52	61	81
otu2211	135	180	76	29	41	35
otu2212	34	24	44	98	109	118
otu2213	74	34	51	135	57	99
otu2214	85	273	53	15	41	12
otu2215	134	145	115	15	77	32
otu2216	21	27	79	58	129	56
otu2217	77	16	89	44	89	73
otu2218	62	57	72	22	97	25
otu2219	42	24	65	34	123	93
otu2220	158	137	87	39	56	37
otu2221	67	183	159	19	36	28
otu2222	121	28	150	30	53	34
otu2223	137	105	173	19	21	16
otu2224	12	33	76	51	118	84
otu2225	111	154	94	33	22	25
otu2226	99	90	131	49	42	68
otu2227	54	25	43	139	72	105
otu2228	57	27	49	116	65	94
otu2229	147	82	75	48	48	27
otu2230	116	178	71	13	90	5
otu2231	75	18	91	45	97	78
otu2232	141	154	114	28	29	30
otu2233	42	52	71	65	85	86
otu2234	220	47	45	72	32	67
otu2235	64	30	56	135	53	83
otu2236	71	201	88	33	75	15
otu2237	117	160	91	22	69	34
otu2238	182	77	75	42	34	45
otu2239	161	71	72	58	48	41
otu2240	93	100	139	40	38	42
otu2241	153	46	78	51	68	30
otu2242	114	139	69	28	54	27
otu2243	121	201	56	17	36	17
otu2244	103	49	84	41	34	65
otu2245	107	12	66	151	4	78
otu2246	177	92	48	58	24	45
otu2247	116	144	89	20	98	7
otu2248	119	170	57	39	36	25
otu2249	97	140	93	41	43	49
otu2250	46	53	83	17	106	34
otu2251	66	30	42	74	147	57
otu2252	160	98	55	27	65	20
otu2253	93	59	63	40	67	76
otu2254	59	124	143	38	68	24
otu2255	200	65	15	59	26	38
otu2256	106	194	62	20	41	15
otu2257	41	62	92	14	119	27
otu2258	150	201	76	21	31	28
otu2259	66	245	116	8	28	21
otu2260	110	148	110	19	16	51
otu2261	99	96	115	21	57	24
otu2262	27	54	66	45	118	42
otu2263	67	68	54	77	64	76
otu2264	81	118	95	33	73	34
otu2265	53	10	73	43	93	78
otu2266	35	45	146	55	80	49
otu2267	44	99	26	68	15	157
otu2268	203	40	43	101	16	34
otu2269	54	35	82	43	80	63
otu2270	82	36	53	48	57	91
otu2271	120	59	139	30	89	17
otu2272	36	61	39	92	86	91
otu2273	130	71	116	26	64	53
otu2274	115	174	71	26	40	36
otu2275	164	53	102	29	56	36
otu2276	104	66	47	15	135	20
otu2277	126	150	110	18	48	26
otu2278	69	78	166	47	23	42
otu2279	170	62	87	52	36	64
otu2280	112	158	94	18	42	28
otu2281	82	98	15	114	15	31
otu2282	35	30	41	81	65	85
otu2283	93	213	79	10	37	11
otu2284	58	34	58	46	68	90
otu2285	47	26	52	53	75	94
otu2286	59	61	63	24	102	48
otu2287	115	89	96	58	44	35
otu2288	222	74	41	49	34	27
otu2289	157	94	69	46	35	56
otu2290	100	125	68	26	50	31
otu2291	66	13	32	103	76	90
otu2292	66	28	43	107	75	86
otu2293	107	96	92	21	95	22
otu2294	163	64	72	58	32	46
otu2295	58	166	157	14	27	27
otu2296	133	93	39	35	35	46
otu2297	162	38	34	89	35	92
otu2298	203	57	140	15	4	30
otu2299	61	61	82	57	57	31
otu2300	143	149	48	36	26	25
otu2301	97	63	173	11	36	36
otu2302	107	171	65	29	46	25
otu2303	192	12	25	55	11	62
otu2304	57	42	61	78	98	61
otu2305	51	37	97	18	120	39
otu2306	85	58	118	64	124	27
otu2307	159	41	50	38	94	18
otu2308	122	60	74	39	35	74
otu2309	173	115	108	41	47	17
otu2310	117	150	58	23	87	36
otu2311	78	246	56	13	28	14
otu2312	151	81	70	25	42	38
otu2313	41	51	177	55	60	43
otu2314	48	72	226	0	16	0
otu2315	92	191	70	22	32	16
otu2316	40	21	44	108	95	96
otu2317	103	169	78	13	44	19
otu2318	152	136	66	35	52	9
otu2319	161	89	92	25	21	24
otu2320	194	24	35	114	18	41
otu2321	155	65	53	52	27	49
otu2322	28	64	210	5	153	11
otu2323	62	73	53	14	48	48
otu2324	107	139	86	24	29	39
otu2325	104	31	88	16	63	58
otu2326	56	33	23	90	42	129
otu2327	45	11	195	67	24	41
otu2328	125	75	117	49	23	24
otu2329	148	79	86	35	45	28
otu2330	60	123	58	56	53	60
otu2331	63	85	66	49	67	38
otu2332	93	158	81	29	43	15
otu2333	58	29	39	56	117	80
otu2334	76	172	70	18	41	19
otu2335	126	143	41	14	54	11
otu2336	0	28	0	99	7	384
otu2337	184	12	108	55	5	21
otu2338	115	88	77	22	76	38
otu2339	90	159	69	14	84	4
otu2340	39	26	51	38	165	61
otu2341	73	68	76	31	105	25
otu2342	131	59	115	17	51	26
otu2343	129	79	110	35	45	32
otu2344	98	86	81	33	52	68
otu2345	56	60	50	51	52	78
otu2346	82	196	51	16	49	18
otu2347	82	81	81	34	62	34
otu2348	105	4	62	170	1	58
otu2349	169	55	42	56	53	53
otu2350	129	82	102	10	18	47
otu2351	75	199	52	12	39	16
otu2352	170	15	17	57	22	79
otu2353	62	35	36	81	71	72
otu2354	49	49	45	60	112	44
otu2355	57	90	65	26	95	23
otu2356	37	23	44	49	161	74
otu2357	124	91	21	53	41	77
otu2358	142	57	77	36	70	36
otu2359	58	40	57	96	71	69
otu2360	62	90	50	60	46	71
otu2361	157	67	66	16	36	25
otu2362	55	68	40	86	72	86
otu2363	97	153	115	49	30	20
otu2364	149	122	50	32	38	19
otu2365	148	79	66	34	39	64
otu2366	98	211	74	21	7	25
otu2367	143	83	77	32	46	28
otu2368	114	47	170	25	32	23
otu2369	21	73	75	3	99	36
otu2370	81	183	47	12	38	12
otu2371	58	125	116	83	38	78
otu2372	70	77	63	10	98	57
otu2373	214	30	19	82	33	19
otu2374	147	100	73	36	50	22
otu2375	78	177	54	15	43	17
otu2376	77	97	80	20	81	21
otu2377	96	169	47	11	69	12
otu2378	57	18	45	127	51	91
otu2379	116	44	86	40	68	49
otu2380	86	177	52	14	46	12
otu2381	182	23	4	55	6	55
otu2382	120	105	101	30	44	8
otu2383	81	74	61	17	101	28
otu2384	160	109	53	6	48	0
otu2385	74	135	87	27	91	25
otu2386	78	131	29	39	69	41
otu2387	128	121	76	7	43	34
otu2388	95	51	133	18	30	45
otu2389	49	33	47	113	47	90
otu2390	82	191	71	15	61	19
otu2391	57	23	48	109	55	84
otu2392	97	38	58	95	51	65
otu2393	65	25	47	115	49	79
otu2394	135	31	109	49	45	22
otu2395	70	190	49	18	34	18
otu2396	55	14	37	137	51	86
otu2397	106	49	149	7	60	15
otu2398	72	158	58	16	47	20
otu2399	69	171	52	20	42	25
otu2400	129	81	75	13	36	41
otu2401	67	18	38	77	52	63
otu2402	77	66	155	13	57	11
otu2403	79	36	31	17	31	8
otu2404	80	61	52	25	144	27
otu2405	69	23	44	80	97	74
otu2406	131	81	65	35	65	14
otu2407	149	38	120	42	22	39
otu2408	59	16	46	120	54	90
otu2409	117	171	71	14	8	12
otu2410	47	91	34	61	74	65
otu2411	72	93	66	58	50	45
otu2412	147	78	120	16	40	14
otu2413	84	53	43	25	90	30
otu2414	132	103	87	22	43	45
otu2415	82	133	70	32	71	2
otu2416	122	133	55	43	32	32
otu2417	87	126	74	37	19	71
otu2418	32	57	149	31	80	41
otu2419	48	9	61	36	99	77
otu2420	131	102	67	18	51	24
otu2421	58	156	67	36	44	55
otu2422	101	92	79	37	11	110
otu2423	72	166	44	18	38	16
otu2424	38	16	33	40	138	52
otu2425	154	36	96	31	83	19
otu2426	121	109	83	14	58	30
otu2427	120	77	45	29	93	25
otu2428	89	202	49	11	40	6
otu2429	127	33	58	30	72	54
otu2430	89	129	63	29	84	16
otu2431	106	16	27	99	47	67
otu2432	72	178	53	13	49	10
otu2433	146	89	133	12	28	3
otu2434	80	99	90	32	52	34
otu2435	1	7	7	10	0	3
otu2436	82	181	50	13	39	13
otu2437	160	11	27	68	41	40
otu2438	21	37	53	54	104	75
otu2439	155	84	104	18	67	20
otu2440	69	26	31	69	53	77
otu2441	52	33	51	51	56	81
otu2442	33	9	71	30	88	69
otu2443	84	166	83	18	40	10
otu2444	160	43	71	23	31	37
otu2445	56	20	35	130	45	77
otu2446	47	51	178	11	74	18
otu2447	93	160	52	22	31	36
otu2448	97	89	83	25	54	10
otu2449	98	108	75	31	22	64
otu2450	127	90	43	31	74	40
otu2451	109	32	46	75	25	64
otu2452	61	8	47	115	53	83
otu2453	85	114	121	13	62	35
otu2454	112	201	61	9	8	16
otu2455	125	83	66	40	38	34
otu2456	30	25	45	69	75	96
otu2457	164	35	18	74	14	48
otu2458	57	68	152	19	54	18
otu2459	118	79	49	55	50	48
otu2460	69	174	48	17	40	17
otu2461	111	105	60	28	26	34
otu2462	99	42	39	67	49	61
otu2463	91	114	70	46	74	49
otu2464	124	65	48	6	84	21
otu2465	120	56	102	28	22	20
otu2466	71	174	44	15	32	17
otu2467	78	70	29	32	52	95
otu2468	41	8	69	28	86	74
otu2469	140	93	136	19	9	5
otu2470	81	184	46	11	30	13
otu2471	104	80	69	26	48	25
otu2472	63	17	45	106	51	78
otu2473	145	42	117	48	30	17
otu2474	19	61	64	52	79	56
otu2475	53	83	8	0	12	71
otu2476	134	50	97	22	55	29
otu2477	166	29	74	54	19	26
otu2478	133	37	124	58	37	20
otu2479	150	51	29	70	8	31
otu2480	157	28	192	8	6	10
otu2481	101	63	72	49	39	57
otu2482	25	31	32	55	119	72
otu2483	59	24	37	78	65	65
otu2484	81	160	44	14	35	14
otu2485	115	85	26	30	41	30
otu2486	97	60	70	21	107	23
otu2487	145	38	80	43	19	35
otu2488	144	137	59	26	14	15
otu2489	74	88	148	7	21	19
otu2490	45	18	28	69	37	84
otu2491	88	150	56	20	45	3
otu2492	37	37	28	27	191	24
otu2493	148	23	187	13	10	6
otu2494	55	18	36	105	51	79
otu2495	67	162	41	14	34	19
otu2496	76	177	45	8	34	14
otu2497	78	173	41	10	31	15
otu2498	61	62	172	0	59	9
otu2499	139	72	111	41	25	18
otu2500	79	149	43	22	32	11
otu2501	46	54	55	25	75	39
otu2502	91	180	50	23	29	33
otu2503	94	45	45	38	95	36
otu2504	93	102	112	30	31	21
otu2505	110	66	24	60	45	32
otu2506	99	69	35	33	59	24
otu2507	79	58	70	43	61	40
otu2508	123	78	59	25	40	18
otu2509	67	25	81	25	57	50
otu2510	135	98	61	51	15	19
otu2511	171	15	33	57	10	38
otu2512	103	110	57	27	40	16
otu2513	37	52	46	108	31	62
otu2514	118	91	70	2	16	75
otu2515	79	81	136	14	52	5
otu2516	137	119	29	42	42	10
otu2517	38	8	55	32	84	75
otu2518	47	18	51	80	72	80
otu2519	43	7	62	34	95	70
otu2520	151	65	42	33	38	38
otu2521	120	19	19	46	6	46
otu2522	56	74	162	3	72	16
otu2523	46	120	69	55	42	35
otu2524	81	171	49	10	28	12
otu2525	50	144	76	45	29	20
otu2526	119	83	85	5	48	25
otu2527	57	72	87	40	70	34
otu2528	60	81	131	3	81	6
otu2529	48	66	33	48	18	41
otu2530	75	47	75	13	68	59
otu2531	25	48	114	25	63	52
otu2532	54	34	59	14	59	78
otu2533	40	6	57	32	83	73
otu2534	57	142	52	26	44	37
otu2535	56	12	45	28	54	29
otu2536	32	7	82	24	89	64
otu2537	70	103	22	33	35	61
otu2538	48	92	46	50	65	45
otu2539	72	176	48	12	29	10
otu2540	83	111	93	20	32	40
otu2541	74	52	52	35	92	25
otu2542	121	94	36	2	34	41
otu2543	94	129	71	24	24	17
otu2544	71	72	37	28	77	54
otu2545	100	74	51	21	38	21
otu2546	134	111	45	7	16	31
otu2547	41	24	37	46	52	80
otu2548	70	8	49	127	14	58
otu2549	179	22	97	33	13	12
otu2550	122	69	38	25	22	53
otu2551	44	13	36	111	48	80
otu2552	73	122	43	45	70	18
otu2553	176	4	23	77	0	37
otu2554	32	45	40	46	121	40
otu2555	44	15	32	111	47	82
otu2556	68	52	55	36	62	57
otu2557	108	83	71	27	28	43
otu2558	121	82	44	18	47	24
otu2559	15	66	38	86	46	73
otu2560	123	62	62	13	70	21
otu2561	91	17	33	48	32	61
otu2562	89	127	106	41	11	19
otu2563	108	100	64	19	31	12
otu2564	41	29	33	86	55	80
otu2565	31	126	51	8	57	67
otu2566	79	30	39	83	37	52
otu2567	91	120	52	29	38	56
otu2568	48	42	46	24	83	31
otu2569	91	151	59	26	27	25
otu2570	176	58	24	39	6	33
otu2571	131	138	34	7	31	11
otu2572	97	128	52	46	27	31
otu2573	112	5	24	49	64	41
otu2574	107	67	43	33	85	32
otu2575	114	83	27	27	60	19
otu2576	66	100	109	12	61	15
otu2577	79	165	48	10	25	13
otu2578	80	87	53	54	31	44
otu2579	87	84	69	23	44	39
otu2580	77	181	45	12	25	8
otu2581	40	20	41	36	106	45
otu2582	29	9	52	30	99	64
otu2583	110	116	49	47	15	29
otu2584	119	52	91	22	44	39
otu2585	35	35	75	57	31	97
otu2586	71	55	5	51	28	84
otu2587	40	29	127	30	57	24
otu2588	17	12	39	54	104	81
otu2589	34	10	36	6	215	12
otu2590	66	106	5	5	6	109
otu2591	99	64	110	4	75	17
otu2592	71	51	98	34	91	14
otu2593	56	21	50	92	52	59
otu2594	144	47	20	40	20	23
otu2595	94	114	56	31	42	5
otu2596	11	39	56	11	81	98
otu2597	51	66	42	77	41	48
otu2598	91	79	52	44	43	56
otu2599	66	94	114	19	12	29
otu2600	49	16	40	83	50	75
otu2601	79	49	55	24	96	28
otu2602	72	132	63	36	24	26
otu2603	54	42	42	16	34	45
otu2604	68	62	58	27	40	45
otu2605	96	113	98	22	22	14
otu2606	27	22	46	32	148	29
otu2607	68	47	48	20	104	111
otu2608	141	46	112	11	0	24
otu2609	45	57	45	14	71	29
otu2610	15	19	32	50	123	58
otu2611	71	45	32	58	49	54
otu2612	17	10	37	60	92	75
otu2613	35	40	31	33	115	29
otu2614	159	19	44	60	26	30
otu2615	60	28	139	26	22	20
otu2616	62	18	54	110	34	48
otu2617	114	22	25	64	36	47
otu2618	115	39	42	48	28	66
otu2619	62	211	49	20	24	13
otu2620	42	33	38	29	75	43
otu2621	103	40	53	64	47	25
otu2622	107	85	21	66	17	41
otu2623	35	75	18	8	51	106
otu2624	55	21	35	102	54	60
otu2625	59	25	24	77	52	65
otu2626	78	80	97	17	25	40
otu2627	99	53	101	7	22	14
otu2628	129	3	90	3	7	0
otu2629	61	53	148	25	14	50
otu2630	123	9	77	47	33	16
otu2631	33	90	33	46	84	35
otu2632	33	14	20	70	90	66
otu2633	175	7	100	35	0	11
otu2634	86	43	121	23	11	28
otu2635	123	28	10	42	13	56
otu2636	38	7	62	28	88	49
otu2637	76	46	50	17	79	37
otu2638	77	166	61	35	3	10
otu2639	91	64	119	15	2	13
otu2640	84	11	24	47	67	38
otu2641	63	80	88	71	57	20
otu2642	92	87	31	31	28	32
otu2643	152	70	16	0	25	14
otu2644	37	53	64	28	129	26
otu2645	136	53	112	16	4	13
otu2646	97	58	68	26	40	34
otu2647	111	79	52	21	17	28
otu2648	58	62	1	8	52	0
otu2649	76	49	43	40	47	44
otu2650	40	17	37	75	46	69
otu2651	25	59	62	10	64	30
otu2652	87	88	41	16	24	56
otu2653	28	43	38	63	64	47
otu2654	88	93	43	12	41	29
otu2655	43	4	65	23	63	58
otu2656	95	45	50	44	28	39
otu2657	84	25	102	16	43	31
otu2658	37	54	157	3	52	11
otu2659	86	130	57	14	44	23
otu2660	128	42	99	26	24	14
otu2661	145	11	21	45	6	40
otu2662	34	8	26	45	102	63
otu2663	30	27	43	79	41	65
otu2664	87	69	54	13	48	21
otu2665	61	30	24	101	43	41
otu2666	100	53	87	21	34	45
otu2667	60	75	56	36	31	39
otu2668	96	20	129	11	42	29
otu2669	50	14	30	101	46	64
otu2670	141	16	167	9	3	3
otu2671	108	47	64	25	49	16
otu2672	113	52	54	36	30	21
otu2673	116	69	48	13	25	26
otu2674	57	43	133	22	35	19
otu2675	93	121	56	18	30	2
otu2676	35	32	45	12	78	24
otu2677	15	31	3	55	148	48
otu2678	31	58	59	23	55	17
otu2679	117	71	61	23	29	26
otu2680	125	87	42	3	32	27
otu2681	80	59	73	17	39	40
otu2682	110	81	55	17	41	27
otu2683	31	4	43	30	82	64
otu2684	158	61	86	1	9	19
otu2685	82	60	70	2	65	32
otu2686	41	21	21	80	53	64
otu2687	14	58	42	49	66	45
otu2688	31	12	30	89	47	66
otu2689	47	20	26	89	31	61
otu2690	49	191	55	9	14	6
otu2691	42	22	33	40	91	50
otu2692	38	39	33	36	70	49
otu2693	83	159	39	26	22	13
otu2694	92	55	35	53	16	37
otu2695	80	48	65	28	62	22
otu2696	195	0	0	72	0	14
otu2697	117	79	34	18	22	15
otu2698	72	26	29	46	65	33
otu2699	17	33	45	31	131	44
otu2700	33	6	27	93	45	78
otu2701	54	74	51	9	106	11
otu2702	70	91	39	18	59	18
otu2703	107	30	19	51	33	36
otu2704	86	69	41	32	29	37
otu2705	96	52	43	44	31	39
otu2706	86	83	60	18	50	23
otu2707	87	83	103	20	18	5
otu2708	35	56	49	59	31	49
otu2709	101	64	80	15	33	13
otu2710	86	59	26	35	37	21
otu2711	0	0	0	59	31	85
otu2712	19	30	36	29	105	59
otu2713	29	15	24	19	142	23
otu2714	48	18	11	40	71	60
otu2715	93	115	37	7	39	15
otu2716	110	33	44	28	37	47
otu2717	123	28	76	22	18	24
otu2718	103	66	41	51	18	25
otu2719	138	8	31	70	11	15
otu2720	61	79	59	12	76	5
otu2721	52	142	59	16	33	19
otu2722	25	54	69	15	83	28
otu2723	79	62	79	14	49	14
otu2724	46	12	29	63	39	43
otu2725	42	151	55	10	29	16
otu2726	88	132	63	14	11	9
otu2727	11	44	25	88	31	62
otu2728	57	23	39	86	35	63
otu2729	63	116	50	16	67	10
otu2730	118	54	43	22	24	18
otu2731	23	46	115	5	54	15
otu2732	37	63	19	45	97	63
otu2733	38	16	42	86	32	59
otu2734	95	52	57	19	30	8
otu2735	85	25	40	62	20	46
otu2736	122	10	152	11	0	3
otu2737	68	70	86	13	19	32
otu2738	88	94	53	12	29	10
otu2739	60	27	25	16	84	35
otu2740	66	80	79	14	35	11
otu2741	122	75	50	18	40	15
otu2742	110	66	81	32	28	6
otu2743	42	15	27	95	38	69
otu2744	101	79	65	16	25	17
otu2745	39	7	50	20	172	11
otu2746	113	32	37	28	25	26
otu2747	75	82	39	25	25	27
otu2748	56	154	41	16	12	23
otu2749	110	82	108	10	3	4
otu2750	71	28	76	57	31	28
otu2751	36	40	18	89	45	55
otu2752	70	44	109	15	57	25
otu2753	118	78	50	3	28	7
otu2754	90	49	52	43	40	28
otu2755	110	48	79	23	21	15
otu2756	58	95	64	6	24	61
otu2757	33	10	30	88	43	72
otu2758	70	50	20	23	30	20
otu2759	64	4	41	102	0	45
otu2760	37	22	69	22	176	22
otu2761	82	83	37	42	23	16
otu2762	34	31	27	69	40	63
otu2763	52	49	56	31	35	54
otu2764	126	59	33	9	20	11
otu2765	73	82	73	15	23	36
otu2766	103	112	35	7	6	11
otu2767	58	76	19	4	42	25
otu2768	63	74	18	33	32	50
otu2769	59	18	32	76	37	50
otu2770	95	27	41	21	70	18
otu2771	54	49	65	13	80	9
otu2772	70	100	89	5	20	13
otu2773	111	95	51	12	16	10
otu2774	54	64	39	21	66	41
otu2775	10	17	27	43	82	65
otu2776	126	28	46	27	13	36
otu2777	26	9	17	65	77	64
otu2778	119	15	125	35	0	6
otu2779	23	53	52	47	60	32
otu2780	96	32	73	16	28	23
otu2781	73	80	38	26	47	35
otu2782	61	10	159	17	9	13
otu2783	69	107	69	3	36	7
otu2784	91	132	52	16	9	11
otu2785	32	34	38	12	85	16
otu2786	75	4	93	26	17	25
otu2787	9	8	21	55	84	75
otu2788	56	59	49	8	83	16
otu2789	94	90	27	11	31	45
otu2790	56	64	27	13	82	20
otu2791	63	31	56	38	31	43
otu2792	82	55	28	24	44	45
otu2793	83	40	77	18	23	22
otu2794	26	19	23	8	121	17
otu2795	108	73	23	43	7	12
otu2796	38	72	43	46	42	35
otu2797	30	34	23	78	40	53
otu2798	13	9	6	62	125	43
otu2799	21	41	37	29	51	45
otu2800	113	32	112	6	42	0
otu2801	35	16	33	78	50	53
otu2802	39	110	0	46	26	28
otu2803	34	29	52	28	57	41
otu2804	11	1	2	72	136	35
otu2805	108	13	89	6	55	0
otu2806	19	59	20	16	90	44
otu2807	94	29	80	19	25	9
otu2808	76	96	47	18	64	6
otu2809	48	41	13	50	48	70
otu2810	133	0	0	56	0	35
otu2811	0	378	0	0	0	0
otu2812	62	66	80	16	25	24
otu2813	90	57	40	14	30	20
otu2814	35	20	37	70	60	50
otu2815	20	54	51	56	40	35
otu2816	57	17	26	78	34	51
otu2817	74	43	116	6	16	13
otu2818	45	62	54	42	21	41
otu2819	6	17	2	53	122	59
otu2820	40	21	15	21	64	25
otu2821	53	60	26	20	73	25
otu2822	24	7	32	78	33	68
otu2823	63	85	39	28	34	33
otu2824	44	22	10	22	9	36
otu2825	37	41	29	54	47	51
otu2826	80	71	67	21	11	26
otu2827	67	49	83	33	21	39
otu2828	19	22	177	0	5	0
otu2829	92	35	68	23	35	35
otu2830	64	120	29	21	25	29
otu2831	62	60	20	35	30	70
otu2832	129	8	38	52	10	14
otu2833	78	72	13	38	52	20
otu2834	29	23	72	27	49	14
otu2835	23	49	128	3	49	3
otu2836	44	51	6	13	58	0
otu2837	92	43	56	28	52	17
otu2838	68	62	50	23	40	10
otu2839	29	76	117	6	22	5
otu2840	71	28	23	37	29	27
otu2841	40	38	54	36	51	40
otu2842	22	22	31	11	148	13
otu2843	32	33	37	56	42	49
otu2844	45	51	63	10	90	17
otu2845	47	126	31	13	34	7
otu2846	68	114	42	10	19	8
otu2847	67	57	29	11	36	40
otu2848	64	34	74	25	46	23
otu2849	71	58	60	18	48	21
otu2850	75	49	34	24	21	55
otu2851	71	89	39	11	47	14
otu2852	56	63	40	25	56	34
otu2853	112	22	29	38	18	23
otu2854	71	61	32	37	49	22
otu2855	29	11	33	82	37	61
otu2856	104	66	53	11	24	27
otu2857	102	33	51	32	41	20
otu2858	15	24	25	48	82	62
otu2859	38	27	118	4	53	18
otu2860	140	35	22	53	6	11
otu2861	65	153	46	7	0	10
otu2862	10	39	150	0	50	6
otu2863	28	39	133	6	44	9
otu2864	87	55	64	12	31	24
otu2865	39	55	105	17	16	32
otu2866	122	7	83	28	0	15
otu2867	32	29	29	26	33	23
otu2868	90	37	32	19	33	22
otu2869	86	51	76	40	32	14
otu2870	15	29	32	13	88	16
otu2871	38	27	15	47	14	42
otu2872	19	8	34	41	67	58
otu2873	20	36	132	0	58	3
otu2874	123	23	37	27	15	23
otu2875	26	11	24	49	63	74
otu2876	70	153	37	8	9	2
otu2877	97	77	23	40	14	13
otu2878	19	14	23	14	144	19
otu2879	30	17	13	62	59	51
otu2880	47	106	60	17	17	21
otu2881	106	80	55	10	26	14
otu2882	73	40	45	28	54	37
otu2883	29	26	60	62	25	65
otu2884	44	40	0	85	14	13
otu2885	32	31	49	17	65	17
otu2886	44	41	28	22	52	23
otu2887	69	19	37	32	70	27
otu2888	57	36	70	48	36	39
otu2889	97	34	103	25	18	7
otu2890	53	61	24	6	52	25
otu2891	66	80	20	20	31	29
otu2892	69	58	52	11	24	30
otu2893	89	62	72	11	17	13
otu2894	43	28	122	6	51	3
otu2895	47	48	30	45	23	53
otu2896	76	53	38	37	51	5
otu2897	78	73	72	12	45	3
otu2898	55	24	36	55	36	34
otu2899	78	53	84	14	42	16
otu2900	95	37	69	8	34	39
otu2901	81	75	46	15	32	15
otu2902	73	68	55	10	37	23
otu2903	31	17	23	67	40	63
otu2904	55	129	20	12	17	17
otu2905	5	12	25	51	73	68
otu2906	51	26	8	35	74	11
otu2907	47	53	38	10	36	25
otu2908	40	28	72	4	70	3
otu2909	85	15	91	12	36	14
otu2910	120	9	91	22	0	18
otu2911	12	17	47	31	77	42
otu2912	24	22	25	69	54	43
otu2913	91	47	13	13	42	25
otu2914	70	97	62	15	18	23
otu2915	112	66	66	2	25	7
otu2916	74	95	40	13	53	11
otu2917	21	17	22	77	43	57
otu2918	31	30	40	13	64	16
otu2919	55	51	29	25	24	20
otu2920	8	30	135	0	41	8
otu2921	12	14	16	61	89	32
otu2922	69	141	49	0	8	6
otu2923	82	78	36	19	18	20
otu2924	114	10	132	8	0	0
otu2925	49	59	46	25	16	39
otu2926	10	36	37	32	69	10
otu2927	37	141	25	13	28	8
otu2928	62	135	41	9	17	9
otu2929	65	3	3	23	0	11
otu2930	69	19	53	25	23	26
otu2931	51	166	33	19	31	2
otu2932	44	39	27	55	36	38
otu2933	10	31	143	0	54	3
otu2934	16	46	30	53	20	62
otu2935	72	72	44	5	40	2
otu2936	107	14	17	42	3	35
otu2937	46	35	81	24	36	27
otu2938	69	32	40	39	40	6
otu2939	72	95	34	4	32	10
otu2940	81	31	120	21	5	12
otu2941	72	13	97	18	30	11
otu2942	7	11	26	49	74	55
otu2943	44	32	16	34	97	20
otu2944	79	53	37	19	32	26
otu2945	70	80	38	19	33	10
otu2946	20	28	25	40	47	61
otu2947	75	82	40	9	25	16
otu2948	78	63	67	3	30	20
otu2949	41	49	60	37	23	40
otu2950	92	17	69	7	7	16
otu2951	60	16	61	38	45	27
otu2952	12	32	146	0	49	6
otu2953	10	40	34	62	20	46
otu2954	100	10	53	44	9	30
otu2955	69	41	37	11	68	21
otu2956	76	81	53	12	12	19
otu2957	10	3	146	6	103	20
otu2958	34	38	47	38	54	27
otu2959	102	29	37	12	9	20
otu2960	33	25	26	25	58	41
otu2961	50	4	25	63	27	45
otu2962	41	69	59	10	61	12
otu2963	101	45	3	28	10	53
otu2964	11	107	27	50	17	35
otu2965	11	29	142	0	67	0
otu2966	13	36	142	0	47	0
otu2967	44	103	46	16	24	17
otu2968	17	18	40	20	63	39
otu2969	30	20	23	70	43	48
otu2970	44	14	37	52	29	41
otu2971	83	27	23	29	26	21
otu2972	47	61	37	37	61	14
otu2973	80	11	97	17	13	13
otu2974	26	19	22	57	32	55
otu2975	35	45	27	29	24	34
otu2976	64	22	89	15	37	32
otu2977	54	18	12	15	64	10
otu2978	60	53	12	30	13	39
otu2979	42	19	28	73	32	48
otu2980	18	52	35	63	33	28
otu2981	69	67	50	0	24	27
otu2982	10	31	132	0	61	4
otu2983	34	8	24	76	42	35
otu2984	96	32	54	19	29	36
otu2985	77	41	64	10	15	16
otu2986	111	9	99	7	2	5
otu2987	57	115	31	17	21	9
otu2988	9	16	32	46	63	55
otu2989	76	22	8	33	30	4
otu2990	35	23	24	53	27	39
otu2991	94	57	37	18	20	15
otu2992	56	27	80	19	48	37
otu2993	66	50	40	16	36	19
otu2994	34	11	19	81	29	58
otu2995	64	16	55	28	7	25
otu2996	46	154	50	2	0	0
otu2997	118	7	26	60	6	8
otu2998	38	6	18	74	30	50
otu2999	43	17	24	68	29	38
otu3000	97	15	31	27	16	35
otu3001	75	21	10	42	21	38
otu3002	6	90	98	0	44	3
otu3003	0	107	84	0	0	0
otu3004	114	0	10	39	3	24
otu3005	34	12	24	70	29	57
otu3006	117	30	10	29	16	18
otu3007	121	0	3	53	7	33
otu3008	59	46	20	31	44	17
otu3009	34	31	37	24	39	32
otu3010	99	73	64	5	27	10
otu3011	11	17	9	39	97	44
otu3012	47	26	31	51	29	41
otu3013	24	19	20	59	37	54
otu3014	4	8	19	36	64	62
otu3015	56	138	27	20	21	0
otu3016	108	98	38	10	5	14
otu3017	75	15	69	11	50	8
otu3018	31	12	23	93	22	58
otu3019	111	30	26	25	10	23
otu3020	16	5	4	52	88	45
otu3021	74	25	63	40	34	21
otu3022	53	44	66	17	37	22
otu3023	45	71	55	15	37	13
otu3024	75	39	79	6	26	1
otu3025	83	91	35	6	10	29
otu3026	71	31	77	19	38	14
otu3027	54	72	83	5	44	14
otu3028	4	16	41	9	78	68
otu3029	71	21	55	28	25	24
otu3030	25	83	18	58	24	37
otu3031	115	17	11	48	3	30
otu3032	77	46	37	30	28	14
otu3033	120	16	18	24	22	28
otu3034	51	59	43	32	21	37
otu3035	32	20	24	66	37	42
otu3036	20	24	17	0	140	7
otu3037	56	108	31	5	16	24
otu3038	88	72	25	5	13	13
otu3039	58	126	47	7	4	6
otu3040	56	118	48	8	4	10
otu3041	60	51	68	16	16	14
otu3042	26	87	18	47	28	44
otu3043	46	20	55	6	107	32
otu3044	43	25	48	3	67	4
otu3045	17	18	24	43	42	60
otu3046	73	51	66	15	14	15
otu3047	61	33	36	33	23	30
otu3048	9	32	129	0	50	4
otu3049	60	30	53	19	29	29
otu3050	92	65	38	14	37	8
otu3051	30	22	28	26	62	45
otu3052	53	18	28	27	29	6
otu3053	80	29	107	8	7	5
otu3054	20	27	41	43	39	43
otu3055	3	7	18	33	81	48
otu3056	9	29	123	0	49	4
otu3057	5	0	2	0	7	8
otu3058	31	13	22	57	40	44
otu3059	17	51	12	50	18	54
otu3060	32	16	30	9	18	51
otu3061	48	24	21	12	115	14
otu3062	50	48	42	20	51	33
otu3063	41	12	24	53	47	43
otu3064	39	12	25	55	28	43
otu3065	43	92	61	10	23	16
otu3066	16	23	24	35	57	49
otu3067	73	80	35	5	29	22
otu3068	60	42	84	11	47	9
otu3069	57	95	44	9	15	14
otu3070	12	13	29	42	69	49
otu3071	48	74	53	11	29	18
otu3072	36	43	25	42	33	44
otu3073	75	36	51	10	5	31
otu3074	58	46	38	24	11	26
otu3075	25	34	32	65	30	32
otu3076	32	13	26	62	26	55
otu3077	108	20	28	37	3	17
otu3078	68	68	71	15	21	4
otu3079	83	88	48	7	22	6
otu3080	103	26	94	15	8	2
otu3081	59	80	22	20	49	27
otu3082	80	74	41	9	28	12
otu3083	25	12	25	60	31	55
otu3084	75	28	7	23	5	34
otu3085	26	29	28	10	33	33
otu3086	47	11	17	61	27	52
otu3087	100	48	24	12	22	16
otu3088	45	36	113	1	21	4
otu3089	36	16	22	66	39	41
otu3090	27	17	19	25	93	22
otu3091	68	73	28	14	23	0
otu3092	54	38	34	3	34	15
otu3093	58	28	64	18	25	26
otu3094	32	95	46	6	61	3
otu3095	67	58	26	14	27	25
otu3096	66	116	36	9	6	0
otu3097	36	19	16	20	68	36
otu3098	27	12	9	39	71	47
otu3099	21	12	89	2	65	5
otu3100	93	55	24	2	16	12
otu3101	151	12	6	36	0	8
otu3102	56	54	30	27	45	16
otu3103	24	6	20	42	70	37
otu3104	69	39	48	18	17	15
otu3105	46	41	57	20	53	21
otu3106	20	166	29	3	17	5
otu3107	24	60	50	28	66	18
otu3108	3	4	0	2	4	4
otu3109	118	6	93	13	3	0
otu3110	91	23	55	25	13	12
otu3111	63	68	30	29	17	20
otu3112	52	90	70	10	15	5
otu3113	92	6	104	8	3	0
otu3114	22	31	104	10	40	8
otu3115	80	51	32	16	41	27
otu3116	33	18	39	5	69	12
otu3117	120	4	13	46	3	22
otu3118	53	37	64	21	29	21
otu3119	86	0	11	39	6	38
otu3120	27	11	24	67	28	55
otu3121	11	34	67	37	31	28
otu3122	23	11	20	62	35	51
otu3123	27	32	23	55	27	42
otu3124	9	15	23	41	66	42
otu3125	51	46	37	6	58	8
otu3126	43	28	63	34	26	18
otu3127	82	68	15	23	26	7
otu3128	71	38	52	23	25	7
otu3129	81	4	28	20	40	25
otu3130	59	59	54	15	15	13
otu3131	50	48	40	22	14	57
otu3132	76	37	66	3	7	17
otu3133	53	52	46	40	15	35
otu3134	76	88	4	5	21	11
otu3135	31	27	45	34	27	41
otu3136	32	9	25	68	26	45
otu3137	59	15	31	68	32	19
otu3138	17	33	46	13	65	29
otu3139	29	6	13	61	24	50
otu3140	116	3	9	53	7	13
otu3141	77	19	76	8	1	33
otu3142	58	18	30	40	33	35
otu3143	78	28	23	41	25	21
otu3144	62	96	35	12	5	6
otu3145	107	35	33	26	17	7
otu3146	63	53	45	16	28	10
otu3147	75	25	39	20	26	22
otu3148	26	25	22	43	30	45
otu3149	88	58	31	17	9	12
otu3150	101	14	108	6	3	0
otu3151	10	33	121	0	44	5
otu3152	21	10	10	31	68	40
otu3153	66	63	26	23	23	19
otu3154	58	25	19	19	58	25
otu3155	52	71	57	7	39	8
otu3156	89	11	28	40	6	34
otu3157	0	0	0	0	289	0
otu3158	7	16	24	39	91	22
otu3159	23	27	18	36	55	35
otu3160	45	14	24	44	31	47
otu3161	46	20	19	50	29	41
otu3162	81	23	64	13	26	26
otu3163	70	83	44	13	4	22
otu3164	16	18	26	11	76	21
otu3165	54	21	50	15	25	26
otu3166	73	52	60	8	22	18
otu3167	84	27	49	31	18	13
otu3168	24	16	17	54	38	55
otu3169	27	23	38	12	50	10
otu3170	34	48	22	9	53	2
otu3171	44	59	42	17	26	34
otu3172	57	131	34	7	0	4
otu3173	47	66	21	20	19	33
otu3174	17	0	41	39	46	61
otu3175	30	17	26	62	29	38
otu3176	32	5	22	67	27	49
otu3177	63	74	49	16	11	8
otu3178	44	125	21	12	17	14
otu3179	109	0	0	43	4	29
otu3180	66	17	106	4	9	26
otu3181	91	25	52	12	27	21
otu3182	40	90	20	34	2	14
otu3183	43	80	37	10	15	13
otu3184	100	29	3	10	34	17
otu3185	97	8	86	8	0	2
otu3186	90	31	65	10	0	11
otu3187	38	8	25	55	23	46
otu3188	33	7	22	54	19	54
otu3189	33	48	103	2	8	10
otu3190	33	8	22	60	36	34
otu3191	26	11	20	62	28	46
otu3192	44	48	82	16	14	13
otu3193	40	4	22	65	3	19
otu3194	33	50	28	47	16	28
otu3195	21	14	28	21	81	21
otu3196	75	22	13	0	52	0
otu3197	70	14	9	40	9	34
otu3198	93	41	22	18	18	12
otu3199	6	35	14	0	106	6
otu3200	44	36	19	22	25	12
otu3201	24	24	27	53	34	42
otu3202	23	8	27	64	31	39
otu3203	26	2	44	7	3	47
otu3204	48	69	71	4	6	23
otu3205	62	33	48	18	6	35
otu3206	52	65	46	10	20	11
otu3207	44	86	33	21	10	33
otu3208	41	26	30	12	44	5
otu3209	96	15	127	4	0	3
otu3210	6	0	29	40	52	60
otu3211	23	41	18	34	60	18
otu3212	74	29	64	18	25	24
otu3213	51	27	15	32	25	22
otu3214	108	34	14	30	12	11
otu3215	47	23	30	8	48	26
otu3216	77	46	34	27	11	0
otu3217	53	71	49	8	26	3
otu3218	89	80	10	4	10	0
otu3219	26	6	23	63	34	52
otu3220	86	26	37	16	27	3
otu3221	48	7	15	14	8	5
otu3222	89	16	85	9	3	6
otu3223	44	11	21	55	21	38
otu3224	23	7	20	62	26	50
otu3225	32	17	22	77	23	32
otu3226	39	9	21	54	33	38
otu3227	27	7	17	56	33	39
otu3228	9	29	118	0	42	4
otu3229	9	15	106	23	10	27
otu3230	42	54	33	13	20	11
otu3231	18	36	39	49	23	22
otu3232	24	9	20	54	39	36
otu3233	5	8	21	0	140	3
otu3234	59	10	57	30	17	13
otu3235	57	52	68	14	9	17
otu3236	61	25	26	45	15	15
otu3237	6	26	117	0	43	3
otu3238	32	53	31	30	23	32
otu3239	50	65	52	10	16	20
otu3240	54	25	48	14	32	32
otu3241	46	25	47	29	23	19
otu3242	48	95	40	8	10	11
otu3243	54	107	26	14	17	12
otu3244	63	21	56	9	34	16
otu3245	34	43	35	19	42	21
otu3246	77	22	107	5	5	7
otu3247	52	75	45	15	8	4
otu3248	36	0	7	25	0	0
otu3249	6	248	0	0	0	0
otu3250	94	75	9	2	9	0
otu3251	43	17	14	13	81	18
otu3252	54	48	43	8	26	11
otu3253	45	10	18	55	28	40
otu3254	94	52	30	15	22	19
otu3255	8	29	110	0	38	3
otu3256	138	0	0	30	0	25
otu3257	77	20	25	18	7	7
otu3258	44	38	48	0	56	36
otu3259	57	79	33	7	29	7
otu3260	89	7	90	8	2	5
otu3261	24	19	35	12	41	10
otu3262	33	17	23	36	14	52
otu3263	32	41	25	42	19	51
otu3264	65	38	77	12	3	13
otu3265	64	53	21	12	19	8
otu3266	33	74	66	6	53	6
otu3267	91	22	68	7	12	17
otu3268	69	79	41	11	7	9
otu3269	34	22	23	24	35	39
otu3270	10	13	29	37	55	42
otu3271	9	18	22	29	59	41
otu3272	17	89	10	26	23	28
otu3273	86	31	36	5	13	20
otu3274	30	16	16	8	144	15
otu3275	34	12	12	9	7	31
otu3276	34	13	19	22	42	25
otu3277	69	15	53	27	34	15
otu3278	29	5	14	56	35	39
otu3279	29	8	16	59	27	45
otu3280	30	55	47	22	22	18
otu3281	17	36	30	6	0	38
otu3282	21	107	19	5	44	11
otu3283	21	11	15	20	70	27
otu3284	17	30	31	32	51	30
otu3285	70	44	27	2	46	25
otu3286	68	69	41	5	3	9
otu3287	38	61	37	14	18	10
otu3288	58	71	28	5	29	2
otu3289	89	28	55	7	2	12
otu3290	15	31	22	23	51	42
otu3291	36	15	12	3	8	16
otu3292	60	26	68	5	35	22
otu3293	62	35	13	22	36	22
otu3294	47	34	44	9	23	2
otu3295	53	53	49	7	12	12
otu3296	41	101	38	3	26	2
otu3297	95	7	0	44	0	31
otu3298	111	0	0	44	0	33
otu3299	52	77	40	14	15	7
otu3300	20	6	22	46	29	37
otu3301	39	11	28	56	23	35
otu3302	38	12	28	18	27	23
otu3303	42	66	29	7	32	0
otu3304	84	43	25	26	9	22
otu3305	4	22	112	0	37	8
otu3306	104	4	14	42	9	11
otu3307	63	33	27	18	34	17
otu3308	21	103	35	10	22	11
otu3309	8	32	23	41	24	11
otu3310	76	82	18	1	7	8
otu3311	21	29	39	10	40	12
otu3312	91	25	8	29	8	13
otu3313	32	68	63	7	7	24
otu3314	59	57	30	0	39	12
otu3315	32	10	18	59	22	45
otu3316	22	6	14	64	32	45
otu3317	77	38	43	12	23	31
otu3318	51	86	27	8	13	7
otu3319	93	7	26	36	14	16
otu3320	43	27	60	13	41	16
otu3321	41	49	28	16	16	37
otu3322	57	68	30	8	33	14
otu3323	57	78	37	15	11	10
otu3324	36	10	24	46	32	33
otu3325	25	13	21	62	25	49
otu3326	57	39	27	15	50	6
otu3327	16	35	24	24	63	28
otu3328	58	43	41	16	21	12
otu3329	23	26	53	13	45	22
otu3330	62	78	29	9	2	18
otu3331	43	79	21	11	8	11
otu3332	87	29	31	35	7	14
otu3333	69	13	24	21	25	14
otu3334	47	58	24	3	39	28
otu3335	65	21	5	22	28	31
otu3336	56	104	28	12	3	9
otu3337	24	12	16	5	99	13
otu3338	48	57	38	16	22	3
otu3339	55	44	23	2	40	32
otu3340	30	51	63	11	29	32
otu3341	25	5	20	67	18	43
otu3342	41	64	34	8	40	5
otu3343	42	95	42	8	5	13
otu3344	48	15	48	16	29	30
otu3345	63	33	49	17	25	28
otu3346	38	66	28	14	26	6
otu3347	55	73	39	14	10	8
otu3348	28	16	22	44	28	35
otu3349	26	34	19	10	31	29
otu3350	8	212	25	9	0	0
otu3351	34	39	39	28	29	45
otu3352	109	0	0	36	0	31
otu3353	69	36	34	11	34	21
otu3354	42	53	11	19	20	60
otu3355	17	34	31	44	19	32
otu3356	14	24	39	23	43	38
otu3357	23	10	20	59	21	54
otu3358	27	13	14	26	52	21
otu3359	20	33	9	10	74	4
otu3360	71	35	42	11	23	19
otu3361	43	65	51	10	12	17
otu3362	34	6	19	58	20	38
otu3363	10	42	21	27	52	35
otu3364	60	42	47	10	24	23
otu3365	67	47	61	10	12	17
otu3366	61	16	49	11	43	28
otu3367	84	30	10	38	0	11
otu3368	95	0	0	46	3	29
otu3369	15	19	1	37	69	33
otu3370	3	0	0	107	0	0
otu3371	43	42	39	7	11	10
otu3372	21	14	26	13	29	17
otu3373	10	3	25	16	76	29
otu3374	53	63	25	3	27	0
otu3375	80	47	6	17	16	17
otu3376	52	88	24	12	7	7
otu3377	19	11	16	57	25	43
otu3378	44	12	15	41	32	36
otu3379	38	26	35	7	36	23
otu3380	60	0	8	40	53	13
otu3381	71	24	26	25	21	14
otu3382	57	32	41	11	26	23
otu3383	43	108	30	5	0	13
otu3384	68	11	47	10	15	14
otu3385	83	11	96	8	2	5
otu3386	90	9	86	10	2	3
otu3387	38	21	14	54	22	29
otu3388	19	5	20	61	26	41
otu3389	30	10	17	49	27	37
otu3390	23	8	18	62	23	44
otu3391	71	79	20	17	15	13
otu3392	46	92	25	11	12	8
otu3393	25	8	18	51	31	30
otu3394	14	26	35	7	72	18
otu3395	43	63	27	27	5	20
otu3396	37	17	21	50	22	34
otu3397	51	71	31	3	31	0
otu3398	22	8	13	56	26	44
otu3399	29	5	17	58	28	43
otu3400	28	8	18	55	25	41
otu3401	27	14	19	38	27	40
otu3402	36	8	19	52	28	36
otu3403	17	5	19	60	28	45
otu3404	103	0	0	36	3	29
otu3405	36	0	0	24	12	16
otu3406	80	17	6	13	9	20
otu3407	77	22	9	30	10	11
otu3408	53	76	37	10	12	14
otu3409	82	9	87	5	0	2
otu3410	88	7	100	4	0	3
otu3411	10	3	5	7	62	4
otu3412	15	4	20	43	48	32
otu3413	28	7	16	58	22	42
otu3414	23	7	18	56	27	43
otu3415	46	83	40	4	18	13
otu3416	94	8	82	5	3	0
otu3417	81	5	0	35	3	21
otu3418	26	16	64	48	54	21
otu3419	8	29	35	9	67	7
otu3420	68	29	41	17	10	3
otu3421	24	26	24	8	27	20
otu3422	105	13	2	41	0	0
otu3423	68	40	41	14	8	9
otu3424	28	6	18	59	24	40
otu3425	55	75	19	5	7	8
otu3426	16	24	23	29	24	39
otu3427	39	71	20	14	10	30
otu3428	27	17	19	18	80	20
otu3429	71	11	80	6	5	2
otu3430	37	130	25	0	5	8
otu3431	64	9	70	13	21	7
otu3432	26	21	30	7	60	21
otu3433	25	12	19	65	28	32
otu3434	29	10	11	26	60	29
otu3435	18	6	21	49	29	44
otu3436	40	51	49	14	23	2
otu3437	106	0	0	42	0	26
otu3438	40	78	42	2	17	8
otu3439	103	4	8	39	0	7
otu3440	58	42	30	40	19	12
otu3441	54	27	15	23	15	38
otu3442	27	9	21	46	21	43
otu3443	19	8	14	59	28	40
otu3444	36	11	21	35	23	34
otu3445	48	23	36	24	12	24
otu3446	111	0	0	59	0	7
otu3447	74	7	97	4	4	6
otu3448	30	23	38	31	17	43
otu3449	91	31	31	4	31	24
otu3450	33	35	17	29	40	28
otu3451	40	10	19	35	22	20
otu3452	28	68	18	18	40	5
otu3453	20	10	25	27	36	31
otu3454	41	36	10	13	25	19
otu3455	84	20	9	27	4	22
otu3456	48	38	58	6	29	16
otu3457	73	21	57	8	2	11
otu3458	24	8	14	55	25	38
otu3459	94	6	0	45	2	10
otu3460	40	46	46	6	19	7
otu3461	61	33	20	9	17	4
otu3462	36	7	15	37	18	35
otu3463	56	57	34	9	22	13
otu3464	22	10	18	50	34	43
otu3465	14	6	17	19	44	29
otu3466	25	8	18	48	23	45
otu3467	71	17	14	17	11	25
otu3468	55	45	44	15	13	13
otu3469	24	6	21	58	20	40
otu3470	57	68	42	10	8	6
otu3471	49	23	86	7	7	7
otu3472	25	7	19	52	27	44
otu3473	24	10	15	51	26	39
otu3474	28	9	16	58	21	40
otu3475	31	82	21	6	21	11
otu3476	33	17	24	9	70	5
otu3477	78	3	7	23	13	16
otu3478	63	16	26	36	17	17
otu3479	53	51	31	9	28	7
otu3480	15	21	43	5	44	13
otu3481	17	21	19	28	22	47
otu3482	79	8	8	39	4	19
otu3483	15	29	47	38	25	12
otu3484	23	9	19	45	25	41
otu3485	16	20	36	7	81	5
otu3486	52	16	40	21	21	12
otu3487	62	2	9	23	14	32
otu3488	69	11	83	4	3	8
otu3489	6	6	8	0	124	0
otu3490	68	48	29	10	12	4
otu3491	52	62	24	11	20	10
otu3492	51	17	46	26	14	9
otu3493	90	0	0	35	0	14
otu3494	15	28	24	25	33	11
otu3495	43	8	13	26	20	28
otu3496	72	3	23	47	0	14
otu3497	103	0	0	41	4	8
otu3498	37	33	21	18	21	50
otu3499	24	26	22	14	40	13
otu3500	41	37	31	15	18	21
otu3501	33	67	44	7	20	3
otu3502	52	63	37	6	20	7
otu3503	71	26	27	35	18	9
otu3504	55	69	12	3	8	32
otu3505	26	29	27	8	49	7
otu3506	6	6	0	39	74	24
otu3507	48	77	9	0	26	11
otu3508	68	71	29	8	0	4
otu3509	59	14	82	9	2	6
otu3510	20	6	15	51	27	39
otu3511	21	29	19	20	11	63
otu3512	21	8	15	48	20	55
otu3513	20	11	8	16	66	22
otu3514	87	34	3	4	11	0
otu3515	60	52	28	16	18	11
otu3516	74	10	92	5	0	4
otu3517	37	34	66	6	40	19
otu3518	41	92	31	5	11	5
otu3519	19	22	31	7	52	8
otu3520	29	12	14	47	26	38
otu3521	25	9	18	53	26	31
otu3522	23	7	20	54	20	35
otu3523	32	17	20	7	66	14
otu3524	77	12	28	23	12	18
otu3525	77	6	100	7	0	6
otu3526	26	18	24	35	34	31
otu3527	44	38	33	8	23	12
otu3528	41	0	28	64	0	22
otu3529	53	47	29	6	27	4
otu3530	24	7	16	53	24	38
otu3531	62	23	75	4	3	9
otu3532	43	15	22	39	24	45
otu3533	32	12	28	41	25	28
otu3534	46	74	37	13	7	8
otu3535	57	25	45	14	25	17
otu3536	33	52	44	3	7	2
otu3537	25	12	19	46	32	30
otu3538	37	87	22	8	12	4
otu3539	55	37	31	24	9	15
otu3540	59	44	15	0	15	5
otu3541	59	12	44	0	3	4
otu3542	94	0	0	47	0	9
otu3543	25	4	19	54	24	30
otu3544	49	42	66	9	0	4
otu3545	59	27	27	32	12	15
otu3546	100	9	3	32	0	5
otu3547	51	29	35	5	32	8
otu3548	32	23	15	24	45	5
otu3549	44	44	69	2	28	3
otu3550	21	36	51	15	9	27
otu3551	22	67	40	3	52	3
otu3552	3	18	16	20	48	41
otu3553	19	6	17	52	27	33
otu3554	42	9	28	0	68	28
otu3555	71	42	21	8	15	8
otu3556	49	21	37	8	24	23
otu3557	71	10	11	23	9	18
otu3558	42	98	28	0	16	9
otu3559	22	8	36	4	27	4
otu3560	54	23	9	2	52	10
otu3561	19	6	15	56	25	40
otu3562	35	40	27	15	11	28
otu3563	31	7	17	25	16	33
otu3564	17	54	26	0	29	15
otu3565	16	16	78	23	15	8
otu3566	16	5	106	6	6	5
otu3567	58	41	37	10	9	7
otu3568	39	0	23	62	0	22
otu3569	19	9	15	53	27	32
otu3570	9	55	1	8	32	35
otu3571	47	61	7	2	17	32
otu3572	48	41	33	4	20	22
otu3573	2	15	5	34	82	33
otu3574	17	28	35	24	16	20
otu3575	98	3	0	41	0	9
otu3576	41	44	39	5	34	15
otu3577	51	33	23	8	25	13
otu3578	8	8	15	0	29	150
otu3579	64	6	77	17	3	0
otu3580	56	55	26	11	13	13
otu3581	89	7	0	43	0	8
otu3582	16	5	34	27	17	42
otu3583	11	19	23	37	35	29
otu3584	19	6	16	50	20	40
otu3585	26	52	23	14	21	7
otu3586	30	68	61	4	30	6
otu3587	25	5	15	51	21	37
otu3588	17	5	22	48	20	36
otu3589	58	56	30	6	14	7
otu3590	57	44	17	10	43	13
otu3591	17	6	6	28	57	25
otu3592	21	10	14	57	20	31
otu3593	21	7	18	50	18	41
otu3594	81	5	84	8	4	3
otu3595	57	22	38	10	12	23
otu3596	33	89	32	0	0	6
otu3597	37	61	27	4	18	5
otu3598	80	8	84	5	0	0
otu3599	18	17	13	48	21	37
otu3600	13	11	30	51	20	37
otu3601	12	15	35	15	57	11
otu3602	29	18	33	25	21	38
otu3603	32	32	43	0	19	11
otu3604	33	73	30	3	3	8
otu3605	11	3	13	48	21	41
otu3606	82	3	0	17	4	20
otu3607	42	10	23	0	70	17
otu3608	75	38	8	2	6	2
otu3609	3	5	23	0	44	48
otu3610	43	95	32	4	0	3
otu3611	55	20	29	54	21	5
otu3612	16	12	25	4	15	6
otu3613	43	9	33	13	13	29
otu3614	54	78	27	5	3	0
otu3615	23	18	19	43	23	30
otu3616	19	11	13	52	23	36
otu3617	60	26	0	12	21	23
otu3618	36	68	21	3	33	6
otu3619	14	10	12	52	22	41
otu3620	53	53	29	9	14	4
otu3621	28	90	14	17	29	4
otu3622	44	34	38	3	24	0
otu3623	38	58	38	0	25	0
otu3624	6	9	7	0	5	40
otu3625	64	8	80	4	3	8
otu3626	14	47	29	34	21	18
otu3627	18	5	15	53	25	35
otu3628	107	0	0	42	0	0
otu3629	32	37	21	4	31	15
otu3630	23	33	38	17	23	11
otu3631	35	9	44	10	34	8
otu3632	74	30	9	2	8	22
otu3633	19	5	18	46	24	33
otu3634	25	9	7	13	66	19
otu3635	18	6	16	48	22	39
otu3636	27	9	9	13	57	19
otu3637	24	8	16	52	17	35
otu3638	70	50	7	0	17	0
otu3639	40	64	19	13	14	7
otu3640	25	7	18	27	15	89
otu3641	37	38	9	26	12	42
otu3642	6	3	127	2	14	1
otu3643	32	17	22	36	11	30
otu3644	40	65	25	5	13	22
otu3645	38	50	21	4	24	3
otu3646	63	22	9	19	7	15
otu3647	43	9	14	15	30	9
otu3648	47	47	30	17	4	3
otu3649	55	50	51	7	16	8
otu3650	96	0	5	43	0	6
otu3651	28	7	44	21	45	15
otu3652	34	93	16	5	13	9
otu3653	36	29	25	18	13	24
otu3654	63	7	94	6	0	5
otu3655	33	47	31	9	21	10
otu3656	0	4	98	4	37	4
otu3657	99	0	0	33	0	9
otu3658	51	24	35	21	12	5
otu3659	30	34	38	11	50	4
otu3660	18	8	16	49	17	34
otu3661	13	5	26	37	21	35
otu3662	11	20	31	9	39	13
otu3663	29	13	34	21	26	17
otu3664	42	68	25	10	19	2
otu3665	47	85	32	3	0	3
otu3666	4	10	5	32	71	25
otu3667	2	10	2	41	73	20
otu3668	19	5	13	44	24	38
otu3669	24	7	14	58	20	26
otu3670	58	49	8	15	6	12
otu3671	45	28	29	1	43	2
otu3672	43	13	44	19	19	14
otu3673	25	5	14	44	19	35
otu3674	78	0	0	40	0	27
otu3675	45	70	27	5	7	11
otu3676	69	60	25	6	13	6
otu3677	40	20	6	18	50	32
otu3678	16	4	10	15	64	21
otu3679	68	10	78	6	0	0
otu3680	59	7	87	6	0	3
otu3681	24	7	15	43	32	28
otu3682	21	7	17	42	19	37
otu3683	41	88	25	5	2	3
otu3684	14	32	24	29	39	35
otu3685	26	7	6	7	27	4
otu3686	2	197	0	0	0	0
otu3687	7	20	16	20	32	33
otu3688	18	15	11	53	22	32
otu3689	12	8	12	28	25	71
otu3690	18	5	8	16	65	20
otu3691	19	4	21	47	27	32
otu3692	12	20	11	20	64	14
otu3693	24	5	15	26	23	43
otu3694	47	31	51	3	14	18
otu3695	100	0	0	34	0	8
otu3696	62	7	84	5	4	4
otu3697	26	76	23	10	19	10
otu3698	48	20	24	19	13	41
otu3699	21	17	14	35	21	37
otu3700	38	57	19	5	18	0
otu3701	42	69	31	5	14	4
otu3702	65	31	46	12	3	9
otu3703	56	30	50	2	17	17
otu3704	33	15	12	21	17	33
otu3705	16	6	15	44	20	41
otu3706	37	55	22	5	23	0
otu3707	19	11	16	41	21	32
otu3708	41	28	45	12	10	12
otu3709	30	87	25	3	9	5
otu3710	46	17	22	21	11	37
otu3711	15	14	15	47	21	33
otu3712	17	5	7	12	62	25
otu3713	43	22	8	5	24	28
otu3714	20	32	14	9	64	7
otu3715	34	53	26	5	19	0
otu3716	72	3	8	25	8	18
otu3717	44	17	39	15	10	24
otu3718	40	32	35	6	5	5
otu3719	5	14	21	9	30	36
otu3720	46	13	40	26	26	11
otu3721	15	8	11	14	60	22
otu3722	19	6	14	44	15	37
otu3723	22	6	17	27	18	47
otu3724	42	33	38	11	15	7
otu3725	35	9	11	9	49	19
otu3726	33	48	18	10	22	7
otu3727	71	47	30	5	0	7
otu3729	29	73	27	6	6	7
otu3730	37	71	23	10	4	4
otu3731	47	25	35	10	19	11
otu3732	9	40	34	21	37	5
otu3733	27	10	13	43	19	32
otu3734	61	5	85	3	1	0
otu3735	48	66	23	5	4	6
otu3736	34	5	3	30	21	11
otu3737	42	81	29	5	0	6
otu3738	18	5	10	44	23	36
otu3739	44	69	23	0	10	3
otu3740	22	5	13	43	22	32
otu3741	23	6	16	43	19	33
otu3742	29	5	17	41	17	31
otu3743	19	36	24	0	58	10
otu3744	22	22	18	6	67	4
otu3745	28	62	22	4	21	0
otu3746	29	76	12	13	12	16
otu3747	12	21	4	5	64	7
otu3748	49	56	31	2	17	10
otu3749	23	6	15	40	20	31
otu3750	12	13	22	25	29	32
otu3751	40	76	21	6	2	0
otu3752	49	85	21	7	0	0
otu3753	31	43	21	7	26	8
otu3754	45	40	21	22	21	9
otu3755	34	60	20	9	17	9
otu3756	36	68	23	9	7	0
otu3757	15	90	10	0	21	26
otu3758	25	4	42	40	15	22
otu3759	5	3	0	19	62	16
otu3760	64	6	67	6	3	2
otu3761	15	45	21	6	42	10
otu3762	16	17	21	7	51	4
otu3763	14	6	13	49	21	34
otu3764	29	11	19	18	22	14
otu3765	24	94	23	4	8	8
otu3766	39	70	32	4	0	9
otu3767	33	59	17	0	19	12
otu3768	34	48	29	4	0	11
otu3769	41	83	23	0	0	3
otu3770	30	41	34	0	9	14
otu3771	39	78	18	8	5	8
otu3772	39	68	24	8	2	7
otu3773	39	31	11	32	22	3
otu3774	15	8	15	43	22	31
otu3775	41	61	23	0	10	13
otu3776	0	3	112	0	4	6
otu3777	31	7	9	31	19	23
otu3778	18	8	14	38	20	34
otu3779	22	33	14	7	26	24
otu3780	71	36	12	0	5	0
otu3781	28	50	31	6	9	22
otu3782	30	38	39	9	12	7
otu3783	29	83	8	0	36	12
otu3784	43	34	35	10	7	24
otu3785	41	45	34	9	26	4
otu3786	20	96	16	12	23	5
otu3787	37	70	22	18	3	3
otu3788	33	53	25	8	12	0
otu3789	21	0	17	40	27	34
otu3790	21	7	17	39	21	32
otu3791	53	47	0	3	17	35
otu3792	31	50	22	3	28	2
otu3793	0	8	3	41	60	24
otu3794	9	33	25	9	27	10
otu3795	16	32	33	22	6	31
otu3796	51	25	39	3	9	5
otu3797	24	60	27	10	17	16
otu3798	14	4	60	7	10	15
otu3799	30	35	28	39	0	0
otu3800	35	49	20	5	16	6
otu3801	53	38	25	5	11	7
otu3802	17	4	11	45	26	36
otu3803	8	23	16	5	62	3
otu3804	54	35	44	0	18	12
otu3805	42	39	14	20	21	13
otu3806	54	36	21	0	24	3
otu3807	41	49	34	13	4	9
otu3808	26	28	19	3	16	18
otu3809	30	43	19	10	30	9
otu3810	40	36	43	13	12	11
otu3811	37	39	26	0	34	6
otu3812	14	6	7	13	63	21
otu3813	17	7	16	45	16	33
otu3814	23	11	16	26	16	26
otu3815	31	51	22	4	19	0
otu3816	36	43	22	7	17	5
otu3817	54	46	9	3	9	26
otu3818	64	4	29	31	0	0
otu3819	31	0	40	4	60	6
otu3820	48	77	27	3	8	0
otu3821	40	66	16	3	10	10
otu3822	69	0	0	29	4	22
otu3823	30	47	70	0	17	0
otu3824	3	12	32	0	27	37
otu3825	27	80	25	0	6	23
otu3826	56	13	37	7	24	15
otu3827	8	13	88	3	4	5
otu3828	56	11	7	19	16	17
otu3829	17	6	17	29	26	33
otu3830	28	9	7	9	48	16
otu3831	15	7	13	39	16	35
otu3832	65	0	85	6	0	0
otu3833	42	20	29	22	21	0
otu3834	74	0	0	25	0	24
otu3835	16	80	29	0	6	0
otu3836	38	55	17	10	25	9
otu3837	45	32	20	9	6	17
otu3838	38	45	9	8	40	3
otu3839	31	77	22	5	4	7
otu3840	44	71	20	6	5	8
otu3841	32	56	22	4	15	0
otu3842	0	167	3	2	11	3
otu3843	16	6	6	13	61	24
otu3844	38	71	22	5	7	4
otu3845	34	17	30	46	30	2
otu3846	46	59	33	0	9	0
otu3847	38	47	25	2	34	0
otu3848	82	0	8	35	0	6
otu3849	25	26	23	23	21	19
otu3850	40	5	11	18	40	7
otu3851	65	13	8	19	8	9
otu3852	25	13	8	10	22	20
otu3853	15	28	20	12	42	22
otu3854	2	12	0	29	66	19
otu3855	20	7	14	26	28	34
otu3856	21	5	25	39	19	26
otu3857	31	83	17	4	3	7
otu3858	14	9	14	42	18	32
otu3859	17	19	14	41	23	25
otu3860	6	14	18	4	60	0
otu3861	72	35	2	10	5	10
otu3862	8	0	20	39	22	26
otu3863	82	3	19	18	9	18
otu3864	42	16	5	30	14	16
otu3865	41	26	32	6	19	18
otu3866	32	33	16	13	17	19
otu3867	23	15	12	35	30	27
otu3868	29	75	29	3	3	8
otu3869	61	0	0	32	0	20
otu3870	34	0	86	3	0	0
otu3871	9	74	5	6	33	16
otu3872	0	0	0	10	0	0
otu3873	15	9	40	12	14	34
otu3874	7	27	38	9	38	9
otu3875	22	3	17	42	19	29
otu3876	34	12	14	23	31	22
otu3877	17	5	24	39	18	33
otu3878	59	44	32	5	12	2
otu3879	10	5	98	0	4	0
otu3880	51	13	46	16	12	13
otu3881	35	83	23	5	2	4
otu3882	20	13	34	11	15	41
otu3883	14	65	29	2	12	5
otu3884	35	6	7	28	11	17
otu3885	18	9	8	6	69	17
otu3886	30	10	22	17	25	17
otu3887	36	77	24	6	4	0
otu3888	28	9	12	18	16	18
otu3889	34	51	15	0	9	4
otu3890	30	6	9	26	13	21
otu3891	17	5	14	40	23	33
otu3892	17	5	16	42	25	30
otu3893	46	22	7	18	11	27
otu3894	12	14	18	29	16	32
otu3895	33	68	25	6	2	5
otu3896	7	29	26	24	31	11
otu3897	35	52	11	4	11	19
otu3898	49	39	17	3	17	14
otu3899	42	17	50	2	20	15
otu3900	71	7	5	21	10	12
otu3901	39	32	26	10	25	17
otu3902	38	48	8	0	10	16
otu3903	30	77	23	0	0	0
otu3904	37	79	22	4	2	5
otu3905	58	5	70	5	4	3
otu3906	39	60	32	10	4	10
otu3907	18	39	3	34	3	10
otu3908	26	38	38	9	47	1
otu3909	26	4	13	34	23	27
otu3910	75	0	0	26	2	20
otu3911	37	75	22	6	3	3
otu3912	37	77	21	4	4	3
otu3913	60	0	18	33	0	9
otu3914	14	5	14	43	22	30
otu3915	4	32	0	38	14	46
otu3916	5	18	33	14	12	21
otu3917	16	3	12	40	16	26
otu3918	23	4	12	37	19	35
otu3919	13	11	12	44	18	29
otu3920	35	87	19	4	4	0
otu3921	17	92	37	6	4	0
otu3922	84	47	8	5	0	20
otu3923	29	46	27	0	27	14
otu3924	18	6	17	17	49	26
otu3925	37	59	12	13	15	25
otu3926	28	79	23	3	3	6
otu3927	13	6	9	35	18	42
otu3928	19	0	14	43	16	28
otu3929	36	15	14	34	22	13
otu3930	69	25	5	3	7	8
otu3931	26	40	20	24	21	9
otu3932	30	55	23	3	17	10
otu3933	28	61	18	0	21	14
otu3934	6	38	0	38	12	33
otu3935	35	70	28	5	0	0
otu3936	35	17	14	11	17	19
otu3937	14	10	13	39	18	34
otu3938	18	8	14	39	18	25
otu3939	14	12	22	15	25	25
otu3940	14	7	7	9	56	19
otu3941	29	9	8	27	12	17
otu3942	37	73	23	2	3	4
otu3943	53	17	15	6	22	12
otu3944	41	53	22	2	19	0
otu3945	18	66	30	0	8	7
otu3946	63	27	26	12	8	3
otu3947	35	13	34	26	0	24
otu3948	38	73	19	0	0	6
otu3949	12	2	3	0	0	31
otu3950	32	38	21	10	26	5
otu3951	49	35	24	3	16	10
otu3952	33	24	33	7	18	20
otu3953	45	11	27	15	17	21
otu3954	47	22	26	6	4	9
otu3955	13	17	13	12	41	10
otu3956	28	5	3	24	26	21
otu3957	15	5	18	40	21	26
otu3958	7	8	13	15	74	8
otu3959	57	15	25	19	14	3
otu3960	56	20	23	9	7	0
otu3961	37	23	38	7	4	11
otu3962	22	24	24	27	14	20
otu3963	55	33	17	11	15	14
otu3964	23	58	25	5	21	0
otu3965	15	52	7	15	27	15
otu3966	23	30	20	38	21	10
otu3967	32	33	24	10	35	8
otu3968	36	61	20	5	19	4
otu3969	34	74	24	4	4	0
otu3970	44	65	23	8	4	5
otu3971	78	4	0	24	0	5
otu3972	65	5	19	18	0	10
otu3973	12	111	15	8	8	13
otu3974	23	21	21	29	11	40
otu3975	14	5	13	42	19	28
otu3976	41	0	26	22	0	23
otu3977	29	80	20	3	12	3
otu3978	34	12	29	13	24	21
otu3979	20	17	18	6	16	10
otu3980	35	38	16	7	19	8
otu3981	45	44	8	9	11	14
otu3982	34	33	44	11	9	3
otu3983	18	11	13	38	13	31
otu3984	29	51	20	4	12	0
otu3985	2	8	19	21	42	22
otu3986	36	75	18	4	3	3
otu3987	43	13	25	7	15	21
otu3988	32	45	21	3	20	0
otu3989	29	56	22	0	14	9
otu3990	21	3	22	23	18	34
otu3991	20	0	16	38	18	31
otu3992	73	0	0	22	0	14
otu3993	17	6	11	39	20	26
otu3994	80	0	0	24	4	6
otu3995	38	15	17	12	12	18
otu3996	33	47	29	7	4	16
otu3997	40	12	18	15	20	16
otu3998	30	63	14	0	0	4
otu3999	3	20	43	0	45	7
otu4000	32	47	28	4	24	2
otu4001	50	21	33	2	19	6
otu4002	57	35	0	9	17	0
otu4003	17	4	15	40	17	23
otu4004	34	29	41	4	6	9
otu4005	37	8	38	31	2	29
otu4006	24	43	7	7	12	18
otu4007	14	17	9	11	14	27
otu4008	24	32	26	4	36	10
otu4009	32	23	44	7	7	11
otu4010	42	13	33	2	13	7
otu4011	30	43	25	11	7	6
otu4012	13	22	20	14	12	9
otu4013	56	27	9	27	0	9
otu4014	0	0	97	0	0	0
otu4015	10	18	11	23	32	18
otu4016	26	14	0	34	7	16
otu4017	67	13	2	7	7	4
otu4018	29	32	23	11	29	0
otu4019	31	43	19	0	26	8
otu4020	49	19	21	8	11	18
otu4021	45	42	7	3	13	13
otu4022	41	36	28	0	21	18
otu4023	26	10	12	3	33	21
otu4024	35	29	12	15	25	23
otu4025	56	15	43	14	11	6
otu4026	2	4	0	29	62	26
otu4027	26	69	26	4	0	0
otu4028	47	9	22	24	0	33
otu4029	47	34	50	2	0	0
otu4030	68	4	6	21	2	10
otu4031	26	9	49	0	32	12
otu4032	11	10	14	17	26	20
otu4033	68	27	6	0	5	0
otu4034	46	6	34	6	16	15
otu4035	54	7	5	20	3	17
otu4036	51	32	13	14	10	4
otu4037	24	40	42	0	9	2
otu4038	25	7	19	27	17	35
otu4039	42	36	12	4	11	6
otu4040	63	3	3	18	9	15
otu4041	15	15	19	32	29	34
otu4042	13	11	8	9	51	17
otu4043	39	7	46	4	13	3
otu4044	69	29	6	0	7	0
otu4045	11	20	17	3	69	0
otu4046	12	81	19	12	5	7
otu4047	31	63	28	5	2	6
otu4048	34	69	20	3	0	0
otu4049	39	60	20	4	4	7
otu4050	70	0	4	18	0	10
otu4051	37	27	31	10	6	8
otu4052	48	45	11	9	21	7
otu4053	25	57	23	4	4	12
otu4054	26	18	7	28	6	5
otu4055	0	0	97	0	2	0
otu4056	26	16	9	5	5	0
otu4057	28	4	13	20	17	23
otu4058	62	19	22	0	5	0
otu4059	16	4	9	12	54	18
otu4060	5	2	0	3	0	35
otu4061	28	14	17	26	17	25
otu4062	54	32	14	12	11	3
otu4063	55	29	14	5	18	11
otu4064	25	93	6	3	7	10
otu4065	37	25	10	17	9	18
otu4066	51	43	11	0	11	7
otu4067	43	38	0	1	7	31
otu4068	31	72	19	4	3	3
otu4069	24	36	31	11	27	7
otu4070	11	20	31	2	44	9
otu4071	7	9	9	4	76	6
otu4072	32	73	23	4	3	3
otu4073	21	50	46	4	8	6
otu4074	41	15	32	10	23	0
otu4075	33	20	10	27	15	13
otu4076	22	94	1	8	8	0
otu4077	45	12	39	19	13	7
otu4078	42	8	43	21	16	9
otu4079	25	64	15	12	3	8
otu4080	24	59	18	6	13	15
otu4081	16	8	13	34	18	27
otu4082	30	74	18	6	3	3
otu4083	40	12	17	22	7	24
otu4084	31	43	22	2	29	0
otu4085	30	75	15	8	0	3
otu4086	4	7	96	0	0	0
otu4087	31	68	24	7	4	4
otu4088	42	9	31	20	22	5
otu4089	47	30	20	11	5	10
otu4090	15	8	15	7	58	15
otu4091	50	12	23	5	19	3
otu4092	0	0	0	4	7	0
otu4093	7	2	0	0	0	36
otu4094	4	10	67	3	38	3
otu4095	20	99	17	4	9	0
otu4096	33	40	11	15	11	10
otu4097	47	37	16	3	13	5
otu4098	41	12	31	14	13	9
otu4099	30	67	20	6	0	3
otu4100	14	22	17	26	27	25
otu4101	3	6	2	31	35	23
otu4102	64	0	0	19	2	12
otu4103	22	52	14	16	20	9
otu4104	15	18	30	27	7	12
otu4105	13	5	7	15	51	15
otu4106	11	4	14	3	70	6
otu4107	9	33	9	23	22	15
otu4108	0	0	89	0	0	0
otu4109	15	19	21	22	20	25
otu4110	0	5	86	0	0	0
otu4111	3	96	1	27	22	4
otu4112	6	4	28	7	29	14
otu4113	32	29	40	13	10	17
otu4114	14	8	9	37	18	26
otu4115	9	100	10	4	3	4
otu4116	9	12	13	8	59	15
otu4117	29	27	3	28	0	8
otu4118	24	39	16	12	10	16
otu4119	19	48	24	14	19	0
otu4120	32	65	21	5	5	2
otu4121	50	5	75	0	0	0
otu4122	13	13	17	14	21	27
otu4123	11	4	8	5	65	11
otu4124	19	7	11	38	15	26
otu4125	55	0	4	25	2	12
otu4126	56	0	14	16	3	10
otu4127	30	86	3	4	18	0
otu4128	7	10	12	0	64	7
otu4129	7	0	15	8	50	35
otu4130	35	58	15	6	12	0
otu4131	26	37	24	4	34	6
otu4132	42	7	36	19	14	15
otu4133	34	19	9	18	7	25
otu4134	54	18	19	11	6	13
otu4135	4	5	2	0	0	30
otu4136	25	14	12	9	25	10
otu4137	54	25	8	31	15	9
otu4138	56	20	33	0	10	6
otu4139	45	14	33	18	15	12
otu4140	32	61	17	5	5	3
otu4141	22	68	20	4	0	5
otu4142	5	11	11	10	35	7
otu4143	22	16	6	16	31	19
otu4144	34	52	22	13	11	0
otu4145	26	10	6	0	48	7
otu4146	38	11	7	19	9	15
otu4147	45	41	7	4	2	10
otu4148	3	6	0	23	46	12
otu4149	29	7	23	28	33	11
otu4150	28	58	27	2	3	4
otu4151	16	16	9	20	31	14
otu4152	43	13	31	15	11	14
otu4153	11	18	15	19	28	7
otu4154	32	15	15	7	37	10
otu4155	29	64	22	0	5	6
otu4156	9	25	29	17	25	13
otu4157	54	0	4	21	0	13
otu4158	0	0	92	0	4	5
otu4159	16	14	19	14	12	32
otu4160	0	0	99	0	0	0
otu4161	38	13	11	15	15	19
otu4162	35	40	13	6	13	15
otu4163	33	3	7	5	23	11
otu4164	58	6	16	3	19	5
otu4165	6	5	0	25	57	15
otu4166	57	0	0	20	0	18
otu4167	56	2	67	4	0	0
otu4168	59	0	8	18	3	15
otu4169	5	2	0	3	0	32
otu4170	9	7	11	0	59	4
otu4171	13	4	11	3	68	10
otu4172	12	4	19	20	19	28
otu4173	16	13	27	4	31	8
otu4174	23	5	7	23	19	18
otu4175	25	67	19	5	2	3
otu4176	54	0	0	17	5	16
otu4177	26	30	41	8	20	3
otu4178	31	0	15	23	2	18
otu4179	3	7	144	6	0	0
otu4180	25	41	22	6	14	25
otu4182	37	67	24	0	0	4
otu4183	11	18	20	10	46	8
otu4184	30	57	21	4	4	5
otu4185	7	11	13	13	36	20
otu4186	10	30	5	24	22	15
otu4187	20	4	12	22	18	22
otu4188	31	12	8	13	18	7
otu4189	55	0	0	16	6	14
otu4190	0	0	87	0	0	0
otu4191	25	41	9	3	14	9
otu4192	13	18	0	15	40	13
otu4193	52	12	3	17	13	14
otu4194	0	0	0	2	157	0
otu4195	30	64	19	5	0	5
otu4196	5	18	21	0	44	4
otu4197	47	10	27	13	0	21
otu4198	16	19	55	2	23	4
otu4199	19	39	19	15	11	22
otu4200	23	26	15	2	20	11
otu4201	22	61	13	8	18	3
otu4202	21	17	17	10	25	15
otu4203	22	9	15	25	15	34
otu4204	38	13	5	18	45	11
otu4205	0	0	89	0	0	0
otu4206	16	14	20	7	16	7
otu4207	60	15	43	0	0	0
otu4208	53	7	1	20	2	9
otu4209	34	17	28	12	15	7
otu4210	25	25	21	26	13	9
otu4211	0	0	2	2	3	0
otu4212	31	26	27	18	10	15
otu4213	30	8	25	5	29	4
otu4214	34	35	27	5	17	2
otu4215	19	88	3	0	14	4
otu4216	29	29	37	2	7	6
otu4217	17	18	16	24	24	28
otu4218	58	15	2	14	19	2
otu4219	49	12	13	31	8	0
otu4220	43	16	22	9	8	13
otu4221	28	66	21	5	3	7
otu4222	27	66	23	0	5	4
otu4223	6	27	2	7	40	10
otu4224	28	29	40	0	9	5
otu4225	8	68	31	5	12	8
otu4226	32	26	40	4	7	4
otu4227	30	36	16	6	7	33
otu4228	9	90	4	0	7	0
otu4229	5	12	73	0	3	4
otu4230	12	82	23	0	7	0
otu4231	41	57	19	2	3	3
otu4232	14	6	46	5	25	12
otu4233	55	4	0	21	0	12
otu4234	12	70	32	11	0	4
otu4235	34	15	25	0	9	3
otu4236	40	16	15	8	16	6
otu4237	6	0	0	0	0	38
otu4238	43	9	32	6	18	22
otu4239	50	6	24	22	10	7
otu4240	11	3	10	23	20	31
otu4241	37	27	9	8	5	9
otu4242	28	25	23	16	13	22
otu4243	20	19	32	13	9	8
otu4244	21	63	16	6	0	5
otu4245	22	51	22	5	13	5
otu4246	40	35	0	0	9	33
otu4247	42	4	2	2	0	5
otu4248	33	3	41	12	12	19
otu4249	42	35	20	0	4	5
otu4250	25	50	7	3	11	3
otu4251	31	60	12	12	3	6
otu4252	17	14	19	4	11	8
otu4253	43	6	30	6	2	7
otu4254	23	8	12	21	16	34
otu4255	0	3	12	0	78	0
otu4256	68	0	0	35	0	5
otu4257	29	64	20	4	0	2
otu4258	21	22	11	4	5	13
otu4259	6	7	5	0	68	0
otu4260	40	19	21	6	22	0
otu4261	60	0	0	14	4	22
otu4262	9	5	2	28	36	16
otu4263	0	0	0	24	57	19
otu4264	0	142	0	0	0	0
otu4265	42	40	6	3	11	12
otu4266	4	4	22	9	26	20
otu4267	36	18	24	7	13	11
otu4268	39	15	38	9	3	0
otu4270	43	7	26	6	14	6
otu4271	16	3	6	2	55	9
otu4272	24	15	28	13	35	5
otu4273	53	0	8	16	4	11
otu4274	23	0	40	3	32	3
otu4275	21	23	10	10	44	6
otu4276	19	13	28	10	12	15
otu4277	27	14	40	9	3	6
otu4278	13	92	0	3	6	7
otu4279	13	16	9	15	36	10
otu4280	14	0	24	9	74	2
otu4281	27	60	19	0	0	0
otu4282	16	13	13	10	45	14
otu4283	13	20	19	21	18	11
otu4284	34	37	26	7	18	0
otu4285	33	53	15	0	4	8
otu4286	32	34	19	9	10	5
otu4287	55	12	23	0	10	7
otu4288	46	25	30	2	8	1
otu4289	3	5	0	26	44	17
otu4290	28	65	12	0	2	0
otu4291	31	61	18	2	4	5
otu4292	6	12	6	2	67	5
otu4293	28	48	27	5	4	8
otu4294	34	56	18	4	3	7
otu4295	26	58	16	3	3	0
otu4296	7	19	19	21	26	15
otu4297	17	2	7	23	17	21
otu4298	36	0	36	4	25	7
otu4299	0	0	90	0	0	0
otu4300	32	30	20	5	9	20
otu4301	53	28	0	26	14	4
otu4302	48	43	18	7	0	0
otu4303	13	4	10	0	56	6
otu4304	24	60	23	0	1	0
otu4305	28	14	26	23	12	12
otu4306	0	0	89	0	0	0
otu4307	22	62	15	0	3	8
otu4308	12	22	21	12	20	8
otu4309	10	26	16	31	6	15
otu4310	49	20	12	11	8	4
otu4311	9	14	11	0	58	5
otu4312	21	21	6	26	36	5
otu4313	47	15	11	2	13	15
otu4314	18	10	14	27	11	25
otu4315	44	21	9	24	17	0
otu4316	29	30	15	0	7	13
otu4317	25	29	8	4	11	13
otu4318	4	6	0	20	44	15
otu4319	54	0	0	20	0	12
otu4320	0	0	94	0	0	0
otu4321	37	29	25	9	14	0
otu4322	26	33	29	2	10	6
otu4323	28	28	18	12	15	0
otu4324	12	28	18	7	13	9
otu4325	45	6	58	0	0	2
otu4326	27	56	23	0	3	3
otu4327	5	0	0	0	0	34
otu4328	13	9	16	12	22	17
otu4329	4	15	12	23	29	24
otu4330	27	10	9	13	23	10
otu4331	20	16	41	12	8	0
otu4332	32	15	9	0	18	15
otu4333	42	0	5	21	0	14
otu4334	28	9	15	2	6	24
otu4335	30	27	16	3	3	13
otu4336	29	9	8	2	23	22
otu4337	31	64	10	5	0	3
otu4338	8	100	6	0	4	0
otu4339	31	22	9	7	14	14
otu4340	40	11	25	0	10	9
otu4341	12	11	32	14	23	3
otu4342	34	47	24	4	8	2
otu4343	15	21	28	7	7	14
otu4344	19	33	12	0	16	7
otu4345	32	36	13	5	15	5
otu4346	41	13	4	10	9	6
otu4347	36	8	27	14	9	12
otu4348	65	0	0	11	0	8
otu4349	21	62	19	3	4	3
otu4350	8	24	23	15	18	16
otu4351	26	28	11	8	13	13
otu4352	40	17	31	2	6	5
otu4353	33	19	5	11	11	8
otu4354	37	19	9	9	0	25
otu4355	14	16	7	3	29	30
otu4356	30	15	16	5	29	14
otu4357	0	6	0	19	53	19
otu4358	9	5	8	6	6	8
otu4359	35	14	19	20	21	9
otu4360	27	63	17	4	0	3
otu4361	0	0	81	0	0	0
otu4362	11	12	15	10	20	7
otu4363	36	32	14	5	6	11
otu4364	33	11	6	5	17	26
otu4365	26	24	33	3	11	7
otu4366	62	0	0	20	0	17
otu4367	10	25	18	28	4	14
otu4368	18	4	7	20	11	19
otu4369	35	19	35	0	26	4
otu4370	33	24	15	0	9	7
otu4371	35	16	17	8	5	4
otu4372	35	7	18	4	5	0
otu4373	23	8	21	17	23	12
otu4374	21	3	31	7	25	12
otu4375	29	8	24	22	15	6
otu4376	24	52	17	2	5	2
otu4377	56	0	0	18	2	13
otu4378	26	42	9	16	9	5
otu4379	16	12	15	8	12	8
otu4380	9	2	13	0	48	12
otu4381	35	30	13	4	5	4
otu4382	37	7	32	6	8	0
otu4383	18	26	21	9	16	5
otu4384	14	9	30	4	19	8
otu4385	29	43	22	3	13	3
otu4386	0	4	0	23	56	17
otu4387	3	7	0	19	58	10
otu4388	57	29	4	0	0	0
otu4389	17	75	11	8	8	0
otu4390	26	30	23	10	12	11
otu4391	12	73	11	15	8	0
otu4392	35	16	34	3	8	11
otu4393	1	4	2	21	49	12
otu4394	28	50	17	3	0	3
otu4395	10	16	11	15	20	13
otu4396	18	18	6	2	43	0
otu4397	11	11	20	9	28	12
otu4398	4	25	2	14	7	39
otu4399	20	14	39	10	20	7
otu4400	27	27	29	8	16	5
otu4401	32	34	26	0	7	4
otu4402	3	3	7	30	40	22
otu4403	37	31	13	12	1	3
otu4404	21	14	23	6	18	7
otu4405	20	16	0	34	5	5
otu4406	3	7	13	6	40	4
otu4407	21	4	42	4	28	4
otu4408	36	9	29	3	2	13
otu4409	39	16	12	4	12	14
otu4410	10	6	19	14	21	12
otu4411	12	18	29	5	10	6
otu4412	27	1	27	1	30	0
otu4413	20	7	39	0	37	0
otu4414	32	25	5	13	7	33
otu4415	11	16	22	22	18	21
otu4416	9	10	20	29	6	29
otu4417	23	18	19	20	10	10
otu4418	24	10	21	9	20	9
otu4419	49	2	0	14	0	22
otu4420	11	21	15	25	10	15
otu4421	33	32	5	5	12	14
otu4422	37	15	29	4	4	8
otu4423	27	10	20	17	16	11
otu4424	50	4	7	0	0	4
otu4425	9	6	32	15	6	28
otu4426	7	34	30	13	4	15
otu4427	133	0	0	0	0	0
otu4428	7	30	36	4	5	8
otu4429	18	40	10	5	15	7
otu4430	33	26	16	0	18	3
otu4431	8	32	7	15	21	13
otu4432	19	12	27	6	9	11
otu4433	34	32	23	0	19	0
otu4434	38	13	38	0	13	2
otu4435	9	15	27	0	34	5
otu4436	12	19	32	3	30	2
otu4437	29	23	16	6	0	11
otu4438	8	8	5	24	30	17
otu4439	22	20	11	12	11	10
otu4440	17	15	8	7	21	12
otu4442	17	10	7	10	23	8
otu4443	42	10	23	0	3	0
otu4444	37	28	21	4	10	9
otu4445	10	33	18	14	8	25
otu4446	30	32	4	7	12	18
otu4447	0	8	4	0	67	0
otu4448	18	78	8	4	3	2
otu4449	29	29	5	24	12	8
otu4450	21	9	21	13	6	10
otu4451	10	19	14	33	10	25
otu4452	0	2	3	18	51	18
otu4453	9	17	14	7	29	4
otu4455	28	19	14	4	21	9
otu4456	21	40	11	4	19	5
otu4457	8	24	23	17	7	13
otu4458	36	16	23	18	5	4
otu4459	23	9	44	7	15	6
otu4460	31	12	34	16	0	0
otu4461	21	19	7	0	13	0
otu4462	22	42	18	2	13	0
otu4463	9	8	9	11	25	13
otu4464	54	23	16	4	9	0
otu4465	35	11	22	5	23	18
otu4466	23	9	36	11	10	4
otu4467	45	23	22	6	5	6
otu4468	27	19	13	9	14	4
otu4469	40	0	4	22	3	0
otu4470	29	31	26	4	11	3
otu4471	0	15	10	9	26	14
otu4472	18	25	27	0	10	0
otu4473	32	12	24	12	9	9
otu4474	37	6	23	5	16	11
otu4475	40	0	3	14	6	22
otu4476	24	59	18	0	2	2
otu4477	16	11	0	29	0	6
otu4478	33	11	31	5	6	2
otu4479	9	2	5	0	63	0
otu4480	6	19	8	23	12	28
otu4481	25	33	9	0	7	11
otu4482	13	19	10	5	11	5
otu4483	11	68	25	0	3	0
otu4484	18	18	30	2	11	4
otu4485	47	16	16	7	3	20
otu4486	46	53	0	29	0	0
otu4487	27	14	29	4	17	3
otu4488	43	2	4	31	7	0
otu4489	11	24	10	15	23	14
otu4490	5	11	12	3	37	5
otu4491	11	30	18	16	13	8
otu4492	14	4	14	21	23	16
otu4493	4	12	16	0	30	0
otu4494	19	12	14	7	10	11
otu4495	22	11	44	0	26	5
otu4496	23	21	4	6	7	0
otu4497	26	8	27	4	15	13
otu4498	15	50	19	10	5	14
otu4499	14	43	17	12	11	5
otu4500	28	32	20	9	7	3
otu4501	47	0	7	11	0	12
otu4502	25	52	18	0	3	0
otu4503	17	14	10	10	11	7
otu4504	15	4	5	12	19	19
otu4505	3	14	13	4	31	4
otu4506	17	7	3	3	55	0
otu4507	3	6	8	0	62	0
otu4508	29	39	11	3	12	3
otu4509	15	48	21	4	20	0
otu4510	5	0	0	33	37	13
otu4511	62	0	0	13	0	6
otu4512	19	10	4	10	24	9
otu4513	0	3	6	0	69	0
otu4514	14	9	4	26	6	9
otu4515	18	23	35	5	4	8
otu4516	7	12	16	8	18	19
otu4517	6	2	21	7	11	19
otu4518	18	21	15	12	11	0
otu4519	18	68	10	3	5	11
otu4520	21	44	12	2	2	12
otu4521	8	0	6	3	10	15
otu4522	25	57	10	0	3	4
otu4523	44	0	0	19	0	13
otu4524	45	21	7	2	0	3
otu4525	4	7	9	0	45	4
otu4526	16	14	0	30	3	4
otu4527	25	29	24	2	4	5
otu4528	16	11	19	6	8	4
otu4529	21	20	10	11	12	12
otu4530	44	0	0	19	4	10
otu4531	56	0	9	19	2	0
otu4532	11	57	14	5	12	3
otu4533	44	0	6	23	2	11
otu4534	8	4	6	10	11	4
otu4535	0	7	2	24	43	15
otu4536	0	0	75	0	0	0
otu4537	23	11	21	4	10	10
otu4538	1	15	18	4	33	4
otu4539	37	7	23	15	9	7
otu4540	12	18	12	22	13	16
otu4541	10	4	4	3	50	5
otu4542	0	7	14	2	47	5
otu4543	22	19	24	3	18	4
otu4544	39	10	21	4	14	7
otu4545	21	32	29	6	0	7
otu4546	3	7	77	3	3	0
otu4547	11	17	8	20	27	14
otu4548	8	52	13	0	4	5
otu4550	0	5	36	3	31	3
otu4551	35	13	25	6	10	6
otu4552	13	13	0	28	3	5
otu4553	28	5	24	4	7	7
otu4554	44	0	12	28	7	0
otu4555	19	20	14	9	13	9
otu4556	19	15	5	20	22	23
otu4557	18	3	58	8	2	4
otu4558	2	6	3	12	45	12
otu4559	24	16	40	2	0	0
otu4560	15	21	15	2	2	7
otu4561	4	9	13	5	32	0
otu4562	21	18	18	4	7	12
otu4563	27	17	12	7	7	16
otu4564	18	27	15	0	12	0
otu4565	23	3	12	4	13	19
otu4566	27	38	4	7	13	0
otu4567	3	78	3	6	16	3
otu4568	24	7	31	12	17	7
otu4569	41	0	6	22	0	0
otu4570	16	9	8	9	10	19
otu4571	2	4	2	17	37	15
otu4572	9	4	5	3	56	4
otu4573	30	4	7	5	17	18
otu4574	32	0	27	0	4	0
otu4575	3	14	26	19	8	11
otu4576	18	11	43	0	28	3
otu4577	33	22	4	3	0	4
otu4578	5	8	12	10	19	18
otu4579	9	7	9	12	15	13
otu4580	15	6	19	7	10	8
otu4581	7	74	6	6	5	0
otu4582	9	0	47	0	4	8
otu4583	8	11	13	10	34	14
otu4584	22	50	16	0	0	0
otu4585	0	7	13	20	17	24
otu4586	36	0	10	26	5	3
otu4587	2	23	12	14	15	24
otu4588	5	35	4	9	26	5
otu4589	34	8	2	6	11	10
otu4590	17	13	12	5	8	9
otu4591	35	2	18	6	14	3
otu4592	28	16	18	12	12	3
otu4593	21	6	29	13	0	10
otu4594	8	21	15	22	8	14
otu4595	6	25	10	10	30	11
otu4596	20	24	7	7	23	11
otu4597	43	0	0	15	0	13
otu4598	10	15	29	0	17	0
otu4599	6	4	12	6	46	3
otu4600	7	21	17	17	15	7
otu4601	22	40	9	3	0	2
otu4602	24	21	23	3	4	0
otu4603	23	21	25	0	12	6
otu4604	25	28	20	1	9	5
otu4605	24	17	14	12	9	13
otu4606	8	12	10	3	39	3
otu4607	29	0	3	25	5	17
otu4608	28	6	21	18	7	6
otu4609	9	12	0	7	23	12
otu4610	35	4	22	13	13	0
otu4611	26	13	16	4	16	7
otu4612	25	15	13	10	11	8
otu4613	40	28	16	0	3	3
otu4614	43	5	6	21	0	0
otu4615	17	33	11	2	3	8
otu4616	41	12	14	10	2	5
otu4617	8	51	6	14	21	4
otu4618	6	8	19	0	28	0
otu4619	0	8	16	6	20	21
otu4620	18	8	6	14	6	19
otu4621	0	15	7	17	24	17
otu4622	16	5	23	5	6	6
otu4623	3	6	51	4	14	2
otu4624	14	28	30	0	2	4
otu4625	39	16	17	10	4	0
otu4626	6	25	14	14	8	14
otu4627	29	9	27	10	22	7
otu4628	23	7	23	13	16	7
otu4629	7	3	8	0	59	4
otu4630	9	2	7	17	19	15
otu4631	9	6	7	12	19	12
otu4632	22	7	37	7	2	7
otu4633	37	15	6	9	4	4
otu4634	23	19	11	7	24	6
otu4635	29	10	25	10	4	4
otu4636	2	3	2	8	29	52
otu4637	22	4	18	4	14	13
otu4638	29	9	23	0	0	0
otu4639	18	8	38	0	21	3
otu4640	10	6	7	23	22	14
otu4641	4	7	13	2	41	0
otu4642	9	24	30	8	0	30
otu4643	25	14	9	12	7	29
otu4644	17	14	11	3	20	7
otu4645	18	20	29	7	7	6
otu4646	29	25	17	0	9	8
otu4647	33	5	7	19	13	3
otu4648	20	28	11	9	9	14
otu4649	3	2	7	35	22	22
otu4650	23	12	25	10	6	8
otu4651	4	0	0	0	110	0
otu4652	0	0	4	0	67	0
otu4653	32	13	29	0	5	0
otu4654	10	4	11	0	46	0
otu4655	2	12	12	0	34	4
otu4656	2	8	10	5	33	8
otu4657	0	9	0	22	30	12
otu4658	36	2	0	13	4	10
otu4659	17	21	15	8	7	3
otu4660	11	78	8	0	4	0
otu4661	0	4	0	21	36	12
otu4662	42	0	0	14	0	10
otu4663	12	7	9	5	27	4
otu4664	10	6	16	7	6	9
otu4665	4	24	5	22	5	30
otu4666	11	4	5	15	15	12
otu4667	25	25	18	4	11	0
otu4668	28	12	23	10	11	16
otu4669	24	14	21	10	9	6
otu4670	14	20	6	6	5	11
otu4671	21	15	26	0	8	0
otu4672	16	4	12	8	45	7
otu4673	42	22	8	2	10	4
otu4674	40	6	14	0	0	0
otu4675	16	18	17	8	18	22
otu4676	0	12	6	0	57	0
otu4677	17	7	12	5	11	6
otu4678	39	0	0	15	0	9
otu4679	0	0	0	21	21	32
otu4680	15	12	0	25	0	5
otu4681	6	7	10	19	21	17
otu4682	5	15	0	3	52	0
otu4683	28	10	16	10	8	3
otu4684	59	3	0	0	0	0
otu4685	6	11	26	7	3	11
otu4686	13	12	7	19	7	24
otu4687	11	83	1	0	10	0
otu4688	9	33	6	24	5	17
otu4689	21	5	9	6	3	9
otu4690	24	28	15	4	10	8
otu4691	7	11	10	15	14	27
otu4692	30	6	19	20	10	7
otu4693	7	7	0	17	36	13
otu4694	11	6	6	7	17	24
otu4695	11	9	11	5	16	8
otu4696	3	8	11	4	29	4
otu4697	13	9	0	21	0	7
otu4698	16	10	0	24	0	5
otu4699	9	10	9	9	30	17
otu4700	18	7	12	6	10	8
otu4701	13	8	46	7	3	3
otu4702	26	0	30	0	18	0
otu4703	16	18	6	3	31	4
otu4704	29	34	12	6	11	8
otu4705	27	29	13	4	11	6
otu4706	11	73	8	0	0	2
otu4707	27	12	38	11	3	5
otu4708	29	8	20	8	10	5
otu4709	18	32	11	10	10	6
otu4710	45	0	4	29	0	0
otu4711	13	6	12	13	15	14
otu4712	6	6	7	5	27	6
otu4713	12	4	14	16	32	6
otu4714	11	6	9	0	39	8
otu4715	4	12	18	19	20	10
otu4716	20	16	8	13	7	6
otu4717	0	0	0	96	8	0
otu4718	42	8	3	2	0	6
otu4719	34	26	7	0	9	0
otu4720	28	15	4	7	12	6
otu4721	27	4	25	5	0	0
otu4722	8	14	9	22	9	23
otu4723	20	15	20	8	6	11
otu4724	8	6	4	7	33	9
otu4725	5	3	0	21	33	18
otu4726	32	11	23	14	9	6
otu4727	22	8	23	17	9	6
otu4728	17	18	4	5	21	6
otu4729	13	18	35	0	23	0
otu4730	15	14	0	20	0	7
otu4731	19	15	6	5	6	10
otu4732	35	27	10	9	0	6
otu4733	11	6	7	13	13	13
otu4734	6	5	7	0	45	2
otu4735	9	5	9	9	18	14
otu4736	12	43	13	8	0	12
otu4737	8	11	8	23	9	26
otu4738	12	65	4	4	8	0
otu4739	23	12	11	13	10	10
otu4740	7	29	21	5	6	5
otu4741	5	7	10	14	24	15
otu4742	0	6	0	0	0	0
otu4743	23	19	25	4	3	7
otu4744	3	88	0	0	2	0
otu4745	6	7	8	13	19	15
otu4746	14	3	0	19	12	8
otu4747	27	11	24	10	13	3
otu4748	3	8	7	0	36	2
otu4749	8	17	8	7	20	19
otu4750	8	9	14	14	23	18
otu4751	7	3	5	3	47	4
otu4752	4	9	13	3	29	0
otu4753	18	15	12	10	9	8
otu4754	5	8	8	20	10	34
otu4755	20	10	31	2	6	29
otu4756	24	4	23	7	10	7
otu4757	7	11	69	0	0	0
otu4758	0	29	25	0	21	9
otu4759	0	4	4	15	39	15
otu4760	24	7	21	14	10	6
otu4761	13	4	12	4	0	4
otu4762	14	49	12	0	4	0
otu4763	23	8	20	13	9	7
otu4764	29	30	12	0	3	5
otu4765	5	8	8	21	16	35
otu4766	5	7	6	4	36	3
otu4767	14	9	9	8	21	7
otu4768	30	4	22	0	0	0
otu4769	32	6	25	6	5	4
otu4770	34	8	15	8	7	7
otu4771	23	10	29	4	5	0
otu4772	32	4	12	13	6	6
otu4773	30	34	8	0	16	12
otu4774	34	0	6	24	0	3
otu4775	26	8	28	9	6	4
otu4776	11	6	7	19	21	8
otu4777	15	2	31	2	22	3
otu4778	10	0	0	10	22	16
otu4779	28	3	25	0	0	0
otu4780	4	0	21	11	12	11
otu4781	38	0	0	16	0	8
otu4782	15	17	13	2	22	9
otu4783	24	13	9	6	13	0
otu4784	28	34	7	0	4	0
otu4785	20	23	13	3	6	10
otu4786	11	5	9	6	12	12
otu4787	24	33	8	3	2	3
otu4788	27	8	26	0	9	5
otu4789	16	7	0	12	33	10
otu4790	36	0	0	16	0	8
otu4791	0	9	8	16	23	15
otu4792	0	0	0	12	38	4
otu4793	15	7	8	14	10	17
otu4794	38	2	5	17	0	18
otu4795	24	5	20	11	7	5
otu4796	0	3	57	0	0	6
otu4797	26	7	20	10	7	5
otu4798	0	8	10	14	23	11
otu4799	8	5	7	20	9	29
otu4800	11	17	11	6	7	18
otu4801	20	30	9	4	5	9
otu4802	26	7	21	17	11	6
otu4803	16	0	32	0	22	0
otu4804	21	13	22	13	6	5
otu4805	22	7	19	10	7	5
otu4806	20	10	23	9	8	4
otu4807	29	5	19	12	7	6
otu4808	38	7	16	6	0	4
otu4809	23	6	20	6	4	5
otu4810	7	15	24	0	15	4
otu4811	2	14	10	15	21	15
otu4812	24	20	15	5	9	3
otu4813	15	28	11	0	12	4
otu4814	17	3	10	10	9	21
otu4815	13	30	17	0	18	0
otu4816	21	15	22	0	0	3
otu4817	40	6	8	7	8	9
otu4818	6	18	15	20	10	6
otu4819	28	8	21	9	10	4
otu4820	27	14	24	3	5	4
otu4821	9	11	6	27	0	33
otu4822	9	3	6	7	10	18
otu4823	5	7	5	13	13	15
otu4824	8	1	2	0	0	0
otu4825	10	4	4	9	19	15
otu4826	6	8	9	6	28	0
otu4827	27	37	6	0	13	0
otu4828	29	5	4	15	0	9
otu4829	25	40	7	0	0	3
otu4830	28	0	16	2	0	0
otu4831	30	8	14	0	2	3
otu4832	21	14	5	7	18	22
otu4833	24	21	4	5	2	2
otu4834	3	45	0	2	43	0
otu4835	22	30	7	6	15	2
otu4836	25	11	7	5	2	0
otu4837	3	79	2	0	4	10
otu4838	0	3	0	20	35	9
otu4839	25	6	19	16	6	7
otu4840	30	11	3	8	14	12
otu4841	26	7	16	18	6	6
otu4842	2	8	5	22	22	16
otu4843	9	3	3	4	11	2
otu4844	28	5	0	2	12	8
otu4845	33	31	3	4	4	4
otu4846	7	9	7	1	28	3
otu4847	4	7	11	3	35	3
otu4848	26	20	5	0	0	14
otu4849	18	16	26	4	6	0
otu4850	10	18	3	12	13	10
otu4851	23	31	0	5	13	3
otu4852	24	25	5	3	12	4
otu4853	21	8	21	10	11	6
otu4854	5	3	0	9	28	19
otu4855	27	7	15	15	10	10
otu4856	31	6	23	6	4	3
otu4857	10	48	15	0	5	3
otu4858	20	39	12	5	2	0
otu4859	21	6	41	6	4	2
otu4860	23	15	14	3	9	7
otu4861	8	15	10	18	9	27
otu4862	19	6	14	18	6	21
otu4863	25	28	11	4	0	0
otu4864	7	9	7	25	12	20
otu4865	2	0	14	18	28	13
otu4866	39	25	0	2	0	19
otu4867	11	33	28	2	0	0
otu4868	5	7	3	0	17	6
otu4869	4	78	3	3	0	3
otu4870	15	34	1	2	17	15
otu4871	5	6	0	16	41	14
otu4872	22	6	19	15	8	6
otu4873	14	14	8	0	0	0
otu4874	9	72	1	4	4	0
otu4875	25	10	11	2	5	12
otu4876	14	7	6	13	28	6
otu4877	25	7	20	10	8	6
otu4878	4	3	13	0	14	24
otu4879	29	6	0	11	7	6
otu4880	13	6	11	9	9	22
otu4881	22	33	16	0	0	0
otu4882	32	5	5	20	0	12
otu4883	20	3	9	12	13	15
otu4884	39	10	5	3	8	8
otu4885	33	10	16	12	8	0
otu4886	8	0	6	18	21	9
otu4887	2	9	18	7	9	21
otu4888	25	10	20	16	7	5
otu4889	18	23	6	5	0	0
otu4890	4	15	10	15	20	15
otu4891	25	19	22	0	9	0
otu4892	29	10	16	4	8	4
otu4893	36	0	0	12	0	8
otu4894	2	14	12	15	11	18
otu4895	14	9	0	22	0	5
otu4896	33	3	10	17	0	0
otu4897	0	5	3	15	32	8
otu4898	5	16	11	10	16	8
otu4899	23	4	6	21	3	13
otu4900	26	5	13	5	11	10
otu4901	38	13	5	0	6	14
otu4902	27	7	22	9	7	4
otu4903	0	0	2	0	46	17
otu4904	12	3	8	8	17	6
otu4905	9	3	5	13	23	7
otu4906	14	16	7	5	16	11
otu4907	2	77	3	4	0	0
otu4908	16	15	3	4	14	10
otu4909	22	22	24	0	5	5
otu4910	23	22	16	0	10	0
otu4911	0	94	0	0	0	0
otu4912	25	21	14	6	9	3
otu4913	18	10	16	9	9	5
otu4914	0	2	2	0	0	29
otu4915	3	4	2	10	26	14
otu4916	23	7	20	12	10	6
otu4917	21	6	25	10	9	3
otu4918	15	17	7	14	11	3
otu4919	21	33	6	5	0	3
otu4920	6	6	4	10	15	15
otu4921	24	6	18	13	8	5
otu4922	3	5	0	13	39	6
otu4923	11	32	15	15	0	4
otu4924	9	7	7	13	17	10
otu4925	4	8	11	5	14	14
otu4926	12	7	8	2	13	9
otu4927	16	26	16	4	16	0
otu4928	28	7	15	6	6	3
otu4929	22	5	16	2	7	8
otu4930	29	16	22	0	6	4
otu4931	16	2	9	7	17	13
otu4932	2	6	4	6	16	6
otu4933	5	17	10	3	32	15
otu4934	24	7	23	13	9	3
otu4935	3	0	0	14	20	9
otu4936	2	5	0	9	30	10
otu4937	6	6	5	9	15	15
otu4938	23	4	33	9	7	4
otu4939	12	7	38	3	2	4
otu4940	15	10	3	12	13	10
otu4941	0	87	0	0	3	3
otu4942	5	3	5	14	29	14
otu4943	13	18	10	14	12	5
otu4944	27	16	7	3	8	5
otu4945	17	3	5	8	16	8
otu4946	0	11	0	0	39	4
otu4947	28	9	6	5	11	6
otu4948	0	16	21	8	0	14
otu4949	22	47	5	5	8	0
otu4950	29	12	12	2	3	9
otu4951	19	25	21	0	6	0
otu4952	22	23	10	10	3	0
otu4953	22	7	21	10	8	5
otu4954	0	3	0	14	47	5
otu4956	23	34	10	0	2	4
otu4957	28	5	19	11	6	5
otu4958	28	7	21	10	6	5
otu4959	25	8	20	9	7	5
otu4960	20	6	2	16	10	9
otu4961	5	6	7	9	19	11
otu4962	12	9	10	6	12	6
otu4963	14	22	14	0	13	9
otu4964	31	18	4	3	5	5
otu4965	17	17	10	6	12	7
otu4966	23	10	6	6	10	7
otu4967	27	30	15	0	0	3
otu4968	12	44	10	4	0	9
otu4969	18	24	13	0	4	4
otu4970	5	0	43	4	7	12
otu4971	0	3	2	15	34	7
otu4972	9	7	18	0	1	47
otu4973	3	3	0	15	31	13
otu4974	23	37	6	0	0	3
otu4975	24	6	21	11	9	7
otu4976	11	0	0	4	12	0
otu4977	12	18	9	9	11	6
otu4978	3	0	7	16	19	9
otu4979	6	5	4	11	13	13
otu4980	17	26	6	0	13	7
otu4981	23	0	42	0	0	28
otu4982	11	11	5	8	19	0
otu4983	1	4	0	14	30	12
otu4984	21	5	21	11	8	6
otu4985	28	12	17	13	4	5
otu4986	16	5	6	4	21	15
otu4987	24	8	22	10	7	5
otu4988	12	10	32	5	7	4
otu4989	13	0	15	30	0	2
otu4990	16	15	3	6	9	14
otu4991	4	68	6	0	0	6
otu4992	21	28	11	0	0	3
otu4993	18	2	28	0	13	0
otu4994	0	79	3	0	4	0
otu4995	2	5	8	0	44	0
otu4996	2	72	0	0	7	0
otu4997	22	12	10	4	3	8
otu4998	7	8	2	12	32	9
otu4999	29	12	20	0	4	0
otu5000	21	18	16	0	4	3
otu5001	0	7	31	6	6	5
otu5002	0	13	4	0	18	0
otu5003	14	0	11	0	4	13
otu5004	5	9	4	0	71	0
otu5005	16	11	25	7	10	5
otu5006	2	5	0	14	25	6
otu5007	25	5	19	12	5	6
otu5008	22	26	7	4	6	3
otu5009	10	10	6	4	25	5
otu5010	12	42	8	0	0	0
otu5011	6	0	10	9	18	12
otu5012	6	8	6	20	7	24
otu5013	12	4	8	8	12	8
otu5014	8	5	10	6	18	6
otu5016	11	0	5	22	15	8
otu5017	16	27	12	0	16	0
otu5018	2	13	11	0	22	4
otu5019	5	6	10	0	23	4
otu5020	5	4	5	8	19	12
otu5021	4	23	10	5	14	11
otu5022	11	19	7	8	8	3
otu5023	12	10	15	4	7	0
otu5024	22	6	19	8	11	5
otu5025	12	11	36	0	6	3
otu5026	30	3	4	14	8	0
otu5027	6	9	5	9	19	15
otu5028	14	5	13	4	7	4
otu5029	19	33	6	0	6	5
otu5030	4	9	10	18	2	11
otu5031	0	5	0	23	32	6
otu5032	14	9	11	14	3	7
otu5033	0	8	0	16	20	17
otu5034	8	0	3	8	14	14
otu5035	6	47	0	0	13	4
otu5036	22	3	23	19	10	5
otu5037	21	7	19	9	7	6
otu5038	2	0	35	0	10	0
otu5039	19	14	5	0	6	6
otu5040	13	4	4	7	14	8
otu5041	24	7	19	9	6	4
otu5042	18	7	14	4	18	4
otu5043	20	0	9	10	10	8
otu5044	20	18	12	9	10	3
otu5045	11	11	6	8	6	0
otu5046	0	75	0	0	3	3
otu5047	23	22	12	0	20	0
otu5048	14	16	28	8	11	3
otu5049	27	25	21	0	5	0
otu5050	24	10	16	0	12	0
otu5051	2	78	2	0	0	3
otu5052	24	6	7	5	14	12
otu5053	6	13	5	9	22	8
otu5054	4	3	0	15	27	8
otu5055	0	7	0	11	38	10
otu5056	3	0	0	18	31	9
otu5057	25	8	15	10	12	5
otu5058	23	7	18	7	6	3
otu5059	3	12	3	11	14	18
otu5060	15	15	7	6	12	14
otu5061	5	9	8	11	23	12
otu5062	2	12	10	13	10	10
otu5063	4	0	0	3	0	0
otu5064	7	0	2	8	15	18
otu5065	6	7	10	6	24	0
otu5066	9	43	4	0	11	5
otu5067	12	8	9	4	13	0
otu5068	10	6	9	6	12	13
otu5069	23	32	8	7	3	3
otu5070	19	8	10	3	10	20
otu5071	4	29	16	13	9	10
otu5072	18	11	11	0	13	0
otu5073	18	18	27	0	6	2
otu5074	8	18	15	4	10	4
otu5075	34	7	18	6	8	2
otu5076	3	3	3	13	27	8
otu5077	21	9	18	9	8	5
otu5078	22	5	17	10	8	5
otu5079	23	6	17	8	6	4
otu5080	0	13	0	10	20	5
otu5081	4	61	0	0	0	0
otu5082	40	0	0	0	20	10
otu5083	9	0	4	2	10	11
otu5084	8	6	3	12	10	10
otu5085	4	9	9	14	26	0
otu5086	15	0	6	11	19	11
otu5087	17	25	18	0	7	4
otu5088	6	6	29	6	0	13
otu5089	18	19	16	4	12	0
otu5090	26	7	12	3	16	0
otu5091	6	4	42	8	5	6
otu5092	30	8	6	8	10	11
otu5093	28	9	15	5	2	7
otu5094	24	23	5	3	10	4
otu5095	25	6	19	11	7	5
otu5096	23	7	20	11	5	5
otu5097	12	9	16	7	6	9
otu5098	10	0	12	0	0	50
otu5099	9	0	7	13	8	17
otu5100	7	9	0	2	38	7
otu5101	20	0	12	27	13	4
otu5102	14	5	13	5	5	4
otu5103	4	6	7	3	25	1
otu5104	3	0	6	14	6	22
otu5105	12	10	10	4	9	12
otu5106	48	0	0	0	0	0
otu5107	10	17	28	4	4	10
otu5108	32	0	6	22	0	0
otu5109	12	15	11	11	4	9
otu5110	5	11	7	16	5	27
otu5111	2	62	0	14	6	1
otu5112	16	7	23	4	10	7
otu5113	15	22	15	3	11	0
otu5114	17	0	0	13	21	6
otu5115	18	24	12	9	11	7
otu5116	14	22	14	9	3	9
otu5117	8	0	0	7	24	16
otu5118	5	3	0	15	32	13
otu5119	9	13	14	0	23	10
otu5120	24	8	21	10	6	5
otu5121	6	44	9	2	0	5
otu5122	2	9	6	0	33	5
otu5123	31	24	5	0	9	0
otu5124	12	4	8	12	11	6
otu5125	26	20	12	0	11	0
otu5126	15	18	21	2	9	4
otu5127	3	0	11	12	6	12
otu5128	17	12	3	0	10	14
otu5129	23	21	4	10	3	3
otu5130	9	46	11	2	4	0
otu5131	9	13	5	0	5	8
otu5132	7	10	7	14	5	30
otu5133	30	6	17	3	4	2
otu5134	15	8	44	0	0	5
otu5135	15	9	20	5	5	4
otu5136	14	4	2	4	16	8
otu5137	19	3	26	0	4	0
otu5138	5	27	12	0	11	7
otu5139	26	7	22	7	6	4
otu5140	0	4	3	12	26	14
otu5141	3	2	0	21	10	14
otu5142	0	4	2	10	28	12
otu5143	0	6	0	13	33	7
otu5144	10	38	6	3	0	4
otu5145	22	6	20	20	5	4
otu5146	18	4	39	2	0	4
otu5147	12	18	5	11	9	6
otu5148	24	9	0	5	0	7
otu5149	20	16	28	4	5	5
otu5150	24	8	4	7	0	24
otu5151	11	12	4	15	13	8
otu5152	4	5	0	16	25	9
otu5153	30	15	15	0	3	3
otu5154	16	35	9	0	1	1
otu5155	22	4	14	5	4	6
otu5156	21	6	2	0	8	12
otu5157	17	6	15	11	5	10
otu5158	14	21	8	4	15	8
otu5159	33	3	4	8	4	0
otu5160	31	6	0	7	13	3
otu5161	26	5	15	10	5	6
otu5162	0	0	0	19	33	16
otu5163	3	0	0	9	21	13
otu5164	24	9	21	7	6	5
otu5165	7	15	0	5	18	9
otu5166	10	9	5	18	9	20
otu5167	29	5	6	7	1	16
otu5168	0	4	0	15	23	5
otu5169	19	30	7	0	0	3
otu5170	7	13	13	7	5	8
otu5171	30	10	13	3	14	0
otu5172	20	47	0	0	8	0
otu5173	18	24	8	0	11	5
otu5174	11	10	4	14	16	5
otu5175	43	14	0	3	7	3
otu5176	15	41	7	0	6	4
otu5177	14	14	14	0	11	13
otu5178	6	31	10	3	4	3
otu5179	17	2	9	5	7	4
otu5180	19	14	6	5	11	13
otu5181	14	28	3	5	7	2
otu5182	0	5	0	0	4	74
otu5183	0	4	1	14	27	11
otu5184	5	8	0	13	23	14
otu5185	0	0	0	0	0	78
otu5186	27	6	17	7	6	7
otu5187	29	0	4	23	0	0
otu5188	26	3	12	3	0	10
otu5189	0	2	0	5	3	69
otu5190	10	6	9	15	7	20
otu5191	7	40	6	3	17	0
otu5192	13	8	8	7	12	7
otu5193	17	11	10	14	8	10
otu5194	4	25	24	4	0	13
otu5195	13	8	7	13	12	6
otu5196	12	4	6	8	6	18
otu5197	0	4	5	21	25	9
otu5198	21	7	19	13	4	7
otu5199	16	4	23	13	9	5
otu5200	22	8	9	11	0	15
otu5201	17	26	13	0	6	0
otu5202	5	0	9	17	5	19
otu5203	11	19	11	7	22	0
otu5204	22	2	6	0	10	17
otu5205	0	74	0	0	0	0
otu5206	14	0	31	0	3	5
otu5207	20	11	16	3	0	0
otu5208	23	6	16	5	6	0
otu5209	3	6	6	14	4	30
otu5210	11	24	11	0	10	4
otu5211	3	48	19	0	2	0
otu5212	0	4	0	10	35	4
otu5213	5	0	0	16	18	12
otu5214	0	3	0	13	25	11
otu5215	22	8	23	11	3	0
otu5216	8	41	7	1	7	2
otu5217	6	4	2	9	16	10
otu5218	5	45	11	0	7	0
otu5219	18	30	6	0	0	4
otu5220	6	4	5	8	13	11
otu5221	23	22	7	4	5	2
otu5222	16	7	11	11	6	10
otu5223	19	0	10	11	4	10
otu5224	4	12	29	9	0	0
otu5225	13	15	22	0	2	4
otu5226	18	17	9	2	7	0
otu5227	22	13	14	1	2	4
otu5228	17	20	13	0	8	6
otu5229	44	6	14	0	0	0
otu5230	13	7	2	0	55	0
otu5231	26	0	17	7	13	2
otu5232	0	67	3	4	5	0
otu5233	0	16	0	14	9	11
otu5234	21	6	24	6	4	6
otu5235	0	4	0	15	28	16
otu5236	14	7	14	0	4	3
otu5237	27	8	0	4	19	13
otu5238	7	21	21	3	3	8
otu5239	0	0	11	0	41	6
otu5240	5	5	2	7	26	10
otu5241	5	3	1	9	28	8
otu5242	4	6	14	0	10	6
otu5243	9	46	8	0	0	0
otu5244	16	13	6	9	0	10
otu5245	0	5	0	0	10	3
otu5246	32	7	11	2	5	9
otu5247	17	24	13	3	7	0
otu5248	0	3	0	9	32	11
otu5249	4	2	0	9	28	5
otu5250	0	4	0	12	25	11
otu5251	4	0	0	10	31	9
otu5252	2	2	0	8	33	8
otu5253	16	21	8	4	9	4
otu5254	3	3	3	7	28	9
otu5255	3	0	9	17	5	12
otu5256	2	73	0	0	0	0
otu5257	21	7	22	9	6	4
otu5258	17	14	16	0	0	8
otu5259	15	1	8	0	12	0
otu5260	2	0	3	4	25	18
otu5261	13	4	0	9	10	13
otu5262	3	7	7	7	14	5
otu5263	20	27	8	0	3	0
otu5264	0	0	40	0	26	3
otu5265	15	3	8	7	9	4
otu5266	15	6	21	0	16	0
otu5267	13	18	24	14	0	0
otu5268	0	22	33	5	0	6
otu5269	12	20	0	3	4	11
otu5270	0	0	0	39	27	7
otu5271	57	2	0	0	0	7
otu5272	1	7	0	3	33	3
otu5273	3	2	0	9	31	5
otu5274	0	19	30	4	2	11
otu5275	34	10	17	0	1	0
otu5276	10	15	0	6	2	21
otu5277	26	4	14	13	4	3
otu5278	29	6	21	0	3	7
otu5279	20	18	6	7	9	3
otu5280	20	7	21	3	0	7
otu5281	13	15	16	2	6	13
otu5282	12	12	10	1	11	3
otu5283	10	9	3	9	11	5
otu5284	0	74	0	0	0	0
otu5285	29	17	4	0	3	3
otu5286	15	5	24	5	2	7
otu5287	4	24	3	0	27	3
otu5288	6	8	5	18	8	23
otu5289	30	12	10	0	6	6
otu5290	9	5	4	4	13	3
otu5291	11	4	0	0	41	0
otu5293	0	5	2	14	39	8
otu5294	0	2	8	11	26	11
otu5295	20	8	20	10	5	6
otu5296	0	0	0	78	0	0
otu5297	25	4	24	3	0	6
otu5298	13	23	14	3	6	0
otu5299	5	7	6	13	0	10
otu5300	26	11	8	5	2	12
otu5301	0	3	2	9	28	11
otu5302	12	0	6	3	6	7
otu5303	0	3	0	11	30	13
otu5304	14	7	20	6	10	5
otu5305	6	0	7	12	8	17
otu5306	9	0	31	7	0	9
otu5307	20	6	0	3	10	4
otu5308	16	27	6	0	10	0
otu5309	4	60	3	0	4	0
otu5310	12	16	14	0	5	6
otu5311	11	11	19	6	5	3
otu5312	0	26	28	0	2	7
otu5313	10	14	17	8	11	0
otu5314	11	7	5	8	13	0
otu5315	0	5	3	10	23	9
otu5316	17	7	10	0	10	8
otu5317	8	18	12	12	7	5
otu5318	8	4	8	17	7	21
otu5319	0	2	5	24	13	9
otu5320	10	8	10	3	8	4
otu5321	12	23	5	0	15	3
otu5322	20	0	8	11	6	10
otu5323	11	8	8	7	21	5
otu5324	0	17	0	0	59	0
otu5325	7	9	9	6	4	15
otu5326	19	9	18	6	8	0
otu5327	26	27	7	4	0	3
otu5328	20	21	11	4	2	9
otu5329	25	6	11	5	2	7
otu5330	3	5	0	12	13	27
otu5331	1	8	24	8	0	16
otu5332	9	0	19	5	8	0
otu5333	5	21	9	6	0	3
otu5334	25	0	19	0	0	8
otu5335	7	12	20	4	15	0
otu5336	40	7	10	0	0	0
otu5337	8	8	6	18	7	20
otu5338	0	2	0	17	24	12
otu5339	1	4	0	18	22	7
otu5340	5	0	5	17	4	18
otu5341	7	57	0	0	9	0
otu5342	22	13	13	6	4	5
otu5343	11	38	9	3	0	0
otu5344	16	9	5	5	7	3
otu5345	10	4	6	6	12	7
otu5346	4	6	7	3	5	5
otu5347	8	4	12	5	7	7
otu5348	27	7	7	7	8	0
otu5349	7	0	4	8	0	0
otu5350	13	20	6	4	0	13
otu5351	16	7	14	1	7	8
otu5352	0	7	0	10	27	11
otu5353	0	2	9	10	19	11
otu5354	3	0	0	9	26	12
otu5355	0	4	0	14	29	7
otu5356	7	6	13	6	15	4
otu5357	16	4	16	6	9	14
otu5358	21	3	4	15	3	12
otu5359	12	0	8	14	0	9
otu5360	26	18	3	0	6	6
otu5361	3	5	6	15	7	24
otu5362	8	2	7	4	7	13
otu5363	26	5	22	0	0	5
otu5364	21	14	0	4	13	0
otu5365	0	4	9	3	9	18
otu5366	7	6	11	7	9	8
otu5367	6	12	6	3	0	15
otu5368	17	17	27	0	0	0
otu5369	6	14	12	0	0	18
otu5370	18	9	9	5	3	16
otu5371	4	11	5	9	20	8
otu5372	4	7	0	14	26	6
otu5373	0	0	4	12	27	6
otu5374	11	23	11	0	5	4
otu5375	3	13	27	3	0	9
otu5377	2	2	7	6	28	8
otu5378	14	6	5	3	8	10
otu5379	9	8	0	13	9	4
otu5380	8	21	12	4	0	4
otu5381	5	5	24	14	2	0
otu5382	21	15	8	0	8	0
otu5383	0	0	6	11	14	10
otu5384	14	0	8	4	11	8
otu5385	13	15	16	0	3	12
otu5386	0	69	0	0	0	0
otu5387	4	40	4	0	12	3
otu5388	13	13	24	0	0	6
otu5389	5	0	0	8	26	14
otu5390	10	14	6	5	5	2
otu5391	0	6	0	9	25	8
otu5392	4	7	9	11	13	8
otu5393	4	3	8	7	14	10
otu5394	4	8	15	5	17	3
otu5395	0	9	8	5	13	9
otu5396	11	37	9	2	0	0
otu5397	13	10	16	4	0	6
otu5398	27	10	10	11	5	0
otu5399	23	6	5	4	5	6
otu5400	21	10	4	3	6	6
otu5401	12	22	17	0	0	2
otu5402	21	2	17	12	6	4
otu5403	10	19	9	3	15	2
otu5404	18	12	2	4	11	5
otu5405	9	13	5	5	17	10
otu5406	14	7	15	3	4	3
otu5407	17	5	23	4	0	4
otu5408	23	9	8	0	7	2
otu5409	11	13	8	4	16	3
otu5410	18	5	2	0	7	14
otu5411	22	4	15	6	5	0
otu5412	0	2	0	11	30	3
otu5413	24	5	11	4	12	12
otu5414	16	20	4	6	7	0
otu5415	12	18	21	5	10	0
otu5416	13	12	10	7	7	9
otu5417	5	0	0	13	23	7
otu5418	5	59	0	0	3	0
otu5419	17	11	24	0	5	0
otu5420	17	6	7	2	14	7
otu5421	14	10	26	0	2	0
otu5422	3	9	34	5	0	0
otu5423	17	20	4	0	13	0
otu5424	3	3	0	18	14	11
otu5425	8	4	7	5	6	17
otu5426	0	4	0	12	27	11
otu5427	14	2	5	3	0	0
otu5428	16	28	8	2	3	0
otu5429	25	6	2	3	5	1
otu5430	10	7	20	2	4	9
otu5431	21	25	8	3	8	0
otu5432	14	20	14	0	8	0
otu5433	5	9	26	7	3	0
otu5434	16	6	19	6	0	3
otu5435	10	9	21	0	6	0
otu5436	8	5	7	0	21	10
otu5437	23	3	3	10	6	4
otu5438	15	5	10	6	10	2
otu5439	6	0	0	56	0	0
otu5440	2	5	2	8	30	7
otu5441	12	0	0	5	0	5
otu5442	10	19	3	7	2	2
otu5443	23	9	14	0	0	3
otu5444	6	0	0	6	11	10
otu5445	4	6	7	9	8	11
otu5446	13	25	9	0	7	0
otu5447	23	1	5	7	6	4
otu5448	24	14	29	0	4	0
otu5449	0	0	0	0	53	0
otu5450	0	5	13	5	14	8
otu5451	5	6	6	10	8	7
otu5452	0	0	4	15	13	10
otu5453	4	7	10	8	14	5
otu5454	5	6	2	3	17	10
otu5455	8	10	4	11	0	9
otu5456	5	0	6	12	4	14
otu5457	16	4	15	2	5	12
otu5458	21	8	14	0	5	0
otu5459	17	6	12	5	12	11
otu5460	11	25	5	0	9	0
otu5461	8	10	13	6	11	0
otu5462	19	17	14	0	4	0
otu5463	12	11	16	4	0	0
otu5464	22	20	8	5	4	3
otu5465	3	0	0	10	28	6
otu5466	3	19	5	0	7	7
otu5467	18	4	18	7	7	7
otu5468	17	22	6	0	6	0
otu5469	7	0	5	7	7	6
otu5470	16	17	7	0	10	2
otu5471	9	6	2	8	21	7
otu5472	10	0	31	7	0	8
otu5473	6	3	3	14	2	19
otu5474	2	4	44	0	0	0
otu5475	11	3	3	6	10	6
otu5476	22	18	6	4	3	5
otu5477	27	0	9	0	0	21
otu5478	4	0	7	8	4	17
otu5479	0	0	27	0	0	19
otu5480	8	3	0	6	29	8
otu5481	14	11	21	5	6	4
otu5482	7	30	9	6	2	0
otu5483	13	11	11	0	12	10
otu5484	5	9	0	1	40	0
otu5485	0	2	0	15	30	11
otu5486	3	7	31	7	3	10
otu5487	0	0	0	14	19	13
otu5488	0	0	0	5	24	5
otu5489	14	22	9	0	9	2
otu5490	0	0	0	7	25	7
otu5491	0	3	0	9	25	6
otu5492	6	3	0	6	27	8
otu5493	4	0	0	13	17	9
otu5494	21	10	20	4	0	4
otu5495	8	6	9	8	8	6
otu5496	6	38	14	2	0	0
otu5497	9	17	4	4	7	0
otu5498	10	1	6	0	10	5
otu5499	8	14	6	0	10	0
otu5500	3	4	0	10	24	7
otu5501	19	3	3	3	9	2
otu5502	9	19	17	0	1	0
otu5503	3	8	7	0	10	3
otu5504	15	2	8	0	9	11
otu5505	7	4	3	6	10	11
otu5506	0	5	0	4	51	4
otu5507	0	5	0	9	2	6
otu5508	4	4	0	6	34	7
otu5509	12	9	3	11	10	7
otu5510	0	5	43	3	4	7
otu5511	9	7	7	6	17	4
otu5512	17	11	7	0	12	3
otu5513	14	6	18	2	8	0
otu5514	7	2	12	5	8	9
otu5515	8	28	9	0	4	0
otu5516	12	0	2	0	4	0
otu5517	8	5	5	6	14	7
otu5518	11	13	14	0	8	8
otu5519	3	10	7	8	19	6
otu5520	3	2	0	9	30	5
otu5521	17	0	3	13	6	0
otu5522	0	0	34	0	20	3
otu5523	24	8	16	6	7	0
otu5524	7	0	6	14	0	14
otu5525	10	25	6	0	6	6
otu5526	11	4	13	1	3	4
otu5527	0	14	13	12	0	19
otu5528	4	12	9	11	6	4
otu5529	24	6	0	3	13	10
otu5530	0	55	0	0	3	3
otu5532	20	11	11	7	6	2
otu5533	14	12	0	0	5	5
otu5534	16	4	7	11	0	2
otu5535	19	5	3	0	5	20
otu5536	7	0	9	0	5	0
otu5537	0	5	3	8	28	6
otu5538	8	7	6	9	4	7
otu5539	4	7	7	5	14	7
otu5540	5	31	7	0	0	2
otu5541	8	20	13	0	7	3
otu5542	10	4	4	7	8	6
otu5543	9	3	5	9	9	7
otu5544	0	64	0	0	2	0
otu5545	5	0	0	4	10	11
otu5546	7	5	6	8	9	7
otu5547	0	13	4	0	2	7
otu5548	22	5	5	8	0	16
otu5549	11	11	16	0	20	0
otu5550	8	26	17	4	0	5
otu5551	17	11	17	0	0	3
otu5552	11	5	18	3	8	6
otu5553	9	21	5	4	7	0
otu5554	9	6	12	2	16	3
otu5555	18	6	10	9	6	6
otu5556	5	4	38	0	2	0
otu5557	15	21	0	0	10	3
otu5558	7	12	3	6	3	11
otu5559	9	0	0	36	21	0
otu5560	8	10	3	7	9	7
otu5561	0	0	0	15	24	5
otu5562	0	7	0	8	22	11
otu5563	0	0	0	13	29	5
otu5564	0	5	6	6	24	5
otu5565	0	0	0	11	27	12
otu5566	2	0	0	10	22	5
otu5567	12	19	5	4	15	0
otu5568	0	12	0	0	38	0
otu5569	3	15	4	14	7	8
otu5570	0	9	6	0	8	0
otu5571	5	5	2	10	0	7
otu5572	13	0	6	26	0	6
otu5573	8	31	0	0	3	6
otu5574	3	2	31	2	0	0
otu5575	19	13	3	4	3	0
otu5576	12	19	8	4	7	0
otu5577	0	12	11	7	10	5
otu5578	6	4	4	8	10	9
otu5579	2	7	7	12	11	12
otu5580	6	9	11	0	4	2
otu5581	4	5	12	19	5	9
otu5582	8	0	4	4	4	10
otu5583	13	3	9	10	9	0
otu5584	8	0	12	14	8	0
otu5585	18	2	0	5	12	15
otu5586	28	11	10	0	3	2
otu5587	15	8	9	9	5	9
otu5588	9	14	2	4	5	2
otu5589	11	8	6	7	5	6
otu5590	5	8	0	5	11	16
otu5591	12	22	10	3	6	0
otu5592	17	6	5	5	2	19
otu5593	14	13	3	0	0	15
otu5594	12	7	23	5	0	0
otu5595	0	3	0	14	9	2
otu5596	5	3	0	10	12	10
otu5597	0	5	0	14	26	8
otu5598	3	6	8	14	8	0
otu5599	14	39	7	0	0	0
otu5600	28	0	5	5	4	4
otu5601	14	7	28	0	2	0
otu5602	0	59	0	0	5	0
otu5603	11	0	3	2	10	15
otu5604	23	6	6	3	6	8
otu5605	15	5	6	0	2	2
otu5606	14	3	10	0	6	5
otu5607	18	1	9	6	9	6
otu5608	9	19	11	4	7	0
otu5609	12	16	10	3	6	3
otu5610	5	40	10	0	0	0
otu5611	0	3	5	0	0	0
otu5612	14	6	19	5	2	2
otu5613	4	34	12	6	0	0
otu5614	11	2	15	3	5	4
otu5615	0	20	20	0	0	4
otu5616	0	8	0	10	23	8
otu5617	1	0	0	8	26	10
otu5618	0	5	3	10	26	8
otu5619	0	0	0	8	21	5
otu5620	13	6	24	0	0	0
otu5621	20	24	12	0	3	0
otu5622	0	0	28	0	21	4
otu5623	17	15	7	3	5	0
otu5624	29	15	0	4	3	2
otu5625	10	0	5	0	6	6
otu5626	20	5	9	3	8	3
otu5627	18	19	13	0	4	3
otu5628	6	0	3	7	0	0
otu5629	4	5	4	8	13	8
otu5630	3	5	4	2	26	5
otu5631	2	5	0	9	26	7
otu5632	0	6	9	10	3	3
otu5633	23	3	13	9	0	0
otu5634	11	6	6	0	8	14
otu5635	6	35	7	0	0	0
otu5636	0	59	0	0	0	0
otu5637	13	4	10	6	4	9
otu5638	0	4	0	3	40	0
otu5639	4	6	12	8	7	11
otu5640	16	18	14	0	4	3
otu5641	0	2	0	10	26	7
otu5642	0	0	4	5	28	3
otu5643	4	3	0	7	23	10
otu5644	0	5	0	8	27	7
otu5645	12	8	9	4	6	5
otu5646	0	4	2	7	26	5
otu5647	0	15	7	12	2	8
otu5648	0	3	3	3	16	9
otu5649	13	3	6	15	0	4
otu5650	0	0	0	0	30	4
otu5651	2	0	0	7	17	4
otu5652	6	5	0	10	20	4
otu5653	0	62	0	0	0	0
otu5654	18	18	2	4	7	3
otu5655	9	13	4	1	3	0
otu5656	9	11	8	4	7	6
otu5657	12	6	8	1	7	5
otu5658	14	7	18	0	3	0
otu5659	20	8	0	5	3	6
otu5660	9	30	13	0	4	3
otu5661	0	51	0	3	3	0
otu5662	7	12	0	9	7	2
otu5663	1	18	20	0	7	0
otu5664	16	9	5	5	12	5
otu5665	12	8	9	5	11	0
otu5666	13	3	2	6	0	3
otu5667	11	15	0	0	3	0
otu5668	10	8	19	0	10	4
otu5669	23	19	8	0	3	0
otu5670	15	3	11	0	12	3
otu5671	12	8	0	0	12	14
otu5672	0	4	3	6	24	8
otu5673	0	0	0	9	32	6
otu5674	0	0	11	10	14	10
otu5675	6	0	6	6	5	17
otu5676	8	7	4	4	6	5
otu5677	6	27	2	8	0	6
otu5678	0	3	0	6	27	9
otu5679	17	9	2	12	8	0
otu5680	21	9	9	0	0	5
otu5681	11	3	12	0	10	2
otu5682	5	1	6	6	4	22
otu5683	9	6	10	0	33	0
otu5684	8	0	4	11	5	11
otu5685	12	5	0	0	9	14
otu5686	15	6	17	0	0	14
otu5687	5	37	2	0	2	0
otu5688	3	0	0	10	9	14
otu5689	7	0	7	9	8	9
otu5690	3	10	0	8	23	5
otu5691	9	34	0	0	3	0
otu5692	7	34	2	4	4	3
otu5693	0	4	4	9	8	19
otu5694	16	12	14	0	4	0
otu5695	16	0	20	0	4	5
otu5696	10	8	9	3	2	7
otu5697	0	15	10	3	14	2
otu5698	9	14	5	9	8	0
otu5699	5	6	0	7	17	4
otu5700	3	5	0	9	24	8
otu5701	2	6	1	10	23	3
otu5702	0	3	0	9	21	6
otu5703	9	8	16	8	8	3
otu5704	11	5	6	6	8	7
otu5705	19	4	12	5	4	0
otu5706	0	2	0	2	0	29
otu5707	5	11	13	5	5	7
otu5708	13	14	5	3	3	4
otu5709	13	20	5	6	6	0
otu5710	12	5	26	2	0	0
otu5711	11	15	6	5	8	0
otu5712	6	7	5	9	3	6
otu5713	8	36	10	0	0	0
otu5714	22	6	5	11	2	5
otu5715	14	12	3	0	3	8
otu5716	7	8	3	4	3	2
otu5717	17	3	3	3	3	0
otu5718	12	9	9	9	3	0
otu5719	9	18	8	3	7	0
otu5720	9	17	18	0	0	0
otu5721	12	0	23	2	0	8
otu5722	12	18	9	0	7	0
otu5723	19	18	7	0	0	0
otu5724	9	10	5	5	9	8
otu5725	0	10	2	0	17	9
otu5726	0	21	9	2	4	3
otu5727	0	0	0	18	21	7
otu5728	0	6	2	9	21	5
otu5729	6	4	30	0	0	0
otu5730	3	0	20	5	12	4
otu5731	0	19	20	3	0	5
otu5732	13	10	23	0	0	0
otu5733	3	0	0	16	4	20
otu5734	0	5	0	9	25	7
otu5735	8	6	15	0	4	13
otu5736	28	0	14	0	0	0
otu5737	12	19	13	1	0	2
otu5738	11	3	15	3	3	0
otu5739	17	16	6	5	5	0
otu5740	0	7	0	2	33	0
otu5741	20	17	4	0	3	1
otu5742	10	2	1	9	9	10
otu5743	0	6	5	5	12	3
otu5744	10	2	6	7	8	6
otu5745	4	13	0	0	26	0
otu5746	5	29	9	0	3	7
otu5747	8	9	10	4	10	0
otu5748	11	5	12	4	3	13
otu5749	8	2	0	0	18	3
otu5750	6	18	8	2	12	0
otu5751	9	11	0	4	11	0
otu5752	13	7	24	0	4	0
otu5753	15	12	8	4	8	2
otu5754	7	4	16	12	3	3
otu5755	14	18	8	0	3	3
otu5756	14	0	6	3	0	0
otu5757	6	35	10	0	0	0
otu5758	0	3	2	13	19	7
otu5759	2	4	0	7	24	6
otu5760	2	4	0	8	22	7
otu5761	0	3	0	9	23	5
otu5762	3	5	0	10	19	7
otu5763	3	4	2	7	25	6
otu5764	0	7	3	18	4	5
otu5765	0	14	20	3	3	8
otu5766	3	3	0	0	22	4
otu5767	44	0	0	6	0	0
otu5768	19	13	0	0	0	10
otu5769	4	33	9	3	2	0
otu5770	12	15	11	3	8	0
otu5771	14	11	7	2	10	0
otu5772	8	17	6	4	9	2
otu5773	4	0	3	9	11	10
otu5774	0	0	16	3	32	0
otu5775	0	6	4	5	26	3
otu5776	0	5	0	10	25	7
otu5777	0	4	0	0	39	0
otu5778	8	0	3	9	21	6
otu5779	15	14	3	0	4	0
otu5780	11	15	7	0	7	2
otu5781	0	6	0	8	9	13
otu5782	6	7	6	7	14	3
otu5783	14	8	12	3	4	2
otu5784	13	14	7	3	9	0
otu5785	18	12	19	0	4	0
otu5786	7	22	18	0	0	0
otu5787	11	7	9	0	3	0
otu5788	6	20	9	7	0	5
otu5789	12	12	4	4	5	0
otu5790	13	4	0	6	7	9
otu5791	21	10	0	4	3	0
otu5792	13	16	7	1	5	0
otu5793	7	12	7	3	3	6
otu5794	8	5	12	2	7	7
otu5795	0	7	0	9	23	7
otu5796	0	3	0	8	21	9
otu5797	0	3	0	3	24	7
otu5798	0	0	2	9	23	8
otu5799	0	4	0	8	24	6
otu5800	6	2	0	7	22	7
otu5801	0	4	3	8	25	5
otu5802	8	0	4	6	7	6
otu5803	2	28	0	2	22	0
otu5804	0	5	0	8	24	9
otu5805	14	20	6	0	4	0
otu5806	10	19	10	0	7	0
otu5807	8	12	13	3	4	5
otu5808	14	18	6	2	5	0
otu5809	2	4	0	6	20	5
otu5810	0	0	0	0	0	58
otu5811	17	4	4	5	3	17
otu5812	16	10	9	17	0	0
otu5813	11	0	2	5	10	5
otu5814	6	3	5	3	12	6
otu5815	2	1	3	8	7	16
otu5816	8	3	0	4	14	0
otu5817	19	9	4	6	12	2
otu5818	9	0	2	6	8	8
otu5819	1	9	11	0	11	2
otu5820	0	4	0	0	4	0
otu5821	0	7	0	0	35	0
otu5822	0	13	0	6	18	12
otu5823	5	6	0	7	18	5
otu5824	9	6	10	0	10	7
otu5825	16	7	7	2	3	2
otu5826	10	6	7	3	17	6
otu5827	11	10	14	0	0	0
otu5828	12	9	12	5	5	0
otu5829	5	26	8	0	0	10
otu5830	2	3	0	7	26	7
otu5831	3	6	18	6	6	0
otu5832	0	8	0	0	0	2
otu5833	7	18	8	0	5	0
otu5834	13	9	16	6	0	0
otu5835	0	5	0	11	19	14
otu5836	4	5	0	7	23	5
otu5837	5	0	3	6	0	0
otu5838	3	0	3	5	22	13
otu5839	10	15	6	3	4	4
otu5840	21	0	0	7	5	5
otu5841	14	4	20	0	0	3
otu5842	20	20	0	2	3	0
otu5843	7	3	5	12	9	0
otu5844	0	0	28	5	0	9
otu5845	5	4	6	4	5	15
otu5846	2	1	24	12	2	0
otu5847	13	18	3	0	6	0
otu5848	16	8	0	2	6	14
otu5849	13	2	7	2	11	0
otu5850	14	19	5	0	6	0
otu5851	15	18	8	2	4	0
otu5852	20	14	0	4	3	0
otu5853	5	12	10	2	11	6
otu5854	16	17	12	0	0	0
otu5855	9	3	10	8	0	9
otu5856	0	13	26	0	0	7
otu5857	16	10	4	0	6	0
otu5858	19	14	5	3	0	7
otu5859	9	16	4	0	2	16
otu5860	0	5	0	12	20	5
otu5861	10	10	5	4	10	5
otu5862	11	18	7	0	6	0
otu5863	14	8	0	0	7	12
otu5864	4	6	2	0	29	0
otu5865	11	13	5	3	9	4
otu5866	10	0	5	0	6	6
otu5867	4	0	0	11	10	6
otu5868	10	4	9	2	5	0
otu5869	13	6	4	3	5	2
otu5870	4	6	4	0	0	3
otu5871	5	0	0	8	22	8
otu5872	3	2	3	7	8	7
otu5873	3	5	6	7	7	6
otu5874	3	4	3	9	7	2
otu5875	0	4	0	0	38	0
otu5876	17	7	0	0	7	0
otu5877	0	4	12	2	18	6
otu5878	0	4	0	0	34	0
otu5879	13	15	5	4	7	6
otu5880	7	0	13	3	8	0
otu5881	16	4	15	0	0	2
otu5882	13	6	2	0	7	16
otu5883	10	11	8	0	9	3
otu5884	6	3	0	8	23	5
otu5885	0	0	0	13	23	9
otu5886	16	4	6	6	0	13
otu5887	0	6	0	9	26	0
otu5888	6	6	14	0	3	0
otu5889	5	10	7	4	5	4
otu5890	6	14	0	0	10	8
otu5891	0	5	16	5	13	7
otu5892	4	5	4	9	8	8
otu5893	0	4	0	7	24	6
otu5894	6	12	5	0	6	3
otu5895	10	0	4	5	5	7
otu5896	0	5	0	8	23	6
otu5897	3	41	0	0	7	0
otu5898	9	16	7	3	7	0
otu5899	10	16	13	0	8	0
otu5900	13	6	5	0	2	11
otu5901	6	20	5	0	0	3
otu5902	11	1	0	0	8	4
otu5903	10	23	2	3	3	2
otu5904	20	11	5	0	0	0
otu5905	8	10	9	2	14	0
otu5906	4	29	7	0	3	4
otu5907	15	11	8	2	5	0
otu5908	16	0	0	0	8	0
otu5909	0	4	0	8	23	7
otu5910	2	4	7	4	13	5
otu5911	16	0	0	11	6	4
otu5912	5	0	17	7	7	8
otu5913	0	6	0	11	21	5
otu5914	5	18	7	0	5	0
otu5915	21	6	9	5	2	0
otu5916	3	2	0	5	14	5
otu5917	3	9	0	3	9	13
otu5918	4	2	4	5	16	0
otu5919	0	0	10	4	33	3
otu5920	8	4	3	5	10	6
otu5921	11	6	17	0	2	3
otu5922	12	2	17	0	4	0
otu5923	22	0	10	0	3	0
otu5924	17	12	3	0	5	1
otu5925	0	0	12	5	32	4
otu5926	17	3	6	3	0	6
otu5927	4	6	3	7	8	3
otu5928	2	11	5	3	7	16
otu5929	8	8	8	0	12	5
otu5930	14	22	7	0	0	0
otu5931	9	27	2	0	11	0
otu5932	8	8	10	8	5	6
otu5933	0	1	0	8	6	11
otu5934	0	4	0	7	21	6
otu5935	4	0	0	7	23	4
otu5936	0	5	3	12	12	6
otu5937	0	2	0	6	25	9
otu5938	3	40	4	0	0	0
otu5939	0	0	0	12	23	0
otu5940	2	36	8	0	0	4
otu5941	26	8	9	7	0	0
otu5942	3	11	0	0	5	14
otu5943	0	4	6	14	6	3
otu5944	3	4	0	4	0	0
otu5945	12	6	20	0	0	1
otu5946	11	14	16	0	2	0
otu5947	0	6	0	0	30	0
otu5948	6	8	3	0	23	0
otu5949	0	52	0	0	0	0
otu5950	7	7	9	6	0	6
otu5951	5	7	2	5	3	8
otu5952	8	0	19	0	0	4
otu5953	18	8	3	0	4	0
otu5954	19	4	11	0	0	3
otu5955	6	9	6	3	4	2
otu5956	9	7	14	0	4	0
otu5957	8	2	7	0	10	7
otu5958	19	0	10	0	0	0
otu5959	13	12	12	0	6	0
otu5960	9	0	0	5	8	9
otu5961	13	11	17	0	0	0
otu5962	3	5	0	4	0	14
otu5963	5	19	0	0	0	6
otu5964	2	25	5	5	7	0
otu5965	12	1	12	2	8	5
otu5966	3	9	6	0	9	6
otu5967	15	14	6	0	0	0
otu5968	0	0	0	8	23	5
otu5969	0	3	0	7	23	6
otu5970	0	0	0	12	6	0
otu5971	9	15	7	2	7	0
otu5972	0	0	0	8	21	7
otu5973	2	4	0	8	18	8
otu5974	0	0	0	11	23	5
otu5975	0	2	5	4	14	4
otu5976	0	0	1	9	23	7
otu5977	27	11	0	0	2	1
otu5978	0	0	0	23	12	4
otu5979	2	3	0	8	14	5
otu5980	10	12	9	0	7	0
otu5981	10	3	0	2	11	0
otu5982	8	3	8	2	13	0
otu5983	13	6	21	0	0	2
otu5984	11	7	10	0	7	4
otu5985	9	5	13	7	3	0
otu5986	5	3	0	0	3	6
otu5987	4	2	3	4	5	7
otu5988	21	3	10	0	0	4
otu5989	11	2	0	3	4	0
otu5990	0	10	7	6	6	3
otu5991	5	0	3	6	5	11
otu5992	15	11	14	0	0	0
otu5993	5	3	5	0	0	0
otu5994	11	12	6	0	7	3
otu5995	0	6	0	0	31	0
otu5996	0	7	0	0	31	0
otu5997	0	4	5	7	11	7
otu5998	8	6	4	2	11	4
otu5999	6	2	0	0	0	0
otu6000	6	18	7	4	4	0
otu6001	9	19	7	0	6	0
otu6002	5	10	10	0	3	5
otu6003	11	14	5	0	5	0
otu6004	14	0	5	9	2	13
otu6005	15	3	2	14	0	8
otu6006	0	0	8	7	11	11
otu6007	12	4	10	5	0	3
otu6008	5	3	0	4	0	0
otu6009	0	4	0	4	25	7
otu6010	23	0	6	5	2	0
otu6011	7	14	8	0	6	0
otu6012	21	6	5	0	9	0
otu6013	11	4	0	0	4	12
otu6014	16	20	2	0	0	3
otu6015	14	11	0	0	0	3
otu6016	6	10	0	11	0	9
otu6017	0	3	0	8	22	6
otu6018	4	6	4	0	23	0
otu6019	0	2	0	7	24	7
otu6020	0	3	0	9	20	7
otu6021	0	0	0	0	0	51
otu6022	0	0	3	8	24	5
otu6023	2	0	9	9	5	8
otu6024	5	10	0	0	14	10
otu6025	11	10	9	0	7	4
otu6026	9	0	8	15	0	4
otu6027	8	11	8	2	3	0
otu6028	21	0	0	4	2	4
otu6029	8	11	11	2	12	0
otu6030	0	18	0	3	7	0
otu6031	2	2	3	5	4	15
otu6032	18	6	3	5	6	4
otu6033	9	0	4	3	7	10
otu6034	4	4	12	5	0	4
otu6035	4	11	19	0	8	0
otu6036	9	14	5	4	7	0
otu6037	16	5	4	12	0	4
otu6038	16	0	4	3	0	15
otu6039	9	11	7	0	8	0
otu6040	16	10	10	4	0	0
otu6041	23	7	0	3	0	9
otu6042	4	0	5	25	0	15
otu6043	10	6	6	0	0	18
otu6045	8	9	9	0	5	3
otu6046	11	7	16	0	0	0
otu6047	0	0	24	0	5	4
otu6048	12	2	4	5	3	0
otu6049	9	4	2	5	7	7
otu6050	6	3	11	0	7	4
otu6051	4	0	0	8	9	4
otu6052	2	3	0	6	20	6
otu6053	0	0	2	9	23	4
otu6054	0	0	0	12	5	7
otu6055	0	0	5	0	6	7
otu6056	0	14	4	11	3	7
otu6057	0	0	3	0	41	3
otu6058	5	16	5	4	5	0
otu6059	7	0	2	0	36	0
otu6060	8	2	14	3	2	2
otu6061	7	20	5	0	6	0
otu6062	8	5	18	0	2	0
otu6063	3	15	8	0	2	6
otu6064	6	2	24	0	2	3
otu6065	5	4	5	5	7	8
otu6066	6	5	0	4	7	9
otu6067	11	26	2	0	0	0
otu6068	3	6	5	7	7	6
otu6069	8	8	8	2	21	0
otu6070	4	0	5	3	4	8
otu6071	0	0	10	3	35	0
otu6072	0	28	0	0	9	2
otu6073	12	11	12	4	0	3
otu6074	17	1	19	0	3	6
otu6075	24	4	3	0	6	5
otu6076	9	2	3	3	7	7
otu6077	18	7	3	0	2	4
otu6078	6	6	9	7	2	7
otu6079	8	17	7	0	5	0
otu6080	11	19	7	0	3	0
otu6081	14	8	8	0	3	7
otu6082	0	4	0	11	17	8
otu6083	3	2	0	7	23	8
otu6084	12	12	4	0	3	4
otu6085	0	4	2	5	23	4
otu6086	0	3	2	6	20	7
otu6087	0	5	29	1	0	0
otu6088	0	4	0	6	14	6
otu6089	4	6	3	0	14	3
otu6090	4	3	7	7	6	4
otu6091	0	14	8	0	0	9
otu6092	9	7	7	2	0	3
otu6093	2	27	2	7	9	0
otu6094	0	7	0	7	21	5
otu6095	8	9	6	0	0	0
otu6096	14	9	4	3	3	3
otu6097	7	2	2	3	3	21
otu6098	5	14	11	0	6	0
otu6099	3	8	5	0	11	7
otu6100	8	0	2	0	5	6
otu6101	11	10	8	0	5	0
otu6102	14	0	6	11	0	6
otu6103	2	0	5	4	7	5
otu6104	2	4	6	7	7	5
otu6105	4	2	5	4	6	8
otu6106	2	8	7	3	3	3
otu6107	4	0	8	5	5	9
otu6108	3	8	4	6	1	5
otu6109	2	0	0	7	12	8
otu6110	5	5	0	0	26	0
otu6111	17	9	5	0	0	0
otu6112	8	14	6	0	8	0
otu6113	2	0	0	0	41	0
otu6114	14	8	6	7	0	7
otu6115	16	5	6	0	5	3
otu6116	8	9	0	0	7	0
otu6117	3	0	10	12	8	4
otu6118	10	7	0	3	15	2
otu6119	0	7	2	4	19	0
otu6120	14	4	9	3	2	2
otu6121	20	3	4	0	7	4
otu6122	10	3	12	6	2	2
otu6123	3	22	0	0	0	7
otu6124	0	2	3	0	9	31
otu6125	2	4	0	6	22	7
otu6126	3	0	0	5	14	0
otu6127	0	4	0	5	19	7
otu6128	0	3	0	7	22	3
otu6129	3	2	5	8	10	6
otu6130	5	0	0	0	5	0
otu6131	17	11	16	4	0	0
otu6132	0	4	0	5	22	5
otu6133	0	2	15	0	7	0
otu6134	10	8	13	4	2	0
otu6135	0	2	0	7	20	7
otu6136	4	4	4	3	7	8
otu6137	4	8	14	0	3	10
otu6138	10	12	0	0	10	6
otu6139	15	14	5	3	0	0
otu6140	12	4	11	2	3	2
otu6141	4	3	3	5	0	4
otu6142	5	19	3	3	0	7
otu6143	3	0	6	2	11	0
otu6144	2	7	4	3	3	9
otu6145	7	3	5	2	6	13
otu6146	12	4	20	0	2	0
otu6147	4	0	10	3	11	9
otu6148	0	10	9	7	2	3
otu6150	2	0	0	9	0	7
otu6151	0	1	0	5	22	7
otu6152	10	24	6	2	0	0
otu6153	12	2	19	0	4	2
otu6154	13	8	8	0	4	4
otu6155	9	12	0	0	0	6
otu6156	32	0	5	0	4	0
otu6157	18	0	3	7	5	4
otu6158	19	8	4	0	0	1
otu6159	12	2	0	4	0	9
otu6160	16	8	11	0	7	3
otu6161	16	4	5	0	0	8
otu6162	6	12	0	0	3	6
otu6163	4	0	0	5	4	6
otu6164	8	0	11	0	5	0
otu6165	9	3	9	4	12	0
otu6166	5	0	5	10	9	3
otu6167	10	20	3	0	5	0
otu6168	4	0	0	5	5	11
otu6169	6	11	17	0	4	0
otu6170	0	4	6	7	4	3
otu6171	11	11	10	0	0	4
otu6172	12	0	3	2	5	6
otu6173	0	1	10	5	5	4
otu6174	6	4	13	0	8	5
otu6175	3	5	2	0	9	10
otu6176	12	13	9	0	5	0
otu6177	0	0	0	7	22	4
otu6178	9	0	8	0	0	4
otu6179	0	2	25	0	0	0
otu6180	0	2	2	2	7	2
otu6181	2	3	4	0	19	6
otu6182	0	0	1	4	12	5
otu6183	5	0	3	4	5	10
otu6184	17	19	0	2	0	0
otu6185	8	3	0	5	6	0
otu6186	0	4	6	0	12	6
otu6187	8	0	11	0	0	0
otu6188	19	4	5	0	5	0
otu6189	1	4	3	9	11	0
otu6190	6	9	3	5	8	5
otu6191	1	12	5	0	9	10
otu6192	13	7	12	0	7	0
otu6193	15	8	5	0	0	5
otu6194	13	4	8	7	0	9
otu6195	19	0	7	0	3	5
otu6196	0	2	15	4	16	0
otu6197	46	0	0	0	0	0
otu6198	0	2	3	5	18	8
otu6199	0	3	0	5	18	5
otu6200	0	0	0	7	18	6
otu6201	0	0	9	4	33	0
otu6202	0	2	7	0	4	5
otu6203	0	8	0	5	19	2
otu6204	0	4	0	0	23	4
otu6205	15	9	9	0	0	5
otu6206	3	0	0	3	7	6
otu6207	10	5	9	6	0	0
otu6208	11	5	0	3	5	5
otu6209	0	3	0	6	20	3
otu6210	0	1	11	0	4	22
otu6211	5	2	2	6	0	8
otu6212	12	10	0	0	2	5
otu6213	4	6	0	6	5	5
otu6214	18	7	4	0	12	3
otu6215	13	13	3	4	0	6
otu6216	7	3	3	5	10	3
otu6217	5	0	2	0	0	0
otu6218	0	0	6	0	32	7
otu6219	2	0	0	7	10	2
otu6220	0	0	7	2	31	0
otu6221	4	9	4	7	8	4
otu6222	18	8	4	0	6	0
otu6223	0	0	9	0	8	3
otu6224	9	4	0	3	5	0
otu6225	14	7	2	4	2	3
otu6226	8	10	4	0	10	0
otu6227	0	2	0	8	2	11
otu6228	9	6	9	0	0	5
otu6229	11	6	10	0	5	7
otu6230	13	2	10	3	2	2
otu6231	4	3	0	17	9	10
otu6232	20	6	4	0	11	0
otu6233	5	2	24	4	0	2
otu6234	6	17	0	0	0	5
otu6235	17	7	8	0	3	0
otu6236	13	16	0	0	4	0
otu6237	20	5	7	8	0	0
otu6238	15	15	4	4	0	0
otu6239	0	3	0	0	25	6
otu6240	0	0	0	10	13	4
otu6241	4	1	0	4	20	5
otu6242	9	17	0	3	2	0
otu6243	0	0	3	0	5	16
otu6244	3	0	0	16	13	5
otu6245	6	2	13	4	0	4
otu6246	0	32	0	0	5	0
otu6247	4	5	8	8	4	4
otu6248	6	3	0	7	5	4
otu6249	0	0	3	5	7	8
otu6251	15	9	6	4	0	0
otu6252	10	4	6	3	6	3
otu6253	15	5	6	0	3	2
otu6254	7	3	4	4	6	6
otu6255	5	0	4	2	10	6
otu6256	10	6	0	0	8	0
otu6257	8	3	12	4	8	2
otu6258	9	0	13	0	4	0
otu6259	7	12	5	0	4	8
otu6260	17	5	0	3	3	5
otu6261	10	4	3	0	6	3
otu6262	8	0	6	10	6	3
otu6263	7	0	16	5	4	3
otu6264	4	8	11	7	0	9
otu6265	9	0	5	10	0	0
otu6266	11	7	7	3	9	0
otu6267	5	8	11	4	4	0
otu6268	14	6	4	0	8	0
otu6269	2	6	0	3	17	0
otu6270	0	4	0	13	9	8
otu6271	0	29	4	0	0	0
otu6272	0	0	0	10	9	8
otu6273	0	0	0	6	18	6
otu6274	0	3	0	6	20	4
otu6275	5	0	0	12	8	4
otu6276	6	5	0	1	6	0
otu6277	0	5	0	6	16	6
otu6278	0	4	0	4	4	8
otu6279	18	5	6	0	0	4
otu6280	16	3	8	0	3	0
otu6281	0	5	6	0	14	3
otu6282	15	0	7	5	0	0
otu6283	15	2	9	3	3	3
otu6284	6	3	7	0	0	8
otu6285	0	2	0	3	26	0
otu6286	8	0	6	10	0	5
otu6287	4	0	2	11	0	9
otu6288	13	9	4	0	0	3
otu6289	0	8	5	0	2	3
otu6290	6	4	4	5	6	3
otu6291	0	0	31	6	0	0
otu6292	10	4	9	0	0	6
otu6293	13	5	13	0	3	0
otu6294	0	2	0	3	18	7
otu6295	8	13	13	0	0	0
otu6296	16	10	6	2	0	0
otu6297	19	8	5	0	0	7
otu6298	6	4	13	0	2	0
otu6299	16	4	0	0	3	4
otu6300	2	13	0	0	8	4
otu6301	0	0	7	2	28	0
otu6302	7	8	2	0	8	5
otu6303	14	2	0	0	6	9
otu6304	7	11	0	3	5	0
otu6305	6	3	3	11	3	5
otu6306	12	5	11	0	4	0
otu6307	0	15	0	0	10	7
otu6308	18	0	0	5	3	3
otu6309	17	3	7	0	0	0
otu6310	4	7	6	5	12	0
otu6311	2	8	0	11	0	12
otu6312	14	4	5	3	4	9
otu6313	12	4	3	5	8	9
otu6314	7	9	0	0	0	3
otu6315	0	1	18	8	0	2
otu6316	14	0	6	0	2	3
otu6317	0	0	9	0	31	0
otu6318	16	9	5	0	0	0
otu6319	0	3	0	0	11	9
otu6320	0	5	0	5	20	3
otu6321	3	0	0	0	8	3
otu6322	3	5	0	7	23	0
otu6323	0	0	0	9	8	0
otu6324	0	4	0	1	22	4
otu6325	0	0	0	8	21	4
otu6326	0	0	0	7	22	3
otu6327	0	0	0	16	10	0
otu6328	10	3	8	7	4	4
otu6329	13	0	3	4	0	3
otu6330	7	15	3	0	7	2
otu6331	8	11	8	9	3	0
otu6332	0	8	5	5	7	6
otu6333	0	2	7	16	3	4
otu6334	11	10	5	0	0	0
otu6335	7	11	9	0	4	0
otu6336	0	0	0	7	21	6
otu6337	11	8	12	0	0	0
otu6338	7	4	13	0	0	7
otu6339	6	4	4	3	3	4
otu6340	4	8	4	4	6	1
otu6341	4	11	0	5	7	10
otu6342	9	0	3	11	6	3
otu6343	0	0	0	6	5	8
otu6344	5	7	8	5	0	7
otu6345	0	11	7	0	8	0
otu6346	2	5	0	0	0	0
otu6347	5	4	6	3	1	2
otu6348	8	2	0	0	8	0
otu6349	8	4	5	0	5	3
otu6350	4	4	10	0	2	1
otu6351	10	15	0	0	0	4
otu6352	8	0	0	11	5	3
otu6353	19	12	7	0	0	0
otu6354	8	14	2	0	4	0
otu6355	7	6	0	4	12	6
otu6356	11	7	5	4	2	4
otu6357	6	10	8	3	4	0
otu6358	0	12	19	0	3	0
otu6359	5	0	6	5	7	7
otu6360	5	9	0	2	2	12
otu6361	0	0	0	2	40	0
otu6362	4	8	4	0	7	5
otu6363	0	2	0	8	25	0
otu6364	0	0	0	4	9	7
otu6365	10	0	10	7	7	0
otu6366	13	22	2	0	5	0
otu6367	0	3	0	6	14	0
otu6368	2	6	0	0	10	10
otu6369	1	4	0	5	9	0
otu6370	0	3	7	0	4	4
otu6371	3	2	3	3	7	6
otu6372	12	6	5	0	0	3
otu6373	6	10	9	4	2	0
otu6374	6	14	0	0	7	5
otu6375	0	0	0	9	6	7
otu6376	7	4	2	6	4	4
otu6377	2	8	6	11	0	4
otu6378	5	11	10	0	7	0
otu6379	3	0	5	0	0	34
otu6380	11	0	14	0	0	0
otu6381	1	0	10	0	6	5
otu6382	0	4	13	0	0	6
otu6383	10	0	2	5	3	6
otu6384	0	3	5	6	5	5
otu6385	4	0	2	5	7	4
otu6386	8	0	6	4	4	3
otu6387	9	13	0	0	0	5
otu6388	0	0	0	31	0	0
otu6389	13	0	0	2	5	4
otu6390	5	14	3	2	7	0
otu6391	0	0	30	0	0	0
otu6392	7	4	0	4	6	7
otu6393	10	0	12	4	9	0
otu6394	8	11	6	6	2	5
otu6395	2	10	8	0	9	0
otu6396	17	5	0	0	4	5
otu6397	2	12	7	4	7	3
otu6398	4	7	0	0	8	3
otu6399	14	12	0	0	0	0
otu6400	7	5	5	4	0	6
otu6401	20	2	8	2	0	3
otu6402	4	0	0	12	11	5
otu6403	0	0	0	2	10	5
otu6404	2	2	7	2	4	0
otu6405	12	3	13	0	4	0
otu6406	3	0	5	3	4	7
otu6407	2	0	0	10	9	4
otu6408	0	7	7	3	8	2
otu6409	0	0	0	6	19	6
otu6410	0	0	0	8	10	6
otu6411	11	12	0	0	2	0
otu6412	11	4	0	2	0	3
otu6413	0	0	25	0	0	0
otu6414	15	3	6	0	1	3
otu6415	14	6	11	0	0	0
otu6416	15	2	4	10	0	5
otu6417	0	0	10	0	8	4
otu6418	10	9	0	0	0	5
otu6419	14	2	0	0	9	1
otu6420	2	0	7	10	5	7
otu6421	3	2	18	5	0	0
otu6422	0	1	0	4	7	4
otu6423	10	0	0	10	7	0
otu6424	4	16	0	0	0	8
otu6425	0	1	0	6	19	6
otu6426	8	0	0	12	4	0
otu6427	2	0	0	8	18	6
otu6428	3	0	6	3	13	6
otu6429	13	7	6	0	3	0
otu6430	4	3	13	0	2	4
otu6431	12	6	7	0	0	6
otu6432	0	0	0	0	40	0
otu6433	8	9	6	0	5	0
otu6434	3	8	3	2	5	0
otu6435	4	0	0	9	5	3
otu6436	8	0	0	9	0	3
otu6437	2	2	0	5	5	7
otu6438	8	0	2	0	3	6
otu6439	6	8	7	3	0	5
otu6440	9	11	6	0	4	3
otu6441	7	4	10	3	5	3
otu6442	4	0	0	3	9	5
otu6443	9	0	4	11	0	7
otu6444	4	3	8	5	0	6
otu6445	8	2	0	2	8	4
otu6446	0	4	8	0	7	0
otu6447	10	8	0	0	0	0
otu6448	7	0	0	4	4	5
otu6449	0	0	1	6	17	7
otu6450	10	0	0	0	0	0
otu6451	9	6	11	0	0	6
otu6452	5	11	6	0	0	3
otu6453	0	26	5	0	0	0
otu6454	14	0	4	0	0	0
otu6455	6	4	13	0	0	0
otu6456	7	12	12	0	0	0
otu6457	5	6	13	2	0	7
otu6458	2	18	0	10	8	1
otu6459	13	5	5	4	0	3
otu6460	7	3	3	3	0	12
otu6461	11	3	5	0	5	0
otu6462	0	11	9	0	5	1
otu6463	10	12	3	0	0	2
otu6464	12	6	11	0	0	2
otu6465	14	5	3	0	4	0
otu6466	3	0	0	5	11	3
otu6467	0	0	0	4	21	0
otu6468	0	2	0	3	9	6
otu6469	0	0	0	7	10	3
otu6470	0	2	5	0	4	6
otu6471	0	2	17	3	0	3
otu6472	10	7	0	0	4	4
otu6474	0	5	14	9	0	0
otu6475	9	0	3	13	0	4
otu6476	12	0	8	6	0	0
otu6477	12	17	0	0	0	3
otu6478	0	6	2	3	7	0
otu6479	19	0	7	0	0	0
otu6480	8	8	8	0	0	5
otu6481	0	3	5	6	9	4
otu6482	11	3	10	0	3	4
otu6483	15	8	8	0	0	0
otu6484	9	3	8	0	7	0
otu6485	9	10	0	0	0	6
otu6486	3	0	0	11	9	4
otu6487	4	6	8	0	2	0
otu6488	5	0	5	6	5	0
otu6489	7	10	9	0	0	2
otu6490	0	14	0	0	11	0
otu6491	3	0	10	0	1	2
otu6492	23	6	5	0	0	0
otu6493	6	0	15	2	2	3
otu6494	11	6	5	0	0	3
otu6495	8	6	1	1	17	0
otu6496	3	10	9	0	6	3
otu6497	7	4	9	0	0	8
otu6498	8	4	10	0	5	0
otu6499	3	0	7	4	16	2
otu6500	0	0	27	0	0	0
otu6501	9	6	4	0	5	9
otu6502	5	9	7	3	0	4
otu6503	10	0	11	0	3	0
otu6504	3	4	3	4	8	3
otu6505	4	3	6	4	8	0
otu6506	0	0	0	9	10	4
otu6507	2	0	2	7	8	4
otu6508	5	0	0	6	16	6
otu6509	0	2	0	7	9	3
otu6510	6	0	0	5	5	5
otu6511	0	0	3	3	14	7
otu6512	3	0	0	4	4	6
otu6513	12	0	14	0	3	0
otu6514	13	2	5	2	0	0
otu6515	7	12	4	0	2	0
otu6516	10	0	10	0	2	0
otu6517	0	0	0	0	29	9
otu6518	19	3	4	0	3	0
otu6519	0	7	2	11	4	5
otu6520	0	0	0	0	38	0
otu6521	0	0	0	0	31	7
otu6522	30	0	0	8	0	0
otu6523	0	10	3	3	5	0
otu6524	5	17	8	0	2	0
otu6525	0	5	22	4	0	0
otu6526	2	9	3	3	0	0
otu6527	5	0	0	5	3	7
otu6528	3	8	5	3	7	0
otu6529	2	2	10	8	0	0
otu6530	5	6	4	1	5	5
otu6531	6	3	5	6	5	4
otu6532	28	0	0	0	0	0
otu6533	2	3	6	3	4	5
otu6534	10	9	4	4	0	0
otu6535	3	0	30	4	0	0
otu6536	10	3	13	3	0	3
otu6537	11	6	0	14	0	0
otu6538	3	5	0	4	7	4
otu6539	4	0	0	5	8	5
otu6540	0	0	11	5	0	8
otu6541	1	0	17	2	3	7
otu6542	6	3	5	8	0	5
otu6543	0	3	3	3	12	5
otu6544	22	0	6	0	0	0
otu6545	0	0	5	0	28	1
otu6546	0	13	6	0	13	5
otu6547	0	5	0	3	4	5
otu6548	3	4	9	3	0	6
otu6549	12	5	17	0	0	0
otu6550	0	9	4	9	0	3
otu6551	8	4	9	0	0	0
otu6552	5	0	5	0	6	0
otu6553	5	9	2	5	0	8
otu6554	5	9	9	5	0	2
otu6555	6	6	9	0	7	3
otu6556	21	12	0	0	0	0
otu6557	5	4	0	0	11	0
otu6558	0	0	0	7	13	5
otu6559	16	0	0	4	0	0
otu6560	3	0	0	5	11	8
otu6561	5	8	0	4	7	3
otu6562	12	0	11	0	0	4
otu6563	0	0	22	0	0	0
otu6564	5	13	3	0	0	5
otu6565	4	30	0	3	0	0
otu6566	5	4	4	7	2	0
otu6567	6	0	3	12	0	0
otu6568	8	0	0	13	2	4
otu6569	9	7	15	0	0	0
otu6570	2	0	0	5	5	0
otu6571	22	3	6	0	0	0
otu6572	7	6	7	0	4	9
otu6573	20	0	3	0	3	4
otu6574	2	8	7	3	0	4
otu6575	5	6	3	0	2	0
otu6576	9	3	5	0	4	0
otu6577	18	0	0	2	8	0
otu6578	6	9	8	0	0	0
otu6579	0	6	2	0	7	3
otu6580	11	0	2	0	0	16
otu6581	12	6	0	0	0	2
otu6582	0	0	0	8	10	5
otu6583	12	0	0	3	0	0
otu6584	6	4	12	0	4	5
otu6585	7	0	0	8	6	0
otu6586	0	0	25	4	0	0
otu6587	5	9	0	10	0	3
otu6588	7	0	11	2	16	0
otu6589	13	4	3	0	0	0
otu6590	3	0	6	5	2	7
otu6591	5	2	5	0	3	4
otu6592	0	3	0	2	21	7
otu6593	0	0	14	2	3	4
otu6594	6	3	10	5	4	4
otu6595	3	5	4	3	5	2
otu6596	11	0	3	3	3	5
otu6597	13	4	7	0	4	0
otu6598	2	3	4	8	11	3
otu6599	7	0	2	8	0	3
otu6600	9	8	5	0	9	2
otu6601	2	0	21	0	0	6
otu6602	6	10	0	0	1	5
otu6603	10	5	0	2	8	0
otu6604	0	0	0	6	14	3
otu6605	3	0	0	11	11	0
otu6606	14	0	2	4	0	4
otu6607	0	0	0	0	13	7
otu6608	8	7	5	0	3	0
otu6609	9	4	9	3	6	0
otu6610	0	8	12	3	0	0
otu6611	10	8	7	0	3	4
otu6612	10	7	4	6	3	5
otu6613	0	16	2	0	8	0
otu6614	17	4	0	4	0	0
otu6615	9	8	4	0	2	2
otu6616	10	3	3	7	7	0
otu6617	6	2	4	0	2	0
otu6618	12	0	9	0	3	2
otu6619	9	11	4	0	7	0
otu6620	4	3	5	0	0	7
otu6621	3	4	0	3	7	4
otu6622	0	5	4	0	13	0
otu6623	2	0	6	15	2	1
otu6624	3	3	0	5	13	4
otu6625	11	0	7	0	5	9
otu6626	5	12	0	0	0	6
otu6628	7	0	5	13	0	0
otu6629	0	5	0	4	7	8
otu6630	3	6	8	0	0	2
otu6631	9	5	5	3	0	3
otu6632	4	10	3	0	4	3
otu6633	0	3	11	6	0	4
otu6634	7	14	10	0	0	0
otu6635	12	7	3	3	0	0
otu6636	11	9	2	5	0	3
otu6637	15	4	2	2	0	0
otu6638	3	0	3	5	5	5
otu6639	2	0	4	3	7	8
otu6640	12	7	5	0	0	0
otu6641	7	6	0	4	2	0
otu6642	10	7	0	3	2	5
otu6643	6	2	4	0	10	4
otu6644	8	1	0	4	7	3
otu6645	7	6	8	2	0	4
otu6646	0	0	0	13	9	0
otu6647	9	0	3	8	0	3
otu6648	7	5	3	2	5	3
otu6649	0	0	0	5	19	6
otu6650	0	0	0	4	15	5
otu6651	15	8	5	0	0	0
otu6652	4	7	10	0	5	0
otu6653	9	2	11	0	3	0
otu6654	0	17	11	0	2	0
otu6655	0	0	2	5	7	4
otu6656	4	2	4	0	7	0
otu6658	14	12	2	0	0	0
otu6659	11	5	4	5	0	0
otu6660	0	17	3	5	0	2
otu6661	13	2	0	4	0	16
otu6662	10	0	3	0	8	0
otu6663	12	14	4	3	0	0
otu6664	0	0	0	7	4	8
otu6665	18	3	6	0	5	0
otu6666	6	0	6	4	5	4
otu6667	0	0	0	5	5	0
otu6668	12	10	5	0	0	0
otu6669	10	2	4	3	0	9
otu6670	0	0	0	4	9	6
otu6672	14	0	9	5	0	4
otu6674	9	9	1	0	2	9
otu6675	0	0	12	0	5	0
otu6676	3	0	3	5	4	7
otu6677	9	2	5	0	2	4
otu6678	4	8	5	0	4	0
otu6680	10	3	6	0	0	3
otu6681	7	8	7	3	2	0
otu6682	7	8	0	0	0	6
otu6683	5	0	0	0	5	0
otu6684	20	0	0	0	0	0
otu6685	0	2	5	10	2	7
otu6686	0	23	2	0	4	0
otu6687	4	2	0	3	6	7
otu6688	0	1	0	0	27	2
otu6689	2	3	3	3	0	7
otu6690	4	4	2	3	6	0
otu6691	5	9	0	0	12	0
otu6692	8	7	0	0	1	0
otu6693	10	4	7	0	4	0
otu6694	8	12	3	0	0	0
otu6695	5	4	13	0	0	0
otu6696	16	4	9	0	4	0
otu6697	0	0	0	0	34	0
otu6698	6	9	7	0	0	0
otu6699	4	10	8	6	0	0
otu6700	9	0	7	3	6	0
otu6701	18	13	2	1	0	0
otu6702	6	4	5	0	0	7
otu6703	4	7	3	4	2	0
otu6704	0	0	8	4	7	9
otu6705	10	2	7	0	0	10
otu6706	0	2	13	9	0	0
otu6707	12	3	7	4	0	0
otu6708	2	9	0	4	5	0
otu6709	0	0	0	8	7	0
otu6710	0	0	0	4	9	2
otu6711	3	3	3	3	3	5
otu6712	3	3	3	2	2	4
otu6713	10	6	9	0	0	0
otu6714	9	0	7	0	0	0
otu6715	4	5	3	0	4	0
otu6716	9	6	0	0	4	6
otu6717	6	3	10	4	4	3
otu6718	4	13	4	0	6	0
otu6719	12	0	4	0	0	5
otu6720	0	6	0	0	6	13
otu6721	4	3	0	10	0	6
otu6722	0	0	0	0	10	8
otu6723	16	0	7	0	7	0
otu6724	8	0	0	2	9	0
otu6725	7	4	10	3	6	0
otu6726	0	5	7	0	11	4
otu6727	3	7	6	3	2	0
otu6728	0	11	0	0	0	0
otu6729	9	6	9	0	0	2
otu6730	6	0	5	5	0	0
otu6731	0	13	3	3	3	2
otu6732	3	0	7	6	8	6
otu6733	0	2	0	2	4	8
otu6734	7	9	6	3	0	0
otu6735	6	7	2	5	7	0
otu6736	17	0	4	0	0	0
otu6737	6	10	0	2	3	0
otu6738	12	3	0	0	0	0
otu6739	0	2	14	4	0	4
otu6740	0	0	3	0	8	2
otu6741	6	7	0	8	0	4
otu6742	6	0	9	3	0	4
otu6743	0	4	5	5	0	0
otu6744	4	0	3	0	5	0
otu6745	7	3	10	0	9	0
otu6746	0	9	3	0	5	5
otu6747	6	10	0	0	0	3
otu6748	5	0	6	0	2	9
otu6749	9	4	10	0	0	3
otu6750	0	2	22	0	3	0
otu6751	15	6	4	0	3	0
otu6752	0	9	0	8	2	4
otu6753	10	3	5	0	5	5
otu6754	12	0	7	4	1	4
otu6755	0	8	4	9	0	6
otu6756	7	0	6	0	2	4
otu6757	0	3	0	3	9	6
otu6758	4	5	3	3	4	4
otu6759	3	3	0	0	7	10
otu6760	0	0	0	0	29	0
otu6761	5	2	0	0	4	0
otu6762	15	0	7	0	7	0
otu6763	6	4	8	4	0	5
otu6764	2	6	5	6	3	0
otu6765	0	4	0	0	18	0
otu6766	7	0	5	6	0	0
otu6767	8	6	9	5	0	0
otu6768	6	5	0	3	2	3
otu6769	9	9	2	2	0	6
otu6770	3	7	5	0	5	0
otu6771	6	0	0	6	0	18
otu6772	4	3	0	4	4	2
otu6773	0	11	4	2	4	0
otu6774	6	12	3	0	4	0
otu6775	12	5	0	0	6	6
otu6776	0	0	0	6	7	12
otu6777	14	3	7	0	0	0
otu6778	7	0	0	5	7	6
otu6779	0	5	2	4	4	10
otu6780	0	0	3	0	4	0
otu6781	0	5	0	3	7	6
otu6782	2	7	0	0	9	0
otu6783	4	1	2	5	3	9
otu6784	2	9	0	2	3	0
otu6785	0	4	6	0	0	8
otu6786	4	0	7	6	3	6
otu6787	11	0	3	4	0	7
otu6788	2	7	4	0	4	4
otu6789	3	0	0	0	6	0
otu6790	4	4	5	0	0	6
otu6791	0	0	1	4	3	6
otu6792	10	0	5	0	7	5
otu6793	3	15	5	0	0	4
otu6794	9	0	17	0	3	0
otu6795	10	10	4	0	3	3
otu6796	1	7	4	0	8	0
otu6797	2	11	0	3	4	5
otu6798	2	2	11	0	2	4
otu6799	0	0	1	9	13	0
otu6800	6	10	4	2	4	3
otu6801	6	1	0	3	5	0
otu6802	8	0	0	0	0	5
otu6803	0	0	0	0	0	20
otu6804	0	0	0	4	6	5
otu6805	0	8	0	7	3	4
otu6806	7	6	0	0	0	4
otu6808	0	3	10	0	6	3
otu6809	0	0	20	0	0	0
otu6810	8	11	6	0	0	0
otu6811	15	0	0	0	0	17
otu6812	0	0	0	3	0	12
otu6813	0	0	16	0	7	0
otu6814	9	0	0	0	0	0
otu6815	2	3	2	4	5	7
otu6816	10	11	6	5	0	0
otu6817	11	6	4	0	0	3
otu6818	0	0	3	13	0	8
otu6819	0	3	2	5	6	4
otu6820	0	0	0	6	6	9
otu6821	3	3	0	4	10	5
otu6822	7	4	4	4	0	2
otu6824	4	2	5	4	0	0
otu6825	16	4	4	0	0	3
otu6826	1	0	15	6	0	3
otu6827	0	0	0	3	11	9
otu6828	3	3	0	0	6	0
otu6829	12	0	0	0	2	0
otu6830	0	10	6	3	5	0
otu6831	7	4	3	0	3	0
otu6832	0	4	12	0	4	2
otu6833	0	12	13	1	3	0
otu6834	5	10	0	0	0	2
otu6835	2	2	11	3	3	0
otu6836	6	0	5	7	0	0
otu6837	3	0	21	0	0	0
otu6838	0	5	0	2	8	0
otu6839	5	0	9	0	0	4
otu6840	0	0	10	6	3	0
otu6841	3	4	0	3	3	0
otu6842	10	0	2	0	0	12
otu6843	7	10	8	0	0	0
otu6844	3	8	0	0	8	4
otu6845	0	0	8	3	0	9
otu6846	13	3	9	0	0	0
otu6847	10	0	12	0	3	6
otu6848	0	7	8	0	16	0
otu6849	4	10	0	3	0	0
otu6850	2	0	0	3	8	4
otu6851	0	0	0	6	8	6
otu6852	3	4	11	0	3	0
otu6853	3	0	0	6	9	0
otu6854	6	0	0	0	6	6
otu6855	3	4	3	3	0	5
otu6856	0	0	0	5	6	2
otu6857	0	0	6	0	3	2
otu6858	3	12	10	0	0	0
otu6859	0	2	0	3	9	8
otu6860	13	7	8	0	0	0
otu6861	0	0	0	0	31	0
otu6862	9	0	13	0	0	0
otu6863	16	0	6	0	4	0
otu6864	5	7	8	4	0	0
otu6865	0	0	4	6	6	2
otu6866	5	15	4	0	0	0
otu6867	11	4	5	0	0	0
otu6868	13	0	0	0	0	0
otu6869	7	0	0	5	7	0
otu6870	8	10	0	0	0	3
otu6871	7	0	0	3	0	5
otu6872	6	13	7	0	0	4
otu6873	16	0	6	0	4	0
otu6874	0	3	7	2	0	0
otu6875	6	6	5	3	0	0
otu6876	0	8	0	0	16	0
otu6877	3	0	5	0	7	5
otu6878	8	4	0	8	0	7
otu6879	9	0	3	6	0	0
otu6880	5	0	0	0	4	4
otu6881	0	0	5	3	5	0
otu6882	4	0	0	5	5	6
otu6883	0	0	0	0	28	0
otu6884	4	5	3	7	0	0
otu6885	0	0	0	2	7	7
otu6886	6	4	0	0	11	5
otu6887	11	0	11	0	0	0
otu6888	4	11	4	0	6	0
otu6889	7	9	4	2	0	2
otu6890	11	1	8	0	0	0
otu6891	4	0	0	0	5	0
otu6892	11	3	3	0	5	0
otu6893	3	3	18	0	0	0
otu6894	11	6	4	3	0	0
otu6895	9	0	3	4	0	5
otu6896	11	0	7	0	0	0
otu6897	7	5	2	0	0	2
otu6898	8	10	6	4	0	0
otu6899	2	7	1	0	7	6
otu6900	0	0	0	10	7	5
otu6901	0	7	15	0	5	0
otu6902	6	0	3	0	0	0
otu6903	9	10	2	0	0	0
otu6904	0	23	2	0	0	5
otu6905	3	0	0	9	4	2
otu6906	9	0	0	0	0	3
otu6907	8	12	0	0	0	4
otu6908	0	7	3	0	7	4
otu6909	16	4	2	2	0	0
otu6910	0	0	0	5	2	0
otu6911	0	4	4	5	8	0
otu6912	3	0	0	4	5	5
otu6913	7	4	4	0	0	6
otu6914	0	0	0	5	5	5
otu6915	0	8	3	7	3	3
otu6916	0	6	0	8	2	4
otu6917	0	2	1	11	6	3
otu6918	0	0	0	5	5	10
otu6919	9	7	5	0	3	0
otu6920	0	5	0	2	4	0
otu6921	0	5	6	0	6	0
otu6922	11	7	6	0	3	0
otu6923	10	0	0	2	0	3
otu6924	0	4	0	11	5	4
otu6925	3	0	6	3	0	2
otu6926	0	5	11	0	3	0
otu6927	8	3	3	3	3	0
otu6928	15	3	7	0	1	0
otu6929	6	5	2	4	0	2
otu6930	9	0	3	0	2	6
otu6931	4	0	0	4	10	5
otu6932	4	0	6	0	5	0
otu6933	0	0	19	0	0	0
otu6934	8	9	3	0	3	2
otu6935	0	0	2	10	3	4
otu6936	3	4	2	0	4	5
otu6937	0	0	0	3	9	5
otu6938	12	0	9	0	4	4
otu6939	7	0	2	3	7	0
otu6940	0	4	0	5	4	0
otu6941	3	3	0	3	4	0
otu6942	0	0	3	0	0	9
otu6943	8	0	0	4	5	0
otu6944	2	14	7	0	0	0
otu6945	0	0	0	10	0	8
otu6946	0	11	5	0	4	0
otu6947	3	0	0	0	22	0
otu6948	5	0	4	7	2	5
otu6949	4	11	0	0	0	5
otu6950	12	8	0	0	4	3
otu6951	3	8	0	0	12	0
otu6952	5	0	0	2	4	7
otu6953	5	6	4	4	2	6
otu6954	5	6	2	4	3	5
otu6955	3	0	3	2	3	2
otu6956	2	0	0	0	5	0
otu6957	0	0	0	3	6	4
otu6958	3	0	0	4	4	2
otu6959	0	0	0	4	6	3
otu6960	3	4	0	0	0	0
otu6961	5	0	5	5	4	0
otu6962	3	4	0	4	6	5
otu6963	3	6	5	0	5	8
otu6964	9	2	3	0	0	7
otu6965	14	0	11	0	0	0
otu6966	6	4	0	0	6	0
otu6967	9	6	12	0	0	0
otu6968	0	0	0	0	29	0
otu6969	0	6	3	0	3	5
otu6970	3	2	3	0	0	0
otu6972	3	12	3	0	3	0
otu6973	15	0	4	0	5	0
otu6974	5	3	6	9	0	0
otu6975	9	7	6	0	0	0
otu6976	2	0	0	0	8	0
otu6977	2	14	7	0	0	0
otu6978	9	9	0	0	3	0
otu6979	0	18	5	0	0	0
otu6980	2	5	4	0	8	0
otu6981	2	0	0	5	5	10
otu6982	5	0	4	3	8	2
otu6983	0	2	0	4	7	5
otu6984	3	7	5	0	3	0
otu6985	4	0	0	5	6	3
otu6986	12	0	1	3	0	0
otu6987	4	0	0	2	6	4
otu6988	5	9	3	0	2	0
otu6989	0	5	6	0	5	3
otu6990	10	0	8	0	2	0
otu6991	10	5	0	0	0	0
otu6992	9	0	3	5	8	3
otu6993	10	0	7	0	0	4
otu6994	1	5	0	7	4	4
otu6995	8	0	0	0	0	4
otu6996	0	2	8	0	4	0
otu6997	6	1	7	0	0	0
otu6998	5	5	5	0	9	0
otu6999	13	0	4	0	0	4
otu7000	0	6	1	2	11	0
otu7001	0	4	5	0	10	0
otu7002	4	4	0	0	0	0
otu7003	11	7	2	0	4	0
otu7004	0	0	0	0	10	0
otu7005	3	0	14	2	4	5
otu7006	10	3	7	6	2	0
otu7007	8	8	5	2	0	0
otu7008	11	13	2	0	0	2
otu7009	0	0	3	4	7	3
otu7010	21	2	0	0	0	0
otu7011	0	2	0	9	0	4
otu7012	0	0	0	4	2	8
otu7013	8	0	0	3	5	3
otu7014	0	0	0	3	4	9
otu7015	2	4	0	0	4	4
otu7016	6	4	7	0	0	0
otu7017	4	3	9	3	0	0
otu7018	0	3	5	0	8	2
otu7019	0	2	12	0	0	0
otu7020	0	12	0	5	5	0
otu7021	9	3	12	0	4	0
otu7022	11	5	4	0	0	0
otu7023	7	6	4	3	1	0
otu7024	2	3	4	0	5	5
otu7025	0	6	6	0	0	9
otu7026	6	8	0	0	9	0
otu7027	1	0	2	5	16	0
otu7028	6	3	3	4	6	5
otu7029	9	4	6	0	0	4
otu7030	6	0	3	6	6	2
otu7031	7	7	8	0	0	2
otu7032	10	11	0	0	0	0
otu7033	4	8	0	0	3	0
otu7034	0	3	9	0	6	0
otu7035	4	0	10	0	4	0
otu7036	6	0	0	2	7	0
otu7037	7	0	0	6	2	0
otu7038	13	0	8	1	5	0
otu7039	0	16	5	0	0	3
otu7040	7	4	6	0	0	3
otu7041	0	0	14	0	3	0
otu7042	0	3	1	2	14	7
otu7043	5	0	2	8	3	5
otu7044	2	0	0	6	4	5
otu7045	0	2	3	1	4	0
otu7046	4	4	0	14	3	0
otu7047	3	2	0	0	22	0
otu7048	7	0	8	4	0	0
otu7049	4	8	0	0	3	0
otu7050	3	11	0	0	6	0
otu7051	6	0	6	0	7	3
otu7052	11	3	6	0	2	0
otu7053	9	0	4	2	4	0
otu7054	3	6	4	11	0	3
otu7055	6	7	6	2	0	0
otu7056	0	0	12	0	5	5
otu7057	8	3	0	0	7	0
otu7058	0	3	3	4	6	6
otu7059	2	4	4	0	7	3
otu7060	6	0	8	0	2	0
otu7061	0	0	0	0	7	8
otu7062	9	0	6	3	0	6
otu7064	14	6	0	0	0	0
otu7065	16	0	4	0	0	0
otu7066	10	7	5	0	2	3
otu7067	7	4	0	5	5	0
otu7068	0	0	0	4	7	6
otu7069	0	3	5	0	13	0
otu7070	0	0	0	6	5	7
otu7071	3	7	0	3	2	0
otu7072	0	3	0	7	3	3
otu7073	0	0	5	3	7	4
otu7074	3	0	0	5	6	2
otu7075	5	0	5	0	4	3
otu7076	4	0	3	5	8	0
otu7077	20	0	0	0	0	0
otu7078	0	12	6	0	0	2
otu7079	6	3	11	0	0	0
otu7080	4	10	2	3	2	0
otu7081	0	3	18	0	0	0
otu7082	0	2	0	0	6	6
otu7083	2	0	7	0	7	9
otu7084	6	4	14	0	0	0
otu7085	20	3	4	0	0	0
otu7086	8	1	4	2	0	0
otu7087	13	3	5	0	0	0
otu7088	3	5	6	2	0	3
otu7089	3	0	23	0	0	0
otu7090	2	5	0	0	0	0
otu7091	7	5	4	0	0	2
otu7092	7	12	2	0	0	0
otu7093	0	7	0	0	17	0
otu7094	5	3	0	16	0	2
otu7095	0	3	4	4	3	6
otu7096	0	0	0	4	0	11
otu7097	3	11	5	0	0	2
otu7098	3	4	0	0	3	2
otu7099	1	3	5	0	4	3
otu7100	0	0	5	0	8	6
otu7101	0	14	0	0	6	2
otu7102	12	7	0	0	4	0
otu7103	0	4	11	3	0	5
otu7104	6	5	0	0	5	1
otu7105	8	0	0	0	0	1
otu7106	9	4	6	0	0	3
otu7107	3	3	6	0	10	0
otu7108	6	2	10	0	0	1
otu7109	2	0	0	0	20	0
otu7110	13	0	5	0	0	0
otu7111	9	6	3	0	0	0
otu7112	0	6	10	0	0	3
otu7113	4	12	5	0	0	0
otu7114	5	5	6	0	0	0
otu7115	7	14	0	0	0	5
otu7116	2	0	12	0	0	5
otu7117	5	0	3	0	3	0
otu7118	6	0	7	0	7	4
otu7119	0	2	0	0	2	4
otu7120	7	10	5	0	0	0
otu7121	0	0	13	0	0	2
otu7122	0	0	18	0	0	3
otu7123	8	0	0	7	0	0
otu7124	0	0	0	0	8	4
otu7125	0	0	0	9	3	0
otu7126	7	0	6	0	0	4
otu7127	0	0	0	5	8	4
otu7128	0	0	0	6	5	0
otu7129	0	0	0	5	5	3
otu7130	0	0	0	3	5	6
otu7131	0	0	0	2	2	7
otu7132	3	4	0	2	4	2
otu7133	0	0	3	3	9	0
otu7134	0	12	2	4	3	3
otu7135	6	7	10	0	0	0
otu7136	0	0	3	8	0	8
otu7137	7	5	0	0	2	4
otu7138	0	0	2	0	5	4
otu7139	0	5	9	0	0	0
otu7140	11	2	3	0	0	0
otu7141	7	0	3	4	5	4
otu7142	3	10	5	0	3	0
otu7143	0	0	0	6	0	9
otu7144	5	0	5	0	0	3
otu7145	4	2	4	0	0	6
otu7146	4	5	0	0	0	0
otu7147	0	0	0	19	0	0
otu7148	0	0	0	4	0	22
otu7149	2	7	5	6	2	0
otu7150	8	2	7	0	0	0
otu7151	4	0	2	5	3	3
otu7152	9	0	0	0	0	5
otu7154	9	4	4	0	8	0
otu7155	6	0	4	4	5	3
otu7156	0	0	23	0	0	0
otu7157	0	0	13	6	0	6
otu7158	0	16	0	0	0	0
otu7159	0	0	16	0	0	0
otu7160	8	3	6	0	2	0
otu7161	4	3	4	5	5	4
otu7162	10	0	15	0	0	0
otu7163	3	3	10	0	0	7
otu7164	0	0	5	2	4	4
otu7165	2	0	8	0	2	0
otu7166	4	0	13	4	0	0
otu7167	2	0	0	0	6	4
otu7168	0	0	6	0	3	5
otu7169	8	9	0	0	0	0
otu7170	0	9	0	0	3	0
otu7171	5	0	0	4	8	2
otu7172	0	3	0	0	6	0
otu7173	0	7	14	0	0	4
otu7174	12	6	5	0	0	0
otu7175	6	0	2	4	10	0
otu7176	0	0	7	5	0	2
otu7177	2	12	3	3	3	0
otu7178	3	10	6	3	0	0
otu7179	4	5	0	0	0	0
otu7180	5	2	0	0	18	0
otu7181	9	0	8	4	0	0
otu7182	5	3	7	0	0	3
otu7183	4	3	13	0	0	0
otu7184	10	4	0	0	8	0
otu7185	19	0	0	0	2	0
otu7186	9	6	0	7	0	0
otu7187	3	8	4	0	0	4
otu7188	12	0	5	0	4	0
otu7189	8	0	4	0	3	2
otu7190	6	0	9	0	0	3
otu7192	8	0	5	0	3	0
otu7193	0	0	0	7	0	0
otu7194	0	0	2	0	7	7
otu7195	13	0	4	0	0	0
otu7196	0	0	0	5	7	3
otu7197	0	0	0	7	3	0
otu7198	0	0	0	4	4	0
otu7199	1	0	0	5	5	4
otu7200	0	0	0	5	4	6
otu7201	0	0	0	11	0	0
otu7202	6	10	0	0	0	1
otu7203	0	5	3	0	5	3
otu7204	2	10	5	3	0	0
otu7205	8	14	3	0	0	0
otu7206	6	7	2	2	0	0
otu7207	0	0	0	2	18	0
otu7208	5	7	0	0	3	0
otu7209	4	4	2	3	0	2
otu7210	7	8	5	0	0	0
otu7211	6	3	11	0	0	0
otu7212	4	7	0	2	10	0
otu7213	4	0	7	0	2	2
otu7214	5	7	6	0	0	2
otu7215	0	0	3	0	4	6
otu7216	2	18	1	0	0	0
otu7217	0	4	4	0	4	0
otu7218	3	7	0	0	3	5
otu7219	0	4	10	0	0	0
otu7220	0	2	5	4	0	0
otu7221	0	0	0	5	0	5
otu7222	4	4	0	0	7	2
otu7223	8	6	5	0	1	0
otu7224	3	0	3	0	4	5
otu7225	0	0	0	9	5	0
otu7226	1	9	0	0	7	0
otu7227	0	10	4	0	5	0
otu7228	0	0	0	6	8	0
otu7229	0	2	0	4	5	0
otu7230	7	4	0	0	2	0
otu7231	0	11	0	0	8	0
otu7232	4	5	4	0	1	3
otu7233	9	0	4	0	0	0
otu7234	0	4	6	0	3	1
otu7235	0	0	0	4	9	7
otu7236	7	6	4	0	0	0
otu7237	10	8	0	0	0	0
otu7238	4	0	3	7	0	7
otu7239	5	4	0	0	0	0
otu7240	12	0	4	0	8	0
otu7241	0	12	3	0	5	0
otu7242	9	9	3	0	0	3
otu7243	4	0	2	3	0	12
otu7244	0	4	0	4	0	10
otu7245	5	13	3	0	3	0
otu7246	6	18	0	0	0	0
otu7247	0	0	0	24	0	0
otu7248	6	9	0	0	0	4
otu7249	4	0	0	2	0	0
otu7250	6	0	0	0	4	0
otu7251	4	10	4	0	0	3
otu7252	0	0	0	0	9	2
otu7253	8	0	3	5	4	4
otu7254	5	0	13	0	0	0
otu7255	3	0	9	0	0	4
otu7256	5	0	0	7	5	0
otu7257	0	13	5	0	0	0
otu7258	6	12	0	0	0	0
otu7259	4	0	0	7	7	0
otu7260	0	0	2	0	0	17
otu7261	0	7	0	4	5	0
otu7262	3	6	6	0	3	2
otu7263	0	0	0	2	4	3
otu7264	7	3	3	2	0	6
otu7265	0	0	0	4	2	7
otu7266	0	0	0	0	0	19
otu7267	0	0	0	4	5	5
otu7268	0	0	0	0	8	1
otu7269	0	0	0	5	8	0
otu7271	0	0	0	3	8	0
otu7272	0	0	0	6	10	0
otu7273	0	0	0	4	6	4
otu7274	0	0	0	10	5	2
otu7275	0	0	0	0	11	10
otu7276	0	0	0	5	4	4
otu7277	0	0	5	0	3	0
otu7278	4	12	0	0	8	0
otu7279	0	0	0	5	6	4
otu7280	6	2	0	2	4	0
otu7281	3	4	10	4	2	0
otu7282	2	0	6	0	7	9
otu7283	12	0	0	0	0	0
otu7284	10	0	0	3	0	0
otu7285	4	0	4	5	0	5
otu7286	0	0	0	8	5	4
otu7287	0	8	0	5	0	3
otu7288	0	0	9	3	3	3
otu7289	0	7	3	0	0	0
otu7290	4	0	0	5	6	0
otu7291	6	4	0	0	5	3
otu7292	0	0	6	0	0	11
otu7293	4	0	5	3	0	4
otu7294	3	8	0	3	3	3
otu7295	7	6	8	0	0	0
otu7296	4	0	0	6	5	0
otu7297	9	0	3	0	7	0
otu7298	0	3	4	0	2	3
otu7299	0	0	10	0	0	0
otu7300	0	0	11	8	0	0
otu7301	6	4	3	4	1	2
otu7302	12	0	6	0	0	0
otu7303	8	5	7	0	0	0
otu7304	0	0	11	2	0	5
otu7305	0	0	0	0	10	3
otu7306	4	6	3	0	0	0
otu7307	10	5	0	0	0	2
otu7308	0	0	3	4	0	0
otu7309	10	6	2	0	3	0
otu7310	10	3	6	0	0	0
otu7311	2	0	4	0	0	7
otu7312	6	7	0	3	0	3
otu7313	0	0	3	3	7	2
otu7314	5	0	0	3	5	2
otu7315	0	10	0	0	0	4
otu7316	0	7	0	7	2	0
otu7317	5	5	3	4	0	0
otu7318	5	0	0	7	0	5
otu7319	0	0	3	4	4	0
otu7320	7	0	2	0	3	0
otu7321	9	0	6	4	0	1
otu7322	7	0	0	0	3	2
otu7323	0	0	0	0	3	3
otu7324	10	9	0	0	0	0
otu7326	2	9	0	0	3	0
otu7327	5	3	0	4	0	4
otu7328	0	11	0	0	3	0
otu7329	0	6	3	3	0	0
otu7330	2	0	0	6	0	0
otu7331	0	2	0	7	0	0
otu7332	10	0	0	0	0	3
otu7333	0	0	2	9	7	5
otu7334	8	7	4	4	0	0
otu7335	3	0	8	0	0	0
otu7336	5	5	3	0	0	4
otu7337	0	7	0	0	5	9
otu7338	5	3	3	0	0	12
otu7339	0	13	1	0	0	9
otu7340	6	0	0	10	3	0
otu7341	5	7	0	0	0	0
otu7342	0	3	0	2	9	0
otu7343	0	0	0	4	7	0
otu7344	0	2	0	4	4	4
otu7345	3	0	0	5	5	0
otu7346	0	0	0	7	0	6
otu7347	0	0	0	9	6	0
otu7348	0	0	0	5	4	4
otu7349	0	2	2	5	9	0
otu7350	0	0	0	0	4	4
otu7351	1	4	0	8	5	0
otu7352	5	5	4	0	0	0
otu7353	1	0	3	0	4	7
otu7354	8	3	0	0	8	0
otu7355	13	0	0	3	0	3
otu7356	4	9	0	6	0	0
otu7357	4	0	4	15	0	0
otu7358	5	0	12	0	0	0
otu7359	0	0	5	0	8	0
otu7360	0	9	0	6	4	0
otu7361	0	4	0	0	0	4
otu7362	0	0	5	0	8	7
otu7364	0	0	0	6	4	0
otu7365	0	0	3	7	3	0
otu7366	4	0	0	0	5	5
otu7367	4	1	0	4	6	4
otu7368	9	0	0	10	0	0
otu7369	1	0	6	4	5	4
otu7370	2	6	4	0	3	4
otu7371	2	6	7	0	0	0
otu7372	5	0	0	0	4	3
otu7373	0	5	0	7	4	0
otu7374	7	0	0	3	0	0
otu7375	7	0	4	3	0	5
otu7376	0	5	3	7	0	5
otu7377	6	0	3	5	0	5
otu7378	2	2	6	2	2	3
otu7379	6	11	0	0	0	0
otu7380	0	12	0	0	10	0
otu7381	0	5	4	0	5	0
otu7382	0	3	0	4	5	2
otu7383	3	3	3	4	2	0
otu7384	10	0	0	8	0	0
otu7385	0	7	0	0	3	0
otu7386	0	8	4	0	0	0
otu7387	6	2	4	0	0	0
otu7388	3	0	0	0	8	4
otu7389	2	0	0	4	3	2
otu7390	5	0	2	0	6	0
otu7391	0	5	0	6	0	3
otu7392	0	10	0	0	3	0
otu7393	10	8	4	0	0	0
otu7395	0	4	4	0	4	0
otu7396	4	6	3	0	0	2
otu7397	0	0	0	3	5	4
otu7399	0	0	0	4	4	3
otu7400	0	0	6	0	5	0
otu7401	8	9	0	0	0	0
otu7403	4	8	4	0	2	0
otu7404	9	5	6	0	2	0
otu7405	5	9	3	0	0	0
otu7406	3	2	8	0	2	0
otu7407	2	3	12	5	0	0
otu7408	2	3	2	0	3	0
otu7409	3	6	0	0	0	7
otu7410	0	0	2	11	4	0
otu7411	2	0	10	0	8	0
otu7412	9	4	7	0	0	0
otu7413	5	5	5	0	0	0
otu7414	8	0	5	0	2	5
otu7415	4	0	3	0	0	2
otu7416	4	6	0	3	0	0
otu7417	13	4	0	0	0	0
otu7418	6	0	0	0	0	5
otu7419	4	0	9	0	0	0
otu7420	4	0	0	0	5	0
otu7421	0	0	0	2	12	0
otu7422	6	6	0	0	0	3
otu7423	8	2	0	0	0	10
otu7424	15	0	0	0	0	3
otu7425	4	5	0	4	4	0
otu7426	0	3	3	0	3	0
otu7427	4	0	0	2	5	4
otu7428	0	0	0	2	3	4
otu7429	0	0	0	6	0	0
otu7430	0	0	0	6	4	0
otu7431	0	0	0	6	5	0
otu7432	3	2	0	2	0	0
otu7433	0	0	0	2	4	5
otu7434	2	4	5	4	0	0
otu7435	0	0	0	0	0	8
otu7436	0	0	0	4	7	0
otu7437	3	4	1	0	4	0
otu7438	5	9	4	0	0	0
otu7439	6	4	6	0	0	0
otu7440	0	0	3	2	7	5
otu7441	9	0	2	3	0	5
otu7442	0	9	2	7	0	0
otu7443	2	0	0	4	4	3
otu7444	2	0	0	6	4	0
otu7445	10	0	6	4	0	2
otu7446	0	0	0	7	0	5
otu7447	3	4	0	5	3	0
otu7448	0	0	8	3	0	7
otu7449	11	0	9	0	0	0
otu7451	0	0	12	0	3	0
otu7452	6	10	0	0	0	0
otu7453	3	0	3	9	0	7
otu7454	7	1	6	0	0	3
otu7455	3	2	4	0	4	0
otu7456	0	0	0	0	6	0
otu7457	1	0	0	0	6	3
otu7458	2	0	0	0	7	6
otu7459	1	18	0	0	0	0
otu7460	4	0	4	0	3	0
otu7461	4	5	12	0	0	0
otu7462	4	2	7	4	0	0
otu7463	6	7	0	0	0	4
otu7464	7	0	6	3	3	0
otu7465	5	2	0	7	2	0
otu7466	0	4	0	5	2	0
otu7467	4	0	0	0	6	2
otu7468	0	0	0	5	0	9
otu7469	5	4	9	0	0	0
otu7470	6	0	0	0	9	0
otu7471	10	3	5	0	0	0
otu7473	6	0	0	0	0	7
otu7474	3	0	0	3	4	0
otu7475	4	2	5	0	0	5
otu7476	7	2	0	0	3	2
otu7477	2	5	4	0	4	3
otu7478	0	3	3	0	0	5
otu7479	0	5	0	3	0	0
otu7480	9	0	0	0	6	3
otu7481	6	5	0	0	0	0
otu7482	3	0	4	0	3	0
otu7483	2	2	0	2	0	7
otu7484	0	2	6	0	0	0
otu7485	0	2	0	11	1	0
otu7486	3	8	3	3	2	0
otu7487	3	4	6	0	5	3
otu7488	1	0	0	4	6	0
otu7489	0	0	0	4	2	6
otu7490	0	0	5	6	0	4
otu7491	6	0	5	10	0	0
otu7492	0	0	0	0	9	2
otu7493	0	0	0	5	3	3
otu7494	5	0	0	6	0	0
otu7496	6	4	4	5	0	0
otu7497	7	5	6	0	0	0
otu7498	0	5	2	0	11	3
otu7499	0	0	0	4	4	3
otu7500	8	0	5	0	0	3
otu7501	0	1	3	0	10	7
otu7502	0	0	0	5	3	3
otu7503	0	6	0	3	5	0
otu7504	0	2	0	0	5	3
otu7506	0	0	3	0	4	1
otu7507	4	0	0	6	0	11
otu7508	19	0	0	0	0	0
otu7509	6	7	5	0	0	0
otu7510	7	0	0	6	2	0
otu7511	0	0	0	2	4	4
otu7512	0	4	5	0	0	3
otu7513	4	0	0	0	6	6
otu7514	0	5	16	0	0	0
otu7515	14	0	0	0	0	0
otu7517	0	0	15	0	0	0
otu7518	2	0	0	0	15	4
otu7519	5	10	0	0	0	0
otu7520	0	5	0	5	4	0
otu7521	5	2	0	0	0	9
otu7522	3	3	6	0	5	0
otu7523	3	0	0	0	6	3
otu7524	0	5	3	5	0	1
otu7525	7	0	0	0	5	0
otu7526	5	6	0	2	4	0
otu7527	2	5	3	1	4	2
otu7528	0	4	5	0	0	5
otu7529	7	0	3	0	5	2
otu7530	1	0	8	0	8	0
otu7531	5	5	0	0	0	0
otu7532	0	3	4	0	6	0
otu7533	3	3	6	0	3	0
otu7535	9	6	0	0	2	0
otu7536	0	8	0	0	0	0
otu7537	5	7	0	0	0	0
otu7538	3	9	0	0	0	0
otu7539	5	1	6	0	0	5
otu7540	4	0	0	0	8	2
otu7541	0	3	0	0	7	0
otu7542	0	0	0	0	6	6
otu7544	4	13	0	0	3	0
otu7545	3	9	4	0	0	0
otu7546	14	0	0	3	0	0
otu7547	0	0	0	12	8	0
otu7548	8	0	3	0	0	0
otu7549	7	0	0	0	0	4
otu7550	3	1	8	0	0	0
otu7551	11	3	1	1	4	0
otu7552	4	0	9	0	4	0
otu7553	5	12	0	0	0	0
otu7554	3	7	7	0	0	3
otu7555	5	9	0	0	0	0
otu7556	13	0	0	4	1	2
otu7557	5	0	4	0	4	0
otu7558	10	5	0	0	0	2
otu7559	8	8	0	0	3	0
otu7560	8	7	0	0	0	0
otu7561	2	0	0	0	6	3
otu7562	4	5	0	0	0	2
otu7563	2	11	0	0	4	0
otu7564	0	0	4	0	4	8
otu7565	10	10	0	0	0	0
otu7566	2	4	3	0	0	0
otu7567	2	0	0	3	3	0
otu7568	0	0	2	0	4	6
otu7569	8	4	4	0	4	0
otu7570	0	20	0	0	0	0
otu7571	2	3	0	0	10	0
otu7572	4	0	0	0	0	6
otu7573	8	3	6	0	0	0
otu7574	9	2	0	0	0	0
otu7575	1	0	0	3	0	3
otu7577	2	0	0	6	5	4
otu7578	6	2	0	3	0	5
otu7579	0	0	0	5	6	3
otu7580	0	0	0	3	4	10
otu7581	4	0	0	3	4	0
otu7582	3	0	0	6	3	0
otu7583	5	0	8	0	3	0
otu7585	5	3	4	0	0	0
otu7586	7	4	5	0	0	0
otu7587	8	0	2	5	0	0
otu7588	0	0	12	5	0	3
otu7589	8	0	0	0	0	0
otu7590	2	0	4	0	0	0
otu7591	9	5	3	0	0	0
otu7592	0	0	0	0	9	2
otu7593	0	0	12	0	3	0
otu7594	0	7	0	0	5	0
otu7595	2	0	2	4	2	0
otu7596	0	0	8	0	6	0
otu7597	10	3	2	0	0	2
otu7598	0	7	0	0	0	3
otu7599	0	7	5	2	0	0
otu7601	0	0	0	6	8	0
otu7602	9	4	0	0	0	0
otu7603	0	9	2	0	4	0
otu7604	2	0	2	0	4	0
otu7606	0	0	6	0	5	0
otu7607	0	3	3	0	0	4
otu7608	8	0	0	3	0	0
otu7609	9	0	6	0	0	0
otu7610	7	7	0	0	0	0
otu7611	0	12	2	0	0	2
otu7612	0	0	19	0	0	0
otu7613	13	0	3	0	0	0
otu7614	3	16	0	0	0	0
otu7615	5	7	0	0	3	0
otu7616	6	0	2	0	0	0
otu7617	2	0	0	0	9	5
otu7618	0	11	2	0	0	0
otu7619	0	19	0	0	0	0
otu7620	7	0	4	0	0	0
otu7621	4	0	7	0	2	0
otu7622	0	0	0	0	3	7
otu7623	0	0	0	5	12	0
otu7624	0	6	2	0	4	0
otu7625	0	2	0	12	0	0
otu7626	0	2	4	0	3	3
otu7628	4	3	0	0	0	0
otu7629	0	0	1	0	10	3
otu7630	6	2	0	0	5	0
otu7631	0	13	0	3	0	3
otu7632	0	0	0	0	9	4
otu7633	0	0	0	3	6	3
otu7634	5	0	0	0	2	5
otu7635	0	2	0	3	13	1
otu7636	3	5	4	0	5	2
otu7637	3	4	4	0	0	0
otu7638	8	4	2	0	0	0
otu7639	2	0	4	0	3	0
otu7640	0	3	0	3	0	9
otu7641	0	8	3	4	4	0
otu7642	2	2	7	0	2	3
otu7643	1	13	0	0	0	0
otu7644	0	4	15	0	0	0
otu7645	4	4	5	3	0	3
otu7646	0	0	7	0	6	0
otu7647	3	0	0	9	2	0
otu7648	0	6	8	0	0	0
otu7649	10	0	5	0	0	1
otu7650	1	7	3	0	0	3
otu7651	6	0	0	0	6	0
otu7652	5	0	9	0	4	0
otu7653	8	3	0	2	2	0
otu7654	0	6	4	9	0	0
otu7655	5	4	0	0	0	7
otu7656	0	3	9	0	0	7
otu7657	3	5	6	0	0	0
otu7658	4	3	7	0	5	0
otu7659	5	3	0	0	0	5
otu7660	9	0	6	0	0	0
otu7661	8	3	0	0	0	0
otu7662	5	8	0	0	0	0
otu7663	8	4	0	1	0	3
otu7664	2	0	0	7	4	0
otu7665	0	0	0	4	0	6
otu7666	7	0	0	0	0	9
otu7667	0	0	8	0	4	0
otu7668	4	2	7	0	0	0
otu7669	5	0	0	6	0	0
otu7670	0	0	0	0	5	3
otu7671	4	8	2	0	5	0
otu7672	0	0	0	3	5	2
otu7673	0	0	0	3	8	0
otu7676	2	0	8	0	3	0
otu7678	0	0	2	6	0	0
otu7679	0	0	0	6	5	3
otu7680	0	0	0	2	2	5
otu7681	0	0	0	2	3	6
otu7685	0	0	0	2	3	7
otu7686	5	0	7	0	3	0
otu7687	10	0	0	0	0	0
otu7688	0	7	3	0	0	7
otu7689	0	0	0	4	4	0
otu7690	6	2	6	0	0	0
otu7691	3	0	6	3	0	7
otu7692	6	3	2	1	5	0
otu7693	6	0	0	8	5	0
otu7694	0	0	0	0	3	9
otu7695	2	0	3	0	8	0
otu7696	0	6	6	0	4	3
otu7697	0	0	0	4	0	3
otu7698	0	9	0	0	0	6
otu7699	0	2	0	7	4	0
otu7700	0	0	0	0	8	0
otu7701	5	4	5	0	0	0
otu7702	5	0	5	5	0	2
otu7703	0	0	6	4	5	4
otu7704	0	16	0	0	3	0
otu7705	7	5	2	0	0	0
otu7706	13	0	0	0	0	3
otu7707	0	8	4	0	0	0
otu7709	0	15	0	0	0	0
otu7710	0	0	1	4	4	1
otu7712	6	10	0	0	0	0
otu7713	0	4	0	0	7	7
otu7714	2	7	4	0	0	0
otu7716	18	0	0	0	0	0
otu7717	6	0	0	0	0	0
otu7718	0	11	0	0	0	0
otu7719	0	0	2	3	5	0
otu7720	0	0	3	0	0	7
otu7721	5	0	0	0	7	0
otu7722	4	6	4	0	0	0
otu7723	0	0	0	0	3	3
otu7724	0	4	4	4	0	0
otu7725	4	0	0	4	0	8
otu7726	0	10	0	8	0	0
otu7727	0	0	0	2	0	4
otu7729	2	0	4	7	0	0
otu7730	6	2	6	0	0	0
otu7731	0	4	0	8	2	0
otu7732	2	0	3	0	4	3
otu7733	0	4	10	0	0	0
otu7734	0	11	0	4	3	0
otu7735	0	13	0	0	0	0
otu7739	0	0	0	0	12	0
otu7740	0	0	0	7	0	8
otu7741	2	3	0	0	3	4
otu7742	4	4	6	0	2	0
otu7743	3	3	4	6	0	0
otu7744	0	4	0	0	8	0
otu7745	0	3	2	0	4	0
otu7746	6	0	3	0	4	0
otu7747	0	0	7	0	0	5
otu7748	6	7	3	0	0	0
otu7749	10	2	0	0	0	0
otu7750	2	0	4	0	4	3
otu7752	8	2	2	2	0	2
otu7753	0	0	3	0	6	3
otu7754	5	4	0	2	0	0
otu7755	7	4	3	2	0	0
otu7756	4	5	0	0	0	4
otu7757	5	0	5	4	0	4
otu7758	7	4	4	0	0	0
otu7759	0	2	0	9	1	3
otu7760	8	0	7	0	0	0
otu7761	3	0	0	0	0	4
otu7762	0	0	0	6	5	0
otu7763	3	0	0	5	4	0
otu7764	0	0	0	7	4	0
otu7765	4	6	8	0	0	0
otu7766	0	0	0	8	0	0
otu7769	0	0	0	6	0	5
otu7770	0	0	0	5	3	2
otu7771	0	4	5	0	0	3
otu7772	4	2	0	0	7	0
otu7773	0	0	0	4	0	3
otu7775	0	0	0	0	9	0
otu7776	8	2	3	0	0	5
otu7777	0	0	0	6	0	0
otu7778	0	5	3	0	0	0
otu7780	0	12	0	0	3	0
otu7782	4	0	0	3	0	11
otu7783	0	0	0	0	3	5
otu7784	0	0	0	0	5	5
otu7785	0	6	8	3	0	0
otu7786	3	0	3	0	7	0
otu7787	6	2	3	0	0	0
otu7788	0	0	0	4	8	2
otu7789	0	0	0	2	4	2
otu7790	8	0	6	0	0	0
otu7791	4	0	0	0	0	4
otu7792	0	0	0	0	0	8
otu7793	5	0	0	11	0	0
otu7794	3	6	2	4	0	0
otu7795	5	3	4	0	0	0
otu7796	2	3	2	0	0	0
otu7797	3	3	7	0	0	0
otu7799	3	0	2	0	4	0
otu7800	10	7	0	0	0	0
otu7801	0	0	0	0	4	5
otu7802	0	0	4	3	0	0
otu7803	7	0	4	0	0	2
otu7804	2	0	5	7	0	3
otu7805	13	0	0	0	0	0
otu7806	4	7	0	2	0	0
otu7807	8	4	3	0	2	0
otu7808	3	0	0	0	0	4
otu7809	2	0	4	3	0	0
otu7810	0	0	0	0	6	0
otu7811	0	4	3	0	5	0
otu7812	0	0	4	0	0	6
otu7814	0	1	7	0	2	0
otu7815	0	0	4	0	3	0
otu7816	0	9	0	0	0	0
otu7817	0	6	0	0	3	0
otu7818	6	0	0	0	0	0
otu7819	0	4	7	0	4	0
otu7820	0	0	0	5	3	0
otu7821	14	0	0	0	0	0
otu7822	0	0	0	3	5	0
otu7823	7	0	0	0	3	0
otu7824	7	4	2	0	0	4
otu7825	0	0	0	4	5	0
otu7826	3	5	0	0	3	0
otu7827	4	5	5	0	3	0
otu7830	0	9	0	0	5	0
otu7831	8	2	0	0	3	0
otu7832	0	0	0	0	4	10
otu7833	8	0	1	8	0	0
otu7834	0	0	3	0	4	0
otu7835	0	5	3	0	6	0
otu7836	0	0	6	0	0	3
otu7837	3	2	0	7	5	0
otu7838	2	5	2	0	0	5
otu7839	0	2	0	0	7	0
otu7840	0	7	2	5	0	0
otu7841	4	0	0	0	7	0
otu7842	3	0	0	2	12	0
otu7843	6	2	0	0	0	0
otu7844	11	3	0	0	0	0
otu7845	5	4	6	0	0	0
otu7846	3	2	4	0	0	8
otu7847	4	4	0	0	0	2
otu7848	6	0	6	0	0	2
otu7849	3	9	0	0	0	3
otu7850	7	0	6	0	2	0
otu7851	3	6	0	4	0	0
otu7852	3	0	2	0	9	0
otu7853	0	3	0	8	6	0
otu7854	7	0	3	0	4	3
otu7855	8	0	3	1	0	3
otu7856	6	0	5	0	0	6
otu7857	6	2	3	0	0	3
otu7858	0	0	5	0	5	5
otu7859	0	0	0	6	0	0
otu7861	2	0	0	2	4	0
otu7862	0	0	0	4	4	0
otu7863	0	0	0	0	5	4
otu7864	0	0	0	5	4	0
otu7865	0	7	0	0	4	0
otu7866	0	0	0	5	5	0
otu7867	0	0	0	3	4	0
otu7868	0	0	0	0	2	12
otu7869	3	0	0	0	4	4
otu7870	0	0	0	5	4	3
otu7872	0	0	0	4	4	3
otu7873	0	0	0	4	4	5
otu7874	0	0	0	0	4	3
otu7875	0	5	4	0	0	0
otu7876	5	0	0	0	5	0
otu7877	0	0	0	2	5	2
otu7878	0	0	0	4	0	5
otu7879	4	3	0	7	0	0
otu7880	2	0	0	4	4	2
otu7881	0	2	6	0	0	0
otu7882	6	3	4	0	0	0
otu7883	0	0	0	3	4	0
otu7884	4	0	13	0	0	0
otu7885	0	0	0	5	4	4
otu7886	8	0	0	0	2	3
otu7887	0	2	0	2	7	0
otu7889	4	4	0	0	3	0
otu7891	2	0	5	0	0	0
otu7892	5	0	4	0	0	0
otu7893	11	0	0	0	0	0
otu7894	0	0	0	4	6	0
otu7895	4	5	4	0	0	0
otu7897	0	5	2	6	0	0
otu7898	0	0	4	7	0	5
otu7899	0	5	6	0	0	0
otu7900	8	0	6	0	0	0
otu7901	0	0	0	4	4	0
otu7903	3	0	5	5	0	0
otu7904	3	4	2	3	0	0
otu7905	0	0	7	0	5	5
otu7906	3	4	0	0	0	3
otu7907	0	0	2	12	0	0
otu7908	3	0	0	0	4	0
otu7909	0	3	0	0	5	8
otu7910	5	3	5	0	0	0
otu7911	0	0	0	4	0	4
otu7912	9	7	0	0	0	0
otu7913	0	0	4	2	6	4
otu7915	0	6	0	0	0	7
otu7916	0	0	6	0	0	0
otu7917	5	0	2	4	0	0
otu7918	5	2	0	0	5	2
otu7919	7	0	5	0	0	0
otu7920	0	0	5	0	6	5
otu7921	4	4	3	0	0	0
otu7922	9	3	4	0	0	0
otu7923	5	0	5	0	0	0
otu7926	0	1	9	0	0	0
otu7927	0	0	0	3	7	2
otu7928	8	5	3	0	0	0
otu7929	3	1	8	0	0	0
otu7930	2	0	4	0	0	0
otu7931	3	7	3	0	0	0
otu7933	3	0	0	0	6	3
otu7934	0	6	0	0	0	4
otu7935	5	0	0	0	4	3
otu7936	0	0	0	3	8	0
otu7937	0	0	16	0	0	0
otu7938	3	0	4	0	0	6
otu7939	4	0	0	4	0	0
otu7941	3	9	0	0	0	0
otu7942	0	0	2	0	3	5
otu7943	10	6	0	0	0	0
otu7944	0	0	8	0	1	5
otu7946	2	0	0	4	0	0
otu7947	0	7	0	0	5	0
otu7949	6	0	6	0	0	0
otu7950	4	3	0	0	4	2
otu7952	0	6	0	0	0	3
otu7953	3	4	0	0	0	3
otu7954	2	0	6	0	0	4
otu7955	5	5	0	0	0	0
otu7956	0	4	3	4	0	0
otu7957	3	7	4	0	2	0
otu7958	8	4	0	0	0	0
otu7959	4	0	5	0	2	0
otu7960	6	0	3	0	0	2
otu7961	4	3	8	1	0	0
otu7962	5	0	0	0	4	0
otu7963	0	7	7	0	0	2
otu7964	3	7	4	2	0	0
otu7965	4	0	0	0	3	5
otu7966	6	3	5	0	0	0
otu7967	5	4	0	0	0	4
otu7969	0	4	6	0	0	0
otu7971	0	12	0	0	0	0
otu7972	2	0	8	0	0	0
otu7973	3	0	0	0	0	4
otu7974	6	0	0	0	2	2
otu7975	3	3	6	0	0	0
otu7976	0	11	0	0	0	0
otu7977	0	3	9	4	0	0
otu7978	0	8	0	0	2	0
otu7979	11	0	0	0	0	0
otu7980	6	0	0	5	0	0
otu7981	3	13	0	0	0	0
otu7982	2	0	12	0	0	2
otu7984	0	0	0	0	13	3
otu7985	0	0	0	0	8	5
otu7986	0	0	0	3	6	0
otu7987	0	3	0	2	3	0
otu7988	0	0	0	0	4	3
otu7989	0	0	0	0	6	0
otu7991	0	0	5	0	3	6
otu7992	4	0	0	0	4	0
otu7993	0	0	0	0	0	16
otu7994	0	0	0	0	4	3
otu7995	2	0	4	0	0	0
otu7997	3	0	0	0	4	0
otu7998	0	0	0	0	4	3
otu7999	6	3	5	0	0	0
otu8000	0	16	0	0	0	0
otu8002	0	0	0	1	0	9
otu8003	0	5	2	0	2	0
otu8004	0	2	0	0	0	6
otu8005	2	0	0	0	4	0
otu8006	4	0	4	0	4	4
otu8007	10	4	0	0	0	0
otu8009	0	0	6	0	0	6
otu8010	3	3	0	0	3	0
otu8011	5	11	0	0	0	0
otu8012	0	0	3	7	0	0
otu8013	0	0	0	0	8	5
otu8014	7	2	0	0	0	0
otu8017	5	4	0	3	0	0
otu8018	3	0	0	0	6	0
otu8019	7	0	2	0	0	0
otu8020	0	0	0	0	3	4
otu8021	3	4	0	0	3	4
otu8022	3	0	3	6	0	0
otu8023	4	5	0	0	0	5
otu8024	4	5	0	0	2	0
otu8025	0	16	0	0	0	0
otu8026	0	0	0	0	0	14
otu8028	3	9	0	0	0	0
otu8029	6	0	6	0	0	0
otu8030	3	3	2	0	0	0
otu8031	4	7	3	0	0	0
otu8032	9	6	0	0	0	0
otu8033	9	0	3	0	0	0
otu8034	8	0	0	0	0	0
otu8035	0	3	2	0	0	6
otu8036	4	0	6	0	5	0
otu8037	0	2	3	0	3	0
otu8038	0	4	3	0	0	0
otu8039	0	12	0	0	0	0
otu8040	4	11	0	0	0	0
otu8041	6	0	3	0	0	4
otu8042	3	9	0	0	0	0
otu8043	4	9	2	0	0	0
otu8044	2	4	1	0	0	8
otu8045	0	2	0	0	0	4
otu8046	0	0	2	5	0	2
otu8047	5	2	0	0	3	0
otu8048	5	6	4	0	0	0
otu8051	0	0	5	0	0	7
otu8052	0	15	0	0	0	0
otu8054	0	7	0	0	0	0
otu8055	5	0	0	0	4	0
otu8056	0	0	0	0	15	0
otu8057	0	0	0	5	0	4
otu8058	0	0	5	0	6	0
otu8059	6	0	0	0	0	0
otu8060	0	11	0	0	4	0
otu8061	4	2	0	0	0	0
otu8062	0	3	0	0	6	2
otu8063	9	0	3	0	0	0
otu8064	3	0	1	7	0	0
otu8065	0	7	3	0	0	0
otu8066	5	5	0	0	0	3
otu8067	2	3	0	0	10	0
otu8069	8	0	4	0	0	0
otu8070	0	6	5	0	4	0
otu8071	5	0	2	0	0	0
otu8072	1	0	5	4	0	0
otu8073	9	0	6	0	0	0
otu8074	0	2	0	4	2	0
otu8075	0	0	0	0	15	0
otu8076	2	2	6	0	5	0
otu8077	3	0	4	0	2	3
otu8078	8	2	0	0	2	0
otu8079	3	2	3	3	0	0
otu8081	4	1	0	7	0	0
otu8082	5	10	0	0	0	0
otu8084	0	3	4	3	0	0
otu8085	2	3	3	0	0	0
otu8086	0	10	0	0	0	0
otu8087	3	7	3	0	0	0
otu8088	0	5	0	0	0	4
otu8089	2	3	3	0	0	0
otu8090	4	2	0	0	3	0
otu8091	0	0	0	11	2	0
otu8092	3	3	1	0	0	0
otu8093	0	3	4	0	4	0
otu8094	0	0	0	7	0	0
otu8095	0	7	0	0	0	0
otu8097	3	0	0	0	4	0
otu8098	0	0	0	3	0	3
otu8100	0	0	0	0	6	6
otu8101	0	0	0	3	5	5
otu8102	0	0	0	4	2	0
otu8103	6	0	0	0	9	0
otu8104	0	0	2	3	5	5
otu8106	3	0	0	5	0	0
otu8108	0	0	0	0	5	6
otu8109	3	0	0	0	7	3
otu8110	5	6	2	0	0	0
otu8111	0	0	4	0	0	7
otu8112	0	0	9	0	0	4
otu8113	0	2	0	7	2	0
otu8114	0	0	8	0	0	0
otu8115	0	0	5	0	2	3
otu8120	0	2	3	0	5	0
otu8121	0	0	0	7	3	0
otu8122	5	4	0	0	4	0
otu8123	4	0	8	0	0	0
otu8124	4	4	7	0	0	0
otu8125	5	4	3	0	0	0
otu8126	0	0	0	3	4	4
otu8127	0	0	0	3	2	2
otu8128	10	0	0	0	0	2
otu8129	0	6	0	6	0	3
otu8130	4	0	0	7	4	0
otu8132	0	0	3	0	12	0
otu8135	0	2	10	0	0	0
otu8136	0	0	0	4	4	0
otu8137	3	0	0	0	9	0
otu8138	0	2	6	0	7	0
otu8139	6	5	3	0	0	0
otu8140	3	0	0	0	3	0
otu8141	5	3	3	0	0	0
otu8142	6	0	2	4	0	0
otu8143	0	0	3	0	0	4
otu8144	3	0	0	4	0	3
otu8145	4	3	0	0	0	0
otu8146	3	0	0	0	7	5
otu8147	0	0	5	4	0	0
otu8148	0	6	0	0	3	2
otu8149	1	0	5	0	0	6
otu8150	3	8	0	0	0	0
otu8152	0	4	6	0	0	0
otu8153	0	0	0	0	4	2
otu8154	3	5	0	3	0	0
otu8155	0	6	3	0	3	0
otu8156	3	5	0	0	0	0
otu8157	9	5	0	0	0	0
otu8158	2	2	0	2	3	0
otu8159	6	0	5	0	0	0
otu8160	0	2	8	0	0	0
otu8161	8	0	3	0	0	0
otu8162	3	0	5	0	0	4
otu8163	4	0	0	0	0	5
otu8165	0	3	4	0	3	0
otu8166	4	0	8	0	0	0
otu8167	5	3	0	3	0	0
otu8169	6	8	0	0	0	0
otu8170	0	0	4	0	0	10
otu8171	0	0	4	0	4	0
otu8173	0	5	0	5	4	0
otu8174	4	0	0	0	7	0
otu8175	9	0	5	0	0	0
otu8176	0	0	0	0	4	4
otu8177	0	0	0	10	4	0
otu8178	0	0	0	2	4	0
otu8179	3	4	0	0	0	0
otu8180	3	0	0	0	5	0
otu8182	4	3	0	0	4	0
otu8184	3	3	0	0	0	0
otu8185	4	4	0	0	6	0
otu8186	0	6	0	0	3	0
otu8187	0	5	2	0	0	0
otu8188	0	3	0	0	3	0
otu8189	0	0	0	3	6	0
otu8192	0	0	3	0	0	4
otu8193	3	4	0	0	0	0
otu8194	0	0	5	0	0	9
otu8195	0	0	0	0	9	0
otu8196	0	7	0	0	3	0
otu8197	4	3	5	0	2	0
otu8198	0	0	0	3	4	0
otu8199	3	0	0	0	0	4
otu8200	3	0	3	0	0	5
otu8201	0	5	0	2	7	0
otu8202	0	0	0	0	3	3
otu8203	2	2	2	3	0	0
otu8204	0	9	0	0	0	0
otu8205	0	0	0	0	2	4
otu8206	0	5	8	0	0	0
otu8207	3	6	5	0	0	0
otu8208	0	6	0	2	3	0
otu8209	7	3	1	0	0	0
otu8210	0	4	0	2	0	3
otu8211	10	4	0	0	0	0
otu8212	4	0	0	0	7	0
otu8213	0	0	0	0	7	4
otu8214	0	0	3	8	3	0
otu8215	10	0	0	0	0	0
otu8216	0	0	6	0	4	0
otu8217	6	0	0	0	0	0
otu8219	3	4	2	0	0	0
otu8220	11	0	0	0	0	0
otu8221	6	2	0	0	4	0
otu8222	6	5	0	0	0	0
otu8223	4	0	0	0	3	0
otu8224	0	0	0	0	8	6
otu8225	3	0	4	0	4	3
otu8226	4	0	10	0	0	0
otu8227	5	0	3	0	0	0
otu8228	7	0	0	0	3	2
otu8230	5	0	0	0	2	0
otu8231	0	0	0	0	4	4
otu8232	3	11	0	0	0	0
otu8233	0	3	0	0	3	5
otu8234	0	0	0	0	6	0
otu8235	0	0	0	0	9	0
otu8237	0	0	0	5	6	0
otu8238	0	0	0	5	4	0
otu8239	3	0	0	0	4	3
otu8241	0	0	0	0	8	3
otu8243	0	0	0	0	3	11
otu8244	0	0	0	0	6	4
otu8245	0	0	0	0	4	2
otu8246	0	0	0	4	4	0
otu8247	0	0	0	0	0	11
otu8248	0	5	0	5	4	0
otu8249	6	8	0	0	0	0
otu8250	0	0	0	0	5	2
otu8251	0	0	0	4	0	3
otu8252	0	0	6	0	2	0
otu8253	3	2	0	0	0	1
otu8254	8	0	0	0	1	0
otu8255	4	0	5	0	2	0
otu8256	8	2	2	0	2	0
otu8257	0	0	0	0	9	3
otu8258	0	6	0	0	0	0
otu8259	0	0	5	0	5	4
otu8260	0	0	11	0	2	0
otu8261	0	0	10	0	0	4
otu8262	3	2	5	0	0	0
otu8263	0	0	4	0	4	4
otu8264	2	6	0	0	0	0
otu8265	0	0	0	0	0	14
otu8266	0	0	0	0	14	0
otu8268	0	0	0	0	2	6
otu8269	5	0	5	4	0	0
otu8271	2	0	9	3	0	0
otu8272	0	0	0	0	9	0
otu8273	3	8	0	0	0	0
otu8274	0	0	0	0	12	0
otu8275	2	0	0	3	0	5
otu8276	0	0	0	0	0	14
otu8277	0	5	6	0	0	0
otu8278	0	0	3	0	4	4
otu8279	0	7	0	7	0	0
otu8280	2	3	7	0	2	0
otu8281	3	7	0	0	0	0
otu8282	6	0	3	0	0	0
otu8284	0	0	0	0	6	0
otu8285	0	0	0	0	3	4
otu8286	10	0	0	0	0	0
otu8287	7	0	0	7	0	0
otu8288	3	3	8	0	0	0
otu8289	0	6	6	0	0	0
otu8291	6	2	0	0	0	0
otu8292	5	0	4	0	0	0
otu8293	0	0	0	4	4	0
otu8294	0	0	0	0	13	0
otu8295	0	3	0	3	3	4
otu8296	5	0	0	0	2	0
otu8298	5	0	0	0	4	0
otu8299	0	4	5	0	0	0
otu8300	5	2	4	0	0	0
otu8301	0	5	6	0	0	0
otu8302	3	7	0	0	0	0
otu8303	2	5	4	0	0	0
otu8304	2	0	0	0	0	4
otu8305	2	3	0	0	3	0
otu8306	5	4	4	0	0	0
otu8307	5	0	0	0	0	4
otu8308	0	0	0	2	0	6
otu8309	0	5	4	0	4	0
otu8310	0	0	0	0	8	2
otu8311	2	0	0	0	8	0
otu8312	0	4	0	0	5	0
otu8313	4	0	0	5	4	0
otu8314	0	4	5	0	4	0
otu8315	4	0	5	0	0	2
otu8319	0	0	5	0	0	4
otu8321	6	3	0	1	0	0
otu8323	0	0	0	0	6	0
otu8325	5	0	4	0	0	0
otu8326	2	0	0	4	5	0
otu8328	0	9	0	0	0	0
otu8329	0	3	4	0	0	0
otu8330	6	4	0	0	0	0
otu8331	0	11	0	0	0	0
otu8332	0	5	6	0	0	0
otu8334	0	3	0	3	2	0
otu8335	2	0	6	0	2	0
otu8337	7	0	0	0	0	2
otu8338	9	0	3	0	1	0
otu8339	3	7	3	0	0	0
otu8340	0	0	5	0	8	0
otu8341	0	5	0	0	3	0
otu8342	0	0	9	0	0	0
otu8343	5	5	0	0	0	0
otu8344	0	4	0	0	0	4
otu8345	7	6	0	0	0	0
otu8346	3	4	0	0	0	0
otu8347	9	4	0	0	0	0
otu8348	2	0	7	1	3	0
otu8349	3	0	5	0	0	0
otu8350	0	0	0	0	4	9
otu8351	9	4	0	0	0	0
otu8352	4	5	0	0	0	0
otu8353	3	0	0	5	0	0
otu8354	0	0	5	0	5	0
otu8355	4	0	2	0	4	3
otu8356	0	6	4	0	0	0
otu8357	11	0	0	0	2	0
otu8359	8	0	0	0	0	0
otu8360	0	0	6	0	3	0
otu8362	1	2	6	2	0	0
otu8363	4	0	0	0	0	2
otu8364	0	0	6	0	2	0
otu8365	0	0	10	0	0	0
otu8366	0	2	3	0	6	2
otu8367	3	7	3	0	0	0
otu8368	13	0	0	0	0	0
otu8370	0	2	0	0	7	0
otu8371	6	0	0	0	7	0
otu8372	6	2	0	0	0	0
otu8374	0	11	0	0	0	0
otu8375	11	0	0	0	0	0
otu8376	0	7	0	0	0	0
otu8377	0	6	5	0	0	0
otu8378	3	0	0	2	5	0
otu8380	0	0	13	0	0	0
otu8381	3	0	5	0	0	0
otu8382	4	9	0	0	0	0
otu8383	3	8	0	0	0	0
otu8384	0	0	0	4	4	0
otu8385	4	0	3	0	4	0
otu8387	6	2	0	0	3	0
otu8389	4	2	0	0	3	0
otu8393	0	0	0	8	0	0
otu8394	8	0	5	0	0	0
otu8396	0	0	0	0	0	13
otu8397	0	6	0	0	0	0
otu8398	0	0	0	3	0	5
otu8399	0	6	0	0	0	0
otu8400	0	0	0	4	0	4
otu8403	2	0	0	3	4	0
otu8404	0	0	0	6	2	1
otu8405	5	4	0	4	0	0
otu8406	0	6	4	0	0	3
otu8407	0	0	0	4	2	0
otu8410	8	5	0	0	0	0
otu8411	5	6	0	0	2	0
otu8412	0	0	7	0	0	0
otu8413	3	0	5	0	0	0
otu8414	0	0	0	0	13	0
otu8415	8	0	5	0	0	0
otu8416	0	0	5	0	0	4
otu8417	3	3	7	0	0	0
otu8418	0	0	0	3	3	0
otu8420	3	10	0	0	0	0
otu8421	0	6	2	0	0	0
otu8422	0	0	4	0	3	4
otu8423	0	4	4	0	5	0
otu8424	5	0	0	0	0	5
otu8425	5	0	0	3	2	0
otu8426	4	1	0	2	0	0
otu8427	3	3	0	0	3	0
otu8428	6	7	0	0	0	0
otu8431	0	0	3	6	0	0
otu8432	0	0	4	3	6	0
otu8434	0	0	3	6	0	0
otu8435	3	5	0	0	0	0
otu8437	4	0	0	0	4	0
otu8438	3	0	2	6	0	0
otu8440	6	0	0	7	0	0
otu8441	0	13	0	0	0	0
otu8444	7	0	0	0	0	6
otu8446	0	0	0	0	4	4
otu8447	0	0	0	5	0	2
otu8448	2	3	0	0	3	0
otu8449	3	0	0	7	2	0
otu8451	0	0	0	6	0	4
otu8452	6	0	0	3	0	3
otu8453	5	4	3	0	0	0
otu8455	0	10	0	0	0	0
otu8456	0	0	7	0	0	5
otu8457	0	0	0	0	5	3
otu8458	3	7	0	0	0	0
otu8459	3	0	2	0	0	5
otu8461	0	3	0	0	2	4
otu8464	0	4	0	0	0	4
otu8465	0	0	0	0	2	9
otu8466	2	0	1	3	3	0
otu8467	0	8	4	0	0	0
otu8469	0	4	0	0	5	0
otu8470	6	4	0	0	0	0
otu8471	0	5	0	4	3	0
otu8472	0	0	0	0	6	3
otu8473	0	3	2	0	5	0
otu8474	0	0	12	0	0	0
otu8475	0	0	0	6	6	0
otu8476	0	2	2	0	0	4
otu8480	0	3	5	0	0	0
otu8481	4	0	0	0	0	8
otu8482	0	4	3	0	0	0
otu8484	0	0	0	0	2	6
otu8485	0	3	5	0	0	0
otu8487	0	12	0	0	0	0
otu8488	3	0	0	0	4	2
otu8489	3	0	0	0	2	3
otu8490	0	0	0	0	0	6
otu8491	5	0	0	1	2	0
otu8494	0	9	3	0	0	0
otu8495	3	3	0	0	0	6
otu8496	0	1	4	0	4	0
otu8497	4	5	3	0	0	0
otu8498	1	4	2	0	0	0
otu8499	0	2	5	0	3	0
otu8500	6	3	0	0	0	3
otu8501	0	0	0	6	0	0
otu8502	0	5	0	3	4	0
otu8503	0	7	5	0	0	0
otu8504	5	2	0	0	0	0
otu8505	0	3	4	5	0	0
otu8506	4	0	8	0	0	0
otu8508	3	0	0	0	3	0
otu8509	3	0	6	0	0	0
otu8510	3	4	0	0	2	0
otu8511	6	6	0	0	0	0
otu8512	0	2	3	0	5	2
otu8513	0	3	0	0	2	4
otu8514	0	10	2	0	0	0
otu8515	6	3	3	0	0	0
otu8516	4	0	0	3	3	2
otu8517	2	0	2	0	5	0
otu8518	0	0	0	0	6	0
otu8519	0	4	0	2	3	0
otu8520	0	6	0	2	0	0
otu8522	9	0	3	0	0	0
otu8523	4	4	0	2	2	0
otu8524	0	0	0	0	4	8
otu8527	7	2	3	0	0	0
otu8528	0	5	0	0	3	0
otu8529	0	8	4	0	0	0
otu8530	0	4	0	0	2	0
otu8531	0	7	5	0	0	0
otu8532	9	0	0	0	0	0
otu8533	0	0	0	0	4	2
otu8535	4	5	0	0	3	0
otu8536	6	0	6	0	0	0
otu8537	4	5	3	0	0	0
otu8538	0	0	0	0	4	3
otu8539	3	0	4	0	5	0
otu8540	6	0	6	0	0	0
otu8543	0	0	8	0	0	0
otu8544	4	8	0	0	0	0
otu8545	0	0	0	2	4	0
otu8546	3	0	3	4	0	0
otu8548	5	0	0	0	1	0
otu8549	2	0	0	0	6	0
otu8550	0	0	0	3	4	0
otu8551	0	0	0	0	5	4
otu8552	0	0	0	3	4	5
otu8553	0	0	0	4	3	0
otu8555	0	7	0	5	0	0
otu8556	0	0	0	0	7	5
otu8557	3	0	7	0	0	2
otu8558	6	0	0	0	0	0
otu8559	3	0	5	0	0	0
otu8560	0	0	0	0	5	4
otu8561	6	0	5	0	0	0
otu8562	0	8	4	0	0	0
otu8563	3	3	3	0	0	3
otu8564	0	0	0	0	12	0
otu8565	0	0	4	0	4	0
otu8566	0	0	0	5	7	0
otu8569	0	0	0	3	0	4
otu8572	4	0	7	0	1	0
otu8574	0	7	0	0	0	0
otu8575	4	3	4	0	0	0
otu8576	0	0	4	0	4	2
otu8578	5	0	0	0	0	4
otu8579	0	7	0	0	0	4
otu8580	4	5	0	0	0	0
otu8581	0	0	5	0	3	4
otu8583	0	0	0	3	3	0
otu8584	3	0	2	0	3	0
otu8585	8	3	0	0	0	0
otu8586	6	4	2	0	0	0
otu8587	2	4	0	0	4	0
otu8588	2	5	0	2	0	0
otu8589	2	0	5	0	0	5
otu8590	0	1	0	7	4	0
otu8592	0	0	0	5	2	5
otu8594	0	12	0	0	0	0
otu8595	4	3	0	1	2	0
otu8596	6	3	0	0	0	0
otu8597	0	0	0	0	11	0
otu8598	0	3	0	0	0	3
otu8599	0	0	8	0	3	0
otu8600	1	0	0	0	6	0
otu8601	6	0	0	0	0	0
otu8602	0	0	0	0	0	8
otu8604	0	0	5	0	3	0
otu8607	0	2	0	0	0	9
otu8608	2	0	8	1	0	0
otu8609	3	0	3	0	0	0
otu8610	0	5	6	0	0	0
otu8614	0	4	2	0	3	0
otu8615	6	0	2	0	0	0
otu8618	0	3	4	1	0	3
otu8620	0	0	6	0	0	5
otu8621	0	8	0	0	0	0
otu8623	8	0	3	0	0	0
otu8625	2	9	0	0	0	0
otu8627	0	0	0	4	4	0
otu8628	0	5	6	0	0	0
otu8630	0	0	8	0	0	0
otu8632	4	0	3	0	0	0
otu8633	0	8	0	3	0	0
otu8634	0	3	8	0	0	0
otu8635	0	0	4	0	3	0
otu8638	3	0	4	0	0	0
otu8639	0	0	0	0	9	0
otu8640	0	0	0	0	6	5
otu8641	0	0	3	2	2	0
otu8642	3	8	0	0	0	0
otu8643	0	6	0	0	5	0
otu8644	0	0	3	0	4	0
otu8645	0	6	1	0	0	0
otu8646	0	0	0	0	0	11
otu8649	0	3	0	0	0	3
otu8650	0	7	2	0	0	0
otu8651	4	0	0	0	0	3
otu8652	0	8	0	0	3	0
otu8653	0	2	0	0	5	0
otu8654	0	7	4	0	0	0
otu8656	0	0	0	0	4	2
otu8657	0	0	7	0	0	0
otu8659	0	6	2	0	0	3
otu8660	0	4	0	0	7	0
otu8661	3	0	8	0	0	0
otu8662	0	0	9	0	0	0
otu8665	3	0	3	0	0	2
otu8667	0	0	0	7	0	0
otu8668	0	7	0	0	0	0
otu8670	0	0	0	0	0	11
otu8671	8	3	0	0	0	0
otu8673	7	0	0	0	0	0
otu8674	0	3	4	0	0	0
otu8675	2	2	3	0	0	0
otu8676	3	0	0	0	0	5
otu8677	0	2	9	0	0	0
otu8678	0	0	2	0	6	0
otu8679	0	6	0	0	5	0
otu8680	0	4	4	0	0	0
otu8681	0	0	2	0	0	5
otu8682	0	6	0	0	5	0
otu8683	7	0	0	0	0	0
otu8686	0	0	0	4	3	4
otu8687	2	4	0	0	0	0
otu8688	4	0	7	0	0	0
otu8690	4	2	0	0	0	5
otu8692	3	0	0	0	0	3
otu8694	3	4	0	0	0	0
otu8695	0	0	0	0	11	0
otu8696	11	0	0	0	0	0
otu8697	0	8	0	0	0	3
otu8699	3	6	2	0	0	0
otu8701	0	5	0	0	0	1
otu8703	6	0	0	0	0	0
otu8704	3	0	3	0	0	0
otu8705	5	3	0	0	0	0
otu8709	0	0	0	0	3	4
otu8710	5	0	3	0	0	0
otu8711	0	0	0	0	0	6
otu8712	2	0	0	0	0	4
otu8715	0	0	0	3	0	8
otu8717	0	6	0	0	5	0
otu8718	6	5	0	0	0	0
otu8721	0	0	0	0	0	11
otu8724	4	0	0	0	0	7
otu8726	0	0	4	0	2	0
otu8727	0	0	4	0	0	4
otu8729	3	6	0	0	0	0
otu8730	0	0	11	0	0	0
otu8731	3	0	2	0	0	3
otu8732	4	0	0	0	3	0
otu8735	4	5	0	0	0	0
otu8737	1	7	0	0	0	0
otu8739	0	0	0	0	6	5
otu8740	6	0	0	0	0	0
otu8741	5	0	0	0	0	3
otu8742	3	4	0	0	0	0
otu8743	0	11	0	0	0	0
otu8744	0	1	2	0	3	0
otu8745	0	0	0	0	0	11
otu8746	0	0	0	6	5	0
otu8747	3	0	0	0	0	8
otu8748	1	4	4	0	0	0
otu8750	4	0	5	2	0	0
otu8751	0	8	0	0	0	0
otu8752	0	0	0	0	4	4
otu8753	0	0	9	0	2	0
otu8754	0	0	0	11	0	0
otu8755	0	2	0	0	4	0
otu8758	6	0	0	0	0	0
otu8761	4	0	2	0	0	0
otu8762	4	5	0	0	0	2
otu8763	0	6	5	0	0	0
otu8764	0	6	0	0	3	0
otu8765	0	0	0	11	0	0
otu8766	3	0	0	4	0	2
otu8767	0	0	5	0	0	4
otu8769	0	0	0	0	0	8
otu8771	6	0	0	0	0	0
otu8773	0	0	0	0	0	11
otu8774	4	5	0	0	0	0
otu8775	7	0	0	0	0	0
otu8776	3	2	3	0	0	0
otu8779	0	0	0	0	4	6
otu8782	5	3	2	0	0	0
otu8783	0	0	4	0	0	6
otu8784	0	6	4	0	0	0
otu8785	5	0	0	0	0	5
otu8786	0	0	3	0	0	3
otu8787	0	0	4	0	6	0
otu8790	0	0	4	0	4	0
otu8793	0	6	4	0	0	0
otu8794	0	0	3	0	0	3
otu8795	0	2	0	3	3	0
otu8796	0	0	3	0	4	0
otu8797	2	5	0	0	0	0
otu8798	4	0	0	0	4	0
otu8799	3	2	5	0	0	0
otu8801	3	5	2	0	0	0
otu8803	4	0	0	0	0	6
otu8804	0	0	0	0	10	0
otu8806	3	4	0	0	0	0
otu8807	4	0	0	0	0	4
otu8809	0	0	0	0	7	0
otu8810	0	2	4	0	4	0
otu8812	0	3	0	0	5	0
otu8813	6	3	0	0	0	0
otu8817	4	0	0	3	0	0
otu8819	0	0	4	0	0	6
otu8822	4	0	0	0	0	2
otu8823	0	6	0	0	0	0
otu8826	4	0	3	0	0	3
otu8827	6	0	0	0	3	0
otu8828	0	7	0	0	0	3
otu8829	0	0	7	0	0	0
otu8830	5	0	0	0	5	0
otu8833	0	7	0	0	0	0
otu8836	3	3	0	0	0	0
otu8842	5	1	0	0	0	0
otu8844	7	0	3	0	0	0
otu8845	5	0	3	0	0	0
otu8847	3	3	4	0	0	0
otu8848	10	0	0	0	0	0
otu8849	0	7	0	0	0	0
otu8851	0	8	0	0	0	0
otu8852	3	0	0	0	3	0
otu8854	0	0	0	10	0	0
otu8858	2	3	5	0	0	0
otu8859	0	4	0	0	2	0
otu8861	4	0	0	0	0	6
otu8862	4	2	4	0	0	0
otu8863	4	0	0	0	3	0
otu8865	0	0	0	0	8	0
otu8867	5	0	0	0	3	0
otu8868	3	7	0	0	0	0
otu8870	0	6	0	0	3	0
otu8873	2	3	2	0	0	0
otu8875	4	4	2	0	0	0
otu8876	4	6	0	0	0	0
otu8877	3	7	0	0	0	0
otu8878	6	0	0	0	0	4
otu8879	6	0	4	0	0	0
otu8880	3	5	0	0	0	0
otu8881	5	0	0	0	0	3
otu8882	3	0	5	0	0	0
otu8883	3	6	0	0	0	1
otu8884	0	0	0	6	0	4
otu8885	6	0	4	0	0	0
otu8886	0	0	0	4	3	0
otu8887	5	0	2	0	0	3
otu8888	0	8	0	0	0	0
otu8889	0	0	7	0	0	0
otu8890	3	0	3	0	0	2
otu8891	0	4	0	2	0	4
otu8894	0	0	0	5	5	0
otu8896	7	0	0	0	0	0
otu8898	0	0	0	0	3	3
otu8899	0	0	0	0	7	0
otu8900	0	0	0	0	4	3
otu8901	0	0	4	0	2	4
otu8903	0	0	0	0	6	0
otu8904	0	0	0	0	0	10
otu8905	0	2	0	2	3	3
otu8909	0	0	0	10	0	0
otu8910	0	2	0	8	0	0
otu8911	3	0	0	0	7	0
otu8912	2	0	0	0	2	3
otu8913	2	0	3	0	5	0
otu8915	0	0	3	0	3	0
otu8916	0	0	0	0	5	5
otu8918	0	0	3	3	4	0
otu8919	0	0	0	5	5	0
otu8921	0	0	0	0	0	10
otu8924	4	0	0	0	3	0
otu8926	0	0	6	0	4	0
otu8928	2	4	4	0	0	0
otu8930	4	0	6	0	0	0
otu8931	5	4	1	0	0	0
otu8933	2	0	2	0	3	0
otu8934	0	2	0	4	4	0
otu8937	4	6	0	0	0	0
otu8939	8	0	0	0	0	0
otu8943	10	0	0	0	0	0
otu8945	0	0	0	0	0	7
otu8946	3	0	4	0	0	0
otu8947	0	0	6	0	0	0
otu8951	0	0	5	0	3	0
otu8952	4	0	3	0	0	0
otu8953	0	0	2	1	0	3
otu8954	0	0	0	3	4	0
otu8956	0	8	0	0	2	0
otu8957	6	0	4	0	0	0
otu8959	4	0	6	0	0	0
otu8962	0	7	0	0	0	0
otu8963	0	1	0	6	0	3
otu8964	0	0	0	0	6	0
otu8966	0	4	0	4	0	0
otu8967	4	0	3	0	3	0
otu8968	0	5	2	0	0	0
otu8969	0	0	0	10	0	0
otu8970	0	0	0	0	0	10
otu8971	0	0	0	4	3	0
otu8972	4	0	3	0	0	3
otu8974	0	3	5	0	0	0
otu8976	0	0	0	8	0	2
otu8977	5	0	0	5	0	0
otu8978	5	0	0	0	2	0
otu8981	0	0	0	0	0	10
otu8982	0	3	3	0	0	0
otu8984	0	7	0	0	0	0
otu8985	2	2	3	0	0	0
otu8986	2	5	0	0	0	3
otu8987	0	0	0	0	10	0
otu8988	5	4	1	0	0	0
otu8994	6	0	3	0	0	0
otu8996	5	0	1	0	0	0
otu8997	0	0	3	0	0	6
otu8998	4	0	0	2	0	0
otu9000	0	0	4	0	5	0
otu9001	4	5	0	0	0	0
otu9002	0	0	0	0	9	0
otu9003	4	0	3	0	0	2
otu9004	0	3	4	0	0	0
otu9005	6	0	3	0	0	0
otu9008	0	0	6	0	0	0
otu9009	0	9	0	0	0	0
otu9010	3	3	0	0	0	0
otu9012	6	0	0	0	0	0
otu9013	4	3	0	0	2	0
otu9014	9	0	0	0	0	0
otu9015	4	5	0	0	0	0
otu9016	0	0	0	0	7	0
otu9018	0	0	0	0	7	0
otu9019	0	6	0	0	0	0
otu9022	2	0	0	0	1	4
otu9025	5	0	2	0	0	0
otu9029	0	2	4	0	3	0
otu9032	0	0	0	0	0	9
otu9035	0	4	5	0	0	0
otu9036	0	0	0	0	6	0
otu9038	0	6	0	0	0	0
otu9042	0	0	6	0	3	0
otu9043	0	9	0	0	0	0
otu9044	0	0	7	0	0	0
otu9045	7	0	0	0	0	0
otu9046	5	0	4	0	0	0
otu9048	0	0	0	0	0	9
otu9049	4	0	0	0	5	0
otu9052	1	2	0	6	0	0
otu9054	0	4	5	0	0	0
otu9057	4	0	5	0	0	0
otu9058	2	0	5	0	0	0
otu9059	6	0	0	0	0	0
otu9060	3	0	0	0	3	0
otu9061	7	0	0	2	0	0
otu9062	0	3	3	0	0	0
otu9063	3	2	3	0	0	0
otu9065	7	2	0	0	0	0
otu9069	4	2	3	0	0	0
otu9071	2	5	0	0	0	0
otu9072	5	0	0	0	0	4
otu9073	0	0	0	6	3	0
otu9074	3	0	3	0	3	0
otu9075	0	2	0	0	4	0
otu9076	3	0	0	0	3	3
otu9077	0	0	0	0	9	0
otu9078	0	9	0	0	0	0
otu9079	4	2	0	3	0	0
otu9081	3	4	0	0	0	0
otu9082	0	5	2	0	0	0
otu9084	0	0	0	9	0	0
otu9085	5	0	4	0	0	0
otu9086	3	0	2	0	3	1
otu9087	0	4	0	0	0	5
otu9092	0	0	0	0	6	0
otu9093	0	6	0	0	0	0
otu9094	2	0	4	3	0	0
otu9104	0	0	3	0	0	3
otu9106	3	0	2	0	4	0
otu9107	0	0	0	0	0	6
otu9108	0	3	0	6	0	0
otu9109	0	0	0	4	2	3
otu9110	0	0	0	3	6	0
otu9114	0	0	9	0	0	0
otu9117	2	0	7	0	0	0
otu9118	3	3	0	0	3	0
otu9120	0	0	3	2	4	0
otu9121	0	0	0	4	5	0
otu9126	3	0	4	0	0	0
otu9127	3	0	3	0	0	3
otu9130	0	0	2	0	4	0
otu9131	0	0	6	0	0	0
otu9133	0	0	0	0	0	9
otu9134	0	0	0	0	5	4
otu9135	0	6	0	0	3	0
otu9136	0	0	0	0	9	0
otu9137	3	6	0	0	0	0
otu9140	0	0	0	0	0	9
otu9142	0	9	0	0	0	0
otu9143	0	0	0	0	9	0
otu9144	4	3	2	0	0	0
otu9145	0	9	0	0	0	0
otu9148	0	0	0	0	2	4
otu9149	0	0	0	0	2	7
otu9150	0	0	0	6	0	3
otu9154	3	0	0	0	3	0
otu9156	0	0	0	0	0	9
otu9159	0	3	0	0	6	0
otu9160	0	0	0	0	3	3
otu9161	0	3	4	0	0	0
otu9163	0	5	4	0	0	0
otu9165	2	0	2	5	0	0
otu9166	4	0	0	0	0	5
otu9168	0	0	5	0	4	0
otu9169	0	5	2	0	0	0
otu9172	0	0	0	0	0	6
otu9173	2	3	0	0	0	3
otu9174	0	0	0	6	3	0
otu9177	0	7	2	0	0	0
otu9178	2	2	0	0	0	2
otu9179	0	0	5	0	3	1
otu9181	0	0	8	0	0	0
otu9186	0	5	0	0	3	0
otu9187	0	5	3	0	0	0
otu9189	8	0	0	0	0	0
otu9191	0	5	3	0	0	0
otu9192	4	0	0	0	4	0
otu9197	0	3	3	0	0	0
otu9198	0	8	0	0	0	0
otu9200	0	0	0	0	0	8
otu9201	0	5	0	0	0	3
otu9204	3	0	0	5	0	0
otu9205	0	0	0	2	3	3
otu9209	0	8	0	0	0	0
otu9211	3	5	0	0	0	0
otu9212	0	3	0	0	0	3
otu9213	3	3	0	0	0	0
otu9216	0	5	3	0	0	0
otu9217	0	0	0	8	0	0
otu9219	0	3	0	0	5	0
otu9224	0	8	0	0	0	0
otu9227	0	3	3	0	0	2
otu9228	4	4	0	0	0	0
otu9230	0	0	0	0	0	8
otu9231	0	0	8	0	0	0
otu9232	0	6	2	0	0	0
otu9235	0	3	0	0	5	0
otu9236	0	0	0	0	0	8
otu9241	0	0	0	0	8	0
otu9243	0	0	0	8	0	0
otu9244	0	4	4	0	0	0
otu9245	4	0	4	0	0	0
otu9249	0	3	0	3	0	0
otu9253	1	3	2	0	0	0
otu9254	2	0	0	0	6	0
otu9255	3	0	5	0	0	0
otu9256	0	4	0	0	4	0
otu9259	0	0	0	0	0	8
otu9260	0	5	3	0	0	0
otu9262	0	0	0	0	8	0
otu9265	0	0	0	0	2	4
otu9266	3	0	0	5	0	0
otu9268	2	0	4	0	0	0
otu9271	0	8	0	0	0	0
otu9273	0	0	4	0	4	0
otu9275	5	0	0	0	0	3
otu9276	4	2	0	0	0	0
otu9277	2	0	6	0	0	0
otu9278	6	0	2	0	0	0
otu9279	6	0	2	0	0	0
otu9280	2	5	0	0	0	0
otu9282	6	2	0	0	0	0
otu9283	0	0	2	0	0	6
otu9284	0	2	2	0	4	0
otu9285	2	6	0	0	0	0
otu9287	6	2	0	0	0	0
otu9289	2	6	0	0	0	0
otu9291	2	2	0	0	0	4
otu9293	0	3	0	0	5	0
otu9295	0	8	0	0	0	0
otu9296	2	0	0	0	0	6
otu9297	0	5	0	3	0	0
otu9300	0	3	0	0	5	0
otu9302	0	3	5	0	0	0
otu9303	5	0	3	0	0	0
otu9307	0	3	5	0	0	0
otu9309	3	5	0	0	0	0
otu9310	1	2	5	0	0	0
otu9312	0	4	0	0	4	0
otu9313	4	0	4	0	0	0
otu9316	2	3	0	0	0	3
otu9320	0	8	0	0	0	0
otu9322	0	2	6	0	0	0
otu9328	8	0	0	0	0	0
otu9330	6	0	0	0	2	0
otu9331	0	0	0	0	0	6
otu9338	0	0	8	0	0	0
otu9339	0	4	0	0	4	0
otu9340	0	0	0	0	0	6
otu9346	0	0	0	3	5	0
otu9347	0	0	0	0	0	6
otu9352	0	0	0	0	5	3
otu9357	0	0	0	0	0	8
otu9359	0	0	8	0	0	0
otu9360	0	3	0	0	0	4
otu9361	0	0	0	8	0	0
otu9363	0	0	3	0	0	3
otu9364	0	0	0	0	3	5
otu9366	2	2	0	0	0	4
otu9367	0	0	0	2	4	0
otu9369	0	0	0	4	4	0
otu9370	0	0	0	6	2	0
otu9371	4	4	0	0	0	0
otu9372	6	0	2	0	0	0
otu9373	3	0	3	0	0	0
otu9374	0	4	0	0	4	0
otu9375	0	0	0	0	3	5
otu9376	4	0	0	0	4	0
otu9380	4	4	0	0	0	0
otu9381	0	0	0	0	8	0
otu9386	0	4	4	0	0	0
otu9387	0	6	0	0	0	0
otu9388	0	6	0	0	0	0
otu9390	6	0	0	1	0	0
otu9391	2	0	6	0	0	0
otu9392	0	3	3	0	0	0
otu9393	0	2	2	0	0	4
otu9400	0	0	0	8	0	0
otu9406	0	0	0	0	0	8
otu9409	0	5	0	0	3	0
otu9413	3	0	3	0	0	0
otu9414	0	0	3	0	0	5
otu9415	3	5	0	0	0	0
otu9416	0	8	0	0	0	0
otu9417	7	0	0	0	0	0
otu9418	7	0	0	0	0	0
otu9419	0	0	0	0	0	7
otu9420	0	0	0	7	0	0
otu9421	7	0	0	0	0	0
otu9424	0	0	0	0	0	7
otu9426	0	0	0	7	0	0
otu9428	4	1	0	0	0	2
otu9429	0	7	0	0	0	0
otu9430	2	0	5	0	0	0
otu9431	0	0	0	0	0	7
otu9432	4	0	3	0	0	0
otu9433	0	3	0	0	4	0
otu9435	2	5	0	0	0	0
otu9436	0	2	5	0	0	0
otu9438	7	0	0	0	0	0
otu9440	1	0	4	0	0	2
otu9444	2	3	0	0	2	0
otu9445	0	0	2	0	5	0
otu9448	2	0	5	0	0	0
otu9449	0	7	0	0	0	0
otu9453	0	5	2	0	0	0
otu9455	0	3	4	0	0	0
otu9456	0	4	3	0	0	0
otu9457	0	7	0	0	0	0
otu9462	0	7	0	0	0	0
otu9464	0	0	0	2	5	0
otu9468	0	0	7	0	0	0
otu9470	3	0	4	0	0	0
otu9471	7	0	0	0	0	0
otu9473	0	0	0	7	0	0
otu9475	0	0	0	0	7	0
otu9483	4	0	0	0	3	0
otu9484	7	0	0	0	0	0
otu9485	0	3	0	4	0	0
otu9486	0	3	0	0	4	0
otu9489	3	0	4	0	0	0
otu9493	0	4	0	3	0	0
otu9496	7	0	0	0	0	0
otu9503	0	1	4	0	2	0
otu9505	0	5	0	0	2	0
otu9510	7	0	0	0	0	0
otu9511	0	0	7	0	0	0
otu9519	0	0	0	0	7	0
otu9520	0	0	0	7	0	0
otu9523	0	0	0	0	7	0
otu9525	0	0	0	0	0	7
otu9527	0	4	0	0	3	0
otu9528	0	0	3	0	4	0
otu9529	0	7	0	0	0	0
otu9531	0	0	4	3	0	0
otu9532	0	7	0	0	0	0
otu9533	7	0	0	0	0	0
otu9534	5	2	0	0	0	0
otu9535	0	0	0	4	0	3
otu9540	0	0	0	0	5	2
otu9541	7	0	0	0	0	0
otu9547	0	7	0	0	0	0
otu9549	5	0	2	0	0	0
otu9550	2	0	0	0	5	0
otu9551	3	0	4	0	0	0
otu9552	0	2	5	0	0	0
otu9553	0	4	0	0	0	3
otu9554	0	0	7	0	0	0
otu9555	4	0	0	0	3	0
otu9556	0	3	0	0	4	0
otu9560	0	7	0	0	0	0
otu9561	3	0	0	0	4	0
otu9562	4	0	0	0	3	0
otu9563	2	4	0	0	1	0
otu9567	0	7	0	0	0	0
otu9569	0	0	0	7	0	0
otu9572	1	0	0	3	0	3
otu9573	7	0	0	0	0	0
otu9580	0	0	0	4	0	3
otu9584	3	0	4	0	0	0
otu9585	0	0	0	7	0	0
otu9586	0	0	0	7	0	0
otu9587	0	2	2	0	3	0
otu9588	0	3	0	0	2	2
otu9589	0	0	0	0	7	0
otu9590	4	0	3	0	0	0
otu9591	0	0	7	0	0	0
otu9592	0	0	2	5	0	0
otu9599	0	0	0	0	0	7
otu9601	0	0	2	0	0	5
otu9603	1	0	0	0	0	6
otu9608	7	0	0	0	0	0
otu9610	0	0	0	4	3	0
otu9612	0	0	0	4	3	0
otu9618	0	0	5	2	0	0
otu9621	0	0	0	0	0	7
otu9624	0	7	0	0	0	0
otu9629	3	0	0	0	4	0
otu9630	6	0	0	0	0	0
otu9631	0	0	0	7	0	0
otu9636	0	0	0	7	0	0
otu9638	0	0	2	0	3	2
otu9640	4	0	3	0	0	0
otu9642	2	0	0	0	0	5
otu9644	4	0	3	0	0	0
otu9646	4	3	0	0	0	0
otu9653	7	0	0	0	0	0
otu9655	0	0	7	0	0	0
otu9656	0	4	3	0	0	0
otu9661	7	0	0	0	0	0
otu9663	0	7	0	0	0	0
otu9664	3	0	4	0	0	0
otu9666	0	7	0	0	0	0
otu9667	5	2	0	0	0	0
otu9671	0	0	3	0	4	0
otu9672	4	0	3	0	0	0
otu9673	6	0	1	0	0	0
otu9674	7	0	0	0	0	0
otu9675	3	0	4	0	0	0
otu9678	0	0	7	0	0	0
otu9688	3	0	0	0	0	4
otu9691	0	0	0	5	0	2
otu9692	0	0	7	0	0	0
otu9693	3	0	0	0	4	0
otu9694	4	3	0	0	0	0
otu9695	0	7	0	0	0	0
otu9696	7	0	0	0	0	0
otu9697	4	3	0	0	0	0
otu9700	3	4	0	0	0	0
otu9705	2	3	0	2	0	0
otu9707	0	3	0	0	0	4
otu9708	0	7	0	0	0	0
otu9709	0	0	2	0	0	5
otu9710	0	0	7	0	0	0
otu9713	3	0	3	0	0	0
otu9714	3	0	0	0	0	4
otu9716	4	0	0	0	3	0
otu9719	0	0	7	0	0	0
otu9721	0	3	0	4	0	0
otu9722	0	7	0	0	0	0
otu9723	0	2	0	0	5	0
otu9725	0	0	0	3	0	4
otu9730	3	0	0	0	4	0
otu9731	0	4	0	0	3	0
otu9732	2	0	5	0	0	0
otu9734	0	3	3	0	0	0
otu9740	0	6	0	0	0	0
otu9743	0	0	0	2	4	0
otu9745	0	0	3	0	3	0
otu9746	3	3	0	0	0	0
otu9751	0	0	1	0	0	5
otu9755	0	0	0	0	6	0
otu9756	0	0	0	6	0	0
otu9757	0	0	0	0	5	1
otu9758	0	0	0	0	6	0
otu9763	6	0	0	0	0	0
otu9764	4	2	0	0	0	0
otu9770	0	0	0	0	0	6
otu9771	6	0	0	0	0	0
otu9772	0	0	0	0	0	6
otu9773	0	0	0	0	6	0
otu9774	0	0	6	0	0	0
otu9775	3	3	0	0	0	0
otu9777	0	6	0	0	0	0
otu9778	0	0	0	3	3	0
otu9779	3	3	0	0	0	0
otu9780	2	0	0	4	0	0
otu9781	0	3	0	0	3	0
otu9784	0	0	0	3	0	3
otu9787	0	1	0	0	0	5
otu9789	0	4	2	0	0	0
otu9790	0	0	0	0	0	6
otu9791	0	0	6	0	0	0
otu9792	6	0	0	0	0	0
otu9794	2	4	0	0	0	0
otu9795	3	3	0	0	0	0
otu9797	0	3	3	0	0	0
otu9799	0	0	3	0	3	0
otu9801	0	6	0	0	0	0
otu9802	0	0	0	2	0	4
otu9805	0	0	0	6	0	0
otu9806	3	3	0	0	0	0
otu9808	0	6	0	0	0	0
otu9809	0	5	1	0	0	0
otu9810	6	0	0	0	0	0
otu9811	3	0	3	0	0	0
otu9814	0	0	2	0	0	4
otu9815	0	0	0	6	0	0
otu9818	0	0	0	6	0	0
otu9820	0	2	0	0	0	4
otu9822	0	0	0	2	4	0
otu9823	0	6	0	0	0	0
otu9824	0	0	0	0	0	6
otu9825	0	0	0	0	6	0
otu9826	4	0	0	0	2	0
otu9828	1	0	0	0	0	5
otu9829	0	2	0	4	0	0
otu9831	0	6	0	0	0	0
otu9832	0	0	3	0	3	0
otu9836	0	0	6	0	0	0
otu9839	0	3	3	0	0	0
otu9840	0	0	6	0	0	0
otu9841	4	2	0	0	0	0
otu9842	0	0	0	6	0	0
otu9843	0	0	0	2	4	0
otu9846	2	4	0	0	0	0
otu9849	0	4	0	0	2	0
otu9851	6	0	0	0	0	0
otu9855	0	6	0	0	0	0
otu9856	0	3	0	0	3	0
otu9857	0	6	0	0	0	0
otu9860	0	0	0	0	0	6
otu9867	0	0	3	0	2	1
otu9871	5	0	0	1	0	0
otu9873	2	0	0	0	0	4
otu9875	0	4	2	0	0	0
otu9878	0	0	0	0	0	6
otu9879	3	0	0	0	3	0
otu9882	1	4	0	0	1	0
otu9884	0	4	0	2	0	0
otu9885	0	0	0	0	6	0
otu9886	0	6	0	0	0	0
otu9887	6	0	0	0	0	0
otu9889	0	0	6	0	0	0
otu9890	6	0	0	0	0	0
otu9892	0	2	0	4	0	0
otu9894	0	0	6	0	0	0
otu9895	1	3	0	2	0	0
otu9897	0	0	0	2	4	0
otu9903	0	0	3	0	3	0
otu9904	3	0	0	3	0	0
otu9905	0	4	0	0	2	0
otu9906	2	2	0	0	2	0
otu9907	0	3	0	0	3	0
otu9909	0	0	0	6	0	0
otu9911	3	0	3	0	0	0
otu9913	6	0	0	0	0	0
otu9914	0	0	6	0	0	0
otu9916	5	0	0	1	0	0
otu9918	0	0	0	0	0	6
otu9921	0	0	0	0	0	6
otu9923	3	3	0	0	0	0
otu9924	0	3	0	3	0	0
otu9925	6	0	0	0	0	0
otu9927	0	6	0	0	0	0
otu9928	0	0	6	0	0	0
otu9929	4	0	2	0	0	0
otu9931	0	0	0	0	0	6
otu9932	0	0	0	0	0	6
otu9933	0	0	0	6	0	0
otu9934	0	6	0	0	0	0
otu9936	6	0	0	0	0	0
otu9938	0	2	0	0	4	0
otu9940	2	0	4	0	0	0
otu9941	0	0	3	3	0	0
otu9942	0	0	0	0	6	0
otu9944	0	0	0	0	0	6
otu9946	0	0	0	0	6	0
otu9947	0	4	2	0	0	0
otu9956	0	0	0	6	0	0
otu9957	0	0	0	0	6	0
otu9958	6	0	0	0	0	0
otu9962	0	0	0	6	0	0
otu9963	0	0	0	0	0	6
otu9964	6	0	0	0	0	0
otu9969	0	6	0	0	0	0
otu9971	0	6	0	0	0	0
otu9972	2	0	4	0	0	0
otu9974	0	0	0	0	0	6
otu9975	0	0	0	0	0	6
otu9976	6	0	0	0	0	0
otu9977	2	0	0	0	0	4
otu9980	0	6	0	0	0	0
otu9982	0	0	6	0	0	0
otu9985	0	0	0	4	0	2
otu9989	0	6	0	0	0	0
otu9990	0	0	6	0	0	0
otu9991	4	0	2	0	0	0
otu9992	0	1	0	0	5	0
otu9994	0	2	4	0	0	0
otu9995	0	0	0	0	6	0
otu9996	3	0	0	0	0	3
otu9997	0	0	6	0	0	0
otu10000	2	4	0	0	0	0
otu10001	0	0	0	6	0	0
otu10003	0	0	0	6	0	0
otu10006	2	0	4	0	0	0
otu10007	0	3	0	0	3	0
otu10008	6	0	0	0	0	0
otu10011	0	0	0	0	3	3
otu10012	0	0	0	6	0	0
otu10013	0	0	6	0	0	0
otu10014	0	6	0	0	0	0
otu10018	0	0	3	0	3	0
otu10019	0	0	6	0	0	0
otu10022	0	0	6	0	0	0
otu10025	2	4	0	0	0	0
otu10028	2	0	4	0	0	0
otu10029	0	0	0	0	2	4
otu10030	0	0	4	2	0	0
otu10031	0	0	3	0	0	3
otu10033	0	0	0	0	0	6
otu10034	0	3	3	0	0	0
otu10035	0	0	0	2	0	4
otu10036	0	2	0	0	0	4
otu10037	0	0	0	0	6	0
otu10041	0	0	6	0	0	0
otu10046	0	6	0	0	0	0
otu10048	0	0	6	0	0	0
otu10050	6	0	0	0	0	0
otu10053	0	0	3	0	1	2
otu10061	2	4	0	0	0	0
otu10062	1	5	0	0	0	0
otu10066	6	0	0	0	0	0
otu10067	2	4	0	0	0	0
otu10069	6	0	0	0	0	0
