"p","freq","freq.pred","Lower","Upper","point_color"
4.03278769312567e-08,0.333333333333333,0.083749546998632,0.00488149148114226,0.630064390170044,"black"
4.03278769312567e-08,0.333333333333333,0.083749546998632,0.00488149148114226,0.630064390170044,"black"
4.03278769312567e-08,0.333333333333333,0.083749546998632,0.00488149148114226,0.630064390170044,"black"
4.03278769312567e-08,0.333333333333333,0.083749546998632,0.00488149148114226,0.630064390170044,"black"
4.03278769312567e-08,0.333333333333333,0.083749546998632,0.00488149148114226,0.630064390170044,"black"
4.03278769312567e-08,0.333333333333333,0.083749546998632,0.00488149148114226,0.630064390170044,"black"
4.03278769312567e-08,0.333333333333333,0.083749546998632,0.00488149148114226,0.630064390170044,"black"
4.03278769312567e-08,0.333333333333333,0.083749546998632,0.00488149148114226,0.630064390170044,"black"
4.03278769312567e-08,0.333333333333333,0.083749546998632,0.00488149148114226,0.630064390170044,"black"
4.03278769312567e-08,0.333333333333333,0.083749546998632,0.00488149148114226,0.630064390170044,"black"
4.03278769312567e-08,0.333333333333333,0.083749546998632,0.00488149148114226,0.630064390170044,"black"
4.03278769312567e-08,0.333333333333333,0.083749546998632,0.00488149148114226,0.630064390170044,"black"
4.03278769312567e-08,0.333333333333333,0.083749546998632,0.00488149148114226,0.630064390170044,"black"
4.03278769312567e-08,0.333333333333333,0.083749546998632,0.00488149148114226,0.630064390170044,"black"
4.03278769312567e-08,0.333333333333333,0.083749546998632,0.00488149148114226,0.630064390170044,"black"
4.03278769312567e-08,0.333333333333333,0.083749546998632,0.00488149148114226,0.630064390170044,"black"
4.03278769312567e-08,0.333333333333333,0.083749546998632,0.00488149148114226,0.630064390170044,"black"
4.03278769312567e-08,0.333333333333333,0.083749546998632,0.00488149148114226,0.630064390170044,"black"
4.03278769312567e-08,0.333333333333333,0.083749546998632,0.00488149148114226,0.630064390170044,"black"
4.03278769312567e-08,0.333333333333333,0.083749546998632,0.00488149148114226,0.630064390170044,"black"
4.03278769312567e-08,0.333333333333333,0.083749546998632,0.00488149148114226,0.630064390170044,"black"
4.03278769312567e-08,0.333333333333333,0.083749546998632,0.00488149148114226,0.630064390170044,"black"
4.03278769312567e-08,0.333333333333333,0.083749546998632,0.00488149148114226,0.630064390170044,"black"
4.03278769312567e-08,0.333333333333333,0.083749546998632,0.00488149148114226,0.630064390170044,"black"
4.03278769312567e-08,0.333333333333333,0.083749546998632,0.00488149148114226,0.630064390170044,"black"
4.03278769312567e-08,0.333333333333333,0.083749546998632,0.00488149148114226,0.630064390170044,"black"
8.06557538625133e-08,0.333333333333333,0.165793503892329,0.0174834251335346,0.689415493766546,"black"
8.06557538625133e-08,0.333333333333333,0.165793503892329,0.0174834251335346,0.689415493766546,"black"
8.06557538625133e-08,0.333333333333333,0.165793503892329,0.0174834251335346,0.689415493766546,"black"
8.06557538625133e-08,0.333333333333333,0.165793503892329,0.0174834251335346,0.689415493766546,"black"
8.06557538625133e-08,0.333333333333333,0.165793503892329,0.0174834251335346,0.689415493766546,"black"
8.06557538625133e-08,0.333333333333333,0.165793503892329,0.0174834251335346,0.689415493766546,"black"
8.06557538625133e-08,0.333333333333333,0.165793503892329,0.0174834251335346,0.689415493766546,"black"
8.06557538625133e-08,0.333333333333333,0.165793503892329,0.0174834251335346,0.689415493766546,"black"
8.06557538625133e-08,0.333333333333333,0.165793503892329,0.0174834251335346,0.689415493766546,"black"
8.06557538625133e-08,0.333333333333333,0.165793503892329,0.0174834251335346,0.689415493766546,"black"
8.06557538625133e-08,0.333333333333333,0.165793503892329,0.0174834251335346,0.689415493766546,"black"
8.06557538625133e-08,0.333333333333333,0.165793503892329,0.0174834251335346,0.689415493766546,"black"
8.06557538625133e-08,0.333333333333333,0.165793503892329,0.0174834251335346,0.689415493766546,"black"
8.06557538625133e-08,0.333333333333333,0.165793503892329,0.0174834251335346,0.689415493766546,"black"
8.06557538625133e-08,0.333333333333333,0.165793503892329,0.0174834251335346,0.689415493766546,"black"
8.06557538625133e-08,0.333333333333333,0.165793503892329,0.0174834251335346,0.689415493766546,"black"
8.06557538625133e-08,0.333333333333333,0.165793503892329,0.0174834251335346,0.689415493766546,"black"
8.06557538625133e-08,0.333333333333333,0.165793503892329,0.0174834251335346,0.689415493766546,"black"
8.06557538625133e-08,0.333333333333333,0.165793503892329,0.0174834251335346,0.689415493766546,"black"
8.06557538625133e-08,0.333333333333333,0.165793503892329,0.0174834251335346,0.689415493766546,"black"
8.06557538625133e-08,0.333333333333333,0.165793503892329,0.0174834251335346,0.689415493766546,"black"
8.06557538625133e-08,0.333333333333333,0.165793503892329,0.0174834251335346,0.689415493766546,"black"
8.06557538625133e-08,0.333333333333333,0.165793503892329,0.0174834251335346,0.689415493766546,"black"
8.06557538625133e-08,0.333333333333333,0.165793503892329,0.0174834251335346,0.689415493766546,"black"
8.06557538625133e-08,0.333333333333333,0.165793503892329,0.0174834251335346,0.689415493766546,"black"
8.06557538625133e-08,0.333333333333333,0.165793503892329,0.0174834251335346,0.689415493766546,"black"
8.06557538625133e-08,0.333333333333333,0.165793503892329,0.0174834251335346,0.689415493766546,"black"
8.06557538625133e-08,0.333333333333333,0.165793503892329,0.0174834251335346,0.689415493766546,"black"
8.06557538625133e-08,0.333333333333333,0.165793503892329,0.0174834251335346,0.689415493766546,"black"
8.06557538625133e-08,0.333333333333333,0.165793503892329,0.0174834251335346,0.689415493766546,"black"
8.06557538625133e-08,0.333333333333333,0.165793503892329,0.0174834251335346,0.689415493766546,"black"
8.06557538625133e-08,0.333333333333333,0.165793503892329,0.0174834251335346,0.689415493766546,"black"
8.06557538625133e-08,0.333333333333333,0.165793503892329,0.0174834251335346,0.689415493766546,"black"
8.06557538625133e-08,0.333333333333333,0.165793503892329,0.0174834251335346,0.689415493766546,"black"
8.06557538625133e-08,0.333333333333333,0.165793503892329,0.0174834251335346,0.689415493766546,"black"
8.06557538625133e-08,0.333333333333333,0.165793503892329,0.0174834251335346,0.689415493766546,"black"
8.06557538625133e-08,0.333333333333333,0.165793503892329,0.0174834251335346,0.689415493766546,"black"
8.06557538625133e-08,0.333333333333333,0.165793503892329,0.0174834251335346,0.689415493766546,"black"
8.06557538625133e-08,0.333333333333333,0.165793503892329,0.0174834251335346,0.689415493766546,"black"
8.06557538625133e-08,0.333333333333333,0.165793503892329,0.0174834251335346,0.689415493766546,"black"
8.06557538625133e-08,0.333333333333333,0.165793503892329,0.0174834251335346,0.689415493766546,"black"
8.06557538625133e-08,0.333333333333333,0.165793503892329,0.0174834251335346,0.689415493766546,"black"
8.06557538625133e-08,0.333333333333333,0.165793503892329,0.0174834251335346,0.689415493766546,"black"
8.06557538625133e-08,0.333333333333333,0.165793503892329,0.0174834251335346,0.689415493766546,"black"
8.06557538625133e-08,0.333333333333333,0.165793503892329,0.0174834251335346,0.689415493766546,"black"
8.06557538625133e-08,0.333333333333333,0.165793503892329,0.0174834251335346,0.689415493766546,"black"
8.06557538625133e-08,0.333333333333333,0.165793503892329,0.0174834251335346,0.689415493766546,"black"
8.06557538625133e-08,0.333333333333333,0.165793503892329,0.0174834251335346,0.689415493766546,"black"
8.06557538625133e-08,0.333333333333333,0.165793503892329,0.0174834251335346,0.689415493766546,"black"
8.06557538625133e-08,0.333333333333333,0.165793503892329,0.0174834251335346,0.689415493766546,"black"
8.06557538625133e-08,0.333333333333333,0.165793503892329,0.0174834251335346,0.689415493766546,"black"
8.06557538625133e-08,0.333333333333333,0.165793503892329,0.0174834251335346,0.689415493766546,"black"
8.06557538625133e-08,0.333333333333333,0.165793503892329,0.0174834251335346,0.689415493766546,"black"
8.06557538625133e-08,0.333333333333333,0.165793503892329,0.0174834251335346,0.689415493766546,"black"
8.06557538625133e-08,0.333333333333333,0.165793503892329,0.0174834251335346,0.689415493766546,"black"
8.06557538625133e-08,0.333333333333333,0.165793503892329,0.0174834251335346,0.689415493766546,"black"
8.06557538625133e-08,0.333333333333333,0.165793503892329,0.0174834251335346,0.689415493766546,"black"
8.06557538625133e-08,0.333333333333333,0.165793503892329,0.0174834251335346,0.689415493766546,"black"
8.06557538625133e-08,0.333333333333333,0.165793503892329,0.0174834251335346,0.689415493766546,"black"
8.06557538625133e-08,0.333333333333333,0.165793503892329,0.0174834251335346,0.689415493766546,"black"
8.06557538625133e-08,0.333333333333333,0.165793503892329,0.0174834251335346,0.689415493766546,"black"
8.06557538625133e-08,0.333333333333333,0.165793503892329,0.0174834251335346,0.689415493766546,"black"
8.06557538625133e-08,0.333333333333333,0.165793503892329,0.0174834251335346,0.689415493766546,"black"
8.06557538625133e-08,0.333333333333333,0.165793503892329,0.0174834251335346,0.689415493766546,"black"
8.06557538625133e-08,0.333333333333333,0.165793503892329,0.0174834251335346,0.689415493766546,"black"
8.06557538625133e-08,0.333333333333333,0.165793503892329,0.0174834251335346,0.689415493766546,"black"
8.06557538625133e-08,0.333333333333333,0.165793503892329,0.0174834251335346,0.689415493766546,"black"
8.06557538625133e-08,0.333333333333333,0.165793503892329,0.0174834251335346,0.689415493766546,"black"
8.06557538625133e-08,0.333333333333333,0.165793503892329,0.0174834251335346,0.689415493766546,"black"
8.06557538625133e-08,0.333333333333333,0.165793503892329,0.0174834251335346,0.689415493766546,"black"
8.06557538625133e-08,0.333333333333333,0.165793503892329,0.0174834251335346,0.689415493766546,"black"
8.06557538625133e-08,0.333333333333333,0.165793503892329,0.0174834251335346,0.689415493766546,"black"
8.06557538625133e-08,0.333333333333333,0.165793503892329,0.0174834251335346,0.689415493766546,"black"
8.06557538625133e-08,0.333333333333333,0.165793503892329,0.0174834251335346,0.689415493766546,"black"
8.06557538625133e-08,0.333333333333333,0.165793503892329,0.0174834251335346,0.689415493766546,"black"
8.06557538625133e-08,0.333333333333333,0.165793503892329,0.0174834251335346,0.689415493766546,"black"
8.06557538625133e-08,0.333333333333333,0.165793503892329,0.0174834251335346,0.689415493766546,"black"
8.06557538625133e-08,0.333333333333333,0.165793503892329,0.0174834251335346,0.689415493766546,"black"
8.06557538625133e-08,0.333333333333333,0.165793503892329,0.0174834251335346,0.689415493766546,"black"
8.06557538625133e-08,0.333333333333333,0.165793503892329,0.0174834251335346,0.689415493766546,"black"
8.06557538625133e-08,0.333333333333333,0.165793503892329,0.0174834251335346,0.689415493766546,"black"
8.06557538625133e-08,0.333333333333333,0.165793503892329,0.0174834251335346,0.689415493766546,"black"
8.06557538625133e-08,0.333333333333333,0.165793503892329,0.0174834251335346,0.689415493766546,"black"
8.06557538625133e-08,0.333333333333333,0.165793503892329,0.0174834251335346,0.689415493766546,"black"
8.06557538625133e-08,0.333333333333333,0.165793503892329,0.0174834251335346,0.689415493766546,"black"
8.06557538625133e-08,0.333333333333333,0.165793503892329,0.0174834251335346,0.689415493766546,"black"
8.06557538625133e-08,0.333333333333333,0.165793503892329,0.0174834251335346,0.689415493766546,"black"
8.06557538625133e-08,0.333333333333333,0.165793503892329,0.0174834251335346,0.689415493766546,"black"
8.06557538625133e-08,0.333333333333333,0.165793503892329,0.0174834251335346,0.689415493766546,"black"
8.06557538625133e-08,0.333333333333333,0.165793503892329,0.0174834251335346,0.689415493766546,"black"
8.06557538625133e-08,0.333333333333333,0.165793503892329,0.0174834251335346,0.689415493766546,"black"
8.06557538625133e-08,0.333333333333333,0.165793503892329,0.0174834251335346,0.689415493766546,"black"
8.06557538625133e-08,0.333333333333333,0.165793503892329,0.0174834251335346,0.689415493766546,"black"
8.06557538625133e-08,0.333333333333333,0.165793503892329,0.0174834251335346,0.689415493766546,"black"
8.06557538625133e-08,0.333333333333333,0.165793503892329,0.0174834251335346,0.689415493766546,"black"
8.06557538625133e-08,0.333333333333333,0.165793503892329,0.0174834251335346,0.689415493766546,"black"
8.06557538625133e-08,0.333333333333333,0.165793503892329,0.0174834251335346,0.689415493766546,"black"
8.06557538625133e-08,0.333333333333333,0.165793503892329,0.0174834251335346,0.689415493766546,"black"
8.06557538625133e-08,0.333333333333333,0.165793503892329,0.0174834251335346,0.689415493766546,"black"
8.06557538625133e-08,0.333333333333333,0.165793503892329,0.0174834251335346,0.689415493766546,"black"
8.06557538625133e-08,0.333333333333333,0.165793503892329,0.0174834251335346,0.689415493766546,"black"
8.06557538625133e-08,0.333333333333333,0.165793503892329,0.0174834251335346,0.689415493766546,"black"
8.06557538625133e-08,0.333333333333333,0.165793503892329,0.0174834251335346,0.689415493766546,"black"
8.06557538625133e-08,0.333333333333333,0.165793503892329,0.0174834251335346,0.689415493766546,"black"
8.06557538625133e-08,0.333333333333333,0.165793503892329,0.0174834251335346,0.689415493766546,"black"
8.06557538625133e-08,0.333333333333333,0.165793503892329,0.0174834251335346,0.689415493766546,"black"
8.06557538625133e-08,0.333333333333333,0.165793503892329,0.0174834251335346,0.689415493766546,"black"
8.06557538625133e-08,0.333333333333333,0.165793503892329,0.0174834251335346,0.689415493766546,"black"
8.06557538625133e-08,0.333333333333333,0.165793503892329,0.0174834251335346,0.689415493766546,"black"
8.06557538625133e-08,0.333333333333333,0.165793503892329,0.0174834251335346,0.689415493766546,"black"
8.06557538625133e-08,0.333333333333333,0.165793503892329,0.0174834251335346,0.689415493766546,"black"
8.06557538625133e-08,0.333333333333333,0.165793503892329,0.0174834251335346,0.689415493766546,"black"
8.06557538625133e-08,0.333333333333333,0.165793503892329,0.0174834251335346,0.689415493766546,"black"
8.06557538625133e-08,0.333333333333333,0.165793503892329,0.0174834251335346,0.689415493766546,"black"
8.06557538625133e-08,0.333333333333333,0.165793503892329,0.0174834251335346,0.689415493766546,"black"
8.06557538625133e-08,0.333333333333333,0.165793503892329,0.0174834251335346,0.689415493766546,"black"
8.06557538625133e-08,0.333333333333333,0.165793503892329,0.0174834251335346,0.689415493766546,"black"
8.06557538625133e-08,0.333333333333333,0.165793503892329,0.0174834251335346,0.689415493766546,"black"
8.06557538625133e-08,0.333333333333333,0.165793503892329,0.0174834251335346,0.689415493766546,"black"
8.06557538625133e-08,0.333333333333333,0.165793503892329,0.0174834251335346,0.689415493766546,"black"
8.06557538625133e-08,0.333333333333333,0.165793503892329,0.0174834251335346,0.689415493766546,"black"
8.06557538625133e-08,0.333333333333333,0.165793503892329,0.0174834251335346,0.689415493766546,"black"
8.06557538625133e-08,0.333333333333333,0.165793503892329,0.0174834251335346,0.689415493766546,"black"
8.06557538625133e-08,0.333333333333333,0.165793503892329,0.0174834251335346,0.689415493766546,"black"
8.06557538625133e-08,0.333333333333333,0.165793503892329,0.0174834251335346,0.689415493766546,"black"
8.06557538625133e-08,0.333333333333333,0.165793503892329,0.0174834251335346,0.689415493766546,"black"
8.06557538625133e-08,0.333333333333333,0.165793503892329,0.0174834251335346,0.689415493766546,"black"
1.2098363079377e-07,0.333333333333333,0.244961551423684,0.0355190317460571,0.740810734819337,"black"
1.2098363079377e-07,0.333333333333333,0.244961551423684,0.0355190317460571,0.740810734819337,"black"
1.2098363079377e-07,0.333333333333333,0.244961551423684,0.0355190317460571,0.740810734819337,"black"
1.2098363079377e-07,0.333333333333333,0.244961551423684,0.0355190317460571,0.740810734819337,"black"
1.2098363079377e-07,0.333333333333333,0.244961551423684,0.0355190317460571,0.740810734819337,"black"
1.2098363079377e-07,0.333333333333333,0.244961551423684,0.0355190317460571,0.740810734819337,"black"
1.2098363079377e-07,0.333333333333333,0.244961551423684,0.0355190317460571,0.740810734819337,"black"
1.2098363079377e-07,0.333333333333333,0.244961551423684,0.0355190317460571,0.740810734819337,"black"
1.2098363079377e-07,0.333333333333333,0.244961551423684,0.0355190317460571,0.740810734819337,"black"
1.2098363079377e-07,0.333333333333333,0.244961551423684,0.0355190317460571,0.740810734819337,"black"
1.2098363079377e-07,0.333333333333333,0.244961551423684,0.0355190317460571,0.740810734819337,"black"
1.2098363079377e-07,0.333333333333333,0.244961551423684,0.0355190317460571,0.740810734819337,"black"
1.2098363079377e-07,0.333333333333333,0.244961551423684,0.0355190317460571,0.740810734819337,"black"
1.2098363079377e-07,0.333333333333333,0.244961551423684,0.0355190317460571,0.740810734819337,"black"
1.2098363079377e-07,0.333333333333333,0.244961551423684,0.0355190317460571,0.740810734819337,"black"
1.2098363079377e-07,0.333333333333333,0.244961551423684,0.0355190317460571,0.740810734819337,"black"
1.2098363079377e-07,0.333333333333333,0.244961551423684,0.0355190317460571,0.740810734819337,"black"
1.2098363079377e-07,0.333333333333333,0.244961551423684,0.0355190317460571,0.740810734819337,"black"
1.2098363079377e-07,0.333333333333333,0.244961551423684,0.0355190317460571,0.740810734819337,"black"
1.2098363079377e-07,0.333333333333333,0.244961551423684,0.0355190317460571,0.740810734819337,"black"
1.2098363079377e-07,0.333333333333333,0.244961551423684,0.0355190317460571,0.740810734819337,"black"
1.2098363079377e-07,0.333333333333333,0.244961551423684,0.0355190317460571,0.740810734819337,"black"
1.2098363079377e-07,0.333333333333333,0.244961551423684,0.0355190317460571,0.740810734819337,"black"
1.2098363079377e-07,0.333333333333333,0.244961551423684,0.0355190317460571,0.740810734819337,"black"
1.2098363079377e-07,0.333333333333333,0.244961551423684,0.0355190317460571,0.740810734819337,"black"
1.2098363079377e-07,0.333333333333333,0.244961551423684,0.0355190317460571,0.740810734819337,"black"
1.2098363079377e-07,0.333333333333333,0.244961551423684,0.0355190317460571,0.740810734819337,"black"
1.2098363079377e-07,0.333333333333333,0.244961551423684,0.0355190317460571,0.740810734819337,"black"
1.2098363079377e-07,0.333333333333333,0.244961551423684,0.0355190317460571,0.740810734819337,"black"
1.2098363079377e-07,0.333333333333333,0.244961551423684,0.0355190317460571,0.740810734819337,"black"
1.2098363079377e-07,0.333333333333333,0.244961551423684,0.0355190317460571,0.740810734819337,"black"
1.2098363079377e-07,0.333333333333333,0.244961551423684,0.0355190317460571,0.740810734819337,"black"
1.2098363079377e-07,0.333333333333333,0.244961551423684,0.0355190317460571,0.740810734819337,"black"
1.2098363079377e-07,0.333333333333333,0.244961551423684,0.0355190317460571,0.740810734819337,"black"
1.2098363079377e-07,0.333333333333333,0.244961551423684,0.0355190317460571,0.740810734819337,"black"
1.2098363079377e-07,0.333333333333333,0.244961551423684,0.0355190317460571,0.740810734819337,"black"
1.2098363079377e-07,0.333333333333333,0.244961551423684,0.0355190317460571,0.740810734819337,"black"
1.2098363079377e-07,0.333333333333333,0.244961551423684,0.0355190317460571,0.740810734819337,"black"
1.2098363079377e-07,0.333333333333333,0.244961551423684,0.0355190317460571,0.740810734819337,"black"
1.2098363079377e-07,0.333333333333333,0.244961551423684,0.0355190317460571,0.740810734819337,"black"
1.2098363079377e-07,0.333333333333333,0.244961551423684,0.0355190317460571,0.740810734819337,"black"
1.2098363079377e-07,0.333333333333333,0.244961551423684,0.0355190317460571,0.740810734819337,"black"
1.2098363079377e-07,0.333333333333333,0.244961551423684,0.0355190317460571,0.740810734819337,"black"
1.2098363079377e-07,0.333333333333333,0.244961551423684,0.0355190317460571,0.740810734819337,"black"
1.2098363079377e-07,0.333333333333333,0.244961551423684,0.0355190317460571,0.740810734819337,"black"
1.2098363079377e-07,0.333333333333333,0.244961551423684,0.0355190317460571,0.740810734819337,"black"
1.2098363079377e-07,0.333333333333333,0.244961551423684,0.0355190317460571,0.740810734819337,"black"
1.2098363079377e-07,0.333333333333333,0.244961551423684,0.0355190317460571,0.740810734819337,"black"
1.2098363079377e-07,0.333333333333333,0.244961551423684,0.0355190317460571,0.740810734819337,"black"
1.2098363079377e-07,0.333333333333333,0.244961551423684,0.0355190317460571,0.740810734819337,"black"
1.2098363079377e-07,0.333333333333333,0.244961551423684,0.0355190317460571,0.740810734819337,"black"
1.2098363079377e-07,0.333333333333333,0.244961551423684,0.0355190317460571,0.740810734819337,"black"
1.2098363079377e-07,0.333333333333333,0.244961551423684,0.0355190317460571,0.740810734819337,"black"
1.2098363079377e-07,0.333333333333333,0.244961551423684,0.0355190317460571,0.740810734819337,"black"
1.2098363079377e-07,0.333333333333333,0.244961551423684,0.0355190317460571,0.740810734819337,"black"
1.2098363079377e-07,0.333333333333333,0.244961551423684,0.0355190317460571,0.740810734819337,"black"
1.2098363079377e-07,0.333333333333333,0.244961551423684,0.0355190317460571,0.740810734819337,"black"
1.2098363079377e-07,0.666666666666667,0.244961551423684,0.0355190317460571,0.740810734819337,"black"
1.2098363079377e-07,0.333333333333333,0.244961551423684,0.0355190317460571,0.740810734819337,"black"
1.2098363079377e-07,0.333333333333333,0.244961551423684,0.0355190317460571,0.740810734819337,"black"
1.2098363079377e-07,0.333333333333333,0.244961551423684,0.0355190317460571,0.740810734819337,"black"
1.2098363079377e-07,0.333333333333333,0.244961551423684,0.0355190317460571,0.740810734819337,"black"
1.2098363079377e-07,0.666666666666667,0.244961551423684,0.0355190317460571,0.740810734819337,"black"
1.2098363079377e-07,0.333333333333333,0.244961551423684,0.0355190317460571,0.740810734819337,"black"
1.2098363079377e-07,0.333333333333333,0.244961551423684,0.0355190317460571,0.740810734819337,"black"
1.2098363079377e-07,0.333333333333333,0.244961551423684,0.0355190317460571,0.740810734819337,"black"
1.2098363079377e-07,0.333333333333333,0.244961551423684,0.0355190317460571,0.740810734819337,"black"
1.2098363079377e-07,0.333333333333333,0.244961551423684,0.0355190317460571,0.740810734819337,"black"
1.2098363079377e-07,0.333333333333333,0.244961551423684,0.0355190317460571,0.740810734819337,"black"
1.2098363079377e-07,0.333333333333333,0.244961551423684,0.0355190317460571,0.740810734819337,"black"
1.2098363079377e-07,0.333333333333333,0.244961551423684,0.0355190317460571,0.740810734819337,"black"
1.2098363079377e-07,0.333333333333333,0.244961551423684,0.0355190317460571,0.740810734819337,"black"
1.2098363079377e-07,0.333333333333333,0.244961551423684,0.0355190317460571,0.740810734819337,"black"
1.2098363079377e-07,0.333333333333333,0.244961551423684,0.0355190317460571,0.740810734819337,"black"
1.2098363079377e-07,0.333333333333333,0.244961551423684,0.0355190317460571,0.740810734819337,"black"
1.2098363079377e-07,0.333333333333333,0.244961551423684,0.0355190317460571,0.740810734819337,"black"
1.2098363079377e-07,0.333333333333333,0.244961551423684,0.0355190317460571,0.740810734819337,"black"
1.2098363079377e-07,0.333333333333333,0.244961551423684,0.0355190317460571,0.740810734819337,"black"
1.2098363079377e-07,0.333333333333333,0.244961551423684,0.0355190317460571,0.740810734819337,"black"
1.2098363079377e-07,0.333333333333333,0.244961551423684,0.0355190317460571,0.740810734819337,"black"
1.2098363079377e-07,0.333333333333333,0.244961551423684,0.0355190317460571,0.740810734819337,"black"
1.2098363079377e-07,0.333333333333333,0.244961551423684,0.0355190317460571,0.740810734819337,"black"
1.2098363079377e-07,0.333333333333333,0.244961551423684,0.0355190317460571,0.740810734819337,"black"
1.2098363079377e-07,0.333333333333333,0.244961551423684,0.0355190317460571,0.740810734819337,"black"
1.2098363079377e-07,0.333333333333333,0.244961551423684,0.0355190317460571,0.740810734819337,"black"
1.2098363079377e-07,0.333333333333333,0.244961551423684,0.0355190317460571,0.740810734819337,"black"
1.2098363079377e-07,0.333333333333333,0.244961551423684,0.0355190317460571,0.740810734819337,"black"
1.2098363079377e-07,0.333333333333333,0.244961551423684,0.0355190317460571,0.740810734819337,"black"
1.2098363079377e-07,0.333333333333333,0.244961551423684,0.0355190317460571,0.740810734819337,"black"
1.2098363079377e-07,0.333333333333333,0.244961551423684,0.0355190317460571,0.740810734819337,"black"
1.2098363079377e-07,0.333333333333333,0.244961551423684,0.0355190317460571,0.740810734819337,"black"
1.2098363079377e-07,0.333333333333333,0.244961551423684,0.0355190317460571,0.740810734819337,"black"
1.2098363079377e-07,0.333333333333333,0.244961551423684,0.0355190317460571,0.740810734819337,"black"
1.2098363079377e-07,0.333333333333333,0.244961551423684,0.0355190317460571,0.740810734819337,"black"
1.2098363079377e-07,0.333333333333333,0.244961551423684,0.0355190317460571,0.740810734819337,"black"
1.2098363079377e-07,0.333333333333333,0.244961551423684,0.0355190317460571,0.740810734819337,"black"
1.2098363079377e-07,0.333333333333333,0.244961551423684,0.0355190317460571,0.740810734819337,"black"
1.2098363079377e-07,0.333333333333333,0.244961551423684,0.0355190317460571,0.740810734819337,"black"
1.2098363079377e-07,0.333333333333333,0.244961551423684,0.0355190317460571,0.740810734819337,"black"
1.2098363079377e-07,0.333333333333333,0.244961551423684,0.0355190317460571,0.740810734819337,"black"
1.2098363079377e-07,0.333333333333333,0.244961551423684,0.0355190317460571,0.740810734819337,"black"
1.2098363079377e-07,0.333333333333333,0.244961551423684,0.0355190317460571,0.740810734819337,"black"
1.2098363079377e-07,0.333333333333333,0.244961551423684,0.0355190317460571,0.740810734819337,"black"
1.2098363079377e-07,0.333333333333333,0.244961551423684,0.0355190317460571,0.740810734819337,"black"
1.2098363079377e-07,0.333333333333333,0.244961551423684,0.0355190317460571,0.740810734819337,"black"
1.2098363079377e-07,0.333333333333333,0.244961551423684,0.0355190317460571,0.740810734819337,"black"
1.2098363079377e-07,0.333333333333333,0.244961551423684,0.0355190317460571,0.740810734819337,"black"
1.2098363079377e-07,0.333333333333333,0.244961551423684,0.0355190317460571,0.740810734819337,"black"
1.2098363079377e-07,0.333333333333333,0.244961551423684,0.0355190317460571,0.740810734819337,"black"
1.2098363079377e-07,0.333333333333333,0.244961551423684,0.0355190317460571,0.740810734819337,"black"
1.2098363079377e-07,0.333333333333333,0.244961551423684,0.0355190317460571,0.740810734819337,"black"
1.2098363079377e-07,0.333333333333333,0.244961551423684,0.0355190317460571,0.740810734819337,"black"
1.2098363079377e-07,0.333333333333333,0.244961551423684,0.0355190317460571,0.740810734819337,"black"
1.2098363079377e-07,0.333333333333333,0.244961551423684,0.0355190317460571,0.740810734819337,"black"
1.2098363079377e-07,0.333333333333333,0.244961551423684,0.0355190317460571,0.740810734819337,"black"
1.2098363079377e-07,0.333333333333333,0.244961551423684,0.0355190317460571,0.740810734819337,"black"
1.2098363079377e-07,0.333333333333333,0.244961551423684,0.0355190317460571,0.740810734819337,"black"
1.2098363079377e-07,0.333333333333333,0.244961551423684,0.0355190317460571,0.740810734819337,"black"
1.2098363079377e-07,0.333333333333333,0.244961551423684,0.0355190317460571,0.740810734819337,"black"
1.2098363079377e-07,0.333333333333333,0.244961551423684,0.0355190317460571,0.740810734819337,"black"
1.2098363079377e-07,0.333333333333333,0.244961551423684,0.0355190317460571,0.740810734819337,"black"
1.2098363079377e-07,0.333333333333333,0.244961551423684,0.0355190317460571,0.740810734819337,"black"
1.2098363079377e-07,0.333333333333333,0.244961551423684,0.0355190317460571,0.740810734819337,"black"
1.2098363079377e-07,0.333333333333333,0.244961551423684,0.0355190317460571,0.740810734819337,"black"
1.2098363079377e-07,0.333333333333333,0.244961551423684,0.0355190317460571,0.740810734819337,"black"
1.2098363079377e-07,0.333333333333333,0.244961551423684,0.0355190317460571,0.740810734819337,"black"
1.2098363079377e-07,0.333333333333333,0.244961551423684,0.0355190317460571,0.740810734819337,"black"
1.2098363079377e-07,0.333333333333333,0.244961551423684,0.0355190317460571,0.740810734819337,"black"
1.2098363079377e-07,0.666666666666667,0.244961551423684,0.0355190317460571,0.740810734819337,"black"
1.2098363079377e-07,0.333333333333333,0.244961551423684,0.0355190317460571,0.740810734819337,"black"
1.2098363079377e-07,0.333333333333333,0.244961551423684,0.0355190317460571,0.740810734819337,"black"
1.2098363079377e-07,0.333333333333333,0.244961551423684,0.0355190317460571,0.740810734819337,"black"
1.2098363079377e-07,0.333333333333333,0.244961551423684,0.0355190317460571,0.740810734819337,"black"
1.2098363079377e-07,0.333333333333333,0.244961551423684,0.0355190317460571,0.740810734819337,"black"
1.2098363079377e-07,0.333333333333333,0.244961551423684,0.0355190317460571,0.740810734819337,"black"
1.2098363079377e-07,0.333333333333333,0.244961551423684,0.0355190317460571,0.740810734819337,"black"
1.2098363079377e-07,0.333333333333333,0.244961551423684,0.0355190317460571,0.740810734819337,"black"
1.2098363079377e-07,0.333333333333333,0.244961551423684,0.0355190317460571,0.740810734819337,"black"
1.2098363079377e-07,0.333333333333333,0.244961551423684,0.0355190317460571,0.740810734819337,"black"
1.2098363079377e-07,0.666666666666667,0.244961551423684,0.0355190317460571,0.740810734819337,"black"
1.2098363079377e-07,0.333333333333333,0.244961551423684,0.0355190317460571,0.740810734819337,"black"
1.2098363079377e-07,0.333333333333333,0.244961551423684,0.0355190317460571,0.740810734819337,"black"
1.2098363079377e-07,0.333333333333333,0.244961551423684,0.0355190317460571,0.740810734819337,"black"
1.2098363079377e-07,0.333333333333333,0.244961551423684,0.0355190317460571,0.740810734819337,"black"
1.2098363079377e-07,0.333333333333333,0.244961551423684,0.0355190317460571,0.740810734819337,"black"
1.2098363079377e-07,0.333333333333333,0.244961551423684,0.0355190317460571,0.740810734819337,"black"
1.2098363079377e-07,0.333333333333333,0.244961551423684,0.0355190317460571,0.740810734819337,"black"
1.2098363079377e-07,0.333333333333333,0.244961551423684,0.0355190317460571,0.740810734819337,"black"
1.2098363079377e-07,0.333333333333333,0.244961551423684,0.0355190317460571,0.740810734819337,"black"
1.2098363079377e-07,0.333333333333333,0.244961551423684,0.0355190317460571,0.740810734819337,"black"
1.2098363079377e-07,0.333333333333333,0.244961551423684,0.0355190317460571,0.740810734819337,"black"
1.2098363079377e-07,0.666666666666667,0.244961551423684,0.0355190317460571,0.740810734819337,"black"
1.2098363079377e-07,0.333333333333333,0.244961551423684,0.0355190317460571,0.740810734819337,"black"
1.2098363079377e-07,0.333333333333333,0.244961551423684,0.0355190317460571,0.740810734819337,"black"
1.2098363079377e-07,0.333333333333333,0.244961551423684,0.0355190317460571,0.740810734819337,"black"
1.2098363079377e-07,0.333333333333333,0.244961551423684,0.0355190317460571,0.740810734819337,"black"
1.2098363079377e-07,0.333333333333333,0.244961551423684,0.0355190317460571,0.740810734819337,"black"
1.2098363079377e-07,0.333333333333333,0.244961551423684,0.0355190317460571,0.740810734819337,"black"
1.2098363079377e-07,0.333333333333333,0.244961551423684,0.0355190317460571,0.740810734819337,"black"
1.2098363079377e-07,0.333333333333333,0.244961551423684,0.0355190317460571,0.740810734819337,"black"
1.2098363079377e-07,0.333333333333333,0.244961551423684,0.0355190317460571,0.740810734819337,"black"
1.2098363079377e-07,0.333333333333333,0.244961551423684,0.0355190317460571,0.740810734819337,"black"
1.2098363079377e-07,0.333333333333333,0.244961551423684,0.0355190317460571,0.740810734819337,"black"
1.2098363079377e-07,0.333333333333333,0.244961551423684,0.0355190317460571,0.740810734819337,"black"
1.2098363079377e-07,0.333333333333333,0.244961551423684,0.0355190317460571,0.740810734819337,"black"
1.2098363079377e-07,0.333333333333333,0.244961551423684,0.0355190317460571,0.740810734819337,"black"
1.2098363079377e-07,0.333333333333333,0.244961551423684,0.0355190317460571,0.740810734819337,"black"
1.2098363079377e-07,0.333333333333333,0.244961551423684,0.0355190317460571,0.740810734819337,"black"
1.2098363079377e-07,0.333333333333333,0.244961551423684,0.0355190317460571,0.740810734819337,"black"
1.2098363079377e-07,0.333333333333333,0.244961551423684,0.0355190317460571,0.740810734819337,"black"
1.2098363079377e-07,0.333333333333333,0.244961551423684,0.0355190317460571,0.740810734819337,"black"
1.2098363079377e-07,0.333333333333333,0.244961551423684,0.0355190317460571,0.740810734819337,"black"
1.2098363079377e-07,0.333333333333333,0.244961551423684,0.0355190317460571,0.740810734819337,"black"
1.2098363079377e-07,0.333333333333333,0.244961551423684,0.0355190317460571,0.740810734819337,"black"
1.2098363079377e-07,0.333333333333333,0.244961551423684,0.0355190317460571,0.740810734819337,"black"
1.2098363079377e-07,0.333333333333333,0.244961551423684,0.0355190317460571,0.740810734819337,"black"
1.2098363079377e-07,0.333333333333333,0.244961551423684,0.0355190317460571,0.740810734819337,"black"
1.2098363079377e-07,0.333333333333333,0.244961551423684,0.0355190317460571,0.740810734819337,"black"
1.2098363079377e-07,0.333333333333333,0.244961551423684,0.0355190317460571,0.740810734819337,"black"
1.2098363079377e-07,0.333333333333333,0.244961551423684,0.0355190317460571,0.740810734819337,"black"
1.2098363079377e-07,0.333333333333333,0.244961551423684,0.0355190317460571,0.740810734819337,"black"
1.2098363079377e-07,0.333333333333333,0.244961551423684,0.0355190317460571,0.740810734819337,"black"
1.2098363079377e-07,0.333333333333333,0.244961551423684,0.0355190317460571,0.740810734819337,"black"
1.2098363079377e-07,0.333333333333333,0.244961551423684,0.0355190317460571,0.740810734819337,"black"
1.2098363079377e-07,0.333333333333333,0.244961551423684,0.0355190317460571,0.740810734819337,"black"
1.2098363079377e-07,0.333333333333333,0.244961551423684,0.0355190317460571,0.740810734819337,"black"
1.2098363079377e-07,0.333333333333333,0.244961551423684,0.0355190317460571,0.740810734819337,"black"
1.2098363079377e-07,0.333333333333333,0.244961551423684,0.0355190317460571,0.740810734819337,"black"
1.2098363079377e-07,0.333333333333333,0.244961551423684,0.0355190317460571,0.740810734819337,"black"
1.2098363079377e-07,0.333333333333333,0.244961551423684,0.0355190317460571,0.740810734819337,"black"
1.2098363079377e-07,0.333333333333333,0.244961551423684,0.0355190317460571,0.740810734819337,"black"
1.2098363079377e-07,0.333333333333333,0.244961551423684,0.0355190317460571,0.740810734819337,"black"
1.2098363079377e-07,0.333333333333333,0.244961551423684,0.0355190317460571,0.740810734819337,"black"
1.2098363079377e-07,0.333333333333333,0.244961551423684,0.0355190317460571,0.740810734819337,"black"
1.2098363079377e-07,0.333333333333333,0.244961551423684,0.0355190317460571,0.740810734819337,"black"
1.2098363079377e-07,0.333333333333333,0.244961551423684,0.0355190317460571,0.740810734819337,"black"
1.2098363079377e-07,0.333333333333333,0.244961551423684,0.0355190317460571,0.740810734819337,"black"
1.2098363079377e-07,0.333333333333333,0.244961551423684,0.0355190317460571,0.740810734819337,"black"
1.61311507725027e-07,0.333333333333333,0.320376400250591,0.0573250245287198,0.785144012157361,"black"
1.61311507725027e-07,0.333333333333333,0.320376400250591,0.0573250245287198,0.785144012157361,"black"
1.61311507725027e-07,0.333333333333333,0.320376400250591,0.0573250245287198,0.785144012157361,"black"
1.61311507725027e-07,0.333333333333333,0.320376400250591,0.0573250245287198,0.785144012157361,"black"
1.61311507725027e-07,0.333333333333333,0.320376400250591,0.0573250245287198,0.785144012157361,"black"
1.61311507725027e-07,0.666666666666667,0.320376400250591,0.0573250245287198,0.785144012157361,"black"
1.61311507725027e-07,0.333333333333333,0.320376400250591,0.0573250245287198,0.785144012157361,"black"
1.61311507725027e-07,0.333333333333333,0.320376400250591,0.0573250245287198,0.785144012157361,"black"
1.61311507725027e-07,0.333333333333333,0.320376400250591,0.0573250245287198,0.785144012157361,"black"
1.61311507725027e-07,0.333333333333333,0.320376400250591,0.0573250245287198,0.785144012157361,"black"
1.61311507725027e-07,0.333333333333333,0.320376400250591,0.0573250245287198,0.785144012157361,"black"
1.61311507725027e-07,0.333333333333333,0.320376400250591,0.0573250245287198,0.785144012157361,"black"
1.61311507725027e-07,0.666666666666667,0.320376400250591,0.0573250245287198,0.785144012157361,"black"
1.61311507725027e-07,0.333333333333333,0.320376400250591,0.0573250245287198,0.785144012157361,"black"
1.61311507725027e-07,0.333333333333333,0.320376400250591,0.0573250245287198,0.785144012157361,"black"
1.61311507725027e-07,0.333333333333333,0.320376400250591,0.0573250245287198,0.785144012157361,"black"
1.61311507725027e-07,0.333333333333333,0.320376400250591,0.0573250245287198,0.785144012157361,"black"
1.61311507725027e-07,0.333333333333333,0.320376400250591,0.0573250245287198,0.785144012157361,"black"
1.61311507725027e-07,0.333333333333333,0.320376400250591,0.0573250245287198,0.785144012157361,"black"
1.61311507725027e-07,0.333333333333333,0.320376400250591,0.0573250245287198,0.785144012157361,"black"
1.61311507725027e-07,0.333333333333333,0.320376400250591,0.0573250245287198,0.785144012157361,"black"
1.61311507725027e-07,0.333333333333333,0.320376400250591,0.0573250245287198,0.785144012157361,"black"
1.61311507725027e-07,0.333333333333333,0.320376400250591,0.0573250245287198,0.785144012157361,"black"
1.61311507725027e-07,0.333333333333333,0.320376400250591,0.0573250245287198,0.785144012157361,"black"
1.61311507725027e-07,0.333333333333333,0.320376400250591,0.0573250245287198,0.785144012157361,"black"
1.61311507725027e-07,0.333333333333333,0.320376400250591,0.0573250245287198,0.785144012157361,"black"
1.61311507725027e-07,0.333333333333333,0.320376400250591,0.0573250245287198,0.785144012157361,"black"
1.61311507725027e-07,0.333333333333333,0.320376400250591,0.0573250245287198,0.785144012157361,"black"
1.61311507725027e-07,0.333333333333333,0.320376400250591,0.0573250245287198,0.785144012157361,"black"
1.61311507725027e-07,0.333333333333333,0.320376400250591,0.0573250245287198,0.785144012157361,"black"
1.61311507725027e-07,0.333333333333333,0.320376400250591,0.0573250245287198,0.785144012157361,"black"
1.61311507725027e-07,0.333333333333333,0.320376400250591,0.0573250245287198,0.785144012157361,"black"
1.61311507725027e-07,0.333333333333333,0.320376400250591,0.0573250245287198,0.785144012157361,"black"
1.61311507725027e-07,0.333333333333333,0.320376400250591,0.0573250245287198,0.785144012157361,"black"
1.61311507725027e-07,0.333333333333333,0.320376400250591,0.0573250245287198,0.785144012157361,"black"
1.61311507725027e-07,0.333333333333333,0.320376400250591,0.0573250245287198,0.785144012157361,"black"
1.61311507725027e-07,0.333333333333333,0.320376400250591,0.0573250245287198,0.785144012157361,"black"
1.61311507725027e-07,0.333333333333333,0.320376400250591,0.0573250245287198,0.785144012157361,"black"
1.61311507725027e-07,0.666666666666667,0.320376400250591,0.0573250245287198,0.785144012157361,"black"
1.61311507725027e-07,0.333333333333333,0.320376400250591,0.0573250245287198,0.785144012157361,"black"
1.61311507725027e-07,0.333333333333333,0.320376400250591,0.0573250245287198,0.785144012157361,"black"
1.61311507725027e-07,0.333333333333333,0.320376400250591,0.0573250245287198,0.785144012157361,"black"
1.61311507725027e-07,0.333333333333333,0.320376400250591,0.0573250245287198,0.785144012157361,"black"
1.61311507725027e-07,0.333333333333333,0.320376400250591,0.0573250245287198,0.785144012157361,"black"
1.61311507725027e-07,0.333333333333333,0.320376400250591,0.0573250245287198,0.785144012157361,"black"
1.61311507725027e-07,0.666666666666667,0.320376400250591,0.0573250245287198,0.785144012157361,"black"
1.61311507725027e-07,0.333333333333333,0.320376400250591,0.0573250245287198,0.785144012157361,"black"
1.61311507725027e-07,0.666666666666667,0.320376400250591,0.0573250245287198,0.785144012157361,"black"
1.61311507725027e-07,0.333333333333333,0.320376400250591,0.0573250245287198,0.785144012157361,"black"
1.61311507725027e-07,0.333333333333333,0.320376400250591,0.0573250245287198,0.785144012157361,"black"
1.61311507725027e-07,0.333333333333333,0.320376400250591,0.0573250245287198,0.785144012157361,"black"
1.61311507725027e-07,0.333333333333333,0.320376400250591,0.0573250245287198,0.785144012157361,"black"
1.61311507725027e-07,0.333333333333333,0.320376400250591,0.0573250245287198,0.785144012157361,"black"
1.61311507725027e-07,0.333333333333333,0.320376400250591,0.0573250245287198,0.785144012157361,"black"
1.61311507725027e-07,0.333333333333333,0.320376400250591,0.0573250245287198,0.785144012157361,"black"
1.61311507725027e-07,0.333333333333333,0.320376400250591,0.0573250245287198,0.785144012157361,"black"
1.61311507725027e-07,0.333333333333333,0.320376400250591,0.0573250245287198,0.785144012157361,"black"
1.61311507725027e-07,0.333333333333333,0.320376400250591,0.0573250245287198,0.785144012157361,"black"
1.61311507725027e-07,0.666666666666667,0.320376400250591,0.0573250245287198,0.785144012157361,"black"
1.61311507725027e-07,0.333333333333333,0.320376400250591,0.0573250245287198,0.785144012157361,"black"
1.61311507725027e-07,0.333333333333333,0.320376400250591,0.0573250245287198,0.785144012157361,"black"
1.61311507725027e-07,0.333333333333333,0.320376400250591,0.0573250245287198,0.785144012157361,"black"
1.61311507725027e-07,0.333333333333333,0.320376400250591,0.0573250245287198,0.785144012157361,"black"
1.61311507725027e-07,0.333333333333333,0.320376400250591,0.0573250245287198,0.785144012157361,"black"
1.61311507725027e-07,0.666666666666667,0.320376400250591,0.0573250245287198,0.785144012157361,"black"
1.61311507725027e-07,0.666666666666667,0.320376400250591,0.0573250245287198,0.785144012157361,"black"
1.61311507725027e-07,0.333333333333333,0.320376400250591,0.0573250245287198,0.785144012157361,"black"
1.61311507725027e-07,0.333333333333333,0.320376400250591,0.0573250245287198,0.785144012157361,"black"
1.61311507725027e-07,0.333333333333333,0.320376400250591,0.0573250245287198,0.785144012157361,"black"
1.61311507725027e-07,0.333333333333333,0.320376400250591,0.0573250245287198,0.785144012157361,"black"
1.61311507725027e-07,0.333333333333333,0.320376400250591,0.0573250245287198,0.785144012157361,"black"
1.61311507725027e-07,0.333333333333333,0.320376400250591,0.0573250245287198,0.785144012157361,"black"
1.61311507725027e-07,0.666666666666667,0.320376400250591,0.0573250245287198,0.785144012157361,"black"
1.61311507725027e-07,0.666666666666667,0.320376400250591,0.0573250245287198,0.785144012157361,"black"
1.61311507725027e-07,0.333333333333333,0.320376400250591,0.0573250245287198,0.785144012157361,"black"
1.61311507725027e-07,0.333333333333333,0.320376400250591,0.0573250245287198,0.785144012157361,"black"
1.61311507725027e-07,0.333333333333333,0.320376400250591,0.0573250245287198,0.785144012157361,"black"
1.61311507725027e-07,0.333333333333333,0.320376400250591,0.0573250245287198,0.785144012157361,"black"
1.61311507725027e-07,0.333333333333333,0.320376400250591,0.0573250245287198,0.785144012157361,"black"
1.61311507725027e-07,0.333333333333333,0.320376400250591,0.0573250245287198,0.785144012157361,"black"
1.61311507725027e-07,0.666666666666667,0.320376400250591,0.0573250245287198,0.785144012157361,"black"
1.61311507725027e-07,0.666666666666667,0.320376400250591,0.0573250245287198,0.785144012157361,"black"
1.61311507725027e-07,0.333333333333333,0.320376400250591,0.0573250245287198,0.785144012157361,"black"
1.61311507725027e-07,0.333333333333333,0.320376400250591,0.0573250245287198,0.785144012157361,"black"
1.61311507725027e-07,0.333333333333333,0.320376400250591,0.0573250245287198,0.785144012157361,"black"
1.61311507725027e-07,0.333333333333333,0.320376400250591,0.0573250245287198,0.785144012157361,"black"
1.61311507725027e-07,0.333333333333333,0.320376400250591,0.0573250245287198,0.785144012157361,"black"
1.61311507725027e-07,0.333333333333333,0.320376400250591,0.0573250245287198,0.785144012157361,"black"
1.61311507725027e-07,0.333333333333333,0.320376400250591,0.0573250245287198,0.785144012157361,"black"
1.61311507725027e-07,0.333333333333333,0.320376400250591,0.0573250245287198,0.785144012157361,"black"
1.61311507725027e-07,0.333333333333333,0.320376400250591,0.0573250245287198,0.785144012157361,"black"
1.61311507725027e-07,0.333333333333333,0.320376400250591,0.0573250245287198,0.785144012157361,"black"
1.61311507725027e-07,0.333333333333333,0.320376400250591,0.0573250245287198,0.785144012157361,"black"
1.61311507725027e-07,0.333333333333333,0.320376400250591,0.0573250245287198,0.785144012157361,"black"
1.61311507725027e-07,0.333333333333333,0.320376400250591,0.0573250245287198,0.785144012157361,"black"
1.61311507725027e-07,0.333333333333333,0.320376400250591,0.0573250245287198,0.785144012157361,"black"
1.61311507725027e-07,0.333333333333333,0.320376400250591,0.0573250245287198,0.785144012157361,"black"
1.61311507725027e-07,0.666666666666667,0.320376400250591,0.0573250245287198,0.785144012157361,"black"
1.61311507725027e-07,0.333333333333333,0.320376400250591,0.0573250245287198,0.785144012157361,"black"
1.61311507725027e-07,0.333333333333333,0.320376400250591,0.0573250245287198,0.785144012157361,"black"
1.61311507725027e-07,0.666666666666667,0.320376400250591,0.0573250245287198,0.785144012157361,"black"
1.61311507725027e-07,0.333333333333333,0.320376400250591,0.0573250245287198,0.785144012157361,"black"
1.61311507725027e-07,0.333333333333333,0.320376400250591,0.0573250245287198,0.785144012157361,"black"
1.61311507725027e-07,0.333333333333333,0.320376400250591,0.0573250245287198,0.785144012157361,"black"
1.61311507725027e-07,0.333333333333333,0.320376400250591,0.0573250245287198,0.785144012157361,"black"
1.61311507725027e-07,0.333333333333333,0.320376400250591,0.0573250245287198,0.785144012157361,"black"
1.61311507725027e-07,0.333333333333333,0.320376400250591,0.0573250245287198,0.785144012157361,"black"
1.61311507725027e-07,0.333333333333333,0.320376400250591,0.0573250245287198,0.785144012157361,"black"
1.61311507725027e-07,0.333333333333333,0.320376400250591,0.0573250245287198,0.785144012157361,"black"
1.61311507725027e-07,0.333333333333333,0.320376400250591,0.0573250245287198,0.785144012157361,"black"
1.61311507725027e-07,0.333333333333333,0.320376400250591,0.0573250245287198,0.785144012157361,"black"
1.61311507725027e-07,0.333333333333333,0.320376400250591,0.0573250245287198,0.785144012157361,"black"
1.61311507725027e-07,0.333333333333333,0.320376400250591,0.0573250245287198,0.785144012157361,"black"
1.61311507725027e-07,0.333333333333333,0.320376400250591,0.0573250245287198,0.785144012157361,"black"
1.61311507725027e-07,0.333333333333333,0.320376400250591,0.0573250245287198,0.785144012157361,"black"
1.61311507725027e-07,0.333333333333333,0.320376400250591,0.0573250245287198,0.785144012157361,"black"
1.61311507725027e-07,0.333333333333333,0.320376400250591,0.0573250245287198,0.785144012157361,"black"
1.61311507725027e-07,0.333333333333333,0.320376400250591,0.0573250245287198,0.785144012157361,"black"
1.61311507725027e-07,0.666666666666667,0.320376400250591,0.0573250245287198,0.785144012157361,"black"
1.61311507725027e-07,0.333333333333333,0.320376400250591,0.0573250245287198,0.785144012157361,"black"
1.61311507725027e-07,0.333333333333333,0.320376400250591,0.0573250245287198,0.785144012157361,"black"
1.61311507725027e-07,0.666666666666667,0.320376400250591,0.0573250245287198,0.785144012157361,"black"
1.61311507725027e-07,0.333333333333333,0.320376400250591,0.0573250245287198,0.785144012157361,"black"
1.61311507725027e-07,0.333333333333333,0.320376400250591,0.0573250245287198,0.785144012157361,"black"
1.61311507725027e-07,0.333333333333333,0.320376400250591,0.0573250245287198,0.785144012157361,"black"
1.61311507725027e-07,0.333333333333333,0.320376400250591,0.0573250245287198,0.785144012157361,"black"
1.61311507725027e-07,0.333333333333333,0.320376400250591,0.0573250245287198,0.785144012157361,"black"
1.61311507725027e-07,0.333333333333333,0.320376400250591,0.0573250245287198,0.785144012157361,"black"
1.61311507725027e-07,0.333333333333333,0.320376400250591,0.0573250245287198,0.785144012157361,"black"
1.61311507725027e-07,0.333333333333333,0.320376400250591,0.0573250245287198,0.785144012157361,"black"
1.61311507725027e-07,0.333333333333333,0.320376400250591,0.0573250245287198,0.785144012157361,"black"
1.61311507725027e-07,0.333333333333333,0.320376400250591,0.0573250245287198,0.785144012157361,"black"
1.61311507725027e-07,0.333333333333333,0.320376400250591,0.0573250245287198,0.785144012157361,"black"
1.61311507725027e-07,0.333333333333333,0.320376400250591,0.0573250245287198,0.785144012157361,"black"
1.61311507725027e-07,0.333333333333333,0.320376400250591,0.0573250245287198,0.785144012157361,"black"
1.61311507725027e-07,0.333333333333333,0.320376400250591,0.0573250245287198,0.785144012157361,"black"
1.61311507725027e-07,0.333333333333333,0.320376400250591,0.0573250245287198,0.785144012157361,"black"
1.61311507725027e-07,0.333333333333333,0.320376400250591,0.0573250245287198,0.785144012157361,"black"
1.61311507725027e-07,0.333333333333333,0.320376400250591,0.0573250245287198,0.785144012157361,"black"
1.61311507725027e-07,0.333333333333333,0.320376400250591,0.0573250245287198,0.785144012157361,"black"
1.61311507725027e-07,0.333333333333333,0.320376400250591,0.0573250245287198,0.785144012157361,"black"
1.61311507725027e-07,0.333333333333333,0.320376400250591,0.0573250245287198,0.785144012157361,"black"
1.61311507725027e-07,0.333333333333333,0.320376400250591,0.0573250245287198,0.785144012157361,"black"
1.61311507725027e-07,0.333333333333333,0.320376400250591,0.0573250245287198,0.785144012157361,"black"
1.61311507725027e-07,0.333333333333333,0.320376400250591,0.0573250245287198,0.785144012157361,"black"
1.61311507725027e-07,0.333333333333333,0.320376400250591,0.0573250245287198,0.785144012157361,"black"
1.61311507725027e-07,0.333333333333333,0.320376400250591,0.0573250245287198,0.785144012157361,"black"
1.61311507725027e-07,0.333333333333333,0.320376400250591,0.0573250245287198,0.785144012157361,"black"
1.61311507725027e-07,0.666666666666667,0.320376400250591,0.0573250245287198,0.785144012157361,"black"
1.61311507725027e-07,0.333333333333333,0.320376400250591,0.0573250245287198,0.785144012157361,"black"
1.61311507725027e-07,0.333333333333333,0.320376400250591,0.0573250245287198,0.785144012157361,"black"
1.61311507725027e-07,0.333333333333333,0.320376400250591,0.0573250245287198,0.785144012157361,"black"
1.61311507725027e-07,0.333333333333333,0.320376400250591,0.0573250245287198,0.785144012157361,"black"
1.61311507725027e-07,0.333333333333333,0.320376400250591,0.0573250245287198,0.785144012157361,"black"
1.61311507725027e-07,0.666666666666667,0.320376400250591,0.0573250245287198,0.785144012157361,"black"
1.61311507725027e-07,0.333333333333333,0.320376400250591,0.0573250245287198,0.785144012157361,"black"
1.61311507725027e-07,0.666666666666667,0.320376400250591,0.0573250245287198,0.785144012157361,"black"
1.61311507725027e-07,0.333333333333333,0.320376400250591,0.0573250245287198,0.785144012157361,"black"
1.61311507725027e-07,0.333333333333333,0.320376400250591,0.0573250245287198,0.785144012157361,"black"
1.61311507725027e-07,0.333333333333333,0.320376400250591,0.0573250245287198,0.785144012157361,"black"
1.61311507725027e-07,0.666666666666667,0.320376400250591,0.0573250245287198,0.785144012157361,"black"
1.61311507725027e-07,0.666666666666667,0.320376400250591,0.0573250245287198,0.785144012157361,"black"
1.61311507725027e-07,0.333333333333333,0.320376400250591,0.0573250245287198,0.785144012157361,"black"
1.61311507725027e-07,0.333333333333333,0.320376400250591,0.0573250245287198,0.785144012157361,"black"
1.61311507725027e-07,0.666666666666667,0.320376400250591,0.0573250245287198,0.785144012157361,"black"
1.61311507725027e-07,0.333333333333333,0.320376400250591,0.0573250245287198,0.785144012157361,"black"
1.61311507725027e-07,0.333333333333333,0.320376400250591,0.0573250245287198,0.785144012157361,"black"
1.61311507725027e-07,0.666666666666667,0.320376400250591,0.0573250245287198,0.785144012157361,"black"
1.61311507725027e-07,0.333333333333333,0.320376400250591,0.0573250245287198,0.785144012157361,"black"
1.61311507725027e-07,0.333333333333333,0.320376400250591,0.0573250245287198,0.785144012157361,"black"
1.61311507725027e-07,0.333333333333333,0.320376400250591,0.0573250245287198,0.785144012157361,"black"
1.61311507725027e-07,0.333333333333333,0.320376400250591,0.0573250245287198,0.785144012157361,"black"
1.61311507725027e-07,0.333333333333333,0.320376400250591,0.0573250245287198,0.785144012157361,"black"
1.61311507725027e-07,0.333333333333333,0.320376400250591,0.0573250245287198,0.785144012157361,"black"
1.61311507725027e-07,0.333333333333333,0.320376400250591,0.0573250245287198,0.785144012157361,"black"
1.61311507725027e-07,0.666666666666667,0.320376400250591,0.0573250245287198,0.785144012157361,"black"
1.61311507725027e-07,0.333333333333333,0.320376400250591,0.0573250245287198,0.785144012157361,"black"
1.61311507725027e-07,0.333333333333333,0.320376400250591,0.0573250245287198,0.785144012157361,"black"
1.61311507725027e-07,0.333333333333333,0.320376400250591,0.0573250245287198,0.785144012157361,"black"
1.61311507725027e-07,0.333333333333333,0.320376400250591,0.0573250245287198,0.785144012157361,"black"
1.61311507725027e-07,0.333333333333333,0.320376400250591,0.0573250245287198,0.785144012157361,"black"
1.61311507725027e-07,0.666666666666667,0.320376400250591,0.0573250245287198,0.785144012157361,"black"
1.61311507725027e-07,0.333333333333333,0.320376400250591,0.0573250245287198,0.785144012157361,"black"
1.61311507725027e-07,0.666666666666667,0.320376400250591,0.0573250245287198,0.785144012157361,"black"
2.01639384656283e-07,0.333333333333333,0.391416611202874,0.0816146929098731,0.823157030510855,"black"
2.01639384656283e-07,0.666666666666667,0.391416611202874,0.0816146929098731,0.823157030510855,"black"
2.01639384656283e-07,0.333333333333333,0.391416611202874,0.0816146929098731,0.823157030510855,"black"
2.01639384656283e-07,0.666666666666667,0.391416611202874,0.0816146929098731,0.823157030510855,"black"
2.01639384656283e-07,0.666666666666667,0.391416611202874,0.0816146929098731,0.823157030510855,"black"
2.01639384656283e-07,0.333333333333333,0.391416611202874,0.0816146929098731,0.823157030510855,"black"
2.01639384656283e-07,0.666666666666667,0.391416611202874,0.0816146929098731,0.823157030510855,"black"
2.01639384656283e-07,0.333333333333333,0.391416611202874,0.0816146929098731,0.823157030510855,"black"
2.01639384656283e-07,0.666666666666667,0.391416611202874,0.0816146929098731,0.823157030510855,"black"
2.01639384656283e-07,0.333333333333333,0.391416611202874,0.0816146929098731,0.823157030510855,"black"
2.01639384656283e-07,0.333333333333333,0.391416611202874,0.0816146929098731,0.823157030510855,"black"
2.01639384656283e-07,0.666666666666667,0.391416611202874,0.0816146929098731,0.823157030510855,"black"
2.01639384656283e-07,0.666666666666667,0.391416611202874,0.0816146929098731,0.823157030510855,"black"
2.01639384656283e-07,0.666666666666667,0.391416611202874,0.0816146929098731,0.823157030510855,"black"
2.01639384656283e-07,0.666666666666667,0.391416611202874,0.0816146929098731,0.823157030510855,"black"
2.01639384656283e-07,0.333333333333333,0.391416611202874,0.0816146929098731,0.823157030510855,"black"
2.01639384656283e-07,0.333333333333333,0.391416611202874,0.0816146929098731,0.823157030510855,"black"
2.01639384656283e-07,0.333333333333333,0.391416611202874,0.0816146929098731,0.823157030510855,"black"
2.01639384656283e-07,0.333333333333333,0.391416611202874,0.0816146929098731,0.823157030510855,"black"
2.01639384656283e-07,0.666666666666667,0.391416611202874,0.0816146929098731,0.823157030510855,"black"
2.01639384656283e-07,0.333333333333333,0.391416611202874,0.0816146929098731,0.823157030510855,"black"
2.01639384656283e-07,0.333333333333333,0.391416611202874,0.0816146929098731,0.823157030510855,"black"
2.01639384656283e-07,0.333333333333333,0.391416611202874,0.0816146929098731,0.823157030510855,"black"
2.01639384656283e-07,0.333333333333333,0.391416611202874,0.0816146929098731,0.823157030510855,"black"
2.01639384656283e-07,0.666666666666667,0.391416611202874,0.0816146929098731,0.823157030510855,"black"
2.01639384656283e-07,0.333333333333333,0.391416611202874,0.0816146929098731,0.823157030510855,"black"
2.01639384656283e-07,0.333333333333333,0.391416611202874,0.0816146929098731,0.823157030510855,"black"
2.01639384656283e-07,0.666666666666667,0.391416611202874,0.0816146929098731,0.823157030510855,"black"
2.01639384656283e-07,0.333333333333333,0.391416611202874,0.0816146929098731,0.823157030510855,"black"
2.01639384656283e-07,0.333333333333333,0.391416611202874,0.0816146929098731,0.823157030510855,"black"
2.01639384656283e-07,0.333333333333333,0.391416611202874,0.0816146929098731,0.823157030510855,"black"
2.01639384656283e-07,0.333333333333333,0.391416611202874,0.0816146929098731,0.823157030510855,"black"
2.01639384656283e-07,0.666666666666667,0.391416611202874,0.0816146929098731,0.823157030510855,"black"
2.01639384656283e-07,0.666666666666667,0.391416611202874,0.0816146929098731,0.823157030510855,"black"
2.01639384656283e-07,0.666666666666667,0.391416611202874,0.0816146929098731,0.823157030510855,"black"
2.01639384656283e-07,0.333333333333333,0.391416611202874,0.0816146929098731,0.823157030510855,"black"
2.01639384656283e-07,0.666666666666667,0.391416611202874,0.0816146929098731,0.823157030510855,"black"
2.01639384656283e-07,0.666666666666667,0.391416611202874,0.0816146929098731,0.823157030510855,"black"
2.01639384656283e-07,0.666666666666667,0.391416611202874,0.0816146929098731,0.823157030510855,"black"
2.01639384656283e-07,0.333333333333333,0.391416611202874,0.0816146929098731,0.823157030510855,"black"
2.01639384656283e-07,0.666666666666667,0.391416611202874,0.0816146929098731,0.823157030510855,"black"
2.01639384656283e-07,0.666666666666667,0.391416611202874,0.0816146929098731,0.823157030510855,"black"
2.01639384656283e-07,0.333333333333333,0.391416611202874,0.0816146929098731,0.823157030510855,"black"
2.01639384656283e-07,0.333333333333333,0.391416611202874,0.0816146929098731,0.823157030510855,"black"
2.01639384656283e-07,0.333333333333333,0.391416611202874,0.0816146929098731,0.823157030510855,"black"
2.01639384656283e-07,0.666666666666667,0.391416611202874,0.0816146929098731,0.823157030510855,"black"
2.01639384656283e-07,0.333333333333333,0.391416611202874,0.0816146929098731,0.823157030510855,"black"
2.01639384656283e-07,0.333333333333333,0.391416611202874,0.0816146929098731,0.823157030510855,"black"
2.01639384656283e-07,0.333333333333333,0.391416611202874,0.0816146929098731,0.823157030510855,"black"
2.01639384656283e-07,0.333333333333333,0.391416611202874,0.0816146929098731,0.823157030510855,"black"
2.01639384656283e-07,0.333333333333333,0.391416611202874,0.0816146929098731,0.823157030510855,"black"
2.01639384656283e-07,0.333333333333333,0.391416611202874,0.0816146929098731,0.823157030510855,"black"
2.01639384656283e-07,0.333333333333333,0.391416611202874,0.0816146929098731,0.823157030510855,"black"
2.01639384656283e-07,0.666666666666667,0.391416611202874,0.0816146929098731,0.823157030510855,"black"
2.01639384656283e-07,0.333333333333333,0.391416611202874,0.0816146929098731,0.823157030510855,"black"
2.01639384656283e-07,0.333333333333333,0.391416611202874,0.0816146929098731,0.823157030510855,"black"
2.01639384656283e-07,0.333333333333333,0.391416611202874,0.0816146929098731,0.823157030510855,"black"
2.01639384656283e-07,0.333333333333333,0.391416611202874,0.0816146929098731,0.823157030510855,"black"
2.01639384656283e-07,0.333333333333333,0.391416611202874,0.0816146929098731,0.823157030510855,"black"
2.01639384656283e-07,0.666666666666667,0.391416611202874,0.0816146929098731,0.823157030510855,"black"
2.01639384656283e-07,0.666666666666667,0.391416611202874,0.0816146929098731,0.823157030510855,"black"
2.01639384656283e-07,0.333333333333333,0.391416611202874,0.0816146929098731,0.823157030510855,"black"
2.01639384656283e-07,0.333333333333333,0.391416611202874,0.0816146929098731,0.823157030510855,"black"
2.01639384656283e-07,0.333333333333333,0.391416611202874,0.0816146929098731,0.823157030510855,"black"
2.01639384656283e-07,0.333333333333333,0.391416611202874,0.0816146929098731,0.823157030510855,"black"
2.01639384656283e-07,0.333333333333333,0.391416611202874,0.0816146929098731,0.823157030510855,"black"
2.01639384656283e-07,0.333333333333333,0.391416611202874,0.0816146929098731,0.823157030510855,"black"
2.01639384656283e-07,0.333333333333333,0.391416611202874,0.0816146929098731,0.823157030510855,"black"
2.01639384656283e-07,0.333333333333333,0.391416611202874,0.0816146929098731,0.823157030510855,"black"
2.01639384656283e-07,0.666666666666667,0.391416611202874,0.0816146929098731,0.823157030510855,"black"
2.01639384656283e-07,0.333333333333333,0.391416611202874,0.0816146929098731,0.823157030510855,"black"
2.01639384656283e-07,0.333333333333333,0.391416611202874,0.0816146929098731,0.823157030510855,"black"
2.01639384656283e-07,0.666666666666667,0.391416611202874,0.0816146929098731,0.823157030510855,"black"
2.01639384656283e-07,0.333333333333333,0.391416611202874,0.0816146929098731,0.823157030510855,"black"
2.01639384656283e-07,0.333333333333333,0.391416611202874,0.0816146929098731,0.823157030510855,"black"
2.01639384656283e-07,0.333333333333333,0.391416611202874,0.0816146929098731,0.823157030510855,"black"
2.01639384656283e-07,0.666666666666667,0.391416611202874,0.0816146929098731,0.823157030510855,"black"
2.01639384656283e-07,0.333333333333333,0.391416611202874,0.0816146929098731,0.823157030510855,"black"
2.01639384656283e-07,0.333333333333333,0.391416611202874,0.0816146929098731,0.823157030510855,"black"
2.01639384656283e-07,0.333333333333333,0.391416611202874,0.0816146929098731,0.823157030510855,"black"
2.01639384656283e-07,0.333333333333333,0.391416611202874,0.0816146929098731,0.823157030510855,"black"
2.01639384656283e-07,0.666666666666667,0.391416611202874,0.0816146929098731,0.823157030510855,"black"
2.01639384656283e-07,0.333333333333333,0.391416611202874,0.0816146929098731,0.823157030510855,"black"
2.01639384656283e-07,0.333333333333333,0.391416611202874,0.0816146929098731,0.823157030510855,"black"
2.01639384656283e-07,0.666666666666667,0.391416611202874,0.0816146929098731,0.823157030510855,"black"
2.01639384656283e-07,0.333333333333333,0.391416611202874,0.0816146929098731,0.823157030510855,"black"
2.01639384656283e-07,0.666666666666667,0.391416611202874,0.0816146929098731,0.823157030510855,"black"
2.01639384656283e-07,0.666666666666667,0.391416611202874,0.0816146929098731,0.823157030510855,"black"
2.01639384656283e-07,0.666666666666667,0.391416611202874,0.0816146929098731,0.823157030510855,"black"
2.01639384656283e-07,0.333333333333333,0.391416611202874,0.0816146929098731,0.823157030510855,"black"
2.01639384656283e-07,0.666666666666667,0.391416611202874,0.0816146929098731,0.823157030510855,"black"
2.01639384656283e-07,0.666666666666667,0.391416611202874,0.0816146929098731,0.823157030510855,"black"
2.01639384656283e-07,0.666666666666667,0.391416611202874,0.0816146929098731,0.823157030510855,"black"
2.01639384656283e-07,0.333333333333333,0.391416611202874,0.0816146929098731,0.823157030510855,"black"
2.01639384656283e-07,0.333333333333333,0.391416611202874,0.0816146929098731,0.823157030510855,"black"
2.01639384656283e-07,0.333333333333333,0.391416611202874,0.0816146929098731,0.823157030510855,"black"
2.01639384656283e-07,0.333333333333333,0.391416611202874,0.0816146929098731,0.823157030510855,"black"
2.01639384656283e-07,0.333333333333333,0.391416611202874,0.0816146929098731,0.823157030510855,"black"
2.01639384656283e-07,0.333333333333333,0.391416611202874,0.0816146929098731,0.823157030510855,"black"
2.01639384656283e-07,0.666666666666667,0.391416611202874,0.0816146929098731,0.823157030510855,"black"
2.01639384656283e-07,0.666666666666667,0.391416611202874,0.0816146929098731,0.823157030510855,"black"
2.01639384656283e-07,0.333333333333333,0.391416611202874,0.0816146929098731,0.823157030510855,"black"
2.01639384656283e-07,0.333333333333333,0.391416611202874,0.0816146929098731,0.823157030510855,"black"
2.01639384656283e-07,0.333333333333333,0.391416611202874,0.0816146929098731,0.823157030510855,"black"
2.01639384656283e-07,0.666666666666667,0.391416611202874,0.0816146929098731,0.823157030510855,"black"
2.01639384656283e-07,0.666666666666667,0.391416611202874,0.0816146929098731,0.823157030510855,"black"
2.01639384656283e-07,0.333333333333333,0.391416611202874,0.0816146929098731,0.823157030510855,"black"
2.01639384656283e-07,0.333333333333333,0.391416611202874,0.0816146929098731,0.823157030510855,"black"
2.01639384656283e-07,0.666666666666667,0.391416611202874,0.0816146929098731,0.823157030510855,"black"
2.01639384656283e-07,0.333333333333333,0.391416611202874,0.0816146929098731,0.823157030510855,"black"
2.01639384656283e-07,0.333333333333333,0.391416611202874,0.0816146929098731,0.823157030510855,"black"
2.01639384656283e-07,0.333333333333333,0.391416611202874,0.0816146929098731,0.823157030510855,"black"
2.01639384656283e-07,0.333333333333333,0.391416611202874,0.0816146929098731,0.823157030510855,"black"
2.01639384656283e-07,0.333333333333333,0.391416611202874,0.0816146929098731,0.823157030510855,"black"
2.01639384656283e-07,0.333333333333333,0.391416611202874,0.0816146929098731,0.823157030510855,"black"
2.01639384656283e-07,0.666666666666667,0.391416611202874,0.0816146929098731,0.823157030510855,"black"
2.01639384656283e-07,0.333333333333333,0.391416611202874,0.0816146929098731,0.823157030510855,"black"
2.01639384656283e-07,0.333333333333333,0.391416611202874,0.0816146929098731,0.823157030510855,"black"
2.01639384656283e-07,0.333333333333333,0.391416611202874,0.0816146929098731,0.823157030510855,"black"
2.01639384656283e-07,0.666666666666667,0.391416611202874,0.0816146929098731,0.823157030510855,"black"
2.01639384656283e-07,0.333333333333333,0.391416611202874,0.0816146929098731,0.823157030510855,"black"
2.01639384656283e-07,0.333333333333333,0.391416611202874,0.0816146929098731,0.823157030510855,"black"
2.01639384656283e-07,0.333333333333333,0.391416611202874,0.0816146929098731,0.823157030510855,"black"
2.01639384656283e-07,0.333333333333333,0.391416611202874,0.0816146929098731,0.823157030510855,"black"
2.01639384656283e-07,0.333333333333333,0.391416611202874,0.0816146929098731,0.823157030510855,"black"
2.01639384656283e-07,0.666666666666667,0.391416611202874,0.0816146929098731,0.823157030510855,"black"
2.01639384656283e-07,0.333333333333333,0.391416611202874,0.0816146929098731,0.823157030510855,"black"
2.01639384656283e-07,0.333333333333333,0.391416611202874,0.0816146929098731,0.823157030510855,"black"
2.01639384656283e-07,0.333333333333333,0.391416611202874,0.0816146929098731,0.823157030510855,"black"
2.01639384656283e-07,0.666666666666667,0.391416611202874,0.0816146929098731,0.823157030510855,"black"
2.01639384656283e-07,0.666666666666667,0.391416611202874,0.0816146929098731,0.823157030510855,"black"
2.01639384656283e-07,0.666666666666667,0.391416611202874,0.0816146929098731,0.823157030510855,"black"
2.01639384656283e-07,0.666666666666667,0.391416611202874,0.0816146929098731,0.823157030510855,"black"
2.01639384656283e-07,0.333333333333333,0.391416611202874,0.0816146929098731,0.823157030510855,"black"
2.01639384656283e-07,0.666666666666667,0.391416611202874,0.0816146929098731,0.823157030510855,"black"
2.01639384656283e-07,0.333333333333333,0.391416611202874,0.0816146929098731,0.823157030510855,"black"
2.01639384656283e-07,0.666666666666667,0.391416611202874,0.0816146929098731,0.823157030510855,"black"
2.01639384656283e-07,0.333333333333333,0.391416611202874,0.0816146929098731,0.823157030510855,"black"
2.01639384656283e-07,0.666666666666667,0.391416611202874,0.0816146929098731,0.823157030510855,"black"
2.01639384656283e-07,0.333333333333333,0.391416611202874,0.0816146929098731,0.823157030510855,"black"
2.01639384656283e-07,0.333333333333333,0.391416611202874,0.0816146929098731,0.823157030510855,"black"
2.01639384656283e-07,0.333333333333333,0.391416611202874,0.0816146929098731,0.823157030510855,"black"
2.01639384656283e-07,0.333333333333333,0.391416611202874,0.0816146929098731,0.823157030510855,"black"
2.01639384656283e-07,0.666666666666667,0.391416611202874,0.0816146929098731,0.823157030510855,"black"
2.01639384656283e-07,0.333333333333333,0.391416611202874,0.0816146929098731,0.823157030510855,"black"
2.01639384656283e-07,0.333333333333333,0.391416611202874,0.0816146929098731,0.823157030510855,"black"
2.01639384656283e-07,0.666666666666667,0.391416611202874,0.0816146929098731,0.823157030510855,"black"
2.01639384656283e-07,0.333333333333333,0.391416611202874,0.0816146929098731,0.823157030510855,"black"
2.01639384656283e-07,0.333333333333333,0.391416611202874,0.0816146929098731,0.823157030510855,"black"
2.01639384656283e-07,0.333333333333333,0.391416611202874,0.0816146929098731,0.823157030510855,"black"
2.01639384656283e-07,0.333333333333333,0.391416611202874,0.0816146929098731,0.823157030510855,"black"
2.01639384656283e-07,0.333333333333333,0.391416611202874,0.0816146929098731,0.823157030510855,"black"
2.01639384656283e-07,0.333333333333333,0.391416611202874,0.0816146929098731,0.823157030510855,"black"
2.01639384656283e-07,0.666666666666667,0.391416611202874,0.0816146929098731,0.823157030510855,"black"
2.01639384656283e-07,0.333333333333333,0.391416611202874,0.0816146929098731,0.823157030510855,"black"
2.01639384656283e-07,0.333333333333333,0.391416611202874,0.0816146929098731,0.823157030510855,"black"
2.01639384656283e-07,0.333333333333333,0.391416611202874,0.0816146929098731,0.823157030510855,"black"
2.01639384656283e-07,0.333333333333333,0.391416611202874,0.0816146929098731,0.823157030510855,"black"
2.01639384656283e-07,0.666666666666667,0.391416611202874,0.0816146929098731,0.823157030510855,"black"
2.01639384656283e-07,0.666666666666667,0.391416611202874,0.0816146929098731,0.823157030510855,"black"
2.01639384656283e-07,0.333333333333333,0.391416611202874,0.0816146929098731,0.823157030510855,"black"
2.01639384656283e-07,0.666666666666667,0.391416611202874,0.0816146929098731,0.823157030510855,"black"
2.01639384656283e-07,0.333333333333333,0.391416611202874,0.0816146929098731,0.823157030510855,"black"
2.01639384656283e-07,0.333333333333333,0.391416611202874,0.0816146929098731,0.823157030510855,"black"
2.01639384656283e-07,0.333333333333333,0.391416611202874,0.0816146929098731,0.823157030510855,"black"
2.01639384656283e-07,0.333333333333333,0.391416611202874,0.0816146929098731,0.823157030510855,"black"
2.01639384656283e-07,0.333333333333333,0.391416611202874,0.0816146929098731,0.823157030510855,"black"
2.01639384656283e-07,0.666666666666667,0.391416611202874,0.0816146929098731,0.823157030510855,"black"
2.01639384656283e-07,0.333333333333333,0.391416611202874,0.0816146929098731,0.823157030510855,"black"
2.01639384656283e-07,0.666666666666667,0.391416611202874,0.0816146929098731,0.823157030510855,"black"
2.01639384656283e-07,0.666666666666667,0.391416611202874,0.0816146929098731,0.823157030510855,"black"
2.01639384656283e-07,0.666666666666667,0.391416611202874,0.0816146929098731,0.823157030510855,"black"
2.01639384656283e-07,0.666666666666667,0.391416611202874,0.0816146929098731,0.823157030510855,"black"
2.01639384656283e-07,0.333333333333333,0.391416611202874,0.0816146929098731,0.823157030510855,"black"
2.01639384656283e-07,0.333333333333333,0.391416611202874,0.0816146929098731,0.823157030510855,"black"
2.01639384656283e-07,0.666666666666667,0.391416611202874,0.0816146929098731,0.823157030510855,"black"
2.01639384656283e-07,0.333333333333333,0.391416611202874,0.0816146929098731,0.823157030510855,"black"
2.01639384656283e-07,0.666666666666667,0.391416611202874,0.0816146929098731,0.823157030510855,"black"
2.01639384656283e-07,0.333333333333333,0.391416611202874,0.0816146929098731,0.823157030510855,"black"
2.4196726158754e-07,0.666666666666667,0.457679448321785,0.107365750613892,0.855518874328785,"black"
2.4196726158754e-07,0.666666666666667,0.457679448321785,0.107365750613892,0.855518874328785,"black"
2.4196726158754e-07,0.333333333333333,0.457679448321785,0.107365750613892,0.855518874328785,"black"
2.4196726158754e-07,0.333333333333333,0.457679448321785,0.107365750613892,0.855518874328785,"black"
2.4196726158754e-07,0.333333333333333,0.457679448321785,0.107365750613892,0.855518874328785,"black"
2.4196726158754e-07,0.333333333333333,0.457679448321785,0.107365750613892,0.855518874328785,"black"
2.4196726158754e-07,0.333333333333333,0.457679448321785,0.107365750613892,0.855518874328785,"black"
2.4196726158754e-07,0.666666666666667,0.457679448321785,0.107365750613892,0.855518874328785,"black"
2.4196726158754e-07,0.666666666666667,0.457679448321785,0.107365750613892,0.855518874328785,"black"
2.4196726158754e-07,0.666666666666667,0.457679448321785,0.107365750613892,0.855518874328785,"black"
2.4196726158754e-07,0.333333333333333,0.457679448321785,0.107365750613892,0.855518874328785,"black"
2.4196726158754e-07,0.333333333333333,0.457679448321785,0.107365750613892,0.855518874328785,"black"
2.4196726158754e-07,0.333333333333333,0.457679448321785,0.107365750613892,0.855518874328785,"black"
2.4196726158754e-07,0.333333333333333,0.457679448321785,0.107365750613892,0.855518874328785,"black"
2.4196726158754e-07,0.666666666666667,0.457679448321785,0.107365750613892,0.855518874328785,"black"
2.4196726158754e-07,0.666666666666667,0.457679448321785,0.107365750613892,0.855518874328785,"black"
2.4196726158754e-07,0.333333333333333,0.457679448321785,0.107365750613892,0.855518874328785,"black"
2.4196726158754e-07,0.666666666666667,0.457679448321785,0.107365750613892,0.855518874328785,"black"
2.4196726158754e-07,0.333333333333333,0.457679448321785,0.107365750613892,0.855518874328785,"black"
2.4196726158754e-07,0.666666666666667,0.457679448321785,0.107365750613892,0.855518874328785,"black"
2.4196726158754e-07,0.333333333333333,0.457679448321785,0.107365750613892,0.855518874328785,"black"
2.4196726158754e-07,0.333333333333333,0.457679448321785,0.107365750613892,0.855518874328785,"black"
2.4196726158754e-07,0.333333333333333,0.457679448321785,0.107365750613892,0.855518874328785,"black"
2.4196726158754e-07,0.666666666666667,0.457679448321785,0.107365750613892,0.855518874328785,"black"
2.4196726158754e-07,0.666666666666667,0.457679448321785,0.107365750613892,0.855518874328785,"black"
2.4196726158754e-07,0.333333333333333,0.457679448321785,0.107365750613892,0.855518874328785,"black"
2.4196726158754e-07,0.666666666666667,0.457679448321785,0.107365750613892,0.855518874328785,"black"
2.4196726158754e-07,0.333333333333333,0.457679448321785,0.107365750613892,0.855518874328785,"black"
2.4196726158754e-07,0.333333333333333,0.457679448321785,0.107365750613892,0.855518874328785,"black"
2.4196726158754e-07,0.666666666666667,0.457679448321785,0.107365750613892,0.855518874328785,"black"
2.4196726158754e-07,0.333333333333333,0.457679448321785,0.107365750613892,0.855518874328785,"black"
2.4196726158754e-07,0.333333333333333,0.457679448321785,0.107365750613892,0.855518874328785,"black"
2.4196726158754e-07,0.666666666666667,0.457679448321785,0.107365750613892,0.855518874328785,"black"
2.4196726158754e-07,0.666666666666667,0.457679448321785,0.107365750613892,0.855518874328785,"black"
2.4196726158754e-07,0.666666666666667,0.457679448321785,0.107365750613892,0.855518874328785,"black"
2.4196726158754e-07,0.666666666666667,0.457679448321785,0.107365750613892,0.855518874328785,"black"
2.4196726158754e-07,0.666666666666667,0.457679448321785,0.107365750613892,0.855518874328785,"black"
2.4196726158754e-07,0.333333333333333,0.457679448321785,0.107365750613892,0.855518874328785,"black"
2.4196726158754e-07,0.666666666666667,0.457679448321785,0.107365750613892,0.855518874328785,"black"
2.4196726158754e-07,1,0.457679448321785,0.107365750613892,0.855518874328785,"#e06a5d"
2.4196726158754e-07,0.666666666666667,0.457679448321785,0.107365750613892,0.855518874328785,"black"
2.4196726158754e-07,0.333333333333333,0.457679448321785,0.107365750613892,0.855518874328785,"black"
2.4196726158754e-07,0.333333333333333,0.457679448321785,0.107365750613892,0.855518874328785,"black"
2.4196726158754e-07,0.333333333333333,0.457679448321785,0.107365750613892,0.855518874328785,"black"
2.4196726158754e-07,0.666666666666667,0.457679448321785,0.107365750613892,0.855518874328785,"black"
2.4196726158754e-07,0.333333333333333,0.457679448321785,0.107365750613892,0.855518874328785,"black"
2.4196726158754e-07,0.666666666666667,0.457679448321785,0.107365750613892,0.855518874328785,"black"
2.4196726158754e-07,0.666666666666667,0.457679448321785,0.107365750613892,0.855518874328785,"black"
2.4196726158754e-07,0.333333333333333,0.457679448321785,0.107365750613892,0.855518874328785,"black"
2.4196726158754e-07,0.666666666666667,0.457679448321785,0.107365750613892,0.855518874328785,"black"
2.4196726158754e-07,0.666666666666667,0.457679448321785,0.107365750613892,0.855518874328785,"black"
2.4196726158754e-07,0.333333333333333,0.457679448321785,0.107365750613892,0.855518874328785,"black"
2.4196726158754e-07,0.666666666666667,0.457679448321785,0.107365750613892,0.855518874328785,"black"
2.4196726158754e-07,0.666666666666667,0.457679448321785,0.107365750613892,0.855518874328785,"black"
2.4196726158754e-07,0.666666666666667,0.457679448321785,0.107365750613892,0.855518874328785,"black"
2.4196726158754e-07,0.666666666666667,0.457679448321785,0.107365750613892,0.855518874328785,"black"
2.4196726158754e-07,0.666666666666667,0.457679448321785,0.107365750613892,0.855518874328785,"black"
2.4196726158754e-07,0.666666666666667,0.457679448321785,0.107365750613892,0.855518874328785,"black"
2.4196726158754e-07,0.333333333333333,0.457679448321785,0.107365750613892,0.855518874328785,"black"
2.4196726158754e-07,0.666666666666667,0.457679448321785,0.107365750613892,0.855518874328785,"black"
2.4196726158754e-07,0.333333333333333,0.457679448321785,0.107365750613892,0.855518874328785,"black"
2.4196726158754e-07,0.666666666666667,0.457679448321785,0.107365750613892,0.855518874328785,"black"
2.4196726158754e-07,0.666666666666667,0.457679448321785,0.107365750613892,0.855518874328785,"black"
2.4196726158754e-07,0.333333333333333,0.457679448321785,0.107365750613892,0.855518874328785,"black"
2.4196726158754e-07,0.333333333333333,0.457679448321785,0.107365750613892,0.855518874328785,"black"
2.4196726158754e-07,0.333333333333333,0.457679448321785,0.107365750613892,0.855518874328785,"black"
2.4196726158754e-07,0.666666666666667,0.457679448321785,0.107365750613892,0.855518874328785,"black"
2.4196726158754e-07,0.666666666666667,0.457679448321785,0.107365750613892,0.855518874328785,"black"
2.4196726158754e-07,0.666666666666667,0.457679448321785,0.107365750613892,0.855518874328785,"black"
2.4196726158754e-07,0.666666666666667,0.457679448321785,0.107365750613892,0.855518874328785,"black"
2.4196726158754e-07,0.333333333333333,0.457679448321785,0.107365750613892,0.855518874328785,"black"
2.4196726158754e-07,0.666666666666667,0.457679448321785,0.107365750613892,0.855518874328785,"black"
2.4196726158754e-07,0.666666666666667,0.457679448321785,0.107365750613892,0.855518874328785,"black"
2.4196726158754e-07,0.333333333333333,0.457679448321785,0.107365750613892,0.855518874328785,"black"
2.4196726158754e-07,0.666666666666667,0.457679448321785,0.107365750613892,0.855518874328785,"black"
2.4196726158754e-07,0.666666666666667,0.457679448321785,0.107365750613892,0.855518874328785,"black"
2.4196726158754e-07,0.333333333333333,0.457679448321785,0.107365750613892,0.855518874328785,"black"
2.4196726158754e-07,0.333333333333333,0.457679448321785,0.107365750613892,0.855518874328785,"black"
2.4196726158754e-07,0.666666666666667,0.457679448321785,0.107365750613892,0.855518874328785,"black"
2.4196726158754e-07,0.333333333333333,0.457679448321785,0.107365750613892,0.855518874328785,"black"
2.4196726158754e-07,0.333333333333333,0.457679448321785,0.107365750613892,0.855518874328785,"black"
2.4196726158754e-07,0.333333333333333,0.457679448321785,0.107365750613892,0.855518874328785,"black"
2.4196726158754e-07,0.666666666666667,0.457679448321785,0.107365750613892,0.855518874328785,"black"
2.4196726158754e-07,0.666666666666667,0.457679448321785,0.107365750613892,0.855518874328785,"black"
2.4196726158754e-07,0.333333333333333,0.457679448321785,0.107365750613892,0.855518874328785,"black"
2.4196726158754e-07,0.333333333333333,0.457679448321785,0.107365750613892,0.855518874328785,"black"
2.4196726158754e-07,0.666666666666667,0.457679448321785,0.107365750613892,0.855518874328785,"black"
2.4196726158754e-07,0.333333333333333,0.457679448321785,0.107365750613892,0.855518874328785,"black"
2.4196726158754e-07,0.666666666666667,0.457679448321785,0.107365750613892,0.855518874328785,"black"
2.4196726158754e-07,0.333333333333333,0.457679448321785,0.107365750613892,0.855518874328785,"black"
2.4196726158754e-07,0.666666666666667,0.457679448321785,0.107365750613892,0.855518874328785,"black"
2.4196726158754e-07,0.666666666666667,0.457679448321785,0.107365750613892,0.855518874328785,"black"
2.4196726158754e-07,0.666666666666667,0.457679448321785,0.107365750613892,0.855518874328785,"black"
2.4196726158754e-07,0.333333333333333,0.457679448321785,0.107365750613892,0.855518874328785,"black"
2.4196726158754e-07,0.333333333333333,0.457679448321785,0.107365750613892,0.855518874328785,"black"
2.4196726158754e-07,0.333333333333333,0.457679448321785,0.107365750613892,0.855518874328785,"black"
2.4196726158754e-07,0.333333333333333,0.457679448321785,0.107365750613892,0.855518874328785,"black"
2.4196726158754e-07,0.666666666666667,0.457679448321785,0.107365750613892,0.855518874328785,"black"
2.4196726158754e-07,0.666666666666667,0.457679448321785,0.107365750613892,0.855518874328785,"black"
2.4196726158754e-07,0.666666666666667,0.457679448321785,0.107365750613892,0.855518874328785,"black"
2.4196726158754e-07,0.666666666666667,0.457679448321785,0.107365750613892,0.855518874328785,"black"
2.4196726158754e-07,0.666666666666667,0.457679448321785,0.107365750613892,0.855518874328785,"black"
2.4196726158754e-07,0.333333333333333,0.457679448321785,0.107365750613892,0.855518874328785,"black"
2.4196726158754e-07,0.333333333333333,0.457679448321785,0.107365750613892,0.855518874328785,"black"
2.4196726158754e-07,0.333333333333333,0.457679448321785,0.107365750613892,0.855518874328785,"black"
2.4196726158754e-07,0.333333333333333,0.457679448321785,0.107365750613892,0.855518874328785,"black"
2.4196726158754e-07,0.333333333333333,0.457679448321785,0.107365750613892,0.855518874328785,"black"
2.4196726158754e-07,0.666666666666667,0.457679448321785,0.107365750613892,0.855518874328785,"black"
2.4196726158754e-07,0.333333333333333,0.457679448321785,0.107365750613892,0.855518874328785,"black"
2.4196726158754e-07,0.333333333333333,0.457679448321785,0.107365750613892,0.855518874328785,"black"
2.4196726158754e-07,0.333333333333333,0.457679448321785,0.107365750613892,0.855518874328785,"black"
2.4196726158754e-07,0.333333333333333,0.457679448321785,0.107365750613892,0.855518874328785,"black"
2.4196726158754e-07,0.666666666666667,0.457679448321785,0.107365750613892,0.855518874328785,"black"
2.4196726158754e-07,0.333333333333333,0.457679448321785,0.107365750613892,0.855518874328785,"black"
2.4196726158754e-07,0.666666666666667,0.457679448321785,0.107365750613892,0.855518874328785,"black"
2.4196726158754e-07,0.666666666666667,0.457679448321785,0.107365750613892,0.855518874328785,"black"
2.4196726158754e-07,0.333333333333333,0.457679448321785,0.107365750613892,0.855518874328785,"black"
2.4196726158754e-07,0.666666666666667,0.457679448321785,0.107365750613892,0.855518874328785,"black"
2.4196726158754e-07,0.666666666666667,0.457679448321785,0.107365750613892,0.855518874328785,"black"
2.4196726158754e-07,0.666666666666667,0.457679448321785,0.107365750613892,0.855518874328785,"black"
2.4196726158754e-07,0.333333333333333,0.457679448321785,0.107365750613892,0.855518874328785,"black"
2.4196726158754e-07,0.333333333333333,0.457679448321785,0.107365750613892,0.855518874328785,"black"
2.4196726158754e-07,0.333333333333333,0.457679448321785,0.107365750613892,0.855518874328785,"black"
2.4196726158754e-07,0.666666666666667,0.457679448321785,0.107365750613892,0.855518874328785,"black"
2.4196726158754e-07,0.666666666666667,0.457679448321785,0.107365750613892,0.855518874328785,"black"
2.4196726158754e-07,0.333333333333333,0.457679448321785,0.107365750613892,0.855518874328785,"black"
2.4196726158754e-07,0.666666666666667,0.457679448321785,0.107365750613892,0.855518874328785,"black"
2.4196726158754e-07,1,0.457679448321785,0.107365750613892,0.855518874328785,"#e06a5d"
2.4196726158754e-07,0.333333333333333,0.457679448321785,0.107365750613892,0.855518874328785,"black"
2.4196726158754e-07,0.333333333333333,0.457679448321785,0.107365750613892,0.855518874328785,"black"
2.4196726158754e-07,0.333333333333333,0.457679448321785,0.107365750613892,0.855518874328785,"black"
2.4196726158754e-07,0.333333333333333,0.457679448321785,0.107365750613892,0.855518874328785,"black"
2.4196726158754e-07,0.333333333333333,0.457679448321785,0.107365750613892,0.855518874328785,"black"
2.4196726158754e-07,0.666666666666667,0.457679448321785,0.107365750613892,0.855518874328785,"black"
2.4196726158754e-07,0.333333333333333,0.457679448321785,0.107365750613892,0.855518874328785,"black"
2.4196726158754e-07,0.333333333333333,0.457679448321785,0.107365750613892,0.855518874328785,"black"
2.4196726158754e-07,0.333333333333333,0.457679448321785,0.107365750613892,0.855518874328785,"black"
2.4196726158754e-07,0.666666666666667,0.457679448321785,0.107365750613892,0.855518874328785,"black"
2.4196726158754e-07,0.333333333333333,0.457679448321785,0.107365750613892,0.855518874328785,"black"
2.4196726158754e-07,0.333333333333333,0.457679448321785,0.107365750613892,0.855518874328785,"black"
2.4196726158754e-07,0.666666666666667,0.457679448321785,0.107365750613892,0.855518874328785,"black"
2.4196726158754e-07,0.333333333333333,0.457679448321785,0.107365750613892,0.855518874328785,"black"
2.4196726158754e-07,0.333333333333333,0.457679448321785,0.107365750613892,0.855518874328785,"black"
2.4196726158754e-07,0.666666666666667,0.457679448321785,0.107365750613892,0.855518874328785,"black"
2.4196726158754e-07,0.333333333333333,0.457679448321785,0.107365750613892,0.855518874328785,"black"
2.4196726158754e-07,0.666666666666667,0.457679448321785,0.107365750613892,0.855518874328785,"black"
2.4196726158754e-07,0.333333333333333,0.457679448321785,0.107365750613892,0.855518874328785,"black"
2.4196726158754e-07,0.666666666666667,0.457679448321785,0.107365750613892,0.855518874328785,"black"
2.4196726158754e-07,0.333333333333333,0.457679448321785,0.107365750613892,0.855518874328785,"black"
2.4196726158754e-07,0.666666666666667,0.457679448321785,0.107365750613892,0.855518874328785,"black"
2.4196726158754e-07,0.666666666666667,0.457679448321785,0.107365750613892,0.855518874328785,"black"
2.4196726158754e-07,0.333333333333333,0.457679448321785,0.107365750613892,0.855518874328785,"black"
2.4196726158754e-07,0.333333333333333,0.457679448321785,0.107365750613892,0.855518874328785,"black"
2.4196726158754e-07,0.666666666666667,0.457679448321785,0.107365750613892,0.855518874328785,"black"
2.4196726158754e-07,0.333333333333333,0.457679448321785,0.107365750613892,0.855518874328785,"black"
2.4196726158754e-07,0.333333333333333,0.457679448321785,0.107365750613892,0.855518874328785,"black"
2.4196726158754e-07,0.666666666666667,0.457679448321785,0.107365750613892,0.855518874328785,"black"
2.4196726158754e-07,0.666666666666667,0.457679448321785,0.107365750613892,0.855518874328785,"black"
2.4196726158754e-07,0.333333333333333,0.457679448321785,0.107365750613892,0.855518874328785,"black"
2.4196726158754e-07,0.666666666666667,0.457679448321785,0.107365750613892,0.855518874328785,"black"
2.4196726158754e-07,0.333333333333333,0.457679448321785,0.107365750613892,0.855518874328785,"black"
2.4196726158754e-07,0.333333333333333,0.457679448321785,0.107365750613892,0.855518874328785,"black"
2.4196726158754e-07,0.333333333333333,0.457679448321785,0.107365750613892,0.855518874328785,"black"
2.4196726158754e-07,0.666666666666667,0.457679448321785,0.107365750613892,0.855518874328785,"black"
2.4196726158754e-07,0.333333333333333,0.457679448321785,0.107365750613892,0.855518874328785,"black"
2.4196726158754e-07,0.333333333333333,0.457679448321785,0.107365750613892,0.855518874328785,"black"
2.4196726158754e-07,0.666666666666667,0.457679448321785,0.107365750613892,0.855518874328785,"black"
2.4196726158754e-07,0.333333333333333,0.457679448321785,0.107365750613892,0.855518874328785,"black"
2.4196726158754e-07,0.333333333333333,0.457679448321785,0.107365750613892,0.855518874328785,"black"
2.4196726158754e-07,0.666666666666667,0.457679448321785,0.107365750613892,0.855518874328785,"black"
2.4196726158754e-07,0.666666666666667,0.457679448321785,0.107365750613892,0.855518874328785,"black"
2.4196726158754e-07,0.333333333333333,0.457679448321785,0.107365750613892,0.855518874328785,"black"
2.4196726158754e-07,0.333333333333333,0.457679448321785,0.107365750613892,0.855518874328785,"black"
2.4196726158754e-07,0.666666666666667,0.457679448321785,0.107365750613892,0.855518874328785,"black"
2.4196726158754e-07,0.333333333333333,0.457679448321785,0.107365750613892,0.855518874328785,"black"
2.4196726158754e-07,0.333333333333333,0.457679448321785,0.107365750613892,0.855518874328785,"black"
2.4196726158754e-07,0.666666666666667,0.457679448321785,0.107365750613892,0.855518874328785,"black"
2.4196726158754e-07,0.666666666666667,0.457679448321785,0.107365750613892,0.855518874328785,"black"
2.4196726158754e-07,0.333333333333333,0.457679448321785,0.107365750613892,0.855518874328785,"black"
2.4196726158754e-07,0.666666666666667,0.457679448321785,0.107365750613892,0.855518874328785,"black"
2.4196726158754e-07,0.333333333333333,0.457679448321785,0.107365750613892,0.855518874328785,"black"
2.4196726158754e-07,0.333333333333333,0.457679448321785,0.107365750613892,0.855518874328785,"black"
2.4196726158754e-07,0.666666666666667,0.457679448321785,0.107365750613892,0.855518874328785,"black"
2.4196726158754e-07,0.333333333333333,0.457679448321785,0.107365750613892,0.855518874328785,"black"
2.4196726158754e-07,0.333333333333333,0.457679448321785,0.107365750613892,0.855518874328785,"black"
2.4196726158754e-07,0.333333333333333,0.457679448321785,0.107365750613892,0.855518874328785,"black"
2.4196726158754e-07,0.666666666666667,0.457679448321785,0.107365750613892,0.855518874328785,"black"
2.4196726158754e-07,0.666666666666667,0.457679448321785,0.107365750613892,0.855518874328785,"black"
2.4196726158754e-07,0.666666666666667,0.457679448321785,0.107365750613892,0.855518874328785,"black"
2.4196726158754e-07,0.333333333333333,0.457679448321785,0.107365750613892,0.855518874328785,"black"
2.4196726158754e-07,0.666666666666667,0.457679448321785,0.107365750613892,0.855518874328785,"black"
2.4196726158754e-07,0.666666666666667,0.457679448321785,0.107365750613892,0.855518874328785,"black"
2.4196726158754e-07,0.666666666666667,0.457679448321785,0.107365750613892,0.855518874328785,"black"
2.4196726158754e-07,0.333333333333333,0.457679448321785,0.107365750613892,0.855518874328785,"black"
2.4196726158754e-07,0.333333333333333,0.457679448321785,0.107365750613892,0.855518874328785,"black"
2.4196726158754e-07,0.666666666666667,0.457679448321785,0.107365750613892,0.855518874328785,"black"
2.4196726158754e-07,0.666666666666667,0.457679448321785,0.107365750613892,0.855518874328785,"black"
2.4196726158754e-07,0.666666666666667,0.457679448321785,0.107365750613892,0.855518874328785,"black"
2.4196726158754e-07,1,0.457679448321785,0.107365750613892,0.855518874328785,"#e06a5d"
2.4196726158754e-07,0.666666666666667,0.457679448321785,0.107365750613892,0.855518874328785,"black"
2.4196726158754e-07,0.666666666666667,0.457679448321785,0.107365750613892,0.855518874328785,"black"
2.4196726158754e-07,0.333333333333333,0.457679448321785,0.107365750613892,0.855518874328785,"black"
2.4196726158754e-07,0.666666666666667,0.457679448321785,0.107365750613892,0.855518874328785,"black"
2.4196726158754e-07,0.333333333333333,0.457679448321785,0.107365750613892,0.855518874328785,"black"
2.4196726158754e-07,0.333333333333333,0.457679448321785,0.107365750613892,0.855518874328785,"black"
2.4196726158754e-07,0.333333333333333,0.457679448321785,0.107365750613892,0.855518874328785,"black"
2.4196726158754e-07,0.666666666666667,0.457679448321785,0.107365750613892,0.855518874328785,"black"
2.4196726158754e-07,0.666666666666667,0.457679448321785,0.107365750613892,0.855518874328785,"black"
2.4196726158754e-07,0.666666666666667,0.457679448321785,0.107365750613892,0.855518874328785,"black"
2.4196726158754e-07,0.333333333333333,0.457679448321785,0.107365750613892,0.855518874328785,"black"
2.4196726158754e-07,0.666666666666667,0.457679448321785,0.107365750613892,0.855518874328785,"black"
2.4196726158754e-07,0.666666666666667,0.457679448321785,0.107365750613892,0.855518874328785,"black"
2.4196726158754e-07,0.333333333333333,0.457679448321785,0.107365750613892,0.855518874328785,"black"
2.4196726158754e-07,0.666666666666667,0.457679448321785,0.107365750613892,0.855518874328785,"black"
2.4196726158754e-07,0.333333333333333,0.457679448321785,0.107365750613892,0.855518874328785,"black"
2.4196726158754e-07,0.666666666666667,0.457679448321785,0.107365750613892,0.855518874328785,"black"
2.4196726158754e-07,0.333333333333333,0.457679448321785,0.107365750613892,0.855518874328785,"black"
2.4196726158754e-07,0.333333333333333,0.457679448321785,0.107365750613892,0.855518874328785,"black"
2.4196726158754e-07,0.666666666666667,0.457679448321785,0.107365750613892,0.855518874328785,"black"
2.4196726158754e-07,0.333333333333333,0.457679448321785,0.107365750613892,0.855518874328785,"black"
2.4196726158754e-07,0.666666666666667,0.457679448321785,0.107365750613892,0.855518874328785,"black"
2.4196726158754e-07,0.666666666666667,0.457679448321785,0.107365750613892,0.855518874328785,"black"
2.4196726158754e-07,0.333333333333333,0.457679448321785,0.107365750613892,0.855518874328785,"black"
2.4196726158754e-07,0.333333333333333,0.457679448321785,0.107365750613892,0.855518874328785,"black"
2.4196726158754e-07,0.666666666666667,0.457679448321785,0.107365750613892,0.855518874328785,"black"
2.4196726158754e-07,0.666666666666667,0.457679448321785,0.107365750613892,0.855518874328785,"black"
2.4196726158754e-07,0.666666666666667,0.457679448321785,0.107365750613892,0.855518874328785,"black"
2.4196726158754e-07,0.333333333333333,0.457679448321785,0.107365750613892,0.855518874328785,"black"
2.4196726158754e-07,0.666666666666667,0.457679448321785,0.107365750613892,0.855518874328785,"black"
2.4196726158754e-07,0.333333333333333,0.457679448321785,0.107365750613892,0.855518874328785,"black"
2.4196726158754e-07,0.666666666666667,0.457679448321785,0.107365750613892,0.855518874328785,"black"
2.4196726158754e-07,0.333333333333333,0.457679448321785,0.107365750613892,0.855518874328785,"black"
2.4196726158754e-07,0.666666666666667,0.457679448321785,0.107365750613892,0.855518874328785,"black"
2.4196726158754e-07,0.333333333333333,0.457679448321785,0.107365750613892,0.855518874328785,"black"
2.4196726158754e-07,0.333333333333333,0.457679448321785,0.107365750613892,0.855518874328785,"black"
2.4196726158754e-07,0.333333333333333,0.457679448321785,0.107365750613892,0.855518874328785,"black"
2.4196726158754e-07,0.666666666666667,0.457679448321785,0.107365750613892,0.855518874328785,"black"
2.4196726158754e-07,0.333333333333333,0.457679448321785,0.107365750613892,0.855518874328785,"black"
2.4196726158754e-07,0.666666666666667,0.457679448321785,0.107365750613892,0.855518874328785,"black"
2.4196726158754e-07,0.666666666666667,0.457679448321785,0.107365750613892,0.855518874328785,"black"
2.4196726158754e-07,0.333333333333333,0.457679448321785,0.107365750613892,0.855518874328785,"black"
2.4196726158754e-07,0.333333333333333,0.457679448321785,0.107365750613892,0.855518874328785,"black"
2.4196726158754e-07,0.333333333333333,0.457679448321785,0.107365750613892,0.855518874328785,"black"
2.4196726158754e-07,0.666666666666667,0.457679448321785,0.107365750613892,0.855518874328785,"black"
2.4196726158754e-07,0.333333333333333,0.457679448321785,0.107365750613892,0.855518874328785,"black"
2.4196726158754e-07,0.333333333333333,0.457679448321785,0.107365750613892,0.855518874328785,"black"
2.4196726158754e-07,0.333333333333333,0.457679448321785,0.107365750613892,0.855518874328785,"black"
2.4196726158754e-07,0.333333333333333,0.457679448321785,0.107365750613892,0.855518874328785,"black"
2.4196726158754e-07,0.333333333333333,0.457679448321785,0.107365750613892,0.855518874328785,"black"
2.4196726158754e-07,0.666666666666667,0.457679448321785,0.107365750613892,0.855518874328785,"black"
2.4196726158754e-07,0.333333333333333,0.457679448321785,0.107365750613892,0.855518874328785,"black"
2.4196726158754e-07,0.333333333333333,0.457679448321785,0.107365750613892,0.855518874328785,"black"
2.4196726158754e-07,0.666666666666667,0.457679448321785,0.107365750613892,0.855518874328785,"black"
2.4196726158754e-07,0.333333333333333,0.457679448321785,0.107365750613892,0.855518874328785,"black"
2.4196726158754e-07,0.333333333333333,0.457679448321785,0.107365750613892,0.855518874328785,"black"
2.4196726158754e-07,0.333333333333333,0.457679448321785,0.107365750613892,0.855518874328785,"black"
2.4196726158754e-07,0.666666666666667,0.457679448321785,0.107365750613892,0.855518874328785,"black"
2.4196726158754e-07,0.333333333333333,0.457679448321785,0.107365750613892,0.855518874328785,"black"
2.4196726158754e-07,0.333333333333333,0.457679448321785,0.107365750613892,0.855518874328785,"black"
2.4196726158754e-07,0.666666666666667,0.457679448321785,0.107365750613892,0.855518874328785,"black"
2.4196726158754e-07,0.666666666666667,0.457679448321785,0.107365750613892,0.855518874328785,"black"
2.4196726158754e-07,0.333333333333333,0.457679448321785,0.107365750613892,0.855518874328785,"black"
2.4196726158754e-07,0.333333333333333,0.457679448321785,0.107365750613892,0.855518874328785,"black"
2.4196726158754e-07,0.333333333333333,0.457679448321785,0.107365750613892,0.855518874328785,"black"
2.4196726158754e-07,0.333333333333333,0.457679448321785,0.107365750613892,0.855518874328785,"black"
2.4196726158754e-07,0.666666666666667,0.457679448321785,0.107365750613892,0.855518874328785,"black"
2.4196726158754e-07,0.333333333333333,0.457679448321785,0.107365750613892,0.855518874328785,"black"
2.4196726158754e-07,0.333333333333333,0.457679448321785,0.107365750613892,0.855518874328785,"black"
2.4196726158754e-07,0.333333333333333,0.457679448321785,0.107365750613892,0.855518874328785,"black"
2.4196726158754e-07,0.333333333333333,0.457679448321785,0.107365750613892,0.855518874328785,"black"
2.4196726158754e-07,0.333333333333333,0.457679448321785,0.107365750613892,0.855518874328785,"black"
2.4196726158754e-07,0.666666666666667,0.457679448321785,0.107365750613892,0.855518874328785,"black"
2.4196726158754e-07,0.666666666666667,0.457679448321785,0.107365750613892,0.855518874328785,"black"
2.4196726158754e-07,0.333333333333333,0.457679448321785,0.107365750613892,0.855518874328785,"black"
2.82295138518797e-07,0.333333333333333,0.518945173829957,0.13375994063893,0.882855089277776,"black"
2.82295138518797e-07,0.666666666666667,0.518945173829957,0.13375994063893,0.882855089277776,"black"
2.82295138518797e-07,0.666666666666667,0.518945173829957,0.13375994063893,0.882855089277776,"black"
2.82295138518797e-07,0.666666666666667,0.518945173829957,0.13375994063893,0.882855089277776,"black"
2.82295138518797e-07,0.666666666666667,0.518945173829957,0.13375994063893,0.882855089277776,"black"
2.82295138518797e-07,1,0.518945173829957,0.13375994063893,0.882855089277776,"#e06a5d"
2.82295138518797e-07,1,0.518945173829957,0.13375994063893,0.882855089277776,"#e06a5d"
2.82295138518797e-07,0.666666666666667,0.518945173829957,0.13375994063893,0.882855089277776,"black"
2.82295138518797e-07,0.666666666666667,0.518945173829957,0.13375994063893,0.882855089277776,"black"
2.82295138518797e-07,0.666666666666667,0.518945173829957,0.13375994063893,0.882855089277776,"black"
2.82295138518797e-07,0.333333333333333,0.518945173829957,0.13375994063893,0.882855089277776,"black"
2.82295138518797e-07,0.666666666666667,0.518945173829957,0.13375994063893,0.882855089277776,"black"
2.82295138518797e-07,0.666666666666667,0.518945173829957,0.13375994063893,0.882855089277776,"black"
2.82295138518797e-07,0.666666666666667,0.518945173829957,0.13375994063893,0.882855089277776,"black"
2.82295138518797e-07,0.333333333333333,0.518945173829957,0.13375994063893,0.882855089277776,"black"
2.82295138518797e-07,0.666666666666667,0.518945173829957,0.13375994063893,0.882855089277776,"black"
2.82295138518797e-07,0.333333333333333,0.518945173829957,0.13375994063893,0.882855089277776,"black"
2.82295138518797e-07,0.666666666666667,0.518945173829957,0.13375994063893,0.882855089277776,"black"
2.82295138518797e-07,0.666666666666667,0.518945173829957,0.13375994063893,0.882855089277776,"black"
2.82295138518797e-07,0.666666666666667,0.518945173829957,0.13375994063893,0.882855089277776,"black"
2.82295138518797e-07,0.333333333333333,0.518945173829957,0.13375994063893,0.882855089277776,"black"
2.82295138518797e-07,0.666666666666667,0.518945173829957,0.13375994063893,0.882855089277776,"black"
2.82295138518797e-07,0.333333333333333,0.518945173829957,0.13375994063893,0.882855089277776,"black"
2.82295138518797e-07,0.666666666666667,0.518945173829957,0.13375994063893,0.882855089277776,"black"
2.82295138518797e-07,0.333333333333333,0.518945173829957,0.13375994063893,0.882855089277776,"black"
2.82295138518797e-07,0.666666666666667,0.518945173829957,0.13375994063893,0.882855089277776,"black"
2.82295138518797e-07,0.666666666666667,0.518945173829957,0.13375994063893,0.882855089277776,"black"
2.82295138518797e-07,0.333333333333333,0.518945173829957,0.13375994063893,0.882855089277776,"black"
2.82295138518797e-07,1,0.518945173829957,0.13375994063893,0.882855089277776,"#e06a5d"
2.82295138518797e-07,0.333333333333333,0.518945173829957,0.13375994063893,0.882855089277776,"black"
2.82295138518797e-07,0.666666666666667,0.518945173829957,0.13375994063893,0.882855089277776,"black"
2.82295138518797e-07,0.666666666666667,0.518945173829957,0.13375994063893,0.882855089277776,"black"
2.82295138518797e-07,0.333333333333333,0.518945173829957,0.13375994063893,0.882855089277776,"black"
2.82295138518797e-07,0.666666666666667,0.518945173829957,0.13375994063893,0.882855089277776,"black"
2.82295138518797e-07,0.333333333333333,0.518945173829957,0.13375994063893,0.882855089277776,"black"
2.82295138518797e-07,0.666666666666667,0.518945173829957,0.13375994063893,0.882855089277776,"black"
2.82295138518797e-07,0.333333333333333,0.518945173829957,0.13375994063893,0.882855089277776,"black"
2.82295138518797e-07,0.666666666666667,0.518945173829957,0.13375994063893,0.882855089277776,"black"
2.82295138518797e-07,0.333333333333333,0.518945173829957,0.13375994063893,0.882855089277776,"black"
2.82295138518797e-07,0.666666666666667,0.518945173829957,0.13375994063893,0.882855089277776,"black"
2.82295138518797e-07,0.666666666666667,0.518945173829957,0.13375994063893,0.882855089277776,"black"
2.82295138518797e-07,0.666666666666667,0.518945173829957,0.13375994063893,0.882855089277776,"black"
2.82295138518797e-07,0.666666666666667,0.518945173829957,0.13375994063893,0.882855089277776,"black"
2.82295138518797e-07,0.666666666666667,0.518945173829957,0.13375994063893,0.882855089277776,"black"
2.82295138518797e-07,0.666666666666667,0.518945173829957,0.13375994063893,0.882855089277776,"black"
2.82295138518797e-07,0.333333333333333,0.518945173829957,0.13375994063893,0.882855089277776,"black"
2.82295138518797e-07,0.666666666666667,0.518945173829957,0.13375994063893,0.882855089277776,"black"
2.82295138518797e-07,1,0.518945173829957,0.13375994063893,0.882855089277776,"#e06a5d"
2.82295138518797e-07,0.666666666666667,0.518945173829957,0.13375994063893,0.882855089277776,"black"
2.82295138518797e-07,1,0.518945173829957,0.13375994063893,0.882855089277776,"#e06a5d"
2.82295138518797e-07,0.666666666666667,0.518945173829957,0.13375994063893,0.882855089277776,"black"
2.82295138518797e-07,0.333333333333333,0.518945173829957,0.13375994063893,0.882855089277776,"black"
2.82295138518797e-07,0.333333333333333,0.518945173829957,0.13375994063893,0.882855089277776,"black"
2.82295138518797e-07,0.666666666666667,0.518945173829957,0.13375994063893,0.882855089277776,"black"
2.82295138518797e-07,0.666666666666667,0.518945173829957,0.13375994063893,0.882855089277776,"black"
2.82295138518797e-07,0.666666666666667,0.518945173829957,0.13375994063893,0.882855089277776,"black"
2.82295138518797e-07,0.333333333333333,0.518945173829957,0.13375994063893,0.882855089277776,"black"
2.82295138518797e-07,0.666666666666667,0.518945173829957,0.13375994063893,0.882855089277776,"black"
2.82295138518797e-07,0.666666666666667,0.518945173829957,0.13375994063893,0.882855089277776,"black"
2.82295138518797e-07,0.666666666666667,0.518945173829957,0.13375994063893,0.882855089277776,"black"
2.82295138518797e-07,0.333333333333333,0.518945173829957,0.13375994063893,0.882855089277776,"black"
2.82295138518797e-07,0.666666666666667,0.518945173829957,0.13375994063893,0.882855089277776,"black"
2.82295138518797e-07,0.666666666666667,0.518945173829957,0.13375994063893,0.882855089277776,"black"
2.82295138518797e-07,0.666666666666667,0.518945173829957,0.13375994063893,0.882855089277776,"black"
2.82295138518797e-07,0.333333333333333,0.518945173829957,0.13375994063893,0.882855089277776,"black"
2.82295138518797e-07,0.666666666666667,0.518945173829957,0.13375994063893,0.882855089277776,"black"
2.82295138518797e-07,0.666666666666667,0.518945173829957,0.13375994063893,0.882855089277776,"black"
2.82295138518797e-07,0.666666666666667,0.518945173829957,0.13375994063893,0.882855089277776,"black"
2.82295138518797e-07,0.333333333333333,0.518945173829957,0.13375994063893,0.882855089277776,"black"
2.82295138518797e-07,0.666666666666667,0.518945173829957,0.13375994063893,0.882855089277776,"black"
2.82295138518797e-07,0.333333333333333,0.518945173829957,0.13375994063893,0.882855089277776,"black"
2.82295138518797e-07,0.333333333333333,0.518945173829957,0.13375994063893,0.882855089277776,"black"
2.82295138518797e-07,0.333333333333333,0.518945173829957,0.13375994063893,0.882855089277776,"black"
2.82295138518797e-07,0.666666666666667,0.518945173829957,0.13375994063893,0.882855089277776,"black"
2.82295138518797e-07,0.333333333333333,0.518945173829957,0.13375994063893,0.882855089277776,"black"
2.82295138518797e-07,0.333333333333333,0.518945173829957,0.13375994063893,0.882855089277776,"black"
2.82295138518797e-07,0.666666666666667,0.518945173829957,0.13375994063893,0.882855089277776,"black"
2.82295138518797e-07,1,0.518945173829957,0.13375994063893,0.882855089277776,"#e06a5d"
2.82295138518797e-07,0.666666666666667,0.518945173829957,0.13375994063893,0.882855089277776,"black"
2.82295138518797e-07,0.666666666666667,0.518945173829957,0.13375994063893,0.882855089277776,"black"
2.82295138518797e-07,0.666666666666667,0.518945173829957,0.13375994063893,0.882855089277776,"black"
2.82295138518797e-07,0.666666666666667,0.518945173829957,0.13375994063893,0.882855089277776,"black"
2.82295138518797e-07,0.666666666666667,0.518945173829957,0.13375994063893,0.882855089277776,"black"
2.82295138518797e-07,0.333333333333333,0.518945173829957,0.13375994063893,0.882855089277776,"black"
2.82295138518797e-07,0.666666666666667,0.518945173829957,0.13375994063893,0.882855089277776,"black"
2.82295138518797e-07,0.333333333333333,0.518945173829957,0.13375994063893,0.882855089277776,"black"
2.82295138518797e-07,0.666666666666667,0.518945173829957,0.13375994063893,0.882855089277776,"black"
2.82295138518797e-07,0.333333333333333,0.518945173829957,0.13375994063893,0.882855089277776,"black"
2.82295138518797e-07,0.333333333333333,0.518945173829957,0.13375994063893,0.882855089277776,"black"
2.82295138518797e-07,0.333333333333333,0.518945173829957,0.13375994063893,0.882855089277776,"black"
2.82295138518797e-07,0.666666666666667,0.518945173829957,0.13375994063893,0.882855089277776,"black"
2.82295138518797e-07,0.333333333333333,0.518945173829957,0.13375994063893,0.882855089277776,"black"
2.82295138518797e-07,0.333333333333333,0.518945173829957,0.13375994063893,0.882855089277776,"black"
2.82295138518797e-07,0.333333333333333,0.518945173829957,0.13375994063893,0.882855089277776,"black"
2.82295138518797e-07,1,0.518945173829957,0.13375994063893,0.882855089277776,"#e06a5d"
2.82295138518797e-07,0.666666666666667,0.518945173829957,0.13375994063893,0.882855089277776,"black"
2.82295138518797e-07,0.666666666666667,0.518945173829957,0.13375994063893,0.882855089277776,"black"
2.82295138518797e-07,0.333333333333333,0.518945173829957,0.13375994063893,0.882855089277776,"black"
2.82295138518797e-07,0.333333333333333,0.518945173829957,0.13375994063893,0.882855089277776,"black"
2.82295138518797e-07,0.666666666666667,0.518945173829957,0.13375994063893,0.882855089277776,"black"
2.82295138518797e-07,0.666666666666667,0.518945173829957,0.13375994063893,0.882855089277776,"black"
2.82295138518797e-07,0.666666666666667,0.518945173829957,0.13375994063893,0.882855089277776,"black"
2.82295138518797e-07,0.333333333333333,0.518945173829957,0.13375994063893,0.882855089277776,"black"
2.82295138518797e-07,0.666666666666667,0.518945173829957,0.13375994063893,0.882855089277776,"black"
2.82295138518797e-07,0.666666666666667,0.518945173829957,0.13375994063893,0.882855089277776,"black"
2.82295138518797e-07,0.666666666666667,0.518945173829957,0.13375994063893,0.882855089277776,"black"
2.82295138518797e-07,0.666666666666667,0.518945173829957,0.13375994063893,0.882855089277776,"black"
2.82295138518797e-07,0.333333333333333,0.518945173829957,0.13375994063893,0.882855089277776,"black"
2.82295138518797e-07,0.666666666666667,0.518945173829957,0.13375994063893,0.882855089277776,"black"
2.82295138518797e-07,0.666666666666667,0.518945173829957,0.13375994063893,0.882855089277776,"black"
2.82295138518797e-07,0.666666666666667,0.518945173829957,0.13375994063893,0.882855089277776,"black"
2.82295138518797e-07,0.666666666666667,0.518945173829957,0.13375994063893,0.882855089277776,"black"
2.82295138518797e-07,0.666666666666667,0.518945173829957,0.13375994063893,0.882855089277776,"black"
2.82295138518797e-07,0.666666666666667,0.518945173829957,0.13375994063893,0.882855089277776,"black"
2.82295138518797e-07,1,0.518945173829957,0.13375994063893,0.882855089277776,"#e06a5d"
2.82295138518797e-07,0.666666666666667,0.518945173829957,0.13375994063893,0.882855089277776,"black"
2.82295138518797e-07,0.333333333333333,0.518945173829957,0.13375994063893,0.882855089277776,"black"
2.82295138518797e-07,0.666666666666667,0.518945173829957,0.13375994063893,0.882855089277776,"black"
2.82295138518797e-07,0.666666666666667,0.518945173829957,0.13375994063893,0.882855089277776,"black"
2.82295138518797e-07,0.666666666666667,0.518945173829957,0.13375994063893,0.882855089277776,"black"
2.82295138518797e-07,1,0.518945173829957,0.13375994063893,0.882855089277776,"#e06a5d"
2.82295138518797e-07,0.666666666666667,0.518945173829957,0.13375994063893,0.882855089277776,"black"
2.82295138518797e-07,0.333333333333333,0.518945173829957,0.13375994063893,0.882855089277776,"black"
2.82295138518797e-07,0.666666666666667,0.518945173829957,0.13375994063893,0.882855089277776,"black"
2.82295138518797e-07,0.666666666666667,0.518945173829957,0.13375994063893,0.882855089277776,"black"
2.82295138518797e-07,0.666666666666667,0.518945173829957,0.13375994063893,0.882855089277776,"black"
2.82295138518797e-07,0.666666666666667,0.518945173829957,0.13375994063893,0.882855089277776,"black"
2.82295138518797e-07,0.666666666666667,0.518945173829957,0.13375994063893,0.882855089277776,"black"
2.82295138518797e-07,0.666666666666667,0.518945173829957,0.13375994063893,0.882855089277776,"black"
2.82295138518797e-07,0.333333333333333,0.518945173829957,0.13375994063893,0.882855089277776,"black"
2.82295138518797e-07,0.666666666666667,0.518945173829957,0.13375994063893,0.882855089277776,"black"
2.82295138518797e-07,0.333333333333333,0.518945173829957,0.13375994063893,0.882855089277776,"black"
2.82295138518797e-07,0.333333333333333,0.518945173829957,0.13375994063893,0.882855089277776,"black"
2.82295138518797e-07,0.333333333333333,0.518945173829957,0.13375994063893,0.882855089277776,"black"
2.82295138518797e-07,0.666666666666667,0.518945173829957,0.13375994063893,0.882855089277776,"black"
2.82295138518797e-07,0.333333333333333,0.518945173829957,0.13375994063893,0.882855089277776,"black"
2.82295138518797e-07,0.666666666666667,0.518945173829957,0.13375994063893,0.882855089277776,"black"
2.82295138518797e-07,0.333333333333333,0.518945173829957,0.13375994063893,0.882855089277776,"black"
2.82295138518797e-07,0.666666666666667,0.518945173829957,0.13375994063893,0.882855089277776,"black"
2.82295138518797e-07,0.333333333333333,0.518945173829957,0.13375994063893,0.882855089277776,"black"
2.82295138518797e-07,0.333333333333333,0.518945173829957,0.13375994063893,0.882855089277776,"black"
2.82295138518797e-07,0.333333333333333,0.518945173829957,0.13375994063893,0.882855089277776,"black"
2.82295138518797e-07,0.666666666666667,0.518945173829957,0.13375994063893,0.882855089277776,"black"
2.82295138518797e-07,1,0.518945173829957,0.13375994063893,0.882855089277776,"#e06a5d"
2.82295138518797e-07,0.666666666666667,0.518945173829957,0.13375994063893,0.882855089277776,"black"
2.82295138518797e-07,0.666666666666667,0.518945173829957,0.13375994063893,0.882855089277776,"black"
2.82295138518797e-07,0.666666666666667,0.518945173829957,0.13375994063893,0.882855089277776,"black"
2.82295138518797e-07,0.666666666666667,0.518945173829957,0.13375994063893,0.882855089277776,"black"
2.82295138518797e-07,0.666666666666667,0.518945173829957,0.13375994063893,0.882855089277776,"black"
2.82295138518797e-07,0.333333333333333,0.518945173829957,0.13375994063893,0.882855089277776,"black"
2.82295138518797e-07,0.333333333333333,0.518945173829957,0.13375994063893,0.882855089277776,"black"
2.82295138518797e-07,0.333333333333333,0.518945173829957,0.13375994063893,0.882855089277776,"black"
2.82295138518797e-07,0.666666666666667,0.518945173829957,0.13375994063893,0.882855089277776,"black"
2.82295138518797e-07,0.666666666666667,0.518945173829957,0.13375994063893,0.882855089277776,"black"
2.82295138518797e-07,0.666666666666667,0.518945173829957,0.13375994063893,0.882855089277776,"black"
2.82295138518797e-07,0.666666666666667,0.518945173829957,0.13375994063893,0.882855089277776,"black"
2.82295138518797e-07,0.666666666666667,0.518945173829957,0.13375994063893,0.882855089277776,"black"
2.82295138518797e-07,0.666666666666667,0.518945173829957,0.13375994063893,0.882855089277776,"black"
2.82295138518797e-07,0.666666666666667,0.518945173829957,0.13375994063893,0.882855089277776,"black"
2.82295138518797e-07,0.333333333333333,0.518945173829957,0.13375994063893,0.882855089277776,"black"
2.82295138518797e-07,0.333333333333333,0.518945173829957,0.13375994063893,0.882855089277776,"black"
2.82295138518797e-07,0.333333333333333,0.518945173829957,0.13375994063893,0.882855089277776,"black"
2.82295138518797e-07,0.666666666666667,0.518945173829957,0.13375994063893,0.882855089277776,"black"
2.82295138518797e-07,1,0.518945173829957,0.13375994063893,0.882855089277776,"#e06a5d"
2.82295138518797e-07,0.333333333333333,0.518945173829957,0.13375994063893,0.882855089277776,"black"
2.82295138518797e-07,0.666666666666667,0.518945173829957,0.13375994063893,0.882855089277776,"black"
2.82295138518797e-07,0.666666666666667,0.518945173829957,0.13375994063893,0.882855089277776,"black"
2.82295138518797e-07,0.333333333333333,0.518945173829957,0.13375994063893,0.882855089277776,"black"
2.82295138518797e-07,0.666666666666667,0.518945173829957,0.13375994063893,0.882855089277776,"black"
2.82295138518797e-07,0.666666666666667,0.518945173829957,0.13375994063893,0.882855089277776,"black"
2.82295138518797e-07,0.666666666666667,0.518945173829957,0.13375994063893,0.882855089277776,"black"
2.82295138518797e-07,0.333333333333333,0.518945173829957,0.13375994063893,0.882855089277776,"black"
2.82295138518797e-07,0.333333333333333,0.518945173829957,0.13375994063893,0.882855089277776,"black"
2.82295138518797e-07,0.333333333333333,0.518945173829957,0.13375994063893,0.882855089277776,"black"
2.82295138518797e-07,0.333333333333333,0.518945173829957,0.13375994063893,0.882855089277776,"black"
2.82295138518797e-07,1,0.518945173829957,0.13375994063893,0.882855089277776,"#e06a5d"
2.82295138518797e-07,0.666666666666667,0.518945173829957,0.13375994063893,0.882855089277776,"black"
2.82295138518797e-07,0.333333333333333,0.518945173829957,0.13375994063893,0.882855089277776,"black"
2.82295138518797e-07,0.333333333333333,0.518945173829957,0.13375994063893,0.882855089277776,"black"
2.82295138518797e-07,0.666666666666667,0.518945173829957,0.13375994063893,0.882855089277776,"black"
2.82295138518797e-07,0.666666666666667,0.518945173829957,0.13375994063893,0.882855089277776,"black"
2.82295138518797e-07,0.333333333333333,0.518945173829957,0.13375994063893,0.882855089277776,"black"
2.82295138518797e-07,0.666666666666667,0.518945173829957,0.13375994063893,0.882855089277776,"black"
2.82295138518797e-07,0.666666666666667,0.518945173829957,0.13375994063893,0.882855089277776,"black"
2.82295138518797e-07,0.666666666666667,0.518945173829957,0.13375994063893,0.882855089277776,"black"
2.82295138518797e-07,0.333333333333333,0.518945173829957,0.13375994063893,0.882855089277776,"black"
2.82295138518797e-07,1,0.518945173829957,0.13375994063893,0.882855089277776,"#e06a5d"
2.82295138518797e-07,0.666666666666667,0.518945173829957,0.13375994063893,0.882855089277776,"black"
2.82295138518797e-07,0.666666666666667,0.518945173829957,0.13375994063893,0.882855089277776,"black"
2.82295138518797e-07,0.666666666666667,0.518945173829957,0.13375994063893,0.882855089277776,"black"
2.82295138518797e-07,0.666666666666667,0.518945173829957,0.13375994063893,0.882855089277776,"black"
2.82295138518797e-07,0.666666666666667,0.518945173829957,0.13375994063893,0.882855089277776,"black"
2.82295138518797e-07,0.333333333333333,0.518945173829957,0.13375994063893,0.882855089277776,"black"
2.82295138518797e-07,0.333333333333333,0.518945173829957,0.13375994063893,0.882855089277776,"black"
2.82295138518797e-07,0.666666666666667,0.518945173829957,0.13375994063893,0.882855089277776,"black"
2.82295138518797e-07,0.333333333333333,0.518945173829957,0.13375994063893,0.882855089277776,"black"
2.82295138518797e-07,0.666666666666667,0.518945173829957,0.13375994063893,0.882855089277776,"black"
2.82295138518797e-07,0.666666666666667,0.518945173829957,0.13375994063893,0.882855089277776,"black"
2.82295138518797e-07,0.666666666666667,0.518945173829957,0.13375994063893,0.882855089277776,"black"
2.82295138518797e-07,0.666666666666667,0.518945173829957,0.13375994063893,0.882855089277776,"black"
2.82295138518797e-07,0.666666666666667,0.518945173829957,0.13375994063893,0.882855089277776,"black"
2.82295138518797e-07,0.666666666666667,0.518945173829957,0.13375994063893,0.882855089277776,"black"
2.82295138518797e-07,0.666666666666667,0.518945173829957,0.13375994063893,0.882855089277776,"black"
2.82295138518797e-07,0.333333333333333,0.518945173829957,0.13375994063893,0.882855089277776,"black"
2.82295138518797e-07,0.333333333333333,0.518945173829957,0.13375994063893,0.882855089277776,"black"
2.82295138518797e-07,0.333333333333333,0.518945173829957,0.13375994063893,0.882855089277776,"black"
2.82295138518797e-07,0.333333333333333,0.518945173829957,0.13375994063893,0.882855089277776,"black"
2.82295138518797e-07,0.666666666666667,0.518945173829957,0.13375994063893,0.882855089277776,"black"
2.82295138518797e-07,0.666666666666667,0.518945173829957,0.13375994063893,0.882855089277776,"black"
2.82295138518797e-07,0.666666666666667,0.518945173829957,0.13375994063893,0.882855089277776,"black"
2.82295138518797e-07,0.666666666666667,0.518945173829957,0.13375994063893,0.882855089277776,"black"
2.82295138518797e-07,0.333333333333333,0.518945173829957,0.13375994063893,0.882855089277776,"black"
2.82295138518797e-07,0.666666666666667,0.518945173829957,0.13375994063893,0.882855089277776,"black"
2.82295138518797e-07,0.333333333333333,0.518945173829957,0.13375994063893,0.882855089277776,"black"
2.82295138518797e-07,0.666666666666667,0.518945173829957,0.13375994063893,0.882855089277776,"black"
2.82295138518797e-07,0.666666666666667,0.518945173829957,0.13375994063893,0.882855089277776,"black"
2.82295138518797e-07,0.666666666666667,0.518945173829957,0.13375994063893,0.882855089277776,"black"
2.82295138518797e-07,0.333333333333333,0.518945173829957,0.13375994063893,0.882855089277776,"black"
2.82295138518797e-07,0.333333333333333,0.518945173829957,0.13375994063893,0.882855089277776,"black"
2.82295138518797e-07,0.333333333333333,0.518945173829957,0.13375994063893,0.882855089277776,"black"
2.82295138518797e-07,0.666666666666667,0.518945173829957,0.13375994063893,0.882855089277776,"black"
2.82295138518797e-07,0.333333333333333,0.518945173829957,0.13375994063893,0.882855089277776,"black"
2.82295138518797e-07,0.333333333333333,0.518945173829957,0.13375994063893,0.882855089277776,"black"
2.82295138518797e-07,0.666666666666667,0.518945173829957,0.13375994063893,0.882855089277776,"black"
2.82295138518797e-07,0.333333333333333,0.518945173829957,0.13375994063893,0.882855089277776,"black"
2.82295138518797e-07,0.333333333333333,0.518945173829957,0.13375994063893,0.882855089277776,"black"
2.82295138518797e-07,0.333333333333333,0.518945173829957,0.13375994063893,0.882855089277776,"black"
2.82295138518797e-07,0.333333333333333,0.518945173829957,0.13375994063893,0.882855089277776,"black"
2.82295138518797e-07,0.333333333333333,0.518945173829957,0.13375994063893,0.882855089277776,"black"
2.82295138518797e-07,0.333333333333333,0.518945173829957,0.13375994063893,0.882855089277776,"black"
2.82295138518797e-07,0.666666666666667,0.518945173829957,0.13375994063893,0.882855089277776,"black"
2.82295138518797e-07,0.333333333333333,0.518945173829957,0.13375994063893,0.882855089277776,"black"
2.82295138518797e-07,0.333333333333333,0.518945173829957,0.13375994063893,0.882855089277776,"black"
2.82295138518797e-07,0.666666666666667,0.518945173829957,0.13375994063893,0.882855089277776,"black"
2.82295138518797e-07,0.666666666666667,0.518945173829957,0.13375994063893,0.882855089277776,"black"
2.82295138518797e-07,0.666666666666667,0.518945173829957,0.13375994063893,0.882855089277776,"black"
2.82295138518797e-07,0.333333333333333,0.518945173829957,0.13375994063893,0.882855089277776,"black"
2.82295138518797e-07,0.333333333333333,0.518945173829957,0.13375994063893,0.882855089277776,"black"
2.82295138518797e-07,0.333333333333333,0.518945173829957,0.13375994063893,0.882855089277776,"black"
2.82295138518797e-07,0.333333333333333,0.518945173829957,0.13375994063893,0.882855089277776,"black"
2.82295138518797e-07,0.666666666666667,0.518945173829957,0.13375994063893,0.882855089277776,"black"
2.82295138518797e-07,0.666666666666667,0.518945173829957,0.13375994063893,0.882855089277776,"black"
2.82295138518797e-07,0.333333333333333,0.518945173829957,0.13375994063893,0.882855089277776,"black"
2.82295138518797e-07,0.333333333333333,0.518945173829957,0.13375994063893,0.882855089277776,"black"
2.82295138518797e-07,0.333333333333333,0.518945173829957,0.13375994063893,0.882855089277776,"black"
2.82295138518797e-07,0.666666666666667,0.518945173829957,0.13375994063893,0.882855089277776,"black"
2.82295138518797e-07,0.666666666666667,0.518945173829957,0.13375994063893,0.882855089277776,"black"
2.82295138518797e-07,0.666666666666667,0.518945173829957,0.13375994063893,0.882855089277776,"black"
2.82295138518797e-07,0.333333333333333,0.518945173829957,0.13375994063893,0.882855089277776,"black"
2.82295138518797e-07,0.333333333333333,0.518945173829957,0.13375994063893,0.882855089277776,"black"
2.82295138518797e-07,0.666666666666667,0.518945173829957,0.13375994063893,0.882855089277776,"black"
2.82295138518797e-07,0.333333333333333,0.518945173829957,0.13375994063893,0.882855089277776,"black"
2.82295138518797e-07,0.333333333333333,0.518945173829957,0.13375994063893,0.882855089277776,"black"
2.82295138518797e-07,0.666666666666667,0.518945173829957,0.13375994063893,0.882855089277776,"black"
2.82295138518797e-07,0.333333333333333,0.518945173829957,0.13375994063893,0.882855089277776,"black"
2.82295138518797e-07,0.666666666666667,0.518945173829957,0.13375994063893,0.882855089277776,"black"
2.82295138518797e-07,0.666666666666667,0.518945173829957,0.13375994063893,0.882855089277776,"black"
2.82295138518797e-07,0.666666666666667,0.518945173829957,0.13375994063893,0.882855089277776,"black"
2.82295138518797e-07,0.333333333333333,0.518945173829957,0.13375994063893,0.882855089277776,"black"
2.82295138518797e-07,0.666666666666667,0.518945173829957,0.13375994063893,0.882855089277776,"black"
2.82295138518797e-07,0.333333333333333,0.518945173829957,0.13375994063893,0.882855089277776,"black"
2.82295138518797e-07,0.333333333333333,0.518945173829957,0.13375994063893,0.882855089277776,"black"
2.82295138518797e-07,0.666666666666667,0.518945173829957,0.13375994063893,0.882855089277776,"black"
2.82295138518797e-07,0.333333333333333,0.518945173829957,0.13375994063893,0.882855089277776,"black"
2.82295138518797e-07,0.333333333333333,0.518945173829957,0.13375994063893,0.882855089277776,"black"
2.82295138518797e-07,0.666666666666667,0.518945173829957,0.13375994063893,0.882855089277776,"black"
2.82295138518797e-07,0.666666666666667,0.518945173829957,0.13375994063893,0.882855089277776,"black"
2.82295138518797e-07,0.333333333333333,0.518945173829957,0.13375994063893,0.882855089277776,"black"
2.82295138518797e-07,0.333333333333333,0.518945173829957,0.13375994063893,0.882855089277776,"black"
2.82295138518797e-07,0.333333333333333,0.518945173829957,0.13375994063893,0.882855089277776,"black"
2.82295138518797e-07,0.333333333333333,0.518945173829957,0.13375994063893,0.882855089277776,"black"
2.82295138518797e-07,0.666666666666667,0.518945173829957,0.13375994063893,0.882855089277776,"black"
3.22623015450053e-07,0.666666666666667,0.575143753803477,0.160145224345326,0.90575629383046,"black"
3.22623015450053e-07,0.666666666666667,0.575143753803477,0.160145224345326,0.90575629383046,"black"
3.22623015450053e-07,1,0.575143753803477,0.160145224345326,0.90575629383046,"#e06a5d"
3.22623015450053e-07,0.666666666666667,0.575143753803477,0.160145224345326,0.90575629383046,"black"
3.22623015450053e-07,0.666666666666667,0.575143753803477,0.160145224345326,0.90575629383046,"black"
3.22623015450053e-07,0.666666666666667,0.575143753803477,0.160145224345326,0.90575629383046,"black"
3.22623015450053e-07,0.666666666666667,0.575143753803477,0.160145224345326,0.90575629383046,"black"
3.22623015450053e-07,0.666666666666667,0.575143753803477,0.160145224345326,0.90575629383046,"black"
3.22623015450053e-07,0.333333333333333,0.575143753803477,0.160145224345326,0.90575629383046,"black"
3.22623015450053e-07,0.333333333333333,0.575143753803477,0.160145224345326,0.90575629383046,"black"
3.22623015450053e-07,0.666666666666667,0.575143753803477,0.160145224345326,0.90575629383046,"black"
3.22623015450053e-07,0.666666666666667,0.575143753803477,0.160145224345326,0.90575629383046,"black"
3.22623015450053e-07,0.666666666666667,0.575143753803477,0.160145224345326,0.90575629383046,"black"
3.22623015450053e-07,0.666666666666667,0.575143753803477,0.160145224345326,0.90575629383046,"black"
3.22623015450053e-07,0.666666666666667,0.575143753803477,0.160145224345326,0.90575629383046,"black"
3.22623015450053e-07,0.666666666666667,0.575143753803477,0.160145224345326,0.90575629383046,"black"
3.22623015450053e-07,0.666666666666667,0.575143753803477,0.160145224345326,0.90575629383046,"black"
3.22623015450053e-07,0.666666666666667,0.575143753803477,0.160145224345326,0.90575629383046,"black"
3.22623015450053e-07,0.333333333333333,0.575143753803477,0.160145224345326,0.90575629383046,"black"
3.22623015450053e-07,0.666666666666667,0.575143753803477,0.160145224345326,0.90575629383046,"black"
3.22623015450053e-07,0.666666666666667,0.575143753803477,0.160145224345326,0.90575629383046,"black"
3.22623015450053e-07,0.666666666666667,0.575143753803477,0.160145224345326,0.90575629383046,"black"
3.22623015450053e-07,0.666666666666667,0.575143753803477,0.160145224345326,0.90575629383046,"black"
3.22623015450053e-07,0.666666666666667,0.575143753803477,0.160145224345326,0.90575629383046,"black"
3.22623015450053e-07,0.666666666666667,0.575143753803477,0.160145224345326,0.90575629383046,"black"
3.22623015450053e-07,0.333333333333333,0.575143753803477,0.160145224345326,0.90575629383046,"black"
3.22623015450053e-07,0.666666666666667,0.575143753803477,0.160145224345326,0.90575629383046,"black"
3.22623015450053e-07,1,0.575143753803477,0.160145224345326,0.90575629383046,"#e06a5d"
3.22623015450053e-07,0.666666666666667,0.575143753803477,0.160145224345326,0.90575629383046,"black"
3.22623015450053e-07,0.666666666666667,0.575143753803477,0.160145224345326,0.90575629383046,"black"
3.22623015450053e-07,0.666666666666667,0.575143753803477,0.160145224345326,0.90575629383046,"black"
3.22623015450053e-07,0.666666666666667,0.575143753803477,0.160145224345326,0.90575629383046,"black"
3.22623015450053e-07,0.666666666666667,0.575143753803477,0.160145224345326,0.90575629383046,"black"
3.22623015450053e-07,0.333333333333333,0.575143753803477,0.160145224345326,0.90575629383046,"black"
3.22623015450053e-07,0.666666666666667,0.575143753803477,0.160145224345326,0.90575629383046,"black"
3.22623015450053e-07,0.666666666666667,0.575143753803477,0.160145224345326,0.90575629383046,"black"
3.22623015450053e-07,1,0.575143753803477,0.160145224345326,0.90575629383046,"#e06a5d"
3.22623015450053e-07,0.333333333333333,0.575143753803477,0.160145224345326,0.90575629383046,"black"
3.22623015450053e-07,0.666666666666667,0.575143753803477,0.160145224345326,0.90575629383046,"black"
3.22623015450053e-07,0.666666666666667,0.575143753803477,0.160145224345326,0.90575629383046,"black"
3.22623015450053e-07,0.333333333333333,0.575143753803477,0.160145224345326,0.90575629383046,"black"
3.22623015450053e-07,0.666666666666667,0.575143753803477,0.160145224345326,0.90575629383046,"black"
3.22623015450053e-07,1,0.575143753803477,0.160145224345326,0.90575629383046,"#e06a5d"
3.22623015450053e-07,0.666666666666667,0.575143753803477,0.160145224345326,0.90575629383046,"black"
3.22623015450053e-07,0.666666666666667,0.575143753803477,0.160145224345326,0.90575629383046,"black"
3.22623015450053e-07,0.666666666666667,0.575143753803477,0.160145224345326,0.90575629383046,"black"
3.22623015450053e-07,0.333333333333333,0.575143753803477,0.160145224345326,0.90575629383046,"black"
3.22623015450053e-07,0.333333333333333,0.575143753803477,0.160145224345326,0.90575629383046,"black"
3.22623015450053e-07,0.666666666666667,0.575143753803477,0.160145224345326,0.90575629383046,"black"
3.22623015450053e-07,0.666666666666667,0.575143753803477,0.160145224345326,0.90575629383046,"black"
3.22623015450053e-07,0.666666666666667,0.575143753803477,0.160145224345326,0.90575629383046,"black"
3.22623015450053e-07,0.333333333333333,0.575143753803477,0.160145224345326,0.90575629383046,"black"
3.22623015450053e-07,0.666666666666667,0.575143753803477,0.160145224345326,0.90575629383046,"black"
3.22623015450053e-07,0.666666666666667,0.575143753803477,0.160145224345326,0.90575629383046,"black"
3.22623015450053e-07,1,0.575143753803477,0.160145224345326,0.90575629383046,"#e06a5d"
3.22623015450053e-07,0.333333333333333,0.575143753803477,0.160145224345326,0.90575629383046,"black"
3.22623015450053e-07,0.333333333333333,0.575143753803477,0.160145224345326,0.90575629383046,"black"
3.22623015450053e-07,0.333333333333333,0.575143753803477,0.160145224345326,0.90575629383046,"black"
3.22623015450053e-07,0.333333333333333,0.575143753803477,0.160145224345326,0.90575629383046,"black"
3.22623015450053e-07,0.333333333333333,0.575143753803477,0.160145224345326,0.90575629383046,"black"
3.22623015450053e-07,0.333333333333333,0.575143753803477,0.160145224345326,0.90575629383046,"black"
3.22623015450053e-07,0.666666666666667,0.575143753803477,0.160145224345326,0.90575629383046,"black"
3.22623015450053e-07,0.666666666666667,0.575143753803477,0.160145224345326,0.90575629383046,"black"
3.22623015450053e-07,0.333333333333333,0.575143753803477,0.160145224345326,0.90575629383046,"black"
3.22623015450053e-07,1,0.575143753803477,0.160145224345326,0.90575629383046,"#e06a5d"
3.22623015450053e-07,0.333333333333333,0.575143753803477,0.160145224345326,0.90575629383046,"black"
3.22623015450053e-07,0.666666666666667,0.575143753803477,0.160145224345326,0.90575629383046,"black"
3.22623015450053e-07,0.333333333333333,0.575143753803477,0.160145224345326,0.90575629383046,"black"
3.22623015450053e-07,0.666666666666667,0.575143753803477,0.160145224345326,0.90575629383046,"black"
3.22623015450053e-07,0.666666666666667,0.575143753803477,0.160145224345326,0.90575629383046,"black"
3.22623015450053e-07,0.666666666666667,0.575143753803477,0.160145224345326,0.90575629383046,"black"
3.22623015450053e-07,0.666666666666667,0.575143753803477,0.160145224345326,0.90575629383046,"black"
3.22623015450053e-07,0.333333333333333,0.575143753803477,0.160145224345326,0.90575629383046,"black"
3.22623015450053e-07,0.666666666666667,0.575143753803477,0.160145224345326,0.90575629383046,"black"
3.22623015450053e-07,0.333333333333333,0.575143753803477,0.160145224345326,0.90575629383046,"black"
3.22623015450053e-07,0.666666666666667,0.575143753803477,0.160145224345326,0.90575629383046,"black"
3.22623015450053e-07,0.666666666666667,0.575143753803477,0.160145224345326,0.90575629383046,"black"
3.22623015450053e-07,0.666666666666667,0.575143753803477,0.160145224345326,0.90575629383046,"black"
3.22623015450053e-07,0.666666666666667,0.575143753803477,0.160145224345326,0.90575629383046,"black"
3.22623015450053e-07,0.666666666666667,0.575143753803477,0.160145224345326,0.90575629383046,"black"
3.22623015450053e-07,0.666666666666667,0.575143753803477,0.160145224345326,0.90575629383046,"black"
3.22623015450053e-07,0.666666666666667,0.575143753803477,0.160145224345326,0.90575629383046,"black"
3.22623015450053e-07,0.333333333333333,0.575143753803477,0.160145224345326,0.90575629383046,"black"
3.22623015450053e-07,0.666666666666667,0.575143753803477,0.160145224345326,0.90575629383046,"black"
3.22623015450053e-07,0.666666666666667,0.575143753803477,0.160145224345326,0.90575629383046,"black"
3.22623015450053e-07,0.666666666666667,0.575143753803477,0.160145224345326,0.90575629383046,"black"
3.22623015450053e-07,0.666666666666667,0.575143753803477,0.160145224345326,0.90575629383046,"black"
3.22623015450053e-07,1,0.575143753803477,0.160145224345326,0.90575629383046,"#e06a5d"
3.22623015450053e-07,0.333333333333333,0.575143753803477,0.160145224345326,0.90575629383046,"black"
3.22623015450053e-07,0.666666666666667,0.575143753803477,0.160145224345326,0.90575629383046,"black"
3.22623015450053e-07,0.666666666666667,0.575143753803477,0.160145224345326,0.90575629383046,"black"
3.22623015450053e-07,0.666666666666667,0.575143753803477,0.160145224345326,0.90575629383046,"black"
3.22623015450053e-07,0.333333333333333,0.575143753803477,0.160145224345326,0.90575629383046,"black"
3.22623015450053e-07,0.666666666666667,0.575143753803477,0.160145224345326,0.90575629383046,"black"
3.22623015450053e-07,0.333333333333333,0.575143753803477,0.160145224345326,0.90575629383046,"black"
3.22623015450053e-07,0.333333333333333,0.575143753803477,0.160145224345326,0.90575629383046,"black"
3.22623015450053e-07,0.333333333333333,0.575143753803477,0.160145224345326,0.90575629383046,"black"
3.22623015450053e-07,0.666666666666667,0.575143753803477,0.160145224345326,0.90575629383046,"black"
3.22623015450053e-07,0.666666666666667,0.575143753803477,0.160145224345326,0.90575629383046,"black"
3.22623015450053e-07,0.666666666666667,0.575143753803477,0.160145224345326,0.90575629383046,"black"
3.22623015450053e-07,0.666666666666667,0.575143753803477,0.160145224345326,0.90575629383046,"black"
3.22623015450053e-07,0.333333333333333,0.575143753803477,0.160145224345326,0.90575629383046,"black"
3.22623015450053e-07,0.666666666666667,0.575143753803477,0.160145224345326,0.90575629383046,"black"
3.22623015450053e-07,0.666666666666667,0.575143753803477,0.160145224345326,0.90575629383046,"black"
3.22623015450053e-07,0.666666666666667,0.575143753803477,0.160145224345326,0.90575629383046,"black"
3.22623015450053e-07,0.666666666666667,0.575143753803477,0.160145224345326,0.90575629383046,"black"
3.22623015450053e-07,0.666666666666667,0.575143753803477,0.160145224345326,0.90575629383046,"black"
3.22623015450053e-07,0.666666666666667,0.575143753803477,0.160145224345326,0.90575629383046,"black"
3.22623015450053e-07,0.666666666666667,0.575143753803477,0.160145224345326,0.90575629383046,"black"
3.22623015450053e-07,0.666666666666667,0.575143753803477,0.160145224345326,0.90575629383046,"black"
3.22623015450053e-07,0.333333333333333,0.575143753803477,0.160145224345326,0.90575629383046,"black"
3.22623015450053e-07,0.666666666666667,0.575143753803477,0.160145224345326,0.90575629383046,"black"
3.22623015450053e-07,0.666666666666667,0.575143753803477,0.160145224345326,0.90575629383046,"black"
3.22623015450053e-07,0.333333333333333,0.575143753803477,0.160145224345326,0.90575629383046,"black"
3.22623015450053e-07,0.666666666666667,0.575143753803477,0.160145224345326,0.90575629383046,"black"
3.22623015450053e-07,0.333333333333333,0.575143753803477,0.160145224345326,0.90575629383046,"black"
3.22623015450053e-07,0.666666666666667,0.575143753803477,0.160145224345326,0.90575629383046,"black"
3.22623015450053e-07,1,0.575143753803477,0.160145224345326,0.90575629383046,"#e06a5d"
3.22623015450053e-07,0.333333333333333,0.575143753803477,0.160145224345326,0.90575629383046,"black"
3.22623015450053e-07,1,0.575143753803477,0.160145224345326,0.90575629383046,"#e06a5d"
3.22623015450053e-07,1,0.575143753803477,0.160145224345326,0.90575629383046,"#e06a5d"
3.22623015450053e-07,1,0.575143753803477,0.160145224345326,0.90575629383046,"#e06a5d"
3.22623015450053e-07,0.333333333333333,0.575143753803477,0.160145224345326,0.90575629383046,"black"
3.22623015450053e-07,0.666666666666667,0.575143753803477,0.160145224345326,0.90575629383046,"black"
3.22623015450053e-07,0.666666666666667,0.575143753803477,0.160145224345326,0.90575629383046,"black"
3.22623015450053e-07,0.666666666666667,0.575143753803477,0.160145224345326,0.90575629383046,"black"
3.22623015450053e-07,0.666666666666667,0.575143753803477,0.160145224345326,0.90575629383046,"black"
3.22623015450053e-07,0.666666666666667,0.575143753803477,0.160145224345326,0.90575629383046,"black"
3.22623015450053e-07,0.666666666666667,0.575143753803477,0.160145224345326,0.90575629383046,"black"
3.22623015450053e-07,0.666666666666667,0.575143753803477,0.160145224345326,0.90575629383046,"black"
3.22623015450053e-07,0.666666666666667,0.575143753803477,0.160145224345326,0.90575629383046,"black"
3.22623015450053e-07,0.666666666666667,0.575143753803477,0.160145224345326,0.90575629383046,"black"
3.22623015450053e-07,0.333333333333333,0.575143753803477,0.160145224345326,0.90575629383046,"black"
3.22623015450053e-07,0.666666666666667,0.575143753803477,0.160145224345326,0.90575629383046,"black"
3.22623015450053e-07,0.666666666666667,0.575143753803477,0.160145224345326,0.90575629383046,"black"
3.22623015450053e-07,0.666666666666667,0.575143753803477,0.160145224345326,0.90575629383046,"black"
3.22623015450053e-07,0.666666666666667,0.575143753803477,0.160145224345326,0.90575629383046,"black"
3.22623015450053e-07,0.333333333333333,0.575143753803477,0.160145224345326,0.90575629383046,"black"
3.22623015450053e-07,0.666666666666667,0.575143753803477,0.160145224345326,0.90575629383046,"black"
3.22623015450053e-07,0.666666666666667,0.575143753803477,0.160145224345326,0.90575629383046,"black"
3.22623015450053e-07,0.666666666666667,0.575143753803477,0.160145224345326,0.90575629383046,"black"
3.22623015450053e-07,0.666666666666667,0.575143753803477,0.160145224345326,0.90575629383046,"black"
3.22623015450053e-07,0.666666666666667,0.575143753803477,0.160145224345326,0.90575629383046,"black"
3.22623015450053e-07,0.666666666666667,0.575143753803477,0.160145224345326,0.90575629383046,"black"
3.22623015450053e-07,0.666666666666667,0.575143753803477,0.160145224345326,0.90575629383046,"black"
3.22623015450053e-07,0.666666666666667,0.575143753803477,0.160145224345326,0.90575629383046,"black"
3.22623015450053e-07,0.666666666666667,0.575143753803477,0.160145224345326,0.90575629383046,"black"
3.22623015450053e-07,0.666666666666667,0.575143753803477,0.160145224345326,0.90575629383046,"black"
3.22623015450053e-07,0.333333333333333,0.575143753803477,0.160145224345326,0.90575629383046,"black"
3.22623015450053e-07,0.666666666666667,0.575143753803477,0.160145224345326,0.90575629383046,"black"
3.22623015450053e-07,0.333333333333333,0.575143753803477,0.160145224345326,0.90575629383046,"black"
3.22623015450053e-07,0.666666666666667,0.575143753803477,0.160145224345326,0.90575629383046,"black"
3.22623015450053e-07,0.333333333333333,0.575143753803477,0.160145224345326,0.90575629383046,"black"
3.22623015450053e-07,0.333333333333333,0.575143753803477,0.160145224345326,0.90575629383046,"black"
3.22623015450053e-07,0.333333333333333,0.575143753803477,0.160145224345326,0.90575629383046,"black"
3.22623015450053e-07,0.333333333333333,0.575143753803477,0.160145224345326,0.90575629383046,"black"
3.22623015450053e-07,0.666666666666667,0.575143753803477,0.160145224345326,0.90575629383046,"black"
3.22623015450053e-07,0.666666666666667,0.575143753803477,0.160145224345326,0.90575629383046,"black"
3.22623015450053e-07,0.333333333333333,0.575143753803477,0.160145224345326,0.90575629383046,"black"
3.22623015450053e-07,0.666666666666667,0.575143753803477,0.160145224345326,0.90575629383046,"black"
3.22623015450053e-07,0.666666666666667,0.575143753803477,0.160145224345326,0.90575629383046,"black"
3.22623015450053e-07,0.666666666666667,0.575143753803477,0.160145224345326,0.90575629383046,"black"
3.22623015450053e-07,0.333333333333333,0.575143753803477,0.160145224345326,0.90575629383046,"black"
3.22623015450053e-07,1,0.575143753803477,0.160145224345326,0.90575629383046,"#e06a5d"
3.22623015450053e-07,0.666666666666667,0.575143753803477,0.160145224345326,0.90575629383046,"black"
3.22623015450053e-07,0.333333333333333,0.575143753803477,0.160145224345326,0.90575629383046,"black"
3.22623015450053e-07,0.666666666666667,0.575143753803477,0.160145224345326,0.90575629383046,"black"
3.22623015450053e-07,0.666666666666667,0.575143753803477,0.160145224345326,0.90575629383046,"black"
3.22623015450053e-07,0.333333333333333,0.575143753803477,0.160145224345326,0.90575629383046,"black"
3.22623015450053e-07,0.333333333333333,0.575143753803477,0.160145224345326,0.90575629383046,"black"
3.22623015450053e-07,0.333333333333333,0.575143753803477,0.160145224345326,0.90575629383046,"black"
3.22623015450053e-07,0.666666666666667,0.575143753803477,0.160145224345326,0.90575629383046,"black"
3.22623015450053e-07,1,0.575143753803477,0.160145224345326,0.90575629383046,"#e06a5d"
3.22623015450053e-07,0.333333333333333,0.575143753803477,0.160145224345326,0.90575629383046,"black"
3.22623015450053e-07,0.666666666666667,0.575143753803477,0.160145224345326,0.90575629383046,"black"
3.22623015450053e-07,0.333333333333333,0.575143753803477,0.160145224345326,0.90575629383046,"black"
3.22623015450053e-07,0.666666666666667,0.575143753803477,0.160145224345326,0.90575629383046,"black"
3.22623015450053e-07,0.333333333333333,0.575143753803477,0.160145224345326,0.90575629383046,"black"
3.22623015450053e-07,0.333333333333333,0.575143753803477,0.160145224345326,0.90575629383046,"black"
3.22623015450053e-07,0.666666666666667,0.575143753803477,0.160145224345326,0.90575629383046,"black"
3.22623015450053e-07,0.666666666666667,0.575143753803477,0.160145224345326,0.90575629383046,"black"
3.22623015450053e-07,0.333333333333333,0.575143753803477,0.160145224345326,0.90575629383046,"black"
3.22623015450053e-07,0.666666666666667,0.575143753803477,0.160145224345326,0.90575629383046,"black"
3.22623015450053e-07,0.333333333333333,0.575143753803477,0.160145224345326,0.90575629383046,"black"
3.22623015450053e-07,0.666666666666667,0.575143753803477,0.160145224345326,0.90575629383046,"black"
3.22623015450053e-07,0.666666666666667,0.575143753803477,0.160145224345326,0.90575629383046,"black"
3.22623015450053e-07,0.666666666666667,0.575143753803477,0.160145224345326,0.90575629383046,"black"
3.22623015450053e-07,0.666666666666667,0.575143753803477,0.160145224345326,0.90575629383046,"black"
3.22623015450053e-07,0.666666666666667,0.575143753803477,0.160145224345326,0.90575629383046,"black"
3.22623015450053e-07,0.333333333333333,0.575143753803477,0.160145224345326,0.90575629383046,"black"
3.22623015450053e-07,0.666666666666667,0.575143753803477,0.160145224345326,0.90575629383046,"black"
3.22623015450053e-07,0.666666666666667,0.575143753803477,0.160145224345326,0.90575629383046,"black"
3.22623015450053e-07,0.666666666666667,0.575143753803477,0.160145224345326,0.90575629383046,"black"
3.22623015450053e-07,0.666666666666667,0.575143753803477,0.160145224345326,0.90575629383046,"black"
3.22623015450053e-07,0.666666666666667,0.575143753803477,0.160145224345326,0.90575629383046,"black"
3.22623015450053e-07,0.666666666666667,0.575143753803477,0.160145224345326,0.90575629383046,"black"
3.22623015450053e-07,0.666666666666667,0.575143753803477,0.160145224345326,0.90575629383046,"black"
3.22623015450053e-07,0.333333333333333,0.575143753803477,0.160145224345326,0.90575629383046,"black"
3.22623015450053e-07,0.666666666666667,0.575143753803477,0.160145224345326,0.90575629383046,"black"
3.22623015450053e-07,0.666666666666667,0.575143753803477,0.160145224345326,0.90575629383046,"black"
3.22623015450053e-07,0.666666666666667,0.575143753803477,0.160145224345326,0.90575629383046,"black"
3.22623015450053e-07,0.666666666666667,0.575143753803477,0.160145224345326,0.90575629383046,"black"
3.22623015450053e-07,1,0.575143753803477,0.160145224345326,0.90575629383046,"#e06a5d"
3.22623015450053e-07,0.666666666666667,0.575143753803477,0.160145224345326,0.90575629383046,"black"
3.22623015450053e-07,0.333333333333333,0.575143753803477,0.160145224345326,0.90575629383046,"black"
3.22623015450053e-07,0.666666666666667,0.575143753803477,0.160145224345326,0.90575629383046,"black"
3.22623015450053e-07,0.333333333333333,0.575143753803477,0.160145224345326,0.90575629383046,"black"
3.22623015450053e-07,0.333333333333333,0.575143753803477,0.160145224345326,0.90575629383046,"black"
3.22623015450053e-07,0.333333333333333,0.575143753803477,0.160145224345326,0.90575629383046,"black"
3.22623015450053e-07,0.666666666666667,0.575143753803477,0.160145224345326,0.90575629383046,"black"
3.22623015450053e-07,0.666666666666667,0.575143753803477,0.160145224345326,0.90575629383046,"black"
3.22623015450053e-07,0.666666666666667,0.575143753803477,0.160145224345326,0.90575629383046,"black"
3.22623015450053e-07,0.666666666666667,0.575143753803477,0.160145224345326,0.90575629383046,"black"
3.22623015450053e-07,0.666666666666667,0.575143753803477,0.160145224345326,0.90575629383046,"black"
3.22623015450053e-07,0.666666666666667,0.575143753803477,0.160145224345326,0.90575629383046,"black"
3.22623015450053e-07,0.333333333333333,0.575143753803477,0.160145224345326,0.90575629383046,"black"
3.6295089238131e-07,0.666666666666667,0.62632458489042,0.186008901071537,0.924778509801985,"black"
3.6295089238131e-07,0.666666666666667,0.62632458489042,0.186008901071537,0.924778509801985,"black"
3.6295089238131e-07,0.666666666666667,0.62632458489042,0.186008901071537,0.924778509801985,"black"
3.6295089238131e-07,0.666666666666667,0.62632458489042,0.186008901071537,0.924778509801985,"black"
3.6295089238131e-07,0.333333333333333,0.62632458489042,0.186008901071537,0.924778509801985,"black"
3.6295089238131e-07,1,0.62632458489042,0.186008901071537,0.924778509801985,"#e06a5d"
3.6295089238131e-07,0.666666666666667,0.62632458489042,0.186008901071537,0.924778509801985,"black"
3.6295089238131e-07,1,0.62632458489042,0.186008901071537,0.924778509801985,"#e06a5d"
3.6295089238131e-07,0.666666666666667,0.62632458489042,0.186008901071537,0.924778509801985,"black"
3.6295089238131e-07,0.666666666666667,0.62632458489042,0.186008901071537,0.924778509801985,"black"
3.6295089238131e-07,0.666666666666667,0.62632458489042,0.186008901071537,0.924778509801985,"black"
3.6295089238131e-07,1,0.62632458489042,0.186008901071537,0.924778509801985,"#e06a5d"
3.6295089238131e-07,1,0.62632458489042,0.186008901071537,0.924778509801985,"#e06a5d"
3.6295089238131e-07,1,0.62632458489042,0.186008901071537,0.924778509801985,"#e06a5d"
3.6295089238131e-07,0.666666666666667,0.62632458489042,0.186008901071537,0.924778509801985,"black"
3.6295089238131e-07,0.333333333333333,0.62632458489042,0.186008901071537,0.924778509801985,"black"
3.6295089238131e-07,0.666666666666667,0.62632458489042,0.186008901071537,0.924778509801985,"black"
3.6295089238131e-07,1,0.62632458489042,0.186008901071537,0.924778509801985,"#e06a5d"
3.6295089238131e-07,1,0.62632458489042,0.186008901071537,0.924778509801985,"#e06a5d"
3.6295089238131e-07,0.666666666666667,0.62632458489042,0.186008901071537,0.924778509801985,"black"
3.6295089238131e-07,0.666666666666667,0.62632458489042,0.186008901071537,0.924778509801985,"black"
3.6295089238131e-07,0.333333333333333,0.62632458489042,0.186008901071537,0.924778509801985,"black"
3.6295089238131e-07,1,0.62632458489042,0.186008901071537,0.924778509801985,"#e06a5d"
3.6295089238131e-07,0.666666666666667,0.62632458489042,0.186008901071537,0.924778509801985,"black"
3.6295089238131e-07,0.666666666666667,0.62632458489042,0.186008901071537,0.924778509801985,"black"
3.6295089238131e-07,0.666666666666667,0.62632458489042,0.186008901071537,0.924778509801985,"black"
3.6295089238131e-07,0.666666666666667,0.62632458489042,0.186008901071537,0.924778509801985,"black"
3.6295089238131e-07,0.666666666666667,0.62632458489042,0.186008901071537,0.924778509801985,"black"
3.6295089238131e-07,0.666666666666667,0.62632458489042,0.186008901071537,0.924778509801985,"black"
3.6295089238131e-07,1,0.62632458489042,0.186008901071537,0.924778509801985,"#e06a5d"
3.6295089238131e-07,0.333333333333333,0.62632458489042,0.186008901071537,0.924778509801985,"black"
3.6295089238131e-07,0.666666666666667,0.62632458489042,0.186008901071537,0.924778509801985,"black"
3.6295089238131e-07,1,0.62632458489042,0.186008901071537,0.924778509801985,"#e06a5d"
3.6295089238131e-07,0.333333333333333,0.62632458489042,0.186008901071537,0.924778509801985,"black"
3.6295089238131e-07,0.666666666666667,0.62632458489042,0.186008901071537,0.924778509801985,"black"
3.6295089238131e-07,0.666666666666667,0.62632458489042,0.186008901071537,0.924778509801985,"black"
3.6295089238131e-07,0.333333333333333,0.62632458489042,0.186008901071537,0.924778509801985,"black"
3.6295089238131e-07,0.666666666666667,0.62632458489042,0.186008901071537,0.924778509801985,"black"
3.6295089238131e-07,0.666666666666667,0.62632458489042,0.186008901071537,0.924778509801985,"black"
3.6295089238131e-07,0.666666666666667,0.62632458489042,0.186008901071537,0.924778509801985,"black"
3.6295089238131e-07,0.666666666666667,0.62632458489042,0.186008901071537,0.924778509801985,"black"
3.6295089238131e-07,0.666666666666667,0.62632458489042,0.186008901071537,0.924778509801985,"black"
3.6295089238131e-07,0.666666666666667,0.62632458489042,0.186008901071537,0.924778509801985,"black"
3.6295089238131e-07,0.666666666666667,0.62632458489042,0.186008901071537,0.924778509801985,"black"
3.6295089238131e-07,1,0.62632458489042,0.186008901071537,0.924778509801985,"#e06a5d"
3.6295089238131e-07,0.666666666666667,0.62632458489042,0.186008901071537,0.924778509801985,"black"
3.6295089238131e-07,0.666666666666667,0.62632458489042,0.186008901071537,0.924778509801985,"black"
3.6295089238131e-07,0.666666666666667,0.62632458489042,0.186008901071537,0.924778509801985,"black"
3.6295089238131e-07,1,0.62632458489042,0.186008901071537,0.924778509801985,"#e06a5d"
3.6295089238131e-07,1,0.62632458489042,0.186008901071537,0.924778509801985,"#e06a5d"
3.6295089238131e-07,0.666666666666667,0.62632458489042,0.186008901071537,0.924778509801985,"black"
3.6295089238131e-07,0.333333333333333,0.62632458489042,0.186008901071537,0.924778509801985,"black"
3.6295089238131e-07,0.666666666666667,0.62632458489042,0.186008901071537,0.924778509801985,"black"
3.6295089238131e-07,0.333333333333333,0.62632458489042,0.186008901071537,0.924778509801985,"black"
3.6295089238131e-07,0.666666666666667,0.62632458489042,0.186008901071537,0.924778509801985,"black"
3.6295089238131e-07,0.333333333333333,0.62632458489042,0.186008901071537,0.924778509801985,"black"
3.6295089238131e-07,0.666666666666667,0.62632458489042,0.186008901071537,0.924778509801985,"black"
3.6295089238131e-07,1,0.62632458489042,0.186008901071537,0.924778509801985,"#e06a5d"
3.6295089238131e-07,0.666666666666667,0.62632458489042,0.186008901071537,0.924778509801985,"black"
3.6295089238131e-07,0.666666666666667,0.62632458489042,0.186008901071537,0.924778509801985,"black"
3.6295089238131e-07,0.666666666666667,0.62632458489042,0.186008901071537,0.924778509801985,"black"
3.6295089238131e-07,0.666666666666667,0.62632458489042,0.186008901071537,0.924778509801985,"black"
3.6295089238131e-07,0.666666666666667,0.62632458489042,0.186008901071537,0.924778509801985,"black"
3.6295089238131e-07,1,0.62632458489042,0.186008901071537,0.924778509801985,"#e06a5d"
3.6295089238131e-07,0.666666666666667,0.62632458489042,0.186008901071537,0.924778509801985,"black"
3.6295089238131e-07,0.666666666666667,0.62632458489042,0.186008901071537,0.924778509801985,"black"
3.6295089238131e-07,1,0.62632458489042,0.186008901071537,0.924778509801985,"#e06a5d"
3.6295089238131e-07,0.666666666666667,0.62632458489042,0.186008901071537,0.924778509801985,"black"
3.6295089238131e-07,0.333333333333333,0.62632458489042,0.186008901071537,0.924778509801985,"black"
3.6295089238131e-07,0.333333333333333,0.62632458489042,0.186008901071537,0.924778509801985,"black"
3.6295089238131e-07,0.666666666666667,0.62632458489042,0.186008901071537,0.924778509801985,"black"
3.6295089238131e-07,0.666666666666667,0.62632458489042,0.186008901071537,0.924778509801985,"black"
3.6295089238131e-07,0.333333333333333,0.62632458489042,0.186008901071537,0.924778509801985,"black"
3.6295089238131e-07,0.666666666666667,0.62632458489042,0.186008901071537,0.924778509801985,"black"
3.6295089238131e-07,0.666666666666667,0.62632458489042,0.186008901071537,0.924778509801985,"black"
3.6295089238131e-07,0.666666666666667,0.62632458489042,0.186008901071537,0.924778509801985,"black"
3.6295089238131e-07,0.333333333333333,0.62632458489042,0.186008901071537,0.924778509801985,"black"
3.6295089238131e-07,0.333333333333333,0.62632458489042,0.186008901071537,0.924778509801985,"black"
3.6295089238131e-07,0.666666666666667,0.62632458489042,0.186008901071537,0.924778509801985,"black"
3.6295089238131e-07,0.666666666666667,0.62632458489042,0.186008901071537,0.924778509801985,"black"
3.6295089238131e-07,1,0.62632458489042,0.186008901071537,0.924778509801985,"#e06a5d"
3.6295089238131e-07,0.666666666666667,0.62632458489042,0.186008901071537,0.924778509801985,"black"
3.6295089238131e-07,0.666666666666667,0.62632458489042,0.186008901071537,0.924778509801985,"black"
3.6295089238131e-07,1,0.62632458489042,0.186008901071537,0.924778509801985,"#e06a5d"
3.6295089238131e-07,0.666666666666667,0.62632458489042,0.186008901071537,0.924778509801985,"black"
3.6295089238131e-07,0.333333333333333,0.62632458489042,0.186008901071537,0.924778509801985,"black"
3.6295089238131e-07,0.666666666666667,0.62632458489042,0.186008901071537,0.924778509801985,"black"
3.6295089238131e-07,0.666666666666667,0.62632458489042,0.186008901071537,0.924778509801985,"black"
3.6295089238131e-07,0.666666666666667,0.62632458489042,0.186008901071537,0.924778509801985,"black"
3.6295089238131e-07,0.666666666666667,0.62632458489042,0.186008901071537,0.924778509801985,"black"
3.6295089238131e-07,0.666666666666667,0.62632458489042,0.186008901071537,0.924778509801985,"black"
3.6295089238131e-07,1,0.62632458489042,0.186008901071537,0.924778509801985,"#e06a5d"
3.6295089238131e-07,0.666666666666667,0.62632458489042,0.186008901071537,0.924778509801985,"black"
3.6295089238131e-07,0.666666666666667,0.62632458489042,0.186008901071537,0.924778509801985,"black"
3.6295089238131e-07,0.333333333333333,0.62632458489042,0.186008901071537,0.924778509801985,"black"
3.6295089238131e-07,0.666666666666667,0.62632458489042,0.186008901071537,0.924778509801985,"black"
3.6295089238131e-07,0.666666666666667,0.62632458489042,0.186008901071537,0.924778509801985,"black"
3.6295089238131e-07,0.666666666666667,0.62632458489042,0.186008901071537,0.924778509801985,"black"
3.6295089238131e-07,0.666666666666667,0.62632458489042,0.186008901071537,0.924778509801985,"black"
3.6295089238131e-07,0.333333333333333,0.62632458489042,0.186008901071537,0.924778509801985,"black"
3.6295089238131e-07,0.333333333333333,0.62632458489042,0.186008901071537,0.924778509801985,"black"
3.6295089238131e-07,0.666666666666667,0.62632458489042,0.186008901071537,0.924778509801985,"black"
3.6295089238131e-07,1,0.62632458489042,0.186008901071537,0.924778509801985,"#e06a5d"
3.6295089238131e-07,0.666666666666667,0.62632458489042,0.186008901071537,0.924778509801985,"black"
3.6295089238131e-07,1,0.62632458489042,0.186008901071537,0.924778509801985,"#e06a5d"
3.6295089238131e-07,0.666666666666667,0.62632458489042,0.186008901071537,0.924778509801985,"black"
3.6295089238131e-07,0.666666666666667,0.62632458489042,0.186008901071537,0.924778509801985,"black"
3.6295089238131e-07,0.666666666666667,0.62632458489042,0.186008901071537,0.924778509801985,"black"
3.6295089238131e-07,1,0.62632458489042,0.186008901071537,0.924778509801985,"#e06a5d"
3.6295089238131e-07,0.666666666666667,0.62632458489042,0.186008901071537,0.924778509801985,"black"
3.6295089238131e-07,0.666666666666667,0.62632458489042,0.186008901071537,0.924778509801985,"black"
3.6295089238131e-07,0.666666666666667,0.62632458489042,0.186008901071537,0.924778509801985,"black"
3.6295089238131e-07,0.666666666666667,0.62632458489042,0.186008901071537,0.924778509801985,"black"
3.6295089238131e-07,0.666666666666667,0.62632458489042,0.186008901071537,0.924778509801985,"black"
3.6295089238131e-07,0.666666666666667,0.62632458489042,0.186008901071537,0.924778509801985,"black"
3.6295089238131e-07,0.666666666666667,0.62632458489042,0.186008901071537,0.924778509801985,"black"
3.6295089238131e-07,0.666666666666667,0.62632458489042,0.186008901071537,0.924778509801985,"black"
3.6295089238131e-07,0.666666666666667,0.62632458489042,0.186008901071537,0.924778509801985,"black"
3.6295089238131e-07,0.333333333333333,0.62632458489042,0.186008901071537,0.924778509801985,"black"
3.6295089238131e-07,0.666666666666667,0.62632458489042,0.186008901071537,0.924778509801985,"black"
3.6295089238131e-07,0.666666666666667,0.62632458489042,0.186008901071537,0.924778509801985,"black"
3.6295089238131e-07,0.333333333333333,0.62632458489042,0.186008901071537,0.924778509801985,"black"
3.6295089238131e-07,1,0.62632458489042,0.186008901071537,0.924778509801985,"#e06a5d"
3.6295089238131e-07,0.666666666666667,0.62632458489042,0.186008901071537,0.924778509801985,"black"
3.6295089238131e-07,0.666666666666667,0.62632458489042,0.186008901071537,0.924778509801985,"black"
3.6295089238131e-07,0.666666666666667,0.62632458489042,0.186008901071537,0.924778509801985,"black"
3.6295089238131e-07,0.666666666666667,0.62632458489042,0.186008901071537,0.924778509801985,"black"
3.6295089238131e-07,0.666666666666667,0.62632458489042,0.186008901071537,0.924778509801985,"black"
3.6295089238131e-07,0.666666666666667,0.62632458489042,0.186008901071537,0.924778509801985,"black"
3.6295089238131e-07,0.666666666666667,0.62632458489042,0.186008901071537,0.924778509801985,"black"
3.6295089238131e-07,0.666666666666667,0.62632458489042,0.186008901071537,0.924778509801985,"black"
3.6295089238131e-07,0.666666666666667,0.62632458489042,0.186008901071537,0.924778509801985,"black"
3.6295089238131e-07,0.333333333333333,0.62632458489042,0.186008901071537,0.924778509801985,"black"
3.6295089238131e-07,0.333333333333333,0.62632458489042,0.186008901071537,0.924778509801985,"black"
3.6295089238131e-07,0.666666666666667,0.62632458489042,0.186008901071537,0.924778509801985,"black"
3.6295089238131e-07,0.666666666666667,0.62632458489042,0.186008901071537,0.924778509801985,"black"
3.6295089238131e-07,1,0.62632458489042,0.186008901071537,0.924778509801985,"#e06a5d"
3.6295089238131e-07,0.666666666666667,0.62632458489042,0.186008901071537,0.924778509801985,"black"
3.6295089238131e-07,0.666666666666667,0.62632458489042,0.186008901071537,0.924778509801985,"black"
3.6295089238131e-07,0.666666666666667,0.62632458489042,0.186008901071537,0.924778509801985,"black"
3.6295089238131e-07,0.333333333333333,0.62632458489042,0.186008901071537,0.924778509801985,"black"
3.6295089238131e-07,0.666666666666667,0.62632458489042,0.186008901071537,0.924778509801985,"black"
3.6295089238131e-07,1,0.62632458489042,0.186008901071537,0.924778509801985,"#e06a5d"
3.6295089238131e-07,0.666666666666667,0.62632458489042,0.186008901071537,0.924778509801985,"black"
3.6295089238131e-07,0.666666666666667,0.62632458489042,0.186008901071537,0.924778509801985,"black"
3.6295089238131e-07,0.666666666666667,0.62632458489042,0.186008901071537,0.924778509801985,"black"
3.6295089238131e-07,0.333333333333333,0.62632458489042,0.186008901071537,0.924778509801985,"black"
3.6295089238131e-07,0.666666666666667,0.62632458489042,0.186008901071537,0.924778509801985,"black"
3.6295089238131e-07,0.666666666666667,0.62632458489042,0.186008901071537,0.924778509801985,"black"
3.6295089238131e-07,1,0.62632458489042,0.186008901071537,0.924778509801985,"#e06a5d"
3.6295089238131e-07,0.666666666666667,0.62632458489042,0.186008901071537,0.924778509801985,"black"
3.6295089238131e-07,0.333333333333333,0.62632458489042,0.186008901071537,0.924778509801985,"black"
3.6295089238131e-07,0.666666666666667,0.62632458489042,0.186008901071537,0.924778509801985,"black"
3.6295089238131e-07,0.666666666666667,0.62632458489042,0.186008901071537,0.924778509801985,"black"
3.6295089238131e-07,0.666666666666667,0.62632458489042,0.186008901071537,0.924778509801985,"black"
3.6295089238131e-07,0.666666666666667,0.62632458489042,0.186008901071537,0.924778509801985,"black"
3.6295089238131e-07,0.666666666666667,0.62632458489042,0.186008901071537,0.924778509801985,"black"
3.6295089238131e-07,0.666666666666667,0.62632458489042,0.186008901071537,0.924778509801985,"black"
3.6295089238131e-07,0.666666666666667,0.62632458489042,0.186008901071537,0.924778509801985,"black"
3.6295089238131e-07,0.333333333333333,0.62632458489042,0.186008901071537,0.924778509801985,"black"
3.6295089238131e-07,0.333333333333333,0.62632458489042,0.186008901071537,0.924778509801985,"black"
3.6295089238131e-07,0.666666666666667,0.62632458489042,0.186008901071537,0.924778509801985,"black"
3.6295089238131e-07,0.666666666666667,0.62632458489042,0.186008901071537,0.924778509801985,"black"
3.6295089238131e-07,0.333333333333333,0.62632458489042,0.186008901071537,0.924778509801985,"black"
3.6295089238131e-07,0.666666666666667,0.62632458489042,0.186008901071537,0.924778509801985,"black"
3.6295089238131e-07,0.666666666666667,0.62632458489042,0.186008901071537,0.924778509801985,"black"
3.6295089238131e-07,0.666666666666667,0.62632458489042,0.186008901071537,0.924778509801985,"black"
3.6295089238131e-07,0.666666666666667,0.62632458489042,0.186008901071537,0.924778509801985,"black"
3.6295089238131e-07,1,0.62632458489042,0.186008901071537,0.924778509801985,"#e06a5d"
3.6295089238131e-07,0.333333333333333,0.62632458489042,0.186008901071537,0.924778509801985,"black"
3.6295089238131e-07,0.666666666666667,0.62632458489042,0.186008901071537,0.924778509801985,"black"
3.6295089238131e-07,0.333333333333333,0.62632458489042,0.186008901071537,0.924778509801985,"black"
3.6295089238131e-07,0.666666666666667,0.62632458489042,0.186008901071537,0.924778509801985,"black"
3.6295089238131e-07,0.666666666666667,0.62632458489042,0.186008901071537,0.924778509801985,"black"
3.6295089238131e-07,0.333333333333333,0.62632458489042,0.186008901071537,0.924778509801985,"black"
3.6295089238131e-07,1,0.62632458489042,0.186008901071537,0.924778509801985,"#e06a5d"
3.6295089238131e-07,0.333333333333333,0.62632458489042,0.186008901071537,0.924778509801985,"black"
3.6295089238131e-07,0.666666666666667,0.62632458489042,0.186008901071537,0.924778509801985,"black"
3.6295089238131e-07,0.666666666666667,0.62632458489042,0.186008901071537,0.924778509801985,"black"
4.03278769312567e-07,0.666666666666667,0.672629568462323,0.210956587459668,0.940440568895481,"black"
4.03278769312567e-07,0.666666666666667,0.672629568462323,0.210956587459668,0.940440568895481,"black"
4.03278769312567e-07,0.333333333333333,0.672629568462323,0.210956587459668,0.940440568895481,"black"
4.03278769312567e-07,0.666666666666667,0.672629568462323,0.210956587459668,0.940440568895481,"black"
4.03278769312567e-07,0.666666666666667,0.672629568462323,0.210956587459668,0.940440568895481,"black"
4.03278769312567e-07,0.666666666666667,0.672629568462323,0.210956587459668,0.940440568895481,"black"
4.03278769312567e-07,0.666666666666667,0.672629568462323,0.210956587459668,0.940440568895481,"black"
4.03278769312567e-07,0.666666666666667,0.672629568462323,0.210956587459668,0.940440568895481,"black"
4.03278769312567e-07,0.666666666666667,0.672629568462323,0.210956587459668,0.940440568895481,"black"
4.03278769312567e-07,1,0.672629568462323,0.210956587459668,0.940440568895481,"#e06a5d"
4.03278769312567e-07,1,0.672629568462323,0.210956587459668,0.940440568895481,"#e06a5d"
4.03278769312567e-07,0.333333333333333,0.672629568462323,0.210956587459668,0.940440568895481,"black"
4.03278769312567e-07,0.666666666666667,0.672629568462323,0.210956587459668,0.940440568895481,"black"
4.03278769312567e-07,0.333333333333333,0.672629568462323,0.210956587459668,0.940440568895481,"black"
4.03278769312567e-07,0.666666666666667,0.672629568462323,0.210956587459668,0.940440568895481,"black"
4.03278769312567e-07,0.666666666666667,0.672629568462323,0.210956587459668,0.940440568895481,"black"
4.03278769312567e-07,1,0.672629568462323,0.210956587459668,0.940440568895481,"#e06a5d"
4.03278769312567e-07,1,0.672629568462323,0.210956587459668,0.940440568895481,"#e06a5d"
4.03278769312567e-07,0.666666666666667,0.672629568462323,0.210956587459668,0.940440568895481,"black"
4.03278769312567e-07,0.666666666666667,0.672629568462323,0.210956587459668,0.940440568895481,"black"
4.03278769312567e-07,1,0.672629568462323,0.210956587459668,0.940440568895481,"#e06a5d"
4.03278769312567e-07,0.666666666666667,0.672629568462323,0.210956587459668,0.940440568895481,"black"
4.03278769312567e-07,0.666666666666667,0.672629568462323,0.210956587459668,0.940440568895481,"black"
4.03278769312567e-07,0.666666666666667,0.672629568462323,0.210956587459668,0.940440568895481,"black"
4.03278769312567e-07,0.666666666666667,0.672629568462323,0.210956587459668,0.940440568895481,"black"
4.03278769312567e-07,0.666666666666667,0.672629568462323,0.210956587459668,0.940440568895481,"black"
4.03278769312567e-07,0.333333333333333,0.672629568462323,0.210956587459668,0.940440568895481,"black"
4.03278769312567e-07,0.333333333333333,0.672629568462323,0.210956587459668,0.940440568895481,"black"
4.03278769312567e-07,0.666666666666667,0.672629568462323,0.210956587459668,0.940440568895481,"black"
4.03278769312567e-07,0.666666666666667,0.672629568462323,0.210956587459668,0.940440568895481,"black"
4.03278769312567e-07,0.333333333333333,0.672629568462323,0.210956587459668,0.940440568895481,"black"
4.03278769312567e-07,0.666666666666667,0.672629568462323,0.210956587459668,0.940440568895481,"black"
4.03278769312567e-07,0.666666666666667,0.672629568462323,0.210956587459668,0.940440568895481,"black"
4.03278769312567e-07,1,0.672629568462323,0.210956587459668,0.940440568895481,"#e06a5d"
4.03278769312567e-07,0.666666666666667,0.672629568462323,0.210956587459668,0.940440568895481,"black"
4.03278769312567e-07,1,0.672629568462323,0.210956587459668,0.940440568895481,"#e06a5d"
4.03278769312567e-07,1,0.672629568462323,0.210956587459668,0.940440568895481,"#e06a5d"
4.03278769312567e-07,0.666666666666667,0.672629568462323,0.210956587459668,0.940440568895481,"black"
4.03278769312567e-07,0.666666666666667,0.672629568462323,0.210956587459668,0.940440568895481,"black"
4.03278769312567e-07,0.333333333333333,0.672629568462323,0.210956587459668,0.940440568895481,"black"
4.03278769312567e-07,1,0.672629568462323,0.210956587459668,0.940440568895481,"#e06a5d"
4.03278769312567e-07,0.666666666666667,0.672629568462323,0.210956587459668,0.940440568895481,"black"
4.03278769312567e-07,0.666666666666667,0.672629568462323,0.210956587459668,0.940440568895481,"black"
4.03278769312567e-07,1,0.672629568462323,0.210956587459668,0.940440568895481,"#e06a5d"
4.03278769312567e-07,0.666666666666667,0.672629568462323,0.210956587459668,0.940440568895481,"black"
4.03278769312567e-07,0.333333333333333,0.672629568462323,0.210956587459668,0.940440568895481,"black"
4.03278769312567e-07,0.666666666666667,0.672629568462323,0.210956587459668,0.940440568895481,"black"
4.03278769312567e-07,0.666666666666667,0.672629568462323,0.210956587459668,0.940440568895481,"black"
4.03278769312567e-07,0.666666666666667,0.672629568462323,0.210956587459668,0.940440568895481,"black"
4.03278769312567e-07,0.666666666666667,0.672629568462323,0.210956587459668,0.940440568895481,"black"
4.03278769312567e-07,1,0.672629568462323,0.210956587459668,0.940440568895481,"#e06a5d"
4.03278769312567e-07,0.666666666666667,0.672629568462323,0.210956587459668,0.940440568895481,"black"
4.03278769312567e-07,0.666666666666667,0.672629568462323,0.210956587459668,0.940440568895481,"black"
4.03278769312567e-07,0.666666666666667,0.672629568462323,0.210956587459668,0.940440568895481,"black"
4.03278769312567e-07,0.666666666666667,0.672629568462323,0.210956587459668,0.940440568895481,"black"
4.03278769312567e-07,1,0.672629568462323,0.210956587459668,0.940440568895481,"#e06a5d"
4.03278769312567e-07,0.666666666666667,0.672629568462323,0.210956587459668,0.940440568895481,"black"
4.03278769312567e-07,0.666666666666667,0.672629568462323,0.210956587459668,0.940440568895481,"black"
4.03278769312567e-07,1,0.672629568462323,0.210956587459668,0.940440568895481,"#e06a5d"
4.03278769312567e-07,0.666666666666667,0.672629568462323,0.210956587459668,0.940440568895481,"black"
4.03278769312567e-07,0.666666666666667,0.672629568462323,0.210956587459668,0.940440568895481,"black"
4.03278769312567e-07,0.666666666666667,0.672629568462323,0.210956587459668,0.940440568895481,"black"
4.03278769312567e-07,0.333333333333333,0.672629568462323,0.210956587459668,0.940440568895481,"black"
4.03278769312567e-07,0.666666666666667,0.672629568462323,0.210956587459668,0.940440568895481,"black"
4.03278769312567e-07,0.666666666666667,0.672629568462323,0.210956587459668,0.940440568895481,"black"
4.03278769312567e-07,0.333333333333333,0.672629568462323,0.210956587459668,0.940440568895481,"black"
4.03278769312567e-07,0.333333333333333,0.672629568462323,0.210956587459668,0.940440568895481,"black"
4.03278769312567e-07,0.333333333333333,0.672629568462323,0.210956587459668,0.940440568895481,"black"
4.03278769312567e-07,1,0.672629568462323,0.210956587459668,0.940440568895481,"#e06a5d"
4.03278769312567e-07,0.333333333333333,0.672629568462323,0.210956587459668,0.940440568895481,"black"
4.03278769312567e-07,0.333333333333333,0.672629568462323,0.210956587459668,0.940440568895481,"black"
4.03278769312567e-07,0.666666666666667,0.672629568462323,0.210956587459668,0.940440568895481,"black"
4.03278769312567e-07,0.666666666666667,0.672629568462323,0.210956587459668,0.940440568895481,"black"
4.03278769312567e-07,1,0.672629568462323,0.210956587459668,0.940440568895481,"#e06a5d"
4.03278769312567e-07,0.666666666666667,0.672629568462323,0.210956587459668,0.940440568895481,"black"
4.03278769312567e-07,0.666666666666667,0.672629568462323,0.210956587459668,0.940440568895481,"black"
4.03278769312567e-07,0.666666666666667,0.672629568462323,0.210956587459668,0.940440568895481,"black"
4.03278769312567e-07,0.666666666666667,0.672629568462323,0.210956587459668,0.940440568895481,"black"
4.03278769312567e-07,0.666666666666667,0.672629568462323,0.210956587459668,0.940440568895481,"black"
4.03278769312567e-07,0.333333333333333,0.672629568462323,0.210956587459668,0.940440568895481,"black"
4.03278769312567e-07,0.666666666666667,0.672629568462323,0.210956587459668,0.940440568895481,"black"
4.03278769312567e-07,0.666666666666667,0.672629568462323,0.210956587459668,0.940440568895481,"black"
4.03278769312567e-07,0.333333333333333,0.672629568462323,0.210956587459668,0.940440568895481,"black"
4.03278769312567e-07,1,0.672629568462323,0.210956587459668,0.940440568895481,"#e06a5d"
4.03278769312567e-07,0.666666666666667,0.672629568462323,0.210956587459668,0.940440568895481,"black"
4.03278769312567e-07,0.666666666666667,0.672629568462323,0.210956587459668,0.940440568895481,"black"
4.03278769312567e-07,0.666666666666667,0.672629568462323,0.210956587459668,0.940440568895481,"black"
4.03278769312567e-07,0.666666666666667,0.672629568462323,0.210956587459668,0.940440568895481,"black"
4.03278769312567e-07,0.666666666666667,0.672629568462323,0.210956587459668,0.940440568895481,"black"
4.03278769312567e-07,0.666666666666667,0.672629568462323,0.210956587459668,0.940440568895481,"black"
4.03278769312567e-07,0.666666666666667,0.672629568462323,0.210956587459668,0.940440568895481,"black"
4.03278769312567e-07,0.666666666666667,0.672629568462323,0.210956587459668,0.940440568895481,"black"
4.03278769312567e-07,0.666666666666667,0.672629568462323,0.210956587459668,0.940440568895481,"black"
4.03278769312567e-07,0.666666666666667,0.672629568462323,0.210956587459668,0.940440568895481,"black"
4.03278769312567e-07,0.666666666666667,0.672629568462323,0.210956587459668,0.940440568895481,"black"
4.03278769312567e-07,1,0.672629568462323,0.210956587459668,0.940440568895481,"#e06a5d"
4.03278769312567e-07,0.666666666666667,0.672629568462323,0.210956587459668,0.940440568895481,"black"
4.03278769312567e-07,0.333333333333333,0.672629568462323,0.210956587459668,0.940440568895481,"black"
4.03278769312567e-07,0.333333333333333,0.672629568462323,0.210956587459668,0.940440568895481,"black"
4.03278769312567e-07,0.666666666666667,0.672629568462323,0.210956587459668,0.940440568895481,"black"
4.03278769312567e-07,0.666666666666667,0.672629568462323,0.210956587459668,0.940440568895481,"black"
4.03278769312567e-07,0.333333333333333,0.672629568462323,0.210956587459668,0.940440568895481,"black"
4.03278769312567e-07,0.333333333333333,0.672629568462323,0.210956587459668,0.940440568895481,"black"
4.03278769312567e-07,1,0.672629568462323,0.210956587459668,0.940440568895481,"#e06a5d"
4.03278769312567e-07,0.666666666666667,0.672629568462323,0.210956587459668,0.940440568895481,"black"
4.03278769312567e-07,0.666666666666667,0.672629568462323,0.210956587459668,0.940440568895481,"black"
4.03278769312567e-07,0.333333333333333,0.672629568462323,0.210956587459668,0.940440568895481,"black"
4.03278769312567e-07,0.666666666666667,0.672629568462323,0.210956587459668,0.940440568895481,"black"
4.03278769312567e-07,0.666666666666667,0.672629568462323,0.210956587459668,0.940440568895481,"black"
4.03278769312567e-07,0.666666666666667,0.672629568462323,0.210956587459668,0.940440568895481,"black"
4.03278769312567e-07,0.666666666666667,0.672629568462323,0.210956587459668,0.940440568895481,"black"
4.03278769312567e-07,0.333333333333333,0.672629568462323,0.210956587459668,0.940440568895481,"black"
4.03278769312567e-07,0.666666666666667,0.672629568462323,0.210956587459668,0.940440568895481,"black"
4.03278769312567e-07,0.333333333333333,0.672629568462323,0.210956587459668,0.940440568895481,"black"
4.03278769312567e-07,0.666666666666667,0.672629568462323,0.210956587459668,0.940440568895481,"black"
4.03278769312567e-07,0.666666666666667,0.672629568462323,0.210956587459668,0.940440568895481,"black"
4.03278769312567e-07,0.666666666666667,0.672629568462323,0.210956587459668,0.940440568895481,"black"
4.03278769312567e-07,0.666666666666667,0.672629568462323,0.210956587459668,0.940440568895481,"black"
4.03278769312567e-07,1,0.672629568462323,0.210956587459668,0.940440568895481,"#e06a5d"
4.03278769312567e-07,0.666666666666667,0.672629568462323,0.210956587459668,0.940440568895481,"black"
4.03278769312567e-07,0.666666666666667,0.672629568462323,0.210956587459668,0.940440568895481,"black"
4.03278769312567e-07,1,0.672629568462323,0.210956587459668,0.940440568895481,"#e06a5d"
4.03278769312567e-07,1,0.672629568462323,0.210956587459668,0.940440568895481,"#e06a5d"
4.03278769312567e-07,0.666666666666667,0.672629568462323,0.210956587459668,0.940440568895481,"black"
4.03278769312567e-07,1,0.672629568462323,0.210956587459668,0.940440568895481,"#e06a5d"
4.03278769312567e-07,0.333333333333333,0.672629568462323,0.210956587459668,0.940440568895481,"black"
4.03278769312567e-07,1,0.672629568462323,0.210956587459668,0.940440568895481,"#e06a5d"
4.03278769312567e-07,1,0.672629568462323,0.210956587459668,0.940440568895481,"#e06a5d"
4.03278769312567e-07,0.666666666666667,0.672629568462323,0.210956587459668,0.940440568895481,"black"
4.03278769312567e-07,1,0.672629568462323,0.210956587459668,0.940440568895481,"#e06a5d"
4.03278769312567e-07,0.666666666666667,0.672629568462323,0.210956587459668,0.940440568895481,"black"
4.03278769312567e-07,0.666666666666667,0.672629568462323,0.210956587459668,0.940440568895481,"black"
4.03278769312567e-07,0.666666666666667,0.672629568462323,0.210956587459668,0.940440568895481,"black"
4.03278769312567e-07,0.666666666666667,0.672629568462323,0.210956587459668,0.940440568895481,"black"
4.03278769312567e-07,1,0.672629568462323,0.210956587459668,0.940440568895481,"#e06a5d"
4.03278769312567e-07,0.666666666666667,0.672629568462323,0.210956587459668,0.940440568895481,"black"
4.03278769312567e-07,1,0.672629568462323,0.210956587459668,0.940440568895481,"#e06a5d"
4.03278769312567e-07,0.666666666666667,0.672629568462323,0.210956587459668,0.940440568895481,"black"
4.03278769312567e-07,0.333333333333333,0.672629568462323,0.210956587459668,0.940440568895481,"black"
4.03278769312567e-07,0.666666666666667,0.672629568462323,0.210956587459668,0.940440568895481,"black"
4.03278769312567e-07,0.666666666666667,0.672629568462323,0.210956587459668,0.940440568895481,"black"
4.03278769312567e-07,1,0.672629568462323,0.210956587459668,0.940440568895481,"#e06a5d"
4.43606646243823e-07,0.666666666666667,0.714269640293795,0.234694710425321,0.953221036121895,"black"
4.43606646243823e-07,1,0.714269640293795,0.234694710425321,0.953221036121895,"#e06a5d"
4.43606646243823e-07,1,0.714269640293795,0.234694710425321,0.953221036121895,"#e06a5d"
4.43606646243823e-07,0.666666666666667,0.714269640293795,0.234694710425321,0.953221036121895,"black"
4.43606646243823e-07,1,0.714269640293795,0.234694710425321,0.953221036121895,"#e06a5d"
4.43606646243823e-07,1,0.714269640293795,0.234694710425321,0.953221036121895,"#e06a5d"
4.43606646243823e-07,0.666666666666667,0.714269640293795,0.234694710425321,0.953221036121895,"black"
4.43606646243823e-07,0.333333333333333,0.714269640293795,0.234694710425321,0.953221036121895,"black"
4.43606646243823e-07,0.333333333333333,0.714269640293795,0.234694710425321,0.953221036121895,"black"
4.43606646243823e-07,0.666666666666667,0.714269640293795,0.234694710425321,0.953221036121895,"black"
4.43606646243823e-07,0.333333333333333,0.714269640293795,0.234694710425321,0.953221036121895,"black"
4.43606646243823e-07,0.666666666666667,0.714269640293795,0.234694710425321,0.953221036121895,"black"
4.43606646243823e-07,0.666666666666667,0.714269640293795,0.234694710425321,0.953221036121895,"black"
4.43606646243823e-07,0.666666666666667,0.714269640293795,0.234694710425321,0.953221036121895,"black"
4.43606646243823e-07,1,0.714269640293795,0.234694710425321,0.953221036121895,"#e06a5d"
4.43606646243823e-07,0.666666666666667,0.714269640293795,0.234694710425321,0.953221036121895,"black"
4.43606646243823e-07,0.666666666666667,0.714269640293795,0.234694710425321,0.953221036121895,"black"
4.43606646243823e-07,0.666666666666667,0.714269640293795,0.234694710425321,0.953221036121895,"black"
4.43606646243823e-07,0.666666666666667,0.714269640293795,0.234694710425321,0.953221036121895,"black"
4.43606646243823e-07,0.666666666666667,0.714269640293795,0.234694710425321,0.953221036121895,"black"
4.43606646243823e-07,0.333333333333333,0.714269640293795,0.234694710425321,0.953221036121895,"black"
4.43606646243823e-07,0.666666666666667,0.714269640293795,0.234694710425321,0.953221036121895,"black"
4.43606646243823e-07,0.666666666666667,0.714269640293795,0.234694710425321,0.953221036121895,"black"
4.43606646243823e-07,0.666666666666667,0.714269640293795,0.234694710425321,0.953221036121895,"black"
4.43606646243823e-07,0.666666666666667,0.714269640293795,0.234694710425321,0.953221036121895,"black"
4.43606646243823e-07,0.666666666666667,0.714269640293795,0.234694710425321,0.953221036121895,"black"
4.43606646243823e-07,0.666666666666667,0.714269640293795,0.234694710425321,0.953221036121895,"black"
4.43606646243823e-07,0.666666666666667,0.714269640293795,0.234694710425321,0.953221036121895,"black"
4.43606646243823e-07,0.666666666666667,0.714269640293795,0.234694710425321,0.953221036121895,"black"
4.43606646243823e-07,1,0.714269640293795,0.234694710425321,0.953221036121895,"#e06a5d"
4.43606646243823e-07,1,0.714269640293795,0.234694710425321,0.953221036121895,"#e06a5d"
4.43606646243823e-07,0.666666666666667,0.714269640293795,0.234694710425321,0.953221036121895,"black"
4.43606646243823e-07,0.666666666666667,0.714269640293795,0.234694710425321,0.953221036121895,"black"
4.43606646243823e-07,0.666666666666667,0.714269640293795,0.234694710425321,0.953221036121895,"black"
4.43606646243823e-07,0.666666666666667,0.714269640293795,0.234694710425321,0.953221036121895,"black"
4.43606646243823e-07,0.666666666666667,0.714269640293795,0.234694710425321,0.953221036121895,"black"
4.43606646243823e-07,0.666666666666667,0.714269640293795,0.234694710425321,0.953221036121895,"black"
4.43606646243823e-07,0.666666666666667,0.714269640293795,0.234694710425321,0.953221036121895,"black"
4.43606646243823e-07,0.666666666666667,0.714269640293795,0.234694710425321,0.953221036121895,"black"
4.43606646243823e-07,1,0.714269640293795,0.234694710425321,0.953221036121895,"#e06a5d"
4.43606646243823e-07,1,0.714269640293795,0.234694710425321,0.953221036121895,"#e06a5d"
4.43606646243823e-07,0.333333333333333,0.714269640293795,0.234694710425321,0.953221036121895,"black"
4.43606646243823e-07,0.666666666666667,0.714269640293795,0.234694710425321,0.953221036121895,"black"
4.43606646243823e-07,0.333333333333333,0.714269640293795,0.234694710425321,0.953221036121895,"black"
4.43606646243823e-07,0.666666666666667,0.714269640293795,0.234694710425321,0.953221036121895,"black"
4.43606646243823e-07,0.666666666666667,0.714269640293795,0.234694710425321,0.953221036121895,"black"
4.43606646243823e-07,0.666666666666667,0.714269640293795,0.234694710425321,0.953221036121895,"black"
4.43606646243823e-07,0.666666666666667,0.714269640293795,0.234694710425321,0.953221036121895,"black"
4.43606646243823e-07,0.666666666666667,0.714269640293795,0.234694710425321,0.953221036121895,"black"
4.43606646243823e-07,1,0.714269640293795,0.234694710425321,0.953221036121895,"#e06a5d"
4.43606646243823e-07,0.666666666666667,0.714269640293795,0.234694710425321,0.953221036121895,"black"
4.43606646243823e-07,0.666666666666667,0.714269640293795,0.234694710425321,0.953221036121895,"black"
4.43606646243823e-07,0.666666666666667,0.714269640293795,0.234694710425321,0.953221036121895,"black"
4.43606646243823e-07,0.666666666666667,0.714269640293795,0.234694710425321,0.953221036121895,"black"
4.43606646243823e-07,0.666666666666667,0.714269640293795,0.234694710425321,0.953221036121895,"black"
4.43606646243823e-07,1,0.714269640293795,0.234694710425321,0.953221036121895,"#e06a5d"
4.43606646243823e-07,0.666666666666667,0.714269640293795,0.234694710425321,0.953221036121895,"black"
4.43606646243823e-07,0.666666666666667,0.714269640293795,0.234694710425321,0.953221036121895,"black"
4.43606646243823e-07,0.666666666666667,0.714269640293795,0.234694710425321,0.953221036121895,"black"
4.43606646243823e-07,0.666666666666667,0.714269640293795,0.234694710425321,0.953221036121895,"black"
4.43606646243823e-07,1,0.714269640293795,0.234694710425321,0.953221036121895,"#e06a5d"
4.43606646243823e-07,0.666666666666667,0.714269640293795,0.234694710425321,0.953221036121895,"black"
4.43606646243823e-07,0.666666666666667,0.714269640293795,0.234694710425321,0.953221036121895,"black"
4.43606646243823e-07,0.666666666666667,0.714269640293795,0.234694710425321,0.953221036121895,"black"
4.43606646243823e-07,0.333333333333333,0.714269640293795,0.234694710425321,0.953221036121895,"black"
4.43606646243823e-07,0.666666666666667,0.714269640293795,0.234694710425321,0.953221036121895,"black"
4.43606646243823e-07,0.666666666666667,0.714269640293795,0.234694710425321,0.953221036121895,"black"
4.43606646243823e-07,0.333333333333333,0.714269640293795,0.234694710425321,0.953221036121895,"black"
4.43606646243823e-07,0.333333333333333,0.714269640293795,0.234694710425321,0.953221036121895,"black"
4.43606646243823e-07,0.666666666666667,0.714269640293795,0.234694710425321,0.953221036121895,"black"
4.43606646243823e-07,0.333333333333333,0.714269640293795,0.234694710425321,0.953221036121895,"black"
4.43606646243823e-07,0.666666666666667,0.714269640293795,0.234694710425321,0.953221036121895,"black"
4.43606646243823e-07,1,0.714269640293795,0.234694710425321,0.953221036121895,"#e06a5d"
4.43606646243823e-07,0.666666666666667,0.714269640293795,0.234694710425321,0.953221036121895,"black"
4.43606646243823e-07,0.666666666666667,0.714269640293795,0.234694710425321,0.953221036121895,"black"
4.43606646243823e-07,1,0.714269640293795,0.234694710425321,0.953221036121895,"#e06a5d"
4.43606646243823e-07,0.666666666666667,0.714269640293795,0.234694710425321,0.953221036121895,"black"
4.43606646243823e-07,0.666666666666667,0.714269640293795,0.234694710425321,0.953221036121895,"black"
4.43606646243823e-07,1,0.714269640293795,0.234694710425321,0.953221036121895,"#e06a5d"
4.43606646243823e-07,1,0.714269640293795,0.234694710425321,0.953221036121895,"#e06a5d"
4.43606646243823e-07,0.666666666666667,0.714269640293795,0.234694710425321,0.953221036121895,"black"
4.43606646243823e-07,0.666666666666667,0.714269640293795,0.234694710425321,0.953221036121895,"black"
4.43606646243823e-07,0.666666666666667,0.714269640293795,0.234694710425321,0.953221036121895,"black"
4.43606646243823e-07,0.666666666666667,0.714269640293795,0.234694710425321,0.953221036121895,"black"
4.43606646243823e-07,0.666666666666667,0.714269640293795,0.234694710425321,0.953221036121895,"black"
4.43606646243823e-07,0.666666666666667,0.714269640293795,0.234694710425321,0.953221036121895,"black"
4.43606646243823e-07,0.666666666666667,0.714269640293795,0.234694710425321,0.953221036121895,"black"
4.43606646243823e-07,0.666666666666667,0.714269640293795,0.234694710425321,0.953221036121895,"black"
4.43606646243823e-07,1,0.714269640293795,0.234694710425321,0.953221036121895,"#e06a5d"
4.43606646243823e-07,0.666666666666667,0.714269640293795,0.234694710425321,0.953221036121895,"black"
4.43606646243823e-07,1,0.714269640293795,0.234694710425321,0.953221036121895,"#e06a5d"
4.43606646243823e-07,1,0.714269640293795,0.234694710425321,0.953221036121895,"#e06a5d"
4.43606646243823e-07,0.666666666666667,0.714269640293795,0.234694710425321,0.953221036121895,"black"
4.43606646243823e-07,0.666666666666667,0.714269640293795,0.234694710425321,0.953221036121895,"black"
4.43606646243823e-07,1,0.714269640293795,0.234694710425321,0.953221036121895,"#e06a5d"
4.43606646243823e-07,0.333333333333333,0.714269640293795,0.234694710425321,0.953221036121895,"black"
4.43606646243823e-07,0.333333333333333,0.714269640293795,0.234694710425321,0.953221036121895,"black"
4.43606646243823e-07,1,0.714269640293795,0.234694710425321,0.953221036121895,"#e06a5d"
4.43606646243823e-07,1,0.714269640293795,0.234694710425321,0.953221036121895,"#e06a5d"
4.43606646243823e-07,0.666666666666667,0.714269640293795,0.234694710425321,0.953221036121895,"black"
4.43606646243823e-07,0.666666666666667,0.714269640293795,0.234694710425321,0.953221036121895,"black"
4.43606646243823e-07,0.666666666666667,0.714269640293795,0.234694710425321,0.953221036121895,"black"
4.43606646243823e-07,0.666666666666667,0.714269640293795,0.234694710425321,0.953221036121895,"black"
4.43606646243823e-07,0.666666666666667,0.714269640293795,0.234694710425321,0.953221036121895,"black"
4.43606646243823e-07,1,0.714269640293795,0.234694710425321,0.953221036121895,"#e06a5d"
4.43606646243823e-07,0.333333333333333,0.714269640293795,0.234694710425321,0.953221036121895,"black"
4.43606646243823e-07,0.666666666666667,0.714269640293795,0.234694710425321,0.953221036121895,"black"
4.43606646243823e-07,1,0.714269640293795,0.234694710425321,0.953221036121895,"#e06a5d"
4.43606646243823e-07,0.333333333333333,0.714269640293795,0.234694710425321,0.953221036121895,"black"
4.43606646243823e-07,0.333333333333333,0.714269640293795,0.234694710425321,0.953221036121895,"black"
4.43606646243823e-07,0.333333333333333,0.714269640293795,0.234694710425321,0.953221036121895,"black"
4.43606646243823e-07,0.666666666666667,0.714269640293795,0.234694710425321,0.953221036121895,"black"
4.43606646243823e-07,1,0.714269640293795,0.234694710425321,0.953221036121895,"#e06a5d"
4.43606646243823e-07,0.666666666666667,0.714269640293795,0.234694710425321,0.953221036121895,"black"
4.43606646243823e-07,0.666666666666667,0.714269640293795,0.234694710425321,0.953221036121895,"black"
4.43606646243823e-07,0.666666666666667,0.714269640293795,0.234694710425321,0.953221036121895,"black"
4.43606646243823e-07,1,0.714269640293795,0.234694710425321,0.953221036121895,"#e06a5d"
4.43606646243823e-07,0.333333333333333,0.714269640293795,0.234694710425321,0.953221036121895,"black"
4.43606646243823e-07,0.666666666666667,0.714269640293795,0.234694710425321,0.953221036121895,"black"
4.43606646243823e-07,0.333333333333333,0.714269640293795,0.234694710425321,0.953221036121895,"black"
4.43606646243823e-07,0.666666666666667,0.714269640293795,0.234694710425321,0.953221036121895,"black"
4.43606646243823e-07,0.666666666666667,0.714269640293795,0.234694710425321,0.953221036121895,"black"
4.43606646243823e-07,0.666666666666667,0.714269640293795,0.234694710425321,0.953221036121895,"black"
4.43606646243823e-07,1,0.714269640293795,0.234694710425321,0.953221036121895,"#e06a5d"
4.43606646243823e-07,0.666666666666667,0.714269640293795,0.234694710425321,0.953221036121895,"black"
4.43606646243823e-07,1,0.714269640293795,0.234694710425321,0.953221036121895,"#e06a5d"
4.43606646243823e-07,0.333333333333333,0.714269640293795,0.234694710425321,0.953221036121895,"black"
4.43606646243823e-07,0.666666666666667,0.714269640293795,0.234694710425321,0.953221036121895,"black"
4.43606646243823e-07,0.333333333333333,0.714269640293795,0.234694710425321,0.953221036121895,"black"
4.43606646243823e-07,0.333333333333333,0.714269640293795,0.234694710425321,0.953221036121895,"black"
4.43606646243823e-07,0.333333333333333,0.714269640293795,0.234694710425321,0.953221036121895,"black"
4.43606646243823e-07,0.666666666666667,0.714269640293795,0.234694710425321,0.953221036121895,"black"
4.43606646243823e-07,0.666666666666667,0.714269640293795,0.234694710425321,0.953221036121895,"black"
4.43606646243823e-07,0.666666666666667,0.714269640293795,0.234694710425321,0.953221036121895,"black"
4.43606646243823e-07,0.666666666666667,0.714269640293795,0.234694710425321,0.953221036121895,"black"
4.43606646243823e-07,0.666666666666667,0.714269640293795,0.234694710425321,0.953221036121895,"black"
4.43606646243823e-07,1,0.714269640293795,0.234694710425321,0.953221036121895,"#e06a5d"
4.43606646243823e-07,0.666666666666667,0.714269640293795,0.234694710425321,0.953221036121895,"black"
4.43606646243823e-07,0.666666666666667,0.714269640293795,0.234694710425321,0.953221036121895,"black"
4.43606646243823e-07,0.666666666666667,0.714269640293795,0.234694710425321,0.953221036121895,"black"
4.43606646243823e-07,0.666666666666667,0.714269640293795,0.234694710425321,0.953221036121895,"black"
4.43606646243823e-07,0.666666666666667,0.714269640293795,0.234694710425321,0.953221036121895,"black"
4.43606646243823e-07,0.666666666666667,0.714269640293795,0.234694710425321,0.953221036121895,"black"
4.43606646243823e-07,0.666666666666667,0.714269640293795,0.234694710425321,0.953221036121895,"black"
4.43606646243823e-07,0.666666666666667,0.714269640293795,0.234694710425321,0.953221036121895,"black"
4.43606646243823e-07,0.666666666666667,0.714269640293795,0.234694710425321,0.953221036121895,"black"
4.43606646243823e-07,0.666666666666667,0.714269640293795,0.234694710425321,0.953221036121895,"black"
4.43606646243823e-07,0.666666666666667,0.714269640293795,0.234694710425321,0.953221036121895,"black"
4.43606646243823e-07,0.666666666666667,0.714269640293795,0.234694710425321,0.953221036121895,"black"
4.43606646243823e-07,0.333333333333333,0.714269640293795,0.234694710425321,0.953221036121895,"black"
4.43606646243823e-07,1,0.714269640293795,0.234694710425321,0.953221036121895,"#e06a5d"
4.43606646243823e-07,0.666666666666667,0.714269640293795,0.234694710425321,0.953221036121895,"black"
4.43606646243823e-07,0.333333333333333,0.714269640293795,0.234694710425321,0.953221036121895,"black"
4.43606646243823e-07,0.333333333333333,0.714269640293795,0.234694710425321,0.953221036121895,"black"
4.43606646243823e-07,0.666666666666667,0.714269640293795,0.234694710425321,0.953221036121895,"black"
4.8393452317508e-07,0.666666666666667,0.751504701962605,0.257015370187364,0.963555746488966,"black"
4.8393452317508e-07,0.666666666666667,0.751504701962605,0.257015370187364,0.963555746488966,"black"
4.8393452317508e-07,1,0.751504701962605,0.257015370187364,0.963555746488966,"#e06a5d"
4.8393452317508e-07,1,0.751504701962605,0.257015370187364,0.963555746488966,"#e06a5d"
4.8393452317508e-07,1,0.751504701962605,0.257015370187364,0.963555746488966,"#e06a5d"
4.8393452317508e-07,1,0.751504701962605,0.257015370187364,0.963555746488966,"#e06a5d"
4.8393452317508e-07,0.666666666666667,0.751504701962605,0.257015370187364,0.963555746488966,"black"
4.8393452317508e-07,0.333333333333333,0.751504701962605,0.257015370187364,0.963555746488966,"black"
4.8393452317508e-07,0.666666666666667,0.751504701962605,0.257015370187364,0.963555746488966,"black"
4.8393452317508e-07,1,0.751504701962605,0.257015370187364,0.963555746488966,"#e06a5d"
4.8393452317508e-07,0.333333333333333,0.751504701962605,0.257015370187364,0.963555746488966,"black"
4.8393452317508e-07,1,0.751504701962605,0.257015370187364,0.963555746488966,"#e06a5d"
4.8393452317508e-07,0.666666666666667,0.751504701962605,0.257015370187364,0.963555746488966,"black"
4.8393452317508e-07,1,0.751504701962605,0.257015370187364,0.963555746488966,"#e06a5d"
4.8393452317508e-07,0.666666666666667,0.751504701962605,0.257015370187364,0.963555746488966,"black"
4.8393452317508e-07,1,0.751504701962605,0.257015370187364,0.963555746488966,"#e06a5d"
4.8393452317508e-07,0.666666666666667,0.751504701962605,0.257015370187364,0.963555746488966,"black"
4.8393452317508e-07,0.666666666666667,0.751504701962605,0.257015370187364,0.963555746488966,"black"
4.8393452317508e-07,0.666666666666667,0.751504701962605,0.257015370187364,0.963555746488966,"black"
4.8393452317508e-07,1,0.751504701962605,0.257015370187364,0.963555746488966,"#e06a5d"
4.8393452317508e-07,0.666666666666667,0.751504701962605,0.257015370187364,0.963555746488966,"black"
4.8393452317508e-07,0.666666666666667,0.751504701962605,0.257015370187364,0.963555746488966,"black"
4.8393452317508e-07,0.333333333333333,0.751504701962605,0.257015370187364,0.963555746488966,"black"
4.8393452317508e-07,1,0.751504701962605,0.257015370187364,0.963555746488966,"#e06a5d"
4.8393452317508e-07,0.666666666666667,0.751504701962605,0.257015370187364,0.963555746488966,"black"
4.8393452317508e-07,1,0.751504701962605,0.257015370187364,0.963555746488966,"#e06a5d"
4.8393452317508e-07,0.666666666666667,0.751504701962605,0.257015370187364,0.963555746488966,"black"
4.8393452317508e-07,1,0.751504701962605,0.257015370187364,0.963555746488966,"#e06a5d"
4.8393452317508e-07,0.666666666666667,0.751504701962605,0.257015370187364,0.963555746488966,"black"
4.8393452317508e-07,0.666666666666667,0.751504701962605,0.257015370187364,0.963555746488966,"black"
4.8393452317508e-07,0.666666666666667,0.751504701962605,0.257015370187364,0.963555746488966,"black"
4.8393452317508e-07,0.666666666666667,0.751504701962605,0.257015370187364,0.963555746488966,"black"
4.8393452317508e-07,0.333333333333333,0.751504701962605,0.257015370187364,0.963555746488966,"black"
4.8393452317508e-07,1,0.751504701962605,0.257015370187364,0.963555746488966,"#e06a5d"
4.8393452317508e-07,1,0.751504701962605,0.257015370187364,0.963555746488966,"#e06a5d"
4.8393452317508e-07,1,0.751504701962605,0.257015370187364,0.963555746488966,"#e06a5d"
4.8393452317508e-07,1,0.751504701962605,0.257015370187364,0.963555746488966,"#e06a5d"
4.8393452317508e-07,0.666666666666667,0.751504701962605,0.257015370187364,0.963555746488966,"black"
4.8393452317508e-07,1,0.751504701962605,0.257015370187364,0.963555746488966,"#e06a5d"
4.8393452317508e-07,0.666666666666667,0.751504701962605,0.257015370187364,0.963555746488966,"black"
4.8393452317508e-07,0.666666666666667,0.751504701962605,0.257015370187364,0.963555746488966,"black"
4.8393452317508e-07,0.333333333333333,0.751504701962605,0.257015370187364,0.963555746488966,"black"
4.8393452317508e-07,1,0.751504701962605,0.257015370187364,0.963555746488966,"#e06a5d"
4.8393452317508e-07,0.666666666666667,0.751504701962605,0.257015370187364,0.963555746488966,"black"
4.8393452317508e-07,0.666666666666667,0.751504701962605,0.257015370187364,0.963555746488966,"black"
4.8393452317508e-07,0.666666666666667,0.751504701962605,0.257015370187364,0.963555746488966,"black"
4.8393452317508e-07,1,0.751504701962605,0.257015370187364,0.963555746488966,"#e06a5d"
4.8393452317508e-07,0.666666666666667,0.751504701962605,0.257015370187364,0.963555746488966,"black"
4.8393452317508e-07,1,0.751504701962605,0.257015370187364,0.963555746488966,"#e06a5d"
4.8393452317508e-07,0.333333333333333,0.751504701962605,0.257015370187364,0.963555746488966,"black"
4.8393452317508e-07,0.666666666666667,0.751504701962605,0.257015370187364,0.963555746488966,"black"
4.8393452317508e-07,0.666666666666667,0.751504701962605,0.257015370187364,0.963555746488966,"black"
4.8393452317508e-07,0.666666666666667,0.751504701962605,0.257015370187364,0.963555746488966,"black"
4.8393452317508e-07,1,0.751504701962605,0.257015370187364,0.963555746488966,"#e06a5d"
4.8393452317508e-07,0.666666666666667,0.751504701962605,0.257015370187364,0.963555746488966,"black"
4.8393452317508e-07,0.666666666666667,0.751504701962605,0.257015370187364,0.963555746488966,"black"
4.8393452317508e-07,0.666666666666667,0.751504701962605,0.257015370187364,0.963555746488966,"black"
4.8393452317508e-07,0.333333333333333,0.751504701962605,0.257015370187364,0.963555746488966,"black"
4.8393452317508e-07,0.666666666666667,0.751504701962605,0.257015370187364,0.963555746488966,"black"
4.8393452317508e-07,1,0.751504701962605,0.257015370187364,0.963555746488966,"#e06a5d"
4.8393452317508e-07,0.666666666666667,0.751504701962605,0.257015370187364,0.963555746488966,"black"
4.8393452317508e-07,0.666666666666667,0.751504701962605,0.257015370187364,0.963555746488966,"black"
4.8393452317508e-07,0.666666666666667,0.751504701962605,0.257015370187364,0.963555746488966,"black"
4.8393452317508e-07,0.666666666666667,0.751504701962605,0.257015370187364,0.963555746488966,"black"
4.8393452317508e-07,0.333333333333333,0.751504701962605,0.257015370187364,0.963555746488966,"black"
4.8393452317508e-07,1,0.751504701962605,0.257015370187364,0.963555746488966,"#e06a5d"
4.8393452317508e-07,0.666666666666667,0.751504701962605,0.257015370187364,0.963555746488966,"black"
4.8393452317508e-07,0.666666666666667,0.751504701962605,0.257015370187364,0.963555746488966,"black"
4.8393452317508e-07,0.666666666666667,0.751504701962605,0.257015370187364,0.963555746488966,"black"
4.8393452317508e-07,0.666666666666667,0.751504701962605,0.257015370187364,0.963555746488966,"black"
4.8393452317508e-07,0.333333333333333,0.751504701962605,0.257015370187364,0.963555746488966,"black"
4.8393452317508e-07,0.666666666666667,0.751504701962605,0.257015370187364,0.963555746488966,"black"
4.8393452317508e-07,0.666666666666667,0.751504701962605,0.257015370187364,0.963555746488966,"black"
4.8393452317508e-07,1,0.751504701962605,0.257015370187364,0.963555746488966,"#e06a5d"
4.8393452317508e-07,0.333333333333333,0.751504701962605,0.257015370187364,0.963555746488966,"black"
4.8393452317508e-07,0.666666666666667,0.751504701962605,0.257015370187364,0.963555746488966,"black"
4.8393452317508e-07,1,0.751504701962605,0.257015370187364,0.963555746488966,"#e06a5d"
4.8393452317508e-07,0.666666666666667,0.751504701962605,0.257015370187364,0.963555746488966,"black"
4.8393452317508e-07,0.666666666666667,0.751504701962605,0.257015370187364,0.963555746488966,"black"
4.8393452317508e-07,0.333333333333333,0.751504701962605,0.257015370187364,0.963555746488966,"black"
4.8393452317508e-07,1,0.751504701962605,0.257015370187364,0.963555746488966,"#e06a5d"
4.8393452317508e-07,1,0.751504701962605,0.257015370187364,0.963555746488966,"#e06a5d"
4.8393452317508e-07,0.666666666666667,0.751504701962605,0.257015370187364,0.963555746488966,"black"
4.8393452317508e-07,0.666666666666667,0.751504701962605,0.257015370187364,0.963555746488966,"black"
4.8393452317508e-07,1,0.751504701962605,0.257015370187364,0.963555746488966,"#e06a5d"
4.8393452317508e-07,1,0.751504701962605,0.257015370187364,0.963555746488966,"#e06a5d"
4.8393452317508e-07,1,0.751504701962605,0.257015370187364,0.963555746488966,"#e06a5d"
4.8393452317508e-07,0.333333333333333,0.751504701962605,0.257015370187364,0.963555746488966,"black"
4.8393452317508e-07,0.333333333333333,0.751504701962605,0.257015370187364,0.963555746488966,"black"
4.8393452317508e-07,0.666666666666667,0.751504701962605,0.257015370187364,0.963555746488966,"black"
4.8393452317508e-07,0.666666666666667,0.751504701962605,0.257015370187364,0.963555746488966,"black"
4.8393452317508e-07,1,0.751504701962605,0.257015370187364,0.963555746488966,"#e06a5d"
4.8393452317508e-07,0.666666666666667,0.751504701962605,0.257015370187364,0.963555746488966,"black"
4.8393452317508e-07,0.666666666666667,0.751504701962605,0.257015370187364,0.963555746488966,"black"
4.8393452317508e-07,0.666666666666667,0.751504701962605,0.257015370187364,0.963555746488966,"black"
4.8393452317508e-07,0.666666666666667,0.751504701962605,0.257015370187364,0.963555746488966,"black"
4.8393452317508e-07,0.666666666666667,0.751504701962605,0.257015370187364,0.963555746488966,"black"
4.8393452317508e-07,0.666666666666667,0.751504701962605,0.257015370187364,0.963555746488966,"black"
4.8393452317508e-07,1,0.751504701962605,0.257015370187364,0.963555746488966,"#e06a5d"
4.8393452317508e-07,0.333333333333333,0.751504701962605,0.257015370187364,0.963555746488966,"black"
4.8393452317508e-07,1,0.751504701962605,0.257015370187364,0.963555746488966,"#e06a5d"
4.8393452317508e-07,0.666666666666667,0.751504701962605,0.257015370187364,0.963555746488966,"black"
4.8393452317508e-07,0.666666666666667,0.751504701962605,0.257015370187364,0.963555746488966,"black"
4.8393452317508e-07,0.666666666666667,0.751504701962605,0.257015370187364,0.963555746488966,"black"
4.8393452317508e-07,1,0.751504701962605,0.257015370187364,0.963555746488966,"#e06a5d"
4.8393452317508e-07,0.666666666666667,0.751504701962605,0.257015370187364,0.963555746488966,"black"
4.8393452317508e-07,0.666666666666667,0.751504701962605,0.257015370187364,0.963555746488966,"black"
4.8393452317508e-07,0.666666666666667,0.751504701962605,0.257015370187364,0.963555746488966,"black"
4.8393452317508e-07,0.333333333333333,0.751504701962605,0.257015370187364,0.963555746488966,"black"
4.8393452317508e-07,1,0.751504701962605,0.257015370187364,0.963555746488966,"#e06a5d"
4.8393452317508e-07,0.666666666666667,0.751504701962605,0.257015370187364,0.963555746488966,"black"
4.8393452317508e-07,0.666666666666667,0.751504701962605,0.257015370187364,0.963555746488966,"black"
4.8393452317508e-07,0.666666666666667,0.751504701962605,0.257015370187364,0.963555746488966,"black"
4.8393452317508e-07,0.666666666666667,0.751504701962605,0.257015370187364,0.963555746488966,"black"
4.8393452317508e-07,0.333333333333333,0.751504701962605,0.257015370187364,0.963555746488966,"black"
4.8393452317508e-07,0.666666666666667,0.751504701962605,0.257015370187364,0.963555746488966,"black"
4.8393452317508e-07,0.666666666666667,0.751504701962605,0.257015370187364,0.963555746488966,"black"
4.8393452317508e-07,0.666666666666667,0.751504701962605,0.257015370187364,0.963555746488966,"black"
4.8393452317508e-07,0.666666666666667,0.751504701962605,0.257015370187364,0.963555746488966,"black"
4.8393452317508e-07,1,0.751504701962605,0.257015370187364,0.963555746488966,"#e06a5d"
4.8393452317508e-07,0.666666666666667,0.751504701962605,0.257015370187364,0.963555746488966,"black"
4.8393452317508e-07,0.666666666666667,0.751504701962605,0.257015370187364,0.963555746488966,"black"
4.8393452317508e-07,1,0.751504701962605,0.257015370187364,0.963555746488966,"#e06a5d"
4.8393452317508e-07,1,0.751504701962605,0.257015370187364,0.963555746488966,"#e06a5d"
4.8393452317508e-07,1,0.751504701962605,0.257015370187364,0.963555746488966,"#e06a5d"
4.8393452317508e-07,0.666666666666667,0.751504701962605,0.257015370187364,0.963555746488966,"black"
4.8393452317508e-07,0.666666666666667,0.751504701962605,0.257015370187364,0.963555746488966,"black"
4.8393452317508e-07,1,0.751504701962605,0.257015370187364,0.963555746488966,"#e06a5d"
4.8393452317508e-07,0.666666666666667,0.751504701962605,0.257015370187364,0.963555746488966,"black"
4.8393452317508e-07,0.333333333333333,0.751504701962605,0.257015370187364,0.963555746488966,"black"
4.8393452317508e-07,0.333333333333333,0.751504701962605,0.257015370187364,0.963555746488966,"black"
4.8393452317508e-07,0.666666666666667,0.751504701962605,0.257015370187364,0.963555746488966,"black"
4.8393452317508e-07,1,0.751504701962605,0.257015370187364,0.963555746488966,"#e06a5d"
4.8393452317508e-07,0.666666666666667,0.751504701962605,0.257015370187364,0.963555746488966,"black"
4.8393452317508e-07,0.666666666666667,0.751504701962605,0.257015370187364,0.963555746488966,"black"
4.8393452317508e-07,0.666666666666667,0.751504701962605,0.257015370187364,0.963555746488966,"black"
4.8393452317508e-07,0.666666666666667,0.751504701962605,0.257015370187364,0.963555746488966,"black"
4.8393452317508e-07,1,0.751504701962605,0.257015370187364,0.963555746488966,"#e06a5d"
4.8393452317508e-07,0.666666666666667,0.751504701962605,0.257015370187364,0.963555746488966,"black"
4.8393452317508e-07,1,0.751504701962605,0.257015370187364,0.963555746488966,"#e06a5d"
4.8393452317508e-07,0.666666666666667,0.751504701962605,0.257015370187364,0.963555746488966,"black"
4.8393452317508e-07,0.666666666666667,0.751504701962605,0.257015370187364,0.963555746488966,"black"
4.8393452317508e-07,0.666666666666667,0.751504701962605,0.257015370187364,0.963555746488966,"black"
4.8393452317508e-07,1,0.751504701962605,0.257015370187364,0.963555746488966,"#e06a5d"
4.8393452317508e-07,0.666666666666667,0.751504701962605,0.257015370187364,0.963555746488966,"black"
4.8393452317508e-07,0.666666666666667,0.751504701962605,0.257015370187364,0.963555746488966,"black"
4.8393452317508e-07,0.666666666666667,0.751504701962605,0.257015370187364,0.963555746488966,"black"
4.8393452317508e-07,1,0.751504701962605,0.257015370187364,0.963555746488966,"#e06a5d"
4.8393452317508e-07,0.333333333333333,0.751504701962605,0.257015370187364,0.963555746488966,"black"
5.24262400106336e-07,1,0.784626785499874,0.277782982690784,0.971836397876646,"#e06a5d"
5.24262400106336e-07,1,0.784626785499874,0.277782982690784,0.971836397876646,"#e06a5d"
5.24262400106336e-07,0.333333333333333,0.784626785499874,0.277782982690784,0.971836397876646,"black"
5.24262400106336e-07,0.666666666666667,0.784626785499874,0.277782982690784,0.971836397876646,"black"
5.24262400106336e-07,0.666666666666667,0.784626785499874,0.277782982690784,0.971836397876646,"black"
5.24262400106336e-07,0.666666666666667,0.784626785499874,0.277782982690784,0.971836397876646,"black"
5.24262400106336e-07,0.666666666666667,0.784626785499874,0.277782982690784,0.971836397876646,"black"
5.24262400106336e-07,1,0.784626785499874,0.277782982690784,0.971836397876646,"#e06a5d"
5.24262400106336e-07,0.666666666666667,0.784626785499874,0.277782982690784,0.971836397876646,"black"
5.24262400106336e-07,0.666666666666667,0.784626785499874,0.277782982690784,0.971836397876646,"black"
5.24262400106336e-07,1,0.784626785499874,0.277782982690784,0.971836397876646,"#e06a5d"
5.24262400106336e-07,0.666666666666667,0.784626785499874,0.277782982690784,0.971836397876646,"black"
5.24262400106336e-07,1,0.784626785499874,0.277782982690784,0.971836397876646,"#e06a5d"
5.24262400106336e-07,0.666666666666667,0.784626785499874,0.277782982690784,0.971836397876646,"black"
5.24262400106336e-07,0.333333333333333,0.784626785499874,0.277782982690784,0.971836397876646,"black"
5.24262400106336e-07,1,0.784626785499874,0.277782982690784,0.971836397876646,"#e06a5d"
5.24262400106336e-07,1,0.784626785499874,0.277782982690784,0.971836397876646,"#e06a5d"
5.24262400106336e-07,1,0.784626785499874,0.277782982690784,0.971836397876646,"#e06a5d"
5.24262400106336e-07,0.666666666666667,0.784626785499874,0.277782982690784,0.971836397876646,"black"
5.24262400106336e-07,0.666666666666667,0.784626785499874,0.277782982690784,0.971836397876646,"black"
5.24262400106336e-07,1,0.784626785499874,0.277782982690784,0.971836397876646,"#e06a5d"
5.24262400106336e-07,0.666666666666667,0.784626785499874,0.277782982690784,0.971836397876646,"black"
5.24262400106336e-07,1,0.784626785499874,0.277782982690784,0.971836397876646,"#e06a5d"
5.24262400106336e-07,0.666666666666667,0.784626785499874,0.277782982690784,0.971836397876646,"black"
5.24262400106336e-07,1,0.784626785499874,0.277782982690784,0.971836397876646,"#e06a5d"
5.24262400106336e-07,1,0.784626785499874,0.277782982690784,0.971836397876646,"#e06a5d"
5.24262400106336e-07,0.666666666666667,0.784626785499874,0.277782982690784,0.971836397876646,"black"
5.24262400106336e-07,0.666666666666667,0.784626785499874,0.277782982690784,0.971836397876646,"black"
5.24262400106336e-07,0.666666666666667,0.784626785499874,0.277782982690784,0.971836397876646,"black"
5.24262400106336e-07,0.666666666666667,0.784626785499874,0.277782982690784,0.971836397876646,"black"
5.24262400106336e-07,1,0.784626785499874,0.277782982690784,0.971836397876646,"#e06a5d"
5.24262400106336e-07,0.333333333333333,0.784626785499874,0.277782982690784,0.971836397876646,"black"
5.24262400106336e-07,0.666666666666667,0.784626785499874,0.277782982690784,0.971836397876646,"black"
5.24262400106336e-07,1,0.784626785499874,0.277782982690784,0.971836397876646,"#e06a5d"
5.24262400106336e-07,0.666666666666667,0.784626785499874,0.277782982690784,0.971836397876646,"black"
5.24262400106336e-07,1,0.784626785499874,0.277782982690784,0.971836397876646,"#e06a5d"
5.24262400106336e-07,0.666666666666667,0.784626785499874,0.277782982690784,0.971836397876646,"black"
5.24262400106336e-07,0.666666666666667,0.784626785499874,0.277782982690784,0.971836397876646,"black"
5.24262400106336e-07,0.666666666666667,0.784626785499874,0.277782982690784,0.971836397876646,"black"
5.24262400106336e-07,1,0.784626785499874,0.277782982690784,0.971836397876646,"#e06a5d"
5.24262400106336e-07,0.666666666666667,0.784626785499874,0.277782982690784,0.971836397876646,"black"
5.24262400106336e-07,0.666666666666667,0.784626785499874,0.277782982690784,0.971836397876646,"black"
5.24262400106336e-07,0.666666666666667,0.784626785499874,0.277782982690784,0.971836397876646,"black"
5.24262400106336e-07,0.666666666666667,0.784626785499874,0.277782982690784,0.971836397876646,"black"
5.24262400106336e-07,0.666666666666667,0.784626785499874,0.277782982690784,0.971836397876646,"black"
5.24262400106336e-07,1,0.784626785499874,0.277782982690784,0.971836397876646,"#e06a5d"
5.24262400106336e-07,1,0.784626785499874,0.277782982690784,0.971836397876646,"#e06a5d"
5.24262400106336e-07,1,0.784626785499874,0.277782982690784,0.971836397876646,"#e06a5d"
5.24262400106336e-07,0.666666666666667,0.784626785499874,0.277782982690784,0.971836397876646,"black"
5.24262400106336e-07,0.666666666666667,0.784626785499874,0.277782982690784,0.971836397876646,"black"
5.24262400106336e-07,0.666666666666667,0.784626785499874,0.277782982690784,0.971836397876646,"black"
5.24262400106336e-07,0.333333333333333,0.784626785499874,0.277782982690784,0.971836397876646,"black"
5.24262400106336e-07,1,0.784626785499874,0.277782982690784,0.971836397876646,"#e06a5d"
5.24262400106336e-07,1,0.784626785499874,0.277782982690784,0.971836397876646,"#e06a5d"
5.24262400106336e-07,0.666666666666667,0.784626785499874,0.277782982690784,0.971836397876646,"black"
5.24262400106336e-07,0.666666666666667,0.784626785499874,0.277782982690784,0.971836397876646,"black"
5.24262400106336e-07,1,0.784626785499874,0.277782982690784,0.971836397876646,"#e06a5d"
5.24262400106336e-07,1,0.784626785499874,0.277782982690784,0.971836397876646,"#e06a5d"
5.24262400106336e-07,0.666666666666667,0.784626785499874,0.277782982690784,0.971836397876646,"black"
5.24262400106336e-07,0.333333333333333,0.784626785499874,0.277782982690784,0.971836397876646,"black"
5.24262400106336e-07,0.666666666666667,0.784626785499874,0.277782982690784,0.971836397876646,"black"
5.24262400106336e-07,0.333333333333333,0.784626785499874,0.277782982690784,0.971836397876646,"black"
5.24262400106336e-07,0.666666666666667,0.784626785499874,0.277782982690784,0.971836397876646,"black"
5.24262400106336e-07,1,0.784626785499874,0.277782982690784,0.971836397876646,"#e06a5d"
5.24262400106336e-07,0.666666666666667,0.784626785499874,0.277782982690784,0.971836397876646,"black"
5.24262400106336e-07,1,0.784626785499874,0.277782982690784,0.971836397876646,"#e06a5d"
5.24262400106336e-07,1,0.784626785499874,0.277782982690784,0.971836397876646,"#e06a5d"
5.24262400106336e-07,1,0.784626785499874,0.277782982690784,0.971836397876646,"#e06a5d"
5.24262400106336e-07,0.666666666666667,0.784626785499874,0.277782982690784,0.971836397876646,"black"
5.24262400106336e-07,1,0.784626785499874,0.277782982690784,0.971836397876646,"#e06a5d"
5.24262400106336e-07,1,0.784626785499874,0.277782982690784,0.971836397876646,"#e06a5d"
5.24262400106336e-07,0.333333333333333,0.784626785499874,0.277782982690784,0.971836397876646,"black"
5.24262400106336e-07,0.666666666666667,0.784626785499874,0.277782982690784,0.971836397876646,"black"
5.24262400106336e-07,1,0.784626785499874,0.277782982690784,0.971836397876646,"#e06a5d"
5.24262400106336e-07,1,0.784626785499874,0.277782982690784,0.971836397876646,"#e06a5d"
5.24262400106336e-07,0.666666666666667,0.784626785499874,0.277782982690784,0.971836397876646,"black"
5.24262400106336e-07,0.666666666666667,0.784626785499874,0.277782982690784,0.971836397876646,"black"
5.24262400106336e-07,1,0.784626785499874,0.277782982690784,0.971836397876646,"#e06a5d"
5.24262400106336e-07,0.666666666666667,0.784626785499874,0.277782982690784,0.971836397876646,"black"
5.24262400106336e-07,0.666666666666667,0.784626785499874,0.277782982690784,0.971836397876646,"black"
5.24262400106336e-07,1,0.784626785499874,0.277782982690784,0.971836397876646,"#e06a5d"
5.24262400106336e-07,0.666666666666667,0.784626785499874,0.277782982690784,0.971836397876646,"black"
5.24262400106336e-07,0.666666666666667,0.784626785499874,0.277782982690784,0.971836397876646,"black"
5.24262400106336e-07,0.333333333333333,0.784626785499874,0.277782982690784,0.971836397876646,"black"
5.24262400106336e-07,0.666666666666667,0.784626785499874,0.277782982690784,0.971836397876646,"black"
5.24262400106336e-07,0.666666666666667,0.784626785499874,0.277782982690784,0.971836397876646,"black"
5.24262400106336e-07,0.666666666666667,0.784626785499874,0.277782982690784,0.971836397876646,"black"
5.24262400106336e-07,0.666666666666667,0.784626785499874,0.277782982690784,0.971836397876646,"black"
5.24262400106336e-07,0.333333333333333,0.784626785499874,0.277782982690784,0.971836397876646,"black"
5.24262400106336e-07,1,0.784626785499874,0.277782982690784,0.971836397876646,"#e06a5d"
5.24262400106336e-07,0.666666666666667,0.784626785499874,0.277782982690784,0.971836397876646,"black"
5.24262400106336e-07,1,0.784626785499874,0.277782982690784,0.971836397876646,"#e06a5d"
5.24262400106336e-07,0.333333333333333,0.784626785499874,0.277782982690784,0.971836397876646,"black"
5.24262400106336e-07,1,0.784626785499874,0.277782982690784,0.971836397876646,"#e06a5d"
5.24262400106336e-07,0.333333333333333,0.784626785499874,0.277782982690784,0.971836397876646,"black"
5.24262400106336e-07,1,0.784626785499874,0.277782982690784,0.971836397876646,"#e06a5d"
5.24262400106336e-07,1,0.784626785499874,0.277782982690784,0.971836397876646,"#e06a5d"
5.24262400106336e-07,0.333333333333333,0.784626785499874,0.277782982690784,0.971836397876646,"black"
5.24262400106336e-07,1,0.784626785499874,0.277782982690784,0.971836397876646,"#e06a5d"
5.24262400106336e-07,0.666666666666667,0.784626785499874,0.277782982690784,0.971836397876646,"black"
5.24262400106336e-07,1,0.784626785499874,0.277782982690784,0.971836397876646,"#e06a5d"
5.24262400106336e-07,1,0.784626785499874,0.277782982690784,0.971836397876646,"#e06a5d"
5.24262400106336e-07,1,0.784626785499874,0.277782982690784,0.971836397876646,"#e06a5d"
5.24262400106336e-07,1,0.784626785499874,0.277782982690784,0.971836397876646,"#e06a5d"
5.24262400106336e-07,1,0.784626785499874,0.277782982690784,0.971836397876646,"#e06a5d"
5.24262400106336e-07,1,0.784626785499874,0.277782982690784,0.971836397876646,"#e06a5d"
5.24262400106336e-07,0.666666666666667,0.784626785499874,0.277782982690784,0.971836397876646,"black"
5.24262400106336e-07,1,0.784626785499874,0.277782982690784,0.971836397876646,"#e06a5d"
5.24262400106336e-07,1,0.784626785499874,0.277782982690784,0.971836397876646,"#e06a5d"
5.24262400106336e-07,0.666666666666667,0.784626785499874,0.277782982690784,0.971836397876646,"black"
5.24262400106336e-07,0.666666666666667,0.784626785499874,0.277782982690784,0.971836397876646,"black"
5.24262400106336e-07,0.666666666666667,0.784626785499874,0.277782982690784,0.971836397876646,"black"
5.24262400106336e-07,1,0.784626785499874,0.277782982690784,0.971836397876646,"#e06a5d"
5.24262400106336e-07,0.333333333333333,0.784626785499874,0.277782982690784,0.971836397876646,"black"
5.24262400106336e-07,0.333333333333333,0.784626785499874,0.277782982690784,0.971836397876646,"black"
5.24262400106336e-07,0.666666666666667,0.784626785499874,0.277782982690784,0.971836397876646,"black"
5.24262400106336e-07,0.666666666666667,0.784626785499874,0.277782982690784,0.971836397876646,"black"
5.24262400106336e-07,0.666666666666667,0.784626785499874,0.277782982690784,0.971836397876646,"black"
5.24262400106336e-07,0.666666666666667,0.784626785499874,0.277782982690784,0.971836397876646,"black"
5.24262400106336e-07,1,0.784626785499874,0.277782982690784,0.971836397876646,"#e06a5d"
5.24262400106336e-07,0.666666666666667,0.784626785499874,0.277782982690784,0.971836397876646,"black"
5.24262400106336e-07,0.666666666666667,0.784626785499874,0.277782982690784,0.971836397876646,"black"
5.24262400106336e-07,0.333333333333333,0.784626785499874,0.277782982690784,0.971836397876646,"black"
5.64590277037593e-07,1,0.813946206785713,0.296922372613806,0.978410314475753,"#e06a5d"
5.64590277037593e-07,1,0.813946206785713,0.296922372613806,0.978410314475753,"#e06a5d"
5.64590277037593e-07,0.666666666666667,0.813946206785713,0.296922372613806,0.978410314475753,"black"
5.64590277037593e-07,0.666666666666667,0.813946206785713,0.296922372613806,0.978410314475753,"black"
5.64590277037593e-07,0.666666666666667,0.813946206785713,0.296922372613806,0.978410314475753,"black"
5.64590277037593e-07,0.666666666666667,0.813946206785713,0.296922372613806,0.978410314475753,"black"
5.64590277037593e-07,1,0.813946206785713,0.296922372613806,0.978410314475753,"#e06a5d"
5.64590277037593e-07,0.666666666666667,0.813946206785713,0.296922372613806,0.978410314475753,"black"
5.64590277037593e-07,0.666666666666667,0.813946206785713,0.296922372613806,0.978410314475753,"black"
5.64590277037593e-07,1,0.813946206785713,0.296922372613806,0.978410314475753,"#e06a5d"
5.64590277037593e-07,0.666666666666667,0.813946206785713,0.296922372613806,0.978410314475753,"black"
5.64590277037593e-07,1,0.813946206785713,0.296922372613806,0.978410314475753,"#e06a5d"
5.64590277037593e-07,0.666666666666667,0.813946206785713,0.296922372613806,0.978410314475753,"black"
5.64590277037593e-07,1,0.813946206785713,0.296922372613806,0.978410314475753,"#e06a5d"
5.64590277037593e-07,0.666666666666667,0.813946206785713,0.296922372613806,0.978410314475753,"black"
5.64590277037593e-07,0.666666666666667,0.813946206785713,0.296922372613806,0.978410314475753,"black"
5.64590277037593e-07,1,0.813946206785713,0.296922372613806,0.978410314475753,"#e06a5d"
5.64590277037593e-07,1,0.813946206785713,0.296922372613806,0.978410314475753,"#e06a5d"
5.64590277037593e-07,1,0.813946206785713,0.296922372613806,0.978410314475753,"#e06a5d"
5.64590277037593e-07,0.666666666666667,0.813946206785713,0.296922372613806,0.978410314475753,"black"
5.64590277037593e-07,0.666666666666667,0.813946206785713,0.296922372613806,0.978410314475753,"black"
5.64590277037593e-07,1,0.813946206785713,0.296922372613806,0.978410314475753,"#e06a5d"
5.64590277037593e-07,1,0.813946206785713,0.296922372613806,0.978410314475753,"#e06a5d"
5.64590277037593e-07,1,0.813946206785713,0.296922372613806,0.978410314475753,"#e06a5d"
5.64590277037593e-07,1,0.813946206785713,0.296922372613806,0.978410314475753,"#e06a5d"
5.64590277037593e-07,1,0.813946206785713,0.296922372613806,0.978410314475753,"#e06a5d"
5.64590277037593e-07,1,0.813946206785713,0.296922372613806,0.978410314475753,"#e06a5d"
5.64590277037593e-07,0.666666666666667,0.813946206785713,0.296922372613806,0.978410314475753,"black"
5.64590277037593e-07,0.666666666666667,0.813946206785713,0.296922372613806,0.978410314475753,"black"
5.64590277037593e-07,1,0.813946206785713,0.296922372613806,0.978410314475753,"#e06a5d"
5.64590277037593e-07,0.666666666666667,0.813946206785713,0.296922372613806,0.978410314475753,"black"
5.64590277037593e-07,0.666666666666667,0.813946206785713,0.296922372613806,0.978410314475753,"black"
5.64590277037593e-07,0.666666666666667,0.813946206785713,0.296922372613806,0.978410314475753,"black"
5.64590277037593e-07,1,0.813946206785713,0.296922372613806,0.978410314475753,"#e06a5d"
5.64590277037593e-07,1,0.813946206785713,0.296922372613806,0.978410314475753,"#e06a5d"
5.64590277037593e-07,0.666666666666667,0.813946206785713,0.296922372613806,0.978410314475753,"black"
5.64590277037593e-07,0.666666666666667,0.813946206785713,0.296922372613806,0.978410314475753,"black"
5.64590277037593e-07,0.666666666666667,0.813946206785713,0.296922372613806,0.978410314475753,"black"
5.64590277037593e-07,1,0.813946206785713,0.296922372613806,0.978410314475753,"#e06a5d"
5.64590277037593e-07,0.333333333333333,0.813946206785713,0.296922372613806,0.978410314475753,"black"
5.64590277037593e-07,1,0.813946206785713,0.296922372613806,0.978410314475753,"#e06a5d"
5.64590277037593e-07,1,0.813946206785713,0.296922372613806,0.978410314475753,"#e06a5d"
5.64590277037593e-07,1,0.813946206785713,0.296922372613806,0.978410314475753,"#e06a5d"
5.64590277037593e-07,1,0.813946206785713,0.296922372613806,0.978410314475753,"#e06a5d"
5.64590277037593e-07,1,0.813946206785713,0.296922372613806,0.978410314475753,"#e06a5d"
5.64590277037593e-07,0.666666666666667,0.813946206785713,0.296922372613806,0.978410314475753,"black"
5.64590277037593e-07,0.333333333333333,0.813946206785713,0.296922372613806,0.978410314475753,"black"
5.64590277037593e-07,0.666666666666667,0.813946206785713,0.296922372613806,0.978410314475753,"black"
5.64590277037593e-07,0.666666666666667,0.813946206785713,0.296922372613806,0.978410314475753,"black"
5.64590277037593e-07,0.666666666666667,0.813946206785713,0.296922372613806,0.978410314475753,"black"
5.64590277037593e-07,1,0.813946206785713,0.296922372613806,0.978410314475753,"#e06a5d"
5.64590277037593e-07,0.666666666666667,0.813946206785713,0.296922372613806,0.978410314475753,"black"
5.64590277037593e-07,1,0.813946206785713,0.296922372613806,0.978410314475753,"#e06a5d"
5.64590277037593e-07,0.666666666666667,0.813946206785713,0.296922372613806,0.978410314475753,"black"
5.64590277037593e-07,0.666666666666667,0.813946206785713,0.296922372613806,0.978410314475753,"black"
5.64590277037593e-07,1,0.813946206785713,0.296922372613806,0.978410314475753,"#e06a5d"
5.64590277037593e-07,1,0.813946206785713,0.296922372613806,0.978410314475753,"#e06a5d"
5.64590277037593e-07,1,0.813946206785713,0.296922372613806,0.978410314475753,"#e06a5d"
5.64590277037593e-07,1,0.813946206785713,0.296922372613806,0.978410314475753,"#e06a5d"
5.64590277037593e-07,1,0.813946206785713,0.296922372613806,0.978410314475753,"#e06a5d"
5.64590277037593e-07,1,0.813946206785713,0.296922372613806,0.978410314475753,"#e06a5d"
5.64590277037593e-07,0.666666666666667,0.813946206785713,0.296922372613806,0.978410314475753,"black"
5.64590277037593e-07,0.666666666666667,0.813946206785713,0.296922372613806,0.978410314475753,"black"
5.64590277037593e-07,0.666666666666667,0.813946206785713,0.296922372613806,0.978410314475753,"black"
5.64590277037593e-07,0.333333333333333,0.813946206785713,0.296922372613806,0.978410314475753,"black"
5.64590277037593e-07,0.666666666666667,0.813946206785713,0.296922372613806,0.978410314475753,"black"
5.64590277037593e-07,0.666666666666667,0.813946206785713,0.296922372613806,0.978410314475753,"black"
5.64590277037593e-07,1,0.813946206785713,0.296922372613806,0.978410314475753,"#e06a5d"
5.64590277037593e-07,0.333333333333333,0.813946206785713,0.296922372613806,0.978410314475753,"black"
5.64590277037593e-07,0.666666666666667,0.813946206785713,0.296922372613806,0.978410314475753,"black"
5.64590277037593e-07,0.666666666666667,0.813946206785713,0.296922372613806,0.978410314475753,"black"
5.64590277037593e-07,0.666666666666667,0.813946206785713,0.296922372613806,0.978410314475753,"black"
5.64590277037593e-07,1,0.813946206785713,0.296922372613806,0.978410314475753,"#e06a5d"
5.64590277037593e-07,0.666666666666667,0.813946206785713,0.296922372613806,0.978410314475753,"black"
5.64590277037593e-07,0.666666666666667,0.813946206785713,0.296922372613806,0.978410314475753,"black"
5.64590277037593e-07,0.666666666666667,0.813946206785713,0.296922372613806,0.978410314475753,"black"
5.64590277037593e-07,0.666666666666667,0.813946206785713,0.296922372613806,0.978410314475753,"black"
5.64590277037593e-07,1,0.813946206785713,0.296922372613806,0.978410314475753,"#e06a5d"
5.64590277037593e-07,1,0.813946206785713,0.296922372613806,0.978410314475753,"#e06a5d"
5.64590277037593e-07,1,0.813946206785713,0.296922372613806,0.978410314475753,"#e06a5d"
5.64590277037593e-07,1,0.813946206785713,0.296922372613806,0.978410314475753,"#e06a5d"
5.64590277037593e-07,0.333333333333333,0.813946206785713,0.296922372613806,0.978410314475753,"black"
5.64590277037593e-07,0.333333333333333,0.813946206785713,0.296922372613806,0.978410314475753,"black"
5.64590277037593e-07,0.666666666666667,0.813946206785713,0.296922372613806,0.978410314475753,"black"
5.64590277037593e-07,0.666666666666667,0.813946206785713,0.296922372613806,0.978410314475753,"black"
5.64590277037593e-07,0.666666666666667,0.813946206785713,0.296922372613806,0.978410314475753,"black"
5.64590277037593e-07,1,0.813946206785713,0.296922372613806,0.978410314475753,"#e06a5d"
5.64590277037593e-07,0.666666666666667,0.813946206785713,0.296922372613806,0.978410314475753,"black"
5.64590277037593e-07,0.666666666666667,0.813946206785713,0.296922372613806,0.978410314475753,"black"
5.64590277037593e-07,0.666666666666667,0.813946206785713,0.296922372613806,0.978410314475753,"black"
5.64590277037593e-07,1,0.813946206785713,0.296922372613806,0.978410314475753,"#e06a5d"
5.64590277037593e-07,1,0.813946206785713,0.296922372613806,0.978410314475753,"#e06a5d"
5.64590277037593e-07,1,0.813946206785713,0.296922372613806,0.978410314475753,"#e06a5d"
5.64590277037593e-07,1,0.813946206785713,0.296922372613806,0.978410314475753,"#e06a5d"
5.64590277037593e-07,1,0.813946206785713,0.296922372613806,0.978410314475753,"#e06a5d"
5.64590277037593e-07,1,0.813946206785713,0.296922372613806,0.978410314475753,"#e06a5d"
5.64590277037593e-07,1,0.813946206785713,0.296922372613806,0.978410314475753,"#e06a5d"
5.64590277037593e-07,1,0.813946206785713,0.296922372613806,0.978410314475753,"#e06a5d"
5.64590277037593e-07,0.666666666666667,0.813946206785713,0.296922372613806,0.978410314475753,"black"
5.64590277037593e-07,1,0.813946206785713,0.296922372613806,0.978410314475753,"#e06a5d"
5.64590277037593e-07,1,0.813946206785713,0.296922372613806,0.978410314475753,"#e06a5d"
5.64590277037593e-07,0.666666666666667,0.813946206785713,0.296922372613806,0.978410314475753,"black"
5.64590277037593e-07,0.666666666666667,0.813946206785713,0.296922372613806,0.978410314475753,"black"
5.64590277037593e-07,0.333333333333333,0.813946206785713,0.296922372613806,0.978410314475753,"black"
5.64590277037593e-07,1,0.813946206785713,0.296922372613806,0.978410314475753,"#e06a5d"
5.64590277037593e-07,0.666666666666667,0.813946206785713,0.296922372613806,0.978410314475753,"black"
5.64590277037593e-07,0.666666666666667,0.813946206785713,0.296922372613806,0.978410314475753,"black"
5.64590277037593e-07,1,0.813946206785713,0.296922372613806,0.978410314475753,"#e06a5d"
5.64590277037593e-07,0.666666666666667,0.813946206785713,0.296922372613806,0.978410314475753,"black"
5.64590277037593e-07,1,0.813946206785713,0.296922372613806,0.978410314475753,"#e06a5d"
5.64590277037593e-07,1,0.813946206785713,0.296922372613806,0.978410314475753,"#e06a5d"
5.64590277037593e-07,0.666666666666667,0.813946206785713,0.296922372613806,0.978410314475753,"black"
5.64590277037593e-07,1,0.813946206785713,0.296922372613806,0.978410314475753,"#e06a5d"
5.64590277037593e-07,0.666666666666667,0.813946206785713,0.296922372613806,0.978410314475753,"black"
5.64590277037593e-07,1,0.813946206785713,0.296922372613806,0.978410314475753,"#e06a5d"
5.64590277037593e-07,1,0.813946206785713,0.296922372613806,0.978410314475753,"#e06a5d"
5.64590277037593e-07,0.666666666666667,0.813946206785713,0.296922372613806,0.978410314475753,"black"
5.64590277037593e-07,0.666666666666667,0.813946206785713,0.296922372613806,0.978410314475753,"black"
5.64590277037593e-07,0.666666666666667,0.813946206785713,0.296922372613806,0.978410314475753,"black"
5.64590277037593e-07,1,0.813946206785713,0.296922372613806,0.978410314475753,"#e06a5d"
5.64590277037593e-07,0.666666666666667,0.813946206785713,0.296922372613806,0.978410314475753,"black"
5.64590277037593e-07,0.666666666666667,0.813946206785713,0.296922372613806,0.978410314475753,"black"
5.64590277037593e-07,0.666666666666667,0.813946206785713,0.296922372613806,0.978410314475753,"black"
5.64590277037593e-07,0.666666666666667,0.813946206785713,0.296922372613806,0.978410314475753,"black"
5.64590277037593e-07,1,0.813946206785713,0.296922372613806,0.978410314475753,"#e06a5d"
6.0491815396885e-07,1,0.839780417957249,0.314408116870761,0.983581326780769,"#e06a5d"
6.0491815396885e-07,0.666666666666667,0.839780417957249,0.314408116870761,0.983581326780769,"black"
6.0491815396885e-07,1,0.839780417957249,0.314408116870761,0.983581326780769,"#e06a5d"
6.0491815396885e-07,1,0.839780417957249,0.314408116870761,0.983581326780769,"#e06a5d"
6.0491815396885e-07,1,0.839780417957249,0.314408116870761,0.983581326780769,"#e06a5d"
6.0491815396885e-07,1,0.839780417957249,0.314408116870761,0.983581326780769,"#e06a5d"
6.0491815396885e-07,1,0.839780417957249,0.314408116870761,0.983581326780769,"#e06a5d"
6.0491815396885e-07,1,0.839780417957249,0.314408116870761,0.983581326780769,"#e06a5d"
6.0491815396885e-07,1,0.839780417957249,0.314408116870761,0.983581326780769,"#e06a5d"
6.0491815396885e-07,1,0.839780417957249,0.314408116870761,0.983581326780769,"#e06a5d"
6.0491815396885e-07,0.666666666666667,0.839780417957249,0.314408116870761,0.983581326780769,"black"
6.0491815396885e-07,1,0.839780417957249,0.314408116870761,0.983581326780769,"#e06a5d"
6.0491815396885e-07,0.666666666666667,0.839780417957249,0.314408116870761,0.983581326780769,"black"
6.0491815396885e-07,0.666666666666667,0.839780417957249,0.314408116870761,0.983581326780769,"black"
6.0491815396885e-07,0.666666666666667,0.839780417957249,0.314408116870761,0.983581326780769,"black"
6.0491815396885e-07,1,0.839780417957249,0.314408116870761,0.983581326780769,"#e06a5d"
6.0491815396885e-07,1,0.839780417957249,0.314408116870761,0.983581326780769,"#e06a5d"
6.0491815396885e-07,0.666666666666667,0.839780417957249,0.314408116870761,0.983581326780769,"black"
6.0491815396885e-07,1,0.839780417957249,0.314408116870761,0.983581326780769,"#e06a5d"
6.0491815396885e-07,0.666666666666667,0.839780417957249,0.314408116870761,0.983581326780769,"black"
6.0491815396885e-07,0.666666666666667,0.839780417957249,0.314408116870761,0.983581326780769,"black"
6.0491815396885e-07,1,0.839780417957249,0.314408116870761,0.983581326780769,"#e06a5d"
6.0491815396885e-07,1,0.839780417957249,0.314408116870761,0.983581326780769,"#e06a5d"
6.0491815396885e-07,1,0.839780417957249,0.314408116870761,0.983581326780769,"#e06a5d"
6.0491815396885e-07,0.666666666666667,0.839780417957249,0.314408116870761,0.983581326780769,"black"
6.0491815396885e-07,0.666666666666667,0.839780417957249,0.314408116870761,0.983581326780769,"black"
6.0491815396885e-07,0.333333333333333,0.839780417957249,0.314408116870761,0.983581326780769,"black"
6.0491815396885e-07,0.666666666666667,0.839780417957249,0.314408116870761,0.983581326780769,"black"
6.0491815396885e-07,1,0.839780417957249,0.314408116870761,0.983581326780769,"#e06a5d"
6.0491815396885e-07,0.666666666666667,0.839780417957249,0.314408116870761,0.983581326780769,"black"
6.0491815396885e-07,1,0.839780417957249,0.314408116870761,0.983581326780769,"#e06a5d"
6.0491815396885e-07,1,0.839780417957249,0.314408116870761,0.983581326780769,"#e06a5d"
6.0491815396885e-07,1,0.839780417957249,0.314408116870761,0.983581326780769,"#e06a5d"
6.0491815396885e-07,0.666666666666667,0.839780417957249,0.314408116870761,0.983581326780769,"black"
6.0491815396885e-07,1,0.839780417957249,0.314408116870761,0.983581326780769,"#e06a5d"
6.0491815396885e-07,0.666666666666667,0.839780417957249,0.314408116870761,0.983581326780769,"black"
6.0491815396885e-07,0.666666666666667,0.839780417957249,0.314408116870761,0.983581326780769,"black"
6.0491815396885e-07,0.666666666666667,0.839780417957249,0.314408116870761,0.983581326780769,"black"
6.0491815396885e-07,1,0.839780417957249,0.314408116870761,0.983581326780769,"#e06a5d"
6.0491815396885e-07,0.666666666666667,0.839780417957249,0.314408116870761,0.983581326780769,"black"
6.0491815396885e-07,0.666666666666667,0.839780417957249,0.314408116870761,0.983581326780769,"black"
6.0491815396885e-07,1,0.839780417957249,0.314408116870761,0.983581326780769,"#e06a5d"
6.0491815396885e-07,0.666666666666667,0.839780417957249,0.314408116870761,0.983581326780769,"black"
6.0491815396885e-07,0.666666666666667,0.839780417957249,0.314408116870761,0.983581326780769,"black"
6.0491815396885e-07,1,0.839780417957249,0.314408116870761,0.983581326780769,"#e06a5d"
6.0491815396885e-07,0.666666666666667,0.839780417957249,0.314408116870761,0.983581326780769,"black"
6.0491815396885e-07,0.666666666666667,0.839780417957249,0.314408116870761,0.983581326780769,"black"
6.0491815396885e-07,1,0.839780417957249,0.314408116870761,0.983581326780769,"#e06a5d"
6.0491815396885e-07,0.333333333333333,0.839780417957249,0.314408116870761,0.983581326780769,"black"
6.0491815396885e-07,1,0.839780417957249,0.314408116870761,0.983581326780769,"#e06a5d"
6.0491815396885e-07,0.666666666666667,0.839780417957249,0.314408116870761,0.983581326780769,"black"
6.0491815396885e-07,1,0.839780417957249,0.314408116870761,0.983581326780769,"#e06a5d"
6.0491815396885e-07,0.666666666666667,0.839780417957249,0.314408116870761,0.983581326780769,"black"
6.0491815396885e-07,1,0.839780417957249,0.314408116870761,0.983581326780769,"#e06a5d"
6.0491815396885e-07,0.666666666666667,0.839780417957249,0.314408116870761,0.983581326780769,"black"
6.0491815396885e-07,1,0.839780417957249,0.314408116870761,0.983581326780769,"#e06a5d"
6.0491815396885e-07,1,0.839780417957249,0.314408116870761,0.983581326780769,"#e06a5d"
6.0491815396885e-07,0.666666666666667,0.839780417957249,0.314408116870761,0.983581326780769,"black"
6.0491815396885e-07,1,0.839780417957249,0.314408116870761,0.983581326780769,"#e06a5d"
6.0491815396885e-07,0.666666666666667,0.839780417957249,0.314408116870761,0.983581326780769,"black"
6.0491815396885e-07,0.666666666666667,0.839780417957249,0.314408116870761,0.983581326780769,"black"
6.0491815396885e-07,0.666666666666667,0.839780417957249,0.314408116870761,0.983581326780769,"black"
6.0491815396885e-07,1,0.839780417957249,0.314408116870761,0.983581326780769,"#e06a5d"
6.0491815396885e-07,0.666666666666667,0.839780417957249,0.314408116870761,0.983581326780769,"black"
6.0491815396885e-07,1,0.839780417957249,0.314408116870761,0.983581326780769,"#e06a5d"
6.0491815396885e-07,0.666666666666667,0.839780417957249,0.314408116870761,0.983581326780769,"black"
6.0491815396885e-07,1,0.839780417957249,0.314408116870761,0.983581326780769,"#e06a5d"
6.0491815396885e-07,0.666666666666667,0.839780417957249,0.314408116870761,0.983581326780769,"black"
6.0491815396885e-07,0.666666666666667,0.839780417957249,0.314408116870761,0.983581326780769,"black"
6.0491815396885e-07,1,0.839780417957249,0.314408116870761,0.983581326780769,"#e06a5d"
6.0491815396885e-07,0.666666666666667,0.839780417957249,0.314408116870761,0.983581326780769,"black"
6.0491815396885e-07,0.666666666666667,0.839780417957249,0.314408116870761,0.983581326780769,"black"
6.0491815396885e-07,1,0.839780417957249,0.314408116870761,0.983581326780769,"#e06a5d"
6.0491815396885e-07,1,0.839780417957249,0.314408116870761,0.983581326780769,"#e06a5d"
6.0491815396885e-07,0.333333333333333,0.839780417957249,0.314408116870761,0.983581326780769,"black"
6.0491815396885e-07,0.333333333333333,0.839780417957249,0.314408116870761,0.983581326780769,"black"
6.0491815396885e-07,0.666666666666667,0.839780417957249,0.314408116870761,0.983581326780769,"black"
6.0491815396885e-07,0.666666666666667,0.839780417957249,0.314408116870761,0.983581326780769,"black"
6.0491815396885e-07,1,0.839780417957249,0.314408116870761,0.983581326780769,"#e06a5d"
6.0491815396885e-07,0.666666666666667,0.839780417957249,0.314408116870761,0.983581326780769,"black"
6.0491815396885e-07,0.666666666666667,0.839780417957249,0.314408116870761,0.983581326780769,"black"
6.0491815396885e-07,1,0.839780417957249,0.314408116870761,0.983581326780769,"#e06a5d"
6.0491815396885e-07,0.666666666666667,0.839780417957249,0.314408116870761,0.983581326780769,"black"
6.0491815396885e-07,0.666666666666667,0.839780417957249,0.314408116870761,0.983581326780769,"black"
6.0491815396885e-07,0.666666666666667,0.839780417957249,0.314408116870761,0.983581326780769,"black"
6.0491815396885e-07,0.333333333333333,0.839780417957249,0.314408116870761,0.983581326780769,"black"
6.0491815396885e-07,1,0.839780417957249,0.314408116870761,0.983581326780769,"#e06a5d"
6.0491815396885e-07,0.666666666666667,0.839780417957249,0.314408116870761,0.983581326780769,"black"
6.0491815396885e-07,1,0.839780417957249,0.314408116870761,0.983581326780769,"#e06a5d"
6.0491815396885e-07,1,0.839780417957249,0.314408116870761,0.983581326780769,"#e06a5d"
6.0491815396885e-07,1,0.839780417957249,0.314408116870761,0.983581326780769,"#e06a5d"
6.0491815396885e-07,0.666666666666667,0.839780417957249,0.314408116870761,0.983581326780769,"black"
6.0491815396885e-07,0.666666666666667,0.839780417957249,0.314408116870761,0.983581326780769,"black"
6.0491815396885e-07,1,0.839780417957249,0.314408116870761,0.983581326780769,"#e06a5d"
6.0491815396885e-07,1,0.839780417957249,0.314408116870761,0.983581326780769,"#e06a5d"
6.0491815396885e-07,0.333333333333333,0.839780417957249,0.314408116870761,0.983581326780769,"black"
6.0491815396885e-07,0.666666666666667,0.839780417957249,0.314408116870761,0.983581326780769,"black"
6.0491815396885e-07,0.666666666666667,0.839780417957249,0.314408116870761,0.983581326780769,"black"
6.0491815396885e-07,1,0.839780417957249,0.314408116870761,0.983581326780769,"#e06a5d"
6.45246030900107e-07,1,0.862445247773249,0.330255006566303,0.987611627383393,"#e06a5d"
6.45246030900107e-07,1,0.862445247773249,0.330255006566303,0.987611627383393,"#e06a5d"
6.45246030900107e-07,0.666666666666667,0.862445247773249,0.330255006566303,0.987611627383393,"black"
6.45246030900107e-07,1,0.862445247773249,0.330255006566303,0.987611627383393,"#e06a5d"
6.45246030900107e-07,0.666666666666667,0.862445247773249,0.330255006566303,0.987611627383393,"black"
6.45246030900107e-07,0.666666666666667,0.862445247773249,0.330255006566303,0.987611627383393,"black"
6.45246030900107e-07,0.666666666666667,0.862445247773249,0.330255006566303,0.987611627383393,"black"
6.45246030900107e-07,0.666666666666667,0.862445247773249,0.330255006566303,0.987611627383393,"black"
6.45246030900107e-07,0.333333333333333,0.862445247773249,0.330255006566303,0.987611627383393,"black"
6.45246030900107e-07,0.666666666666667,0.862445247773249,0.330255006566303,0.987611627383393,"black"
6.45246030900107e-07,1,0.862445247773249,0.330255006566303,0.987611627383393,"#e06a5d"
6.45246030900107e-07,0.333333333333333,0.862445247773249,0.330255006566303,0.987611627383393,"black"
6.45246030900107e-07,0.666666666666667,0.862445247773249,0.330255006566303,0.987611627383393,"black"
6.45246030900107e-07,0.333333333333333,0.862445247773249,0.330255006566303,0.987611627383393,"black"
6.45246030900107e-07,0.333333333333333,0.862445247773249,0.330255006566303,0.987611627383393,"black"
6.45246030900107e-07,0.666666666666667,0.862445247773249,0.330255006566303,0.987611627383393,"black"
6.45246030900107e-07,1,0.862445247773249,0.330255006566303,0.987611627383393,"#e06a5d"
6.45246030900107e-07,0.666666666666667,0.862445247773249,0.330255006566303,0.987611627383393,"black"
6.45246030900107e-07,0.666666666666667,0.862445247773249,0.330255006566303,0.987611627383393,"black"
6.45246030900107e-07,1,0.862445247773249,0.330255006566303,0.987611627383393,"#e06a5d"
6.45246030900107e-07,0.666666666666667,0.862445247773249,0.330255006566303,0.987611627383393,"black"
6.45246030900107e-07,0.666666666666667,0.862445247773249,0.330255006566303,0.987611627383393,"black"
6.45246030900107e-07,0.666666666666667,0.862445247773249,0.330255006566303,0.987611627383393,"black"
6.45246030900107e-07,1,0.862445247773249,0.330255006566303,0.987611627383393,"#e06a5d"
6.45246030900107e-07,1,0.862445247773249,0.330255006566303,0.987611627383393,"#e06a5d"
6.45246030900107e-07,1,0.862445247773249,0.330255006566303,0.987611627383393,"#e06a5d"
6.45246030900107e-07,0.666666666666667,0.862445247773249,0.330255006566303,0.987611627383393,"black"
6.45246030900107e-07,1,0.862445247773249,0.330255006566303,0.987611627383393,"#e06a5d"
6.45246030900107e-07,1,0.862445247773249,0.330255006566303,0.987611627383393,"#e06a5d"
6.45246030900107e-07,1,0.862445247773249,0.330255006566303,0.987611627383393,"#e06a5d"
6.45246030900107e-07,0.333333333333333,0.862445247773249,0.330255006566303,0.987611627383393,"black"
6.45246030900107e-07,0.666666666666667,0.862445247773249,0.330255006566303,0.987611627383393,"black"
6.45246030900107e-07,0.666666666666667,0.862445247773249,0.330255006566303,0.987611627383393,"black"
6.45246030900107e-07,1,0.862445247773249,0.330255006566303,0.987611627383393,"#e06a5d"
6.45246030900107e-07,1,0.862445247773249,0.330255006566303,0.987611627383393,"#e06a5d"
6.45246030900107e-07,1,0.862445247773249,0.330255006566303,0.987611627383393,"#e06a5d"
6.45246030900107e-07,0.666666666666667,0.862445247773249,0.330255006566303,0.987611627383393,"black"
6.45246030900107e-07,0.666666666666667,0.862445247773249,0.330255006566303,0.987611627383393,"black"
6.45246030900107e-07,0.666666666666667,0.862445247773249,0.330255006566303,0.987611627383393,"black"
6.45246030900107e-07,1,0.862445247773249,0.330255006566303,0.987611627383393,"#e06a5d"
6.45246030900107e-07,0.666666666666667,0.862445247773249,0.330255006566303,0.987611627383393,"black"
6.45246030900107e-07,0.666666666666667,0.862445247773249,0.330255006566303,0.987611627383393,"black"
6.45246030900107e-07,0.666666666666667,0.862445247773249,0.330255006566303,0.987611627383393,"black"
6.45246030900107e-07,0.666666666666667,0.862445247773249,0.330255006566303,0.987611627383393,"black"
6.45246030900107e-07,0.333333333333333,0.862445247773249,0.330255006566303,0.987611627383393,"black"
6.45246030900107e-07,0.666666666666667,0.862445247773249,0.330255006566303,0.987611627383393,"black"
6.45246030900107e-07,0.666666666666667,0.862445247773249,0.330255006566303,0.987611627383393,"black"
6.45246030900107e-07,0.666666666666667,0.862445247773249,0.330255006566303,0.987611627383393,"black"
6.45246030900107e-07,0.666666666666667,0.862445247773249,0.330255006566303,0.987611627383393,"black"
6.45246030900107e-07,0.666666666666667,0.862445247773249,0.330255006566303,0.987611627383393,"black"
6.45246030900107e-07,1,0.862445247773249,0.330255006566303,0.987611627383393,"#e06a5d"
6.45246030900107e-07,1,0.862445247773249,0.330255006566303,0.987611627383393,"#e06a5d"
6.45246030900107e-07,1,0.862445247773249,0.330255006566303,0.987611627383393,"#e06a5d"
6.45246030900107e-07,0.666666666666667,0.862445247773249,0.330255006566303,0.987611627383393,"black"
6.45246030900107e-07,1,0.862445247773249,0.330255006566303,0.987611627383393,"#e06a5d"
6.45246030900107e-07,1,0.862445247773249,0.330255006566303,0.987611627383393,"#e06a5d"
6.45246030900107e-07,0.333333333333333,0.862445247773249,0.330255006566303,0.987611627383393,"black"
6.45246030900107e-07,0.333333333333333,0.862445247773249,0.330255006566303,0.987611627383393,"black"
6.45246030900107e-07,1,0.862445247773249,0.330255006566303,0.987611627383393,"#e06a5d"
6.45246030900107e-07,0.666666666666667,0.862445247773249,0.330255006566303,0.987611627383393,"black"
6.45246030900107e-07,0.666666666666667,0.862445247773249,0.330255006566303,0.987611627383393,"black"
6.45246030900107e-07,0.666666666666667,0.862445247773249,0.330255006566303,0.987611627383393,"black"
6.45246030900107e-07,1,0.862445247773249,0.330255006566303,0.987611627383393,"#e06a5d"
6.45246030900107e-07,1,0.862445247773249,0.330255006566303,0.987611627383393,"#e06a5d"
6.45246030900107e-07,0.666666666666667,0.862445247773249,0.330255006566303,0.987611627383393,"black"
6.45246030900107e-07,0.666666666666667,0.862445247773249,0.330255006566303,0.987611627383393,"black"
6.45246030900107e-07,1,0.862445247773249,0.330255006566303,0.987611627383393,"#e06a5d"
6.45246030900107e-07,0.666666666666667,0.862445247773249,0.330255006566303,0.987611627383393,"black"
6.45246030900107e-07,1,0.862445247773249,0.330255006566303,0.987611627383393,"#e06a5d"
6.45246030900107e-07,1,0.862445247773249,0.330255006566303,0.987611627383393,"#e06a5d"
6.45246030900107e-07,0.666666666666667,0.862445247773249,0.330255006566303,0.987611627383393,"black"
6.45246030900107e-07,0.333333333333333,0.862445247773249,0.330255006566303,0.987611627383393,"black"
6.45246030900107e-07,0.666666666666667,0.862445247773249,0.330255006566303,0.987611627383393,"black"
6.45246030900107e-07,1,0.862445247773249,0.330255006566303,0.987611627383393,"#e06a5d"
6.45246030900107e-07,0.666666666666667,0.862445247773249,0.330255006566303,0.987611627383393,"black"
6.45246030900107e-07,1,0.862445247773249,0.330255006566303,0.987611627383393,"#e06a5d"
6.45246030900107e-07,1,0.862445247773249,0.330255006566303,0.987611627383393,"#e06a5d"
6.45246030900107e-07,0.333333333333333,0.862445247773249,0.330255006566303,0.987611627383393,"black"
6.45246030900107e-07,0.666666666666667,0.862445247773249,0.330255006566303,0.987611627383393,"black"
6.45246030900107e-07,0.666666666666667,0.862445247773249,0.330255006566303,0.987611627383393,"black"
6.45246030900107e-07,0.333333333333333,0.862445247773249,0.330255006566303,0.987611627383393,"black"
6.45246030900107e-07,0.666666666666667,0.862445247773249,0.330255006566303,0.987611627383393,"black"
6.45246030900107e-07,0.333333333333333,0.862445247773249,0.330255006566303,0.987611627383393,"black"
6.85573907831363e-07,1,0.882248215530387,0.344509535912934,0.99072441831989,"#e06a5d"
6.85573907831363e-07,1,0.882248215530387,0.344509535912934,0.99072441831989,"#e06a5d"
6.85573907831363e-07,0.666666666666667,0.882248215530387,0.344509535912934,0.99072441831989,"black"
6.85573907831363e-07,0.666666666666667,0.882248215530387,0.344509535912934,0.99072441831989,"black"
6.85573907831363e-07,1,0.882248215530387,0.344509535912934,0.99072441831989,"#e06a5d"
6.85573907831363e-07,1,0.882248215530387,0.344509535912934,0.99072441831989,"#e06a5d"
6.85573907831363e-07,1,0.882248215530387,0.344509535912934,0.99072441831989,"#e06a5d"
6.85573907831363e-07,1,0.882248215530387,0.344509535912934,0.99072441831989,"#e06a5d"
6.85573907831363e-07,0.666666666666667,0.882248215530387,0.344509535912934,0.99072441831989,"black"
6.85573907831363e-07,1,0.882248215530387,0.344509535912934,0.99072441831989,"#e06a5d"
6.85573907831363e-07,1,0.882248215530387,0.344509535912934,0.99072441831989,"#e06a5d"
6.85573907831363e-07,0.333333333333333,0.882248215530387,0.344509535912934,0.99072441831989,"#00a4ac"
6.85573907831363e-07,1,0.882248215530387,0.344509535912934,0.99072441831989,"#e06a5d"
6.85573907831363e-07,0.666666666666667,0.882248215530387,0.344509535912934,0.99072441831989,"black"
6.85573907831363e-07,1,0.882248215530387,0.344509535912934,0.99072441831989,"#e06a5d"
6.85573907831363e-07,0.333333333333333,0.882248215530387,0.344509535912934,0.99072441831989,"#00a4ac"
6.85573907831363e-07,1,0.882248215530387,0.344509535912934,0.99072441831989,"#e06a5d"
6.85573907831363e-07,1,0.882248215530387,0.344509535912934,0.99072441831989,"#e06a5d"
6.85573907831363e-07,0.666666666666667,0.882248215530387,0.344509535912934,0.99072441831989,"black"
6.85573907831363e-07,0.666666666666667,0.882248215530387,0.344509535912934,0.99072441831989,"black"
6.85573907831363e-07,1,0.882248215530387,0.344509535912934,0.99072441831989,"#e06a5d"
6.85573907831363e-07,1,0.882248215530387,0.344509535912934,0.99072441831989,"#e06a5d"
6.85573907831363e-07,1,0.882248215530387,0.344509535912934,0.99072441831989,"#e06a5d"
6.85573907831363e-07,1,0.882248215530387,0.344509535912934,0.99072441831989,"#e06a5d"
6.85573907831363e-07,1,0.882248215530387,0.344509535912934,0.99072441831989,"#e06a5d"
6.85573907831363e-07,1,0.882248215530387,0.344509535912934,0.99072441831989,"#e06a5d"
6.85573907831363e-07,0.666666666666667,0.882248215530387,0.344509535912934,0.99072441831989,"black"
6.85573907831363e-07,1,0.882248215530387,0.344509535912934,0.99072441831989,"#e06a5d"
6.85573907831363e-07,0.666666666666667,0.882248215530387,0.344509535912934,0.99072441831989,"black"
6.85573907831363e-07,0.666666666666667,0.882248215530387,0.344509535912934,0.99072441831989,"black"
6.85573907831363e-07,0.666666666666667,0.882248215530387,0.344509535912934,0.99072441831989,"black"
6.85573907831363e-07,1,0.882248215530387,0.344509535912934,0.99072441831989,"#e06a5d"
6.85573907831363e-07,1,0.882248215530387,0.344509535912934,0.99072441831989,"#e06a5d"
6.85573907831363e-07,0.666666666666667,0.882248215530387,0.344509535912934,0.99072441831989,"black"
6.85573907831363e-07,0.666666666666667,0.882248215530387,0.344509535912934,0.99072441831989,"black"
6.85573907831363e-07,1,0.882248215530387,0.344509535912934,0.99072441831989,"#e06a5d"
6.85573907831363e-07,0.666666666666667,0.882248215530387,0.344509535912934,0.99072441831989,"black"
6.85573907831363e-07,0.666666666666667,0.882248215530387,0.344509535912934,0.99072441831989,"black"
6.85573907831363e-07,0.666666666666667,0.882248215530387,0.344509535912934,0.99072441831989,"black"
6.85573907831363e-07,0.666666666666667,0.882248215530387,0.344509535912934,0.99072441831989,"black"
6.85573907831363e-07,0.666666666666667,0.882248215530387,0.344509535912934,0.99072441831989,"black"
6.85573907831363e-07,1,0.882248215530387,0.344509535912934,0.99072441831989,"#e06a5d"
6.85573907831363e-07,1,0.882248215530387,0.344509535912934,0.99072441831989,"#e06a5d"
6.85573907831363e-07,1,0.882248215530387,0.344509535912934,0.99072441831989,"#e06a5d"
6.85573907831363e-07,1,0.882248215530387,0.344509535912934,0.99072441831989,"#e06a5d"
6.85573907831363e-07,1,0.882248215530387,0.344509535912934,0.99072441831989,"#e06a5d"
6.85573907831363e-07,1,0.882248215530387,0.344509535912934,0.99072441831989,"#e06a5d"
6.85573907831363e-07,0.666666666666667,0.882248215530387,0.344509535912934,0.99072441831989,"black"
6.85573907831363e-07,1,0.882248215530387,0.344509535912934,0.99072441831989,"#e06a5d"
6.85573907831363e-07,0.666666666666667,0.882248215530387,0.344509535912934,0.99072441831989,"black"
6.85573907831363e-07,0.666666666666667,0.882248215530387,0.344509535912934,0.99072441831989,"black"
6.85573907831363e-07,1,0.882248215530387,0.344509535912934,0.99072441831989,"#e06a5d"
6.85573907831363e-07,1,0.882248215530387,0.344509535912934,0.99072441831989,"#e06a5d"
6.85573907831363e-07,0.666666666666667,0.882248215530387,0.344509535912934,0.99072441831989,"black"
6.85573907831363e-07,1,0.882248215530387,0.344509535912934,0.99072441831989,"#e06a5d"
6.85573907831363e-07,1,0.882248215530387,0.344509535912934,0.99072441831989,"#e06a5d"
6.85573907831363e-07,0.666666666666667,0.882248215530387,0.344509535912934,0.99072441831989,"black"
6.85573907831363e-07,1,0.882248215530387,0.344509535912934,0.99072441831989,"#e06a5d"
6.85573907831363e-07,0.666666666666667,0.882248215530387,0.344509535912934,0.99072441831989,"black"
6.85573907831363e-07,1,0.882248215530387,0.344509535912934,0.99072441831989,"#e06a5d"
6.85573907831363e-07,1,0.882248215530387,0.344509535912934,0.99072441831989,"#e06a5d"
6.85573907831363e-07,1,0.882248215530387,0.344509535912934,0.99072441831989,"#e06a5d"
6.85573907831363e-07,0.666666666666667,0.882248215530387,0.344509535912934,0.99072441831989,"black"
6.85573907831363e-07,0.666666666666667,0.882248215530387,0.344509535912934,0.99072441831989,"black"
6.85573907831363e-07,0.666666666666667,0.882248215530387,0.344509535912934,0.99072441831989,"black"
6.85573907831363e-07,1,0.882248215530387,0.344509535912934,0.99072441831989,"#e06a5d"
6.85573907831363e-07,1,0.882248215530387,0.344509535912934,0.99072441831989,"#e06a5d"
6.85573907831363e-07,1,0.882248215530387,0.344509535912934,0.99072441831989,"#e06a5d"
6.85573907831363e-07,1,0.882248215530387,0.344509535912934,0.99072441831989,"#e06a5d"
6.85573907831363e-07,1,0.882248215530387,0.344509535912934,0.99072441831989,"#e06a5d"
6.85573907831363e-07,1,0.882248215530387,0.344509535912934,0.99072441831989,"#e06a5d"
6.85573907831363e-07,0.666666666666667,0.882248215530387,0.344509535912934,0.99072441831989,"black"
6.85573907831363e-07,0.666666666666667,0.882248215530387,0.344509535912934,0.99072441831989,"black"
6.85573907831363e-07,1,0.882248215530387,0.344509535912934,0.99072441831989,"#e06a5d"
6.85573907831363e-07,0.666666666666667,0.882248215530387,0.344509535912934,0.99072441831989,"black"
6.85573907831363e-07,0.666666666666667,0.882248215530387,0.344509535912934,0.99072441831989,"black"
6.85573907831363e-07,0.666666666666667,0.882248215530387,0.344509535912934,0.99072441831989,"black"
6.85573907831363e-07,1,0.882248215530387,0.344509535912934,0.99072441831989,"#e06a5d"
6.85573907831363e-07,1,0.882248215530387,0.344509535912934,0.99072441831989,"#e06a5d"
6.85573907831363e-07,1,0.882248215530387,0.344509535912934,0.99072441831989,"#e06a5d"
6.85573907831363e-07,0.666666666666667,0.882248215530387,0.344509535912934,0.99072441831989,"black"
6.85573907831363e-07,0.666666666666667,0.882248215530387,0.344509535912934,0.99072441831989,"black"
6.85573907831363e-07,0.666666666666667,0.882248215530387,0.344509535912934,0.99072441831989,"black"
6.85573907831363e-07,1,0.882248215530387,0.344509535912934,0.99072441831989,"#e06a5d"
6.85573907831363e-07,1,0.882248215530387,0.344509535912934,0.99072441831989,"#e06a5d"
6.85573907831363e-07,0.666666666666667,0.882248215530387,0.344509535912934,0.99072441831989,"black"
6.85573907831363e-07,0.666666666666667,0.882248215530387,0.344509535912934,0.99072441831989,"black"
6.85573907831363e-07,0.666666666666667,0.882248215530387,0.344509535912934,0.99072441831989,"black"
6.85573907831363e-07,1,0.882248215530387,0.344509535912934,0.99072441831989,"#e06a5d"
6.85573907831363e-07,1,0.882248215530387,0.344509535912934,0.99072441831989,"#e06a5d"
6.85573907831363e-07,1,0.882248215530387,0.344509535912934,0.99072441831989,"#e06a5d"
6.85573907831363e-07,0.666666666666667,0.882248215530387,0.344509535912934,0.99072441831989,"black"
6.85573907831363e-07,0.666666666666667,0.882248215530387,0.344509535912934,0.99072441831989,"black"
7.2590178476262e-07,0.666666666666667,0.899483613770733,0.357242353839411,0.993107146967964,"black"
7.2590178476262e-07,1,0.899483613770733,0.357242353839411,0.993107146967964,"#e06a5d"
7.2590178476262e-07,1,0.899483613770733,0.357242353839411,0.993107146967964,"#e06a5d"
7.2590178476262e-07,1,0.899483613770733,0.357242353839411,0.993107146967964,"#e06a5d"
7.2590178476262e-07,1,0.899483613770733,0.357242353839411,0.993107146967964,"#e06a5d"
7.2590178476262e-07,1,0.899483613770733,0.357242353839411,0.993107146967964,"#e06a5d"
7.2590178476262e-07,1,0.899483613770733,0.357242353839411,0.993107146967964,"#e06a5d"
7.2590178476262e-07,1,0.899483613770733,0.357242353839411,0.993107146967964,"#e06a5d"
7.2590178476262e-07,0.666666666666667,0.899483613770733,0.357242353839411,0.993107146967964,"black"
7.2590178476262e-07,1,0.899483613770733,0.357242353839411,0.993107146967964,"#e06a5d"
7.2590178476262e-07,1,0.899483613770733,0.357242353839411,0.993107146967964,"#e06a5d"
7.2590178476262e-07,1,0.899483613770733,0.357242353839411,0.993107146967964,"#e06a5d"
7.2590178476262e-07,1,0.899483613770733,0.357242353839411,0.993107146967964,"#e06a5d"
7.2590178476262e-07,0.666666666666667,0.899483613770733,0.357242353839411,0.993107146967964,"black"
7.2590178476262e-07,1,0.899483613770733,0.357242353839411,0.993107146967964,"#e06a5d"
7.2590178476262e-07,1,0.899483613770733,0.357242353839411,0.993107146967964,"#e06a5d"
7.2590178476262e-07,1,0.899483613770733,0.357242353839411,0.993107146967964,"#e06a5d"
7.2590178476262e-07,1,0.899483613770733,0.357242353839411,0.993107146967964,"#e06a5d"
7.2590178476262e-07,1,0.899483613770733,0.357242353839411,0.993107146967964,"#e06a5d"
7.2590178476262e-07,1,0.899483613770733,0.357242353839411,0.993107146967964,"#e06a5d"
7.2590178476262e-07,1,0.899483613770733,0.357242353839411,0.993107146967964,"#e06a5d"
7.2590178476262e-07,0.666666666666667,0.899483613770733,0.357242353839411,0.993107146967964,"black"
7.2590178476262e-07,0.666666666666667,0.899483613770733,0.357242353839411,0.993107146967964,"black"
7.2590178476262e-07,1,0.899483613770733,0.357242353839411,0.993107146967964,"#e06a5d"
7.2590178476262e-07,1,0.899483613770733,0.357242353839411,0.993107146967964,"#e06a5d"
7.2590178476262e-07,1,0.899483613770733,0.357242353839411,0.993107146967964,"#e06a5d"
7.2590178476262e-07,1,0.899483613770733,0.357242353839411,0.993107146967964,"#e06a5d"
7.2590178476262e-07,1,0.899483613770733,0.357242353839411,0.993107146967964,"#e06a5d"
7.2590178476262e-07,1,0.899483613770733,0.357242353839411,0.993107146967964,"#e06a5d"
7.2590178476262e-07,1,0.899483613770733,0.357242353839411,0.993107146967964,"#e06a5d"
7.2590178476262e-07,1,0.899483613770733,0.357242353839411,0.993107146967964,"#e06a5d"
7.2590178476262e-07,1,0.899483613770733,0.357242353839411,0.993107146967964,"#e06a5d"
7.2590178476262e-07,1,0.899483613770733,0.357242353839411,0.993107146967964,"#e06a5d"
7.2590178476262e-07,1,0.899483613770733,0.357242353839411,0.993107146967964,"#e06a5d"
7.2590178476262e-07,1,0.899483613770733,0.357242353839411,0.993107146967964,"#e06a5d"
7.2590178476262e-07,0.333333333333333,0.899483613770733,0.357242353839411,0.993107146967964,"#00a4ac"
7.2590178476262e-07,1,0.899483613770733,0.357242353839411,0.993107146967964,"#e06a5d"
7.2590178476262e-07,0.666666666666667,0.899483613770733,0.357242353839411,0.993107146967964,"black"
7.2590178476262e-07,0.666666666666667,0.899483613770733,0.357242353839411,0.993107146967964,"black"
7.2590178476262e-07,1,0.899483613770733,0.357242353839411,0.993107146967964,"#e06a5d"
7.2590178476262e-07,1,0.899483613770733,0.357242353839411,0.993107146967964,"#e06a5d"
7.2590178476262e-07,0.666666666666667,0.899483613770733,0.357242353839411,0.993107146967964,"black"
7.2590178476262e-07,0.333333333333333,0.899483613770733,0.357242353839411,0.993107146967964,"#00a4ac"
7.2590178476262e-07,0.666666666666667,0.899483613770733,0.357242353839411,0.993107146967964,"black"
7.2590178476262e-07,1,0.899483613770733,0.357242353839411,0.993107146967964,"#e06a5d"
7.2590178476262e-07,0.666666666666667,0.899483613770733,0.357242353839411,0.993107146967964,"black"
7.2590178476262e-07,0.666666666666667,0.899483613770733,0.357242353839411,0.993107146967964,"black"
7.2590178476262e-07,1,0.899483613770733,0.357242353839411,0.993107146967964,"#e06a5d"
7.2590178476262e-07,0.666666666666667,0.899483613770733,0.357242353839411,0.993107146967964,"black"
7.2590178476262e-07,0.333333333333333,0.899483613770733,0.357242353839411,0.993107146967964,"#00a4ac"
7.2590178476262e-07,0.666666666666667,0.899483613770733,0.357242353839411,0.993107146967964,"black"
7.2590178476262e-07,0.666666666666667,0.899483613770733,0.357242353839411,0.993107146967964,"black"
7.2590178476262e-07,0.666666666666667,0.899483613770733,0.357242353839411,0.993107146967964,"black"
7.2590178476262e-07,0.666666666666667,0.899483613770733,0.357242353839411,0.993107146967964,"black"
7.2590178476262e-07,1,0.899483613770733,0.357242353839411,0.993107146967964,"#e06a5d"
7.2590178476262e-07,1,0.899483613770733,0.357242353839411,0.993107146967964,"#e06a5d"
7.2590178476262e-07,1,0.899483613770733,0.357242353839411,0.993107146967964,"#e06a5d"
7.2590178476262e-07,0.666666666666667,0.899483613770733,0.357242353839411,0.993107146967964,"black"
7.2590178476262e-07,0.666666666666667,0.899483613770733,0.357242353839411,0.993107146967964,"black"
7.2590178476262e-07,1,0.899483613770733,0.357242353839411,0.993107146967964,"#e06a5d"
7.2590178476262e-07,0.666666666666667,0.899483613770733,0.357242353839411,0.993107146967964,"black"
7.2590178476262e-07,0.666666666666667,0.899483613770733,0.357242353839411,0.993107146967964,"black"
7.2590178476262e-07,0.666666666666667,0.899483613770733,0.357242353839411,0.993107146967964,"black"
7.2590178476262e-07,1,0.899483613770733,0.357242353839411,0.993107146967964,"#e06a5d"
7.2590178476262e-07,0.666666666666667,0.899483613770733,0.357242353839411,0.993107146967964,"black"
7.2590178476262e-07,1,0.899483613770733,0.357242353839411,0.993107146967964,"#e06a5d"
7.2590178476262e-07,0.333333333333333,0.899483613770733,0.357242353839411,0.993107146967964,"#00a4ac"
7.2590178476262e-07,1,0.899483613770733,0.357242353839411,0.993107146967964,"#e06a5d"
7.2590178476262e-07,1,0.899483613770733,0.357242353839411,0.993107146967964,"#e06a5d"
7.2590178476262e-07,0.666666666666667,0.899483613770733,0.357242353839411,0.993107146967964,"black"
7.2590178476262e-07,1,0.899483613770733,0.357242353839411,0.993107146967964,"#e06a5d"
7.2590178476262e-07,0.666666666666667,0.899483613770733,0.357242353839411,0.993107146967964,"black"
7.2590178476262e-07,0.666666666666667,0.899483613770733,0.357242353839411,0.993107146967964,"black"
7.2590178476262e-07,0.666666666666667,0.899483613770733,0.357242353839411,0.993107146967964,"black"
7.2590178476262e-07,0.666666666666667,0.899483613770733,0.357242353839411,0.993107146967964,"black"
7.2590178476262e-07,1,0.899483613770733,0.357242353839411,0.993107146967964,"#e06a5d"
7.2590178476262e-07,1,0.899483613770733,0.357242353839411,0.993107146967964,"#e06a5d"
7.2590178476262e-07,1,0.899483613770733,0.357242353839411,0.993107146967964,"#e06a5d"
7.2590178476262e-07,1,0.899483613770733,0.357242353839411,0.993107146967964,"#e06a5d"
7.2590178476262e-07,1,0.899483613770733,0.357242353839411,0.993107146967964,"#e06a5d"
7.2590178476262e-07,1,0.899483613770733,0.357242353839411,0.993107146967964,"#e06a5d"
7.2590178476262e-07,0.333333333333333,0.899483613770733,0.357242353839411,0.993107146967964,"#00a4ac"
7.2590178476262e-07,1,0.899483613770733,0.357242353839411,0.993107146967964,"#e06a5d"
7.66229661693876e-07,1,0.914429073572965,0.368541632797042,0.994915124980461,"#e06a5d"
7.66229661693876e-07,1,0.914429073572965,0.368541632797042,0.994915124980461,"#e06a5d"
7.66229661693876e-07,1,0.914429073572965,0.368541632797042,0.994915124980461,"#e06a5d"
7.66229661693876e-07,1,0.914429073572965,0.368541632797042,0.994915124980461,"#e06a5d"
7.66229661693876e-07,0.666666666666667,0.914429073572965,0.368541632797042,0.994915124980461,"black"
7.66229661693876e-07,0.666666666666667,0.914429073572965,0.368541632797042,0.994915124980461,"black"
7.66229661693876e-07,1,0.914429073572965,0.368541632797042,0.994915124980461,"#e06a5d"
7.66229661693876e-07,1,0.914429073572965,0.368541632797042,0.994915124980461,"#e06a5d"
7.66229661693876e-07,1,0.914429073572965,0.368541632797042,0.994915124980461,"#e06a5d"
7.66229661693876e-07,0.666666666666667,0.914429073572965,0.368541632797042,0.994915124980461,"black"
7.66229661693876e-07,0.666666666666667,0.914429073572965,0.368541632797042,0.994915124980461,"black"
7.66229661693876e-07,0.666666666666667,0.914429073572965,0.368541632797042,0.994915124980461,"black"
7.66229661693876e-07,0.666666666666667,0.914429073572965,0.368541632797042,0.994915124980461,"black"
7.66229661693876e-07,1,0.914429073572965,0.368541632797042,0.994915124980461,"#e06a5d"
7.66229661693876e-07,0.666666666666667,0.914429073572965,0.368541632797042,0.994915124980461,"black"
7.66229661693876e-07,0.666666666666667,0.914429073572965,0.368541632797042,0.994915124980461,"black"
7.66229661693876e-07,1,0.914429073572965,0.368541632797042,0.994915124980461,"#e06a5d"
7.66229661693876e-07,0.666666666666667,0.914429073572965,0.368541632797042,0.994915124980461,"black"
7.66229661693876e-07,0.666666666666667,0.914429073572965,0.368541632797042,0.994915124980461,"black"
7.66229661693876e-07,0.666666666666667,0.914429073572965,0.368541632797042,0.994915124980461,"black"
7.66229661693876e-07,1,0.914429073572965,0.368541632797042,0.994915124980461,"#e06a5d"
7.66229661693876e-07,0.666666666666667,0.914429073572965,0.368541632797042,0.994915124980461,"black"
7.66229661693876e-07,1,0.914429073572965,0.368541632797042,0.994915124980461,"#e06a5d"
7.66229661693876e-07,1,0.914429073572965,0.368541632797042,0.994915124980461,"#e06a5d"
7.66229661693876e-07,1,0.914429073572965,0.368541632797042,0.994915124980461,"#e06a5d"
7.66229661693876e-07,1,0.914429073572965,0.368541632797042,0.994915124980461,"#e06a5d"
7.66229661693876e-07,1,0.914429073572965,0.368541632797042,0.994915124980461,"#e06a5d"
7.66229661693876e-07,1,0.914429073572965,0.368541632797042,0.994915124980461,"#e06a5d"
7.66229661693876e-07,0.666666666666667,0.914429073572965,0.368541632797042,0.994915124980461,"black"
7.66229661693876e-07,1,0.914429073572965,0.368541632797042,0.994915124980461,"#e06a5d"
7.66229661693876e-07,0.333333333333333,0.914429073572965,0.368541632797042,0.994915124980461,"#00a4ac"
7.66229661693876e-07,0.666666666666667,0.914429073572965,0.368541632797042,0.994915124980461,"black"
7.66229661693876e-07,1,0.914429073572965,0.368541632797042,0.994915124980461,"#e06a5d"
7.66229661693876e-07,1,0.914429073572965,0.368541632797042,0.994915124980461,"#e06a5d"
7.66229661693876e-07,1,0.914429073572965,0.368541632797042,0.994915124980461,"#e06a5d"
7.66229661693876e-07,0.666666666666667,0.914429073572965,0.368541632797042,0.994915124980461,"black"
7.66229661693876e-07,1,0.914429073572965,0.368541632797042,0.994915124980461,"#e06a5d"
7.66229661693876e-07,1,0.914429073572965,0.368541632797042,0.994915124980461,"#e06a5d"
7.66229661693876e-07,0.333333333333333,0.914429073572965,0.368541632797042,0.994915124980461,"#00a4ac"
7.66229661693876e-07,1,0.914429073572965,0.368541632797042,0.994915124980461,"#e06a5d"
7.66229661693876e-07,1,0.914429073572965,0.368541632797042,0.994915124980461,"#e06a5d"
7.66229661693876e-07,0.666666666666667,0.914429073572965,0.368541632797042,0.994915124980461,"black"
7.66229661693876e-07,1,0.914429073572965,0.368541632797042,0.994915124980461,"#e06a5d"
7.66229661693876e-07,0.666666666666667,0.914429073572965,0.368541632797042,0.994915124980461,"black"
7.66229661693876e-07,0.333333333333333,0.914429073572965,0.368541632797042,0.994915124980461,"#00a4ac"
7.66229661693876e-07,0.333333333333333,0.914429073572965,0.368541632797042,0.994915124980461,"#00a4ac"
7.66229661693876e-07,0.666666666666667,0.914429073572965,0.368541632797042,0.994915124980461,"black"
7.66229661693876e-07,0.333333333333333,0.914429073572965,0.368541632797042,0.994915124980461,"#00a4ac"
7.66229661693876e-07,0.666666666666667,0.914429073572965,0.368541632797042,0.994915124980461,"black"
8.06557538625133e-07,1,0.927343350407601,0.378507320543135,0.996275334683819,"#e06a5d"
8.06557538625133e-07,1,0.927343350407601,0.378507320543135,0.996275334683819,"#e06a5d"
8.06557538625133e-07,0.666666666666667,0.927343350407601,0.378507320543135,0.996275334683819,"black"
8.06557538625133e-07,1,0.927343350407601,0.378507320543135,0.996275334683819,"#e06a5d"
8.06557538625133e-07,1,0.927343350407601,0.378507320543135,0.996275334683819,"#e06a5d"
8.06557538625133e-07,0.666666666666667,0.927343350407601,0.378507320543135,0.996275334683819,"black"
8.06557538625133e-07,1,0.927343350407601,0.378507320543135,0.996275334683819,"#e06a5d"
8.06557538625133e-07,1,0.927343350407601,0.378507320543135,0.996275334683819,"#e06a5d"
8.06557538625133e-07,1,0.927343350407601,0.378507320543135,0.996275334683819,"#e06a5d"
8.06557538625133e-07,1,0.927343350407601,0.378507320543135,0.996275334683819,"#e06a5d"
8.06557538625133e-07,1,0.927343350407601,0.378507320543135,0.996275334683819,"#e06a5d"
8.06557538625133e-07,1,0.927343350407601,0.378507320543135,0.996275334683819,"#e06a5d"
8.06557538625133e-07,1,0.927343350407601,0.378507320543135,0.996275334683819,"#e06a5d"
8.06557538625133e-07,0.666666666666667,0.927343350407601,0.378507320543135,0.996275334683819,"black"
8.06557538625133e-07,1,0.927343350407601,0.378507320543135,0.996275334683819,"#e06a5d"
8.06557538625133e-07,1,0.927343350407601,0.378507320543135,0.996275334683819,"#e06a5d"
8.06557538625133e-07,1,0.927343350407601,0.378507320543135,0.996275334683819,"#e06a5d"
8.06557538625133e-07,1,0.927343350407601,0.378507320543135,0.996275334683819,"#e06a5d"
8.06557538625133e-07,0.666666666666667,0.927343350407601,0.378507320543135,0.996275334683819,"black"
8.06557538625133e-07,0.666666666666667,0.927343350407601,0.378507320543135,0.996275334683819,"black"
8.06557538625133e-07,0.666666666666667,0.927343350407601,0.378507320543135,0.996275334683819,"black"
8.06557538625133e-07,0.666666666666667,0.927343350407601,0.378507320543135,0.996275334683819,"black"
8.06557538625133e-07,0.666666666666667,0.927343350407601,0.378507320543135,0.996275334683819,"black"
8.06557538625133e-07,0.666666666666667,0.927343350407601,0.378507320543135,0.996275334683819,"black"
8.06557538625133e-07,0.666666666666667,0.927343350407601,0.378507320543135,0.996275334683819,"black"
8.06557538625133e-07,0.666666666666667,0.927343350407601,0.378507320543135,0.996275334683819,"black"
8.06557538625133e-07,1,0.927343350407601,0.378507320543135,0.996275334683819,"#e06a5d"
8.06557538625133e-07,1,0.927343350407601,0.378507320543135,0.996275334683819,"#e06a5d"
8.06557538625133e-07,0.666666666666667,0.927343350407601,0.378507320543135,0.996275334683819,"black"
8.06557538625133e-07,1,0.927343350407601,0.378507320543135,0.996275334683819,"#e06a5d"
8.06557538625133e-07,0.666666666666667,0.927343350407601,0.378507320543135,0.996275334683819,"black"
8.06557538625133e-07,1,0.927343350407601,0.378507320543135,0.996275334683819,"#e06a5d"
8.06557538625133e-07,0.666666666666667,0.927343350407601,0.378507320543135,0.996275334683819,"black"
8.06557538625133e-07,0.666666666666667,0.927343350407601,0.378507320543135,0.996275334683819,"black"
8.06557538625133e-07,1,0.927343350407601,0.378507320543135,0.996275334683819,"#e06a5d"
8.06557538625133e-07,0.666666666666667,0.927343350407601,0.378507320543135,0.996275334683819,"black"
8.06557538625133e-07,0.666666666666667,0.927343350407601,0.378507320543135,0.996275334683819,"black"
8.06557538625133e-07,1,0.927343350407601,0.378507320543135,0.996275334683819,"#e06a5d"
8.06557538625133e-07,0.666666666666667,0.927343350407601,0.378507320543135,0.996275334683819,"black"
8.06557538625133e-07,1,0.927343350407601,0.378507320543135,0.996275334683819,"#e06a5d"
8.06557538625133e-07,0.666666666666667,0.927343350407601,0.378507320543135,0.996275334683819,"black"
8.06557538625133e-07,0.666666666666667,0.927343350407601,0.378507320543135,0.996275334683819,"black"
8.06557538625133e-07,0.666666666666667,0.927343350407601,0.378507320543135,0.996275334683819,"black"
8.06557538625133e-07,1,0.927343350407601,0.378507320543135,0.996275334683819,"#e06a5d"
8.06557538625133e-07,1,0.927343350407601,0.378507320543135,0.996275334683819,"#e06a5d"
8.06557538625133e-07,1,0.927343350407601,0.378507320543135,0.996275334683819,"#e06a5d"
8.06557538625133e-07,0.666666666666667,0.927343350407601,0.378507320543135,0.996275334683819,"black"
8.06557538625133e-07,1,0.927343350407601,0.378507320543135,0.996275334683819,"#e06a5d"
8.06557538625133e-07,1,0.927343350407601,0.378507320543135,0.996275334683819,"#e06a5d"
8.06557538625133e-07,1,0.927343350407601,0.378507320543135,0.996275334683819,"#e06a5d"
8.06557538625133e-07,0.666666666666667,0.927343350407601,0.378507320543135,0.996275334683819,"black"
8.06557538625133e-07,1,0.927343350407601,0.378507320543135,0.996275334683819,"#e06a5d"
8.06557538625133e-07,0.666666666666667,0.927343350407601,0.378507320543135,0.996275334683819,"black"
8.06557538625133e-07,0.333333333333333,0.927343350407601,0.378507320543135,0.996275334683819,"#00a4ac"
8.06557538625133e-07,1,0.927343350407601,0.378507320543135,0.996275334683819,"#e06a5d"
8.06557538625133e-07,1,0.927343350407601,0.378507320543135,0.996275334683819,"#e06a5d"
8.06557538625133e-07,1,0.927343350407601,0.378507320543135,0.996275334683819,"#e06a5d"
8.06557538625133e-07,0.333333333333333,0.927343350407601,0.378507320543135,0.996275334683819,"#00a4ac"
8.06557538625133e-07,1,0.927343350407601,0.378507320543135,0.996275334683819,"#e06a5d"
8.06557538625133e-07,1,0.927343350407601,0.378507320543135,0.996275334683819,"#e06a5d"
8.06557538625133e-07,1,0.927343350407601,0.378507320543135,0.996275334683819,"#e06a5d"
8.06557538625133e-07,1,0.927343350407601,0.378507320543135,0.996275334683819,"#e06a5d"
8.06557538625133e-07,0.666666666666667,0.927343350407601,0.378507320543135,0.996275334683819,"black"
8.06557538625133e-07,1,0.927343350407601,0.378507320543135,0.996275334683819,"#e06a5d"
8.06557538625133e-07,0.666666666666667,0.927343350407601,0.378507320543135,0.996275334683819,"black"
8.06557538625133e-07,1,0.927343350407601,0.378507320543135,0.996275334683819,"#e06a5d"
8.06557538625133e-07,1,0.927343350407601,0.378507320543135,0.996275334683819,"#e06a5d"
8.06557538625133e-07,1,0.927343350407601,0.378507320543135,0.996275334683819,"#e06a5d"
8.06557538625133e-07,1,0.927343350407601,0.378507320543135,0.996275334683819,"#e06a5d"
8.06557538625133e-07,0.666666666666667,0.927343350407601,0.378507320543135,0.996275334683819,"black"
8.06557538625133e-07,0.666666666666667,0.927343350407601,0.378507320543135,0.996275334683819,"black"
8.06557538625133e-07,0.333333333333333,0.927343350407601,0.378507320543135,0.996275334683819,"#00a4ac"
8.06557538625133e-07,1,0.927343350407601,0.378507320543135,0.996275334683819,"#e06a5d"
8.06557538625133e-07,1,0.927343350407601,0.378507320543135,0.996275334683819,"#e06a5d"
8.06557538625133e-07,1,0.927343350407601,0.378507320543135,0.996275334683819,"#e06a5d"
8.06557538625133e-07,1,0.927343350407601,0.378507320543135,0.996275334683819,"#e06a5d"
8.06557538625133e-07,1,0.927343350407601,0.378507320543135,0.996275334683819,"#e06a5d"
8.06557538625133e-07,1,0.927343350407601,0.378507320543135,0.996275334683819,"#e06a5d"
8.06557538625133e-07,1,0.927343350407601,0.378507320543135,0.996275334683819,"#e06a5d"
8.06557538625133e-07,0.666666666666667,0.927343350407601,0.378507320543135,0.996275334683819,"black"
8.06557538625133e-07,0.666666666666667,0.927343350407601,0.378507320543135,0.996275334683819,"black"
8.06557538625133e-07,0.333333333333333,0.927343350407601,0.378507320543135,0.996275334683819,"#00a4ac"
8.4688541555639e-07,1,0.938465095801556,0.387246244384633,0.997290247576949,"#e06a5d"
8.4688541555639e-07,0.666666666666667,0.938465095801556,0.387246244384633,0.997290247576949,"black"
8.4688541555639e-07,0.666666666666667,0.938465095801556,0.387246244384633,0.997290247576949,"black"
8.4688541555639e-07,1,0.938465095801556,0.387246244384633,0.997290247576949,"#e06a5d"
8.4688541555639e-07,1,0.938465095801556,0.387246244384633,0.997290247576949,"#e06a5d"
8.4688541555639e-07,1,0.938465095801556,0.387246244384633,0.997290247576949,"#e06a5d"
8.4688541555639e-07,1,0.938465095801556,0.387246244384633,0.997290247576949,"#e06a5d"
8.4688541555639e-07,1,0.938465095801556,0.387246244384633,0.997290247576949,"#e06a5d"
8.4688541555639e-07,0.666666666666667,0.938465095801556,0.387246244384633,0.997290247576949,"black"
8.4688541555639e-07,1,0.938465095801556,0.387246244384633,0.997290247576949,"#e06a5d"
8.4688541555639e-07,1,0.938465095801556,0.387246244384633,0.997290247576949,"#e06a5d"
8.4688541555639e-07,1,0.938465095801556,0.387246244384633,0.997290247576949,"#e06a5d"
8.4688541555639e-07,1,0.938465095801556,0.387246244384633,0.997290247576949,"#e06a5d"
8.4688541555639e-07,1,0.938465095801556,0.387246244384633,0.997290247576949,"#e06a5d"
8.4688541555639e-07,1,0.938465095801556,0.387246244384633,0.997290247576949,"#e06a5d"
8.4688541555639e-07,1,0.938465095801556,0.387246244384633,0.997290247576949,"#e06a5d"
8.4688541555639e-07,0.333333333333333,0.938465095801556,0.387246244384633,0.997290247576949,"#00a4ac"
8.4688541555639e-07,1,0.938465095801556,0.387246244384633,0.997290247576949,"#e06a5d"
8.4688541555639e-07,0.666666666666667,0.938465095801556,0.387246244384633,0.997290247576949,"black"
8.4688541555639e-07,1,0.938465095801556,0.387246244384633,0.997290247576949,"#e06a5d"
8.4688541555639e-07,0.333333333333333,0.938465095801556,0.387246244384633,0.997290247576949,"#00a4ac"
8.4688541555639e-07,1,0.938465095801556,0.387246244384633,0.997290247576949,"#e06a5d"
8.4688541555639e-07,0.666666666666667,0.938465095801556,0.387246244384633,0.997290247576949,"black"
8.4688541555639e-07,0.666666666666667,0.938465095801556,0.387246244384633,0.997290247576949,"black"
8.4688541555639e-07,1,0.938465095801556,0.387246244384633,0.997290247576949,"#e06a5d"
8.4688541555639e-07,1,0.938465095801556,0.387246244384633,0.997290247576949,"#e06a5d"
8.4688541555639e-07,1,0.938465095801556,0.387246244384633,0.997290247576949,"#e06a5d"
8.4688541555639e-07,1,0.938465095801556,0.387246244384633,0.997290247576949,"#e06a5d"
8.4688541555639e-07,1,0.938465095801556,0.387246244384633,0.997290247576949,"#e06a5d"
8.4688541555639e-07,1,0.938465095801556,0.387246244384633,0.997290247576949,"#e06a5d"
8.4688541555639e-07,1,0.938465095801556,0.387246244384633,0.997290247576949,"#e06a5d"
8.4688541555639e-07,0.666666666666667,0.938465095801556,0.387246244384633,0.997290247576949,"black"
8.4688541555639e-07,1,0.938465095801556,0.387246244384633,0.997290247576949,"#e06a5d"
8.4688541555639e-07,0.666666666666667,0.938465095801556,0.387246244384633,0.997290247576949,"black"
8.4688541555639e-07,1,0.938465095801556,0.387246244384633,0.997290247576949,"#e06a5d"
8.4688541555639e-07,1,0.938465095801556,0.387246244384633,0.997290247576949,"#e06a5d"
8.4688541555639e-07,1,0.938465095801556,0.387246244384633,0.997290247576949,"#e06a5d"
8.4688541555639e-07,1,0.938465095801556,0.387246244384633,0.997290247576949,"#e06a5d"
8.4688541555639e-07,0.666666666666667,0.938465095801556,0.387246244384633,0.997290247576949,"black"
8.4688541555639e-07,1,0.938465095801556,0.387246244384633,0.997290247576949,"#e06a5d"
8.4688541555639e-07,0.666666666666667,0.938465095801556,0.387246244384633,0.997290247576949,"black"
8.4688541555639e-07,1,0.938465095801556,0.387246244384633,0.997290247576949,"#e06a5d"
8.4688541555639e-07,1,0.938465095801556,0.387246244384633,0.997290247576949,"#e06a5d"
8.4688541555639e-07,1,0.938465095801556,0.387246244384633,0.997290247576949,"#e06a5d"
8.4688541555639e-07,1,0.938465095801556,0.387246244384633,0.997290247576949,"#e06a5d"
8.4688541555639e-07,1,0.938465095801556,0.387246244384633,0.997290247576949,"#e06a5d"
8.4688541555639e-07,1,0.938465095801556,0.387246244384633,0.997290247576949,"#e06a5d"
8.4688541555639e-07,0.666666666666667,0.938465095801556,0.387246244384633,0.997290247576949,"black"
8.4688541555639e-07,1,0.938465095801556,0.387246244384633,0.997290247576949,"#e06a5d"
8.4688541555639e-07,1,0.938465095801556,0.387246244384633,0.997290247576949,"#e06a5d"
8.4688541555639e-07,1,0.938465095801556,0.387246244384633,0.997290247576949,"#e06a5d"
8.4688541555639e-07,1,0.938465095801556,0.387246244384633,0.997290247576949,"#e06a5d"
8.4688541555639e-07,1,0.938465095801556,0.387246244384633,0.997290247576949,"#e06a5d"
8.4688541555639e-07,0.666666666666667,0.938465095801556,0.387246244384633,0.997290247576949,"black"
8.4688541555639e-07,1,0.938465095801556,0.387246244384633,0.997290247576949,"#e06a5d"
8.4688541555639e-07,0.666666666666667,0.938465095801556,0.387246244384633,0.997290247576949,"black"
8.4688541555639e-07,0.666666666666667,0.938465095801556,0.387246244384633,0.997290247576949,"black"
8.4688541555639e-07,0.666666666666667,0.938465095801556,0.387246244384633,0.997290247576949,"black"
8.4688541555639e-07,0.666666666666667,0.938465095801556,0.387246244384633,0.997290247576949,"black"
8.4688541555639e-07,1,0.938465095801556,0.387246244384633,0.997290247576949,"#e06a5d"
8.4688541555639e-07,1,0.938465095801556,0.387246244384633,0.997290247576949,"#e06a5d"
8.4688541555639e-07,1,0.938465095801556,0.387246244384633,0.997290247576949,"#e06a5d"
8.4688541555639e-07,0.666666666666667,0.938465095801556,0.387246244384633,0.997290247576949,"black"
8.4688541555639e-07,0.666666666666667,0.938465095801556,0.387246244384633,0.997290247576949,"black"
8.4688541555639e-07,1,0.938465095801556,0.387246244384633,0.997290247576949,"#e06a5d"
8.4688541555639e-07,1,0.938465095801556,0.387246244384633,0.997290247576949,"#e06a5d"
8.4688541555639e-07,1,0.938465095801556,0.387246244384633,0.997290247576949,"#e06a5d"
8.4688541555639e-07,1,0.938465095801556,0.387246244384633,0.997290247576949,"#e06a5d"
8.4688541555639e-07,1,0.938465095801556,0.387246244384633,0.997290247576949,"#e06a5d"
8.4688541555639e-07,0.666666666666667,0.938465095801556,0.387246244384633,0.997290247576949,"black"
8.87213292487646e-07,1,0.948012408457405,0.394868034003838,0.998041507834448,"#e06a5d"
8.87213292487646e-07,1,0.948012408457405,0.394868034003838,0.998041507834448,"#e06a5d"
8.87213292487646e-07,0.666666666666667,0.948012408457405,0.394868034003838,0.998041507834448,"black"
8.87213292487646e-07,1,0.948012408457405,0.394868034003838,0.998041507834448,"#e06a5d"
8.87213292487646e-07,1,0.948012408457405,0.394868034003838,0.998041507834448,"#e06a5d"
8.87213292487646e-07,0.666666666666667,0.948012408457405,0.394868034003838,0.998041507834448,"black"
8.87213292487646e-07,1,0.948012408457405,0.394868034003838,0.998041507834448,"#e06a5d"
8.87213292487646e-07,1,0.948012408457405,0.394868034003838,0.998041507834448,"#e06a5d"
8.87213292487646e-07,0.666666666666667,0.948012408457405,0.394868034003838,0.998041507834448,"black"
8.87213292487646e-07,1,0.948012408457405,0.394868034003838,0.998041507834448,"#e06a5d"
8.87213292487646e-07,1,0.948012408457405,0.394868034003838,0.998041507834448,"#e06a5d"
8.87213292487646e-07,1,0.948012408457405,0.394868034003838,0.998041507834448,"#e06a5d"
8.87213292487646e-07,1,0.948012408457405,0.394868034003838,0.998041507834448,"#e06a5d"
8.87213292487646e-07,0.666666666666667,0.948012408457405,0.394868034003838,0.998041507834448,"black"
8.87213292487646e-07,0.666666666666667,0.948012408457405,0.394868034003838,0.998041507834448,"black"
8.87213292487646e-07,1,0.948012408457405,0.394868034003838,0.998041507834448,"#e06a5d"
8.87213292487646e-07,1,0.948012408457405,0.394868034003838,0.998041507834448,"#e06a5d"
8.87213292487646e-07,1,0.948012408457405,0.394868034003838,0.998041507834448,"#e06a5d"
8.87213292487646e-07,1,0.948012408457405,0.394868034003838,0.998041507834448,"#e06a5d"
8.87213292487646e-07,0.666666666666667,0.948012408457405,0.394868034003838,0.998041507834448,"black"
8.87213292487646e-07,1,0.948012408457405,0.394868034003838,0.998041507834448,"#e06a5d"
8.87213292487646e-07,1,0.948012408457405,0.394868034003838,0.998041507834448,"#e06a5d"
8.87213292487646e-07,1,0.948012408457405,0.394868034003838,0.998041507834448,"#e06a5d"
8.87213292487646e-07,1,0.948012408457405,0.394868034003838,0.998041507834448,"#e06a5d"
8.87213292487646e-07,0.666666666666667,0.948012408457405,0.394868034003838,0.998041507834448,"black"
8.87213292487646e-07,1,0.948012408457405,0.394868034003838,0.998041507834448,"#e06a5d"
8.87213292487646e-07,1,0.948012408457405,0.394868034003838,0.998041507834448,"#e06a5d"
8.87213292487646e-07,1,0.948012408457405,0.394868034003838,0.998041507834448,"#e06a5d"
8.87213292487646e-07,1,0.948012408457405,0.394868034003838,0.998041507834448,"#e06a5d"
8.87213292487646e-07,0.666666666666667,0.948012408457405,0.394868034003838,0.998041507834448,"black"
8.87213292487646e-07,1,0.948012408457405,0.394868034003838,0.998041507834448,"#e06a5d"
8.87213292487646e-07,0.666666666666667,0.948012408457405,0.394868034003838,0.998041507834448,"black"
8.87213292487646e-07,1,0.948012408457405,0.394868034003838,0.998041507834448,"#e06a5d"
8.87213292487646e-07,0.666666666666667,0.948012408457405,0.394868034003838,0.998041507834448,"black"
8.87213292487646e-07,0.666666666666667,0.948012408457405,0.394868034003838,0.998041507834448,"black"
8.87213292487646e-07,0.666666666666667,0.948012408457405,0.394868034003838,0.998041507834448,"black"
8.87213292487646e-07,1,0.948012408457405,0.394868034003838,0.998041507834448,"#e06a5d"
8.87213292487646e-07,0.666666666666667,0.948012408457405,0.394868034003838,0.998041507834448,"black"
8.87213292487646e-07,0.666666666666667,0.948012408457405,0.394868034003838,0.998041507834448,"black"
8.87213292487646e-07,0.666666666666667,0.948012408457405,0.394868034003838,0.998041507834448,"black"
8.87213292487646e-07,0.666666666666667,0.948012408457405,0.394868034003838,0.998041507834448,"black"
8.87213292487646e-07,1,0.948012408457405,0.394868034003838,0.998041507834448,"#e06a5d"
8.87213292487646e-07,0.666666666666667,0.948012408457405,0.394868034003838,0.998041507834448,"black"
8.87213292487646e-07,0.666666666666667,0.948012408457405,0.394868034003838,0.998041507834448,"black"
8.87213292487646e-07,1,0.948012408457405,0.394868034003838,0.998041507834448,"#e06a5d"
8.87213292487646e-07,1,0.948012408457405,0.394868034003838,0.998041507834448,"#e06a5d"
8.87213292487646e-07,1,0.948012408457405,0.394868034003838,0.998041507834448,"#e06a5d"
8.87213292487646e-07,1,0.948012408457405,0.394868034003838,0.998041507834448,"#e06a5d"
8.87213292487646e-07,1,0.948012408457405,0.394868034003838,0.998041507834448,"#e06a5d"
8.87213292487646e-07,0.333333333333333,0.948012408457405,0.394868034003838,0.998041507834448,"#00a4ac"
8.87213292487646e-07,1,0.948012408457405,0.394868034003838,0.998041507834448,"#e06a5d"
8.87213292487646e-07,1,0.948012408457405,0.394868034003838,0.998041507834448,"#e06a5d"
8.87213292487646e-07,1,0.948012408457405,0.394868034003838,0.998041507834448,"#e06a5d"
8.87213292487646e-07,1,0.948012408457405,0.394868034003838,0.998041507834448,"#e06a5d"
8.87213292487646e-07,1,0.948012408457405,0.394868034003838,0.998041507834448,"#e06a5d"
8.87213292487646e-07,1,0.948012408457405,0.394868034003838,0.998041507834448,"#e06a5d"
8.87213292487646e-07,1,0.948012408457405,0.394868034003838,0.998041507834448,"#e06a5d"
8.87213292487646e-07,1,0.948012408457405,0.394868034003838,0.998041507834448,"#e06a5d"
8.87213292487646e-07,1,0.948012408457405,0.394868034003838,0.998041507834448,"#e06a5d"
8.87213292487646e-07,1,0.948012408457405,0.394868034003838,0.998041507834448,"#e06a5d"
8.87213292487646e-07,1,0.948012408457405,0.394868034003838,0.998041507834448,"#e06a5d"
8.87213292487646e-07,1,0.948012408457405,0.394868034003838,0.998041507834448,"#e06a5d"
8.87213292487646e-07,0.666666666666667,0.948012408457405,0.394868034003838,0.998041507834448,"black"
8.87213292487646e-07,0.666666666666667,0.948012408457405,0.394868034003838,0.998041507834448,"black"
8.87213292487646e-07,0.666666666666667,0.948012408457405,0.394868034003838,0.998041507834448,"black"
8.87213292487646e-07,0.666666666666667,0.948012408457405,0.394868034003838,0.998041507834448,"black"
8.87213292487646e-07,0.666666666666667,0.948012408457405,0.394868034003838,0.998041507834448,"black"
8.87213292487646e-07,0.666666666666667,0.948012408457405,0.394868034003838,0.998041507834448,"black"
8.87213292487646e-07,0.666666666666667,0.948012408457405,0.394868034003838,0.998041507834448,"black"
8.87213292487646e-07,1,0.948012408457405,0.394868034003838,0.998041507834448,"#e06a5d"
8.87213292487646e-07,1,0.948012408457405,0.394868034003838,0.998041507834448,"#e06a5d"
8.87213292487646e-07,1,0.948012408457405,0.394868034003838,0.998041507834448,"#e06a5d"
8.87213292487646e-07,1,0.948012408457405,0.394868034003838,0.998041507834448,"#e06a5d"
8.87213292487646e-07,1,0.948012408457405,0.394868034003838,0.998041507834448,"#e06a5d"
8.87213292487646e-07,1,0.948012408457405,0.394868034003838,0.998041507834448,"#e06a5d"
9.27541169418903e-07,1,0.956182986583179,0.401481820146024,0.99859336721312,"#e06a5d"
9.27541169418903e-07,1,0.956182986583179,0.401481820146024,0.99859336721312,"#e06a5d"
9.27541169418903e-07,1,0.956182986583179,0.401481820146024,0.99859336721312,"#e06a5d"
9.27541169418903e-07,1,0.956182986583179,0.401481820146024,0.99859336721312,"#e06a5d"
9.27541169418903e-07,1,0.956182986583179,0.401481820146024,0.99859336721312,"#e06a5d"
9.27541169418903e-07,1,0.956182986583179,0.401481820146024,0.99859336721312,"#e06a5d"
9.27541169418903e-07,1,0.956182986583179,0.401481820146024,0.99859336721312,"#e06a5d"
9.27541169418903e-07,0.666666666666667,0.956182986583179,0.401481820146024,0.99859336721312,"black"
9.27541169418903e-07,1,0.956182986583179,0.401481820146024,0.99859336721312,"#e06a5d"
9.27541169418903e-07,1,0.956182986583179,0.401481820146024,0.99859336721312,"#e06a5d"
9.27541169418903e-07,1,0.956182986583179,0.401481820146024,0.99859336721312,"#e06a5d"
9.27541169418903e-07,0.666666666666667,0.956182986583179,0.401481820146024,0.99859336721312,"black"
9.27541169418903e-07,1,0.956182986583179,0.401481820146024,0.99859336721312,"#e06a5d"
9.27541169418903e-07,1,0.956182986583179,0.401481820146024,0.99859336721312,"#e06a5d"
9.27541169418903e-07,1,0.956182986583179,0.401481820146024,0.99859336721312,"#e06a5d"
9.27541169418903e-07,1,0.956182986583179,0.401481820146024,0.99859336721312,"#e06a5d"
9.27541169418903e-07,1,0.956182986583179,0.401481820146024,0.99859336721312,"#e06a5d"
9.27541169418903e-07,1,0.956182986583179,0.401481820146024,0.99859336721312,"#e06a5d"
9.27541169418903e-07,1,0.956182986583179,0.401481820146024,0.99859336721312,"#e06a5d"
9.27541169418903e-07,1,0.956182986583179,0.401481820146024,0.99859336721312,"#e06a5d"
9.27541169418903e-07,1,0.956182986583179,0.401481820146024,0.99859336721312,"#e06a5d"
9.27541169418903e-07,1,0.956182986583179,0.401481820146024,0.99859336721312,"#e06a5d"
9.27541169418903e-07,0.666666666666667,0.956182986583179,0.401481820146024,0.99859336721312,"black"
9.27541169418903e-07,1,0.956182986583179,0.401481820146024,0.99859336721312,"#e06a5d"
9.27541169418903e-07,1,0.956182986583179,0.401481820146024,0.99859336721312,"#e06a5d"
9.27541169418903e-07,0.666666666666667,0.956182986583179,0.401481820146024,0.99859336721312,"black"
9.27541169418903e-07,1,0.956182986583179,0.401481820146024,0.99859336721312,"#e06a5d"
9.27541169418903e-07,1,0.956182986583179,0.401481820146024,0.99859336721312,"#e06a5d"
9.27541169418903e-07,1,0.956182986583179,0.401481820146024,0.99859336721312,"#e06a5d"
9.27541169418903e-07,1,0.956182986583179,0.401481820146024,0.99859336721312,"#e06a5d"
9.27541169418903e-07,1,0.956182986583179,0.401481820146024,0.99859336721312,"#e06a5d"
9.27541169418903e-07,1,0.956182986583179,0.401481820146024,0.99859336721312,"#e06a5d"
9.27541169418903e-07,1,0.956182986583179,0.401481820146024,0.99859336721312,"#e06a5d"
9.27541169418903e-07,1,0.956182986583179,0.401481820146024,0.99859336721312,"#e06a5d"
9.27541169418903e-07,1,0.956182986583179,0.401481820146024,0.99859336721312,"#e06a5d"
9.27541169418903e-07,0.666666666666667,0.956182986583179,0.401481820146024,0.99859336721312,"black"
9.27541169418903e-07,1,0.956182986583179,0.401481820146024,0.99859336721312,"#e06a5d"
9.27541169418903e-07,0.666666666666667,0.956182986583179,0.401481820146024,0.99859336721312,"black"
9.27541169418903e-07,1,0.956182986583179,0.401481820146024,0.99859336721312,"#e06a5d"
9.27541169418903e-07,1,0.956182986583179,0.401481820146024,0.99859336721312,"#e06a5d"
9.27541169418903e-07,1,0.956182986583179,0.401481820146024,0.99859336721312,"#e06a5d"
9.27541169418903e-07,1,0.956182986583179,0.401481820146024,0.99859336721312,"#e06a5d"
9.27541169418903e-07,1,0.956182986583179,0.401481820146024,0.99859336721312,"#e06a5d"
9.27541169418903e-07,1,0.956182986583179,0.401481820146024,0.99859336721312,"#e06a5d"
9.27541169418903e-07,0.666666666666667,0.956182986583179,0.401481820146024,0.99859336721312,"black"
9.27541169418903e-07,1,0.956182986583179,0.401481820146024,0.99859336721312,"#e06a5d"
9.27541169418903e-07,1,0.956182986583179,0.401481820146024,0.99859336721312,"#e06a5d"
9.27541169418903e-07,1,0.956182986583179,0.401481820146024,0.99859336721312,"#e06a5d"
9.27541169418903e-07,1,0.956182986583179,0.401481820146024,0.99859336721312,"#e06a5d"
9.27541169418903e-07,1,0.956182986583179,0.401481820146024,0.99859336721312,"#e06a5d"
9.27541169418903e-07,1,0.956182986583179,0.401481820146024,0.99859336721312,"#e06a5d"
9.27541169418903e-07,1,0.956182986583179,0.401481820146024,0.99859336721312,"#e06a5d"
9.27541169418903e-07,0.666666666666667,0.956182986583179,0.401481820146024,0.99859336721312,"black"
9.27541169418903e-07,0.666666666666667,0.956182986583179,0.401481820146024,0.99859336721312,"black"
9.27541169418903e-07,1,0.956182986583179,0.401481820146024,0.99859336721312,"#e06a5d"
9.27541169418903e-07,0.666666666666667,0.956182986583179,0.401481820146024,0.99859336721312,"black"
9.27541169418903e-07,0.666666666666667,0.956182986583179,0.401481820146024,0.99859336721312,"black"
9.27541169418903e-07,1,0.956182986583179,0.401481820146024,0.99859336721312,"#e06a5d"
9.27541169418903e-07,0.666666666666667,0.956182986583179,0.401481820146024,0.99859336721312,"black"
9.27541169418903e-07,1,0.956182986583179,0.401481820146024,0.99859336721312,"#e06a5d"
9.27541169418903e-07,1,0.956182986583179,0.401481820146024,0.99859336721312,"#e06a5d"
9.27541169418903e-07,1,0.956182986583179,0.401481820146024,0.99859336721312,"#e06a5d"
9.27541169418903e-07,1,0.956182986583179,0.401481820146024,0.99859336721312,"#e06a5d"
9.27541169418903e-07,1,0.956182986583179,0.401481820146024,0.99859336721312,"#e06a5d"
9.27541169418903e-07,0.666666666666667,0.956182986583179,0.401481820146024,0.99859336721312,"black"
9.27541169418903e-07,0.666666666666667,0.956182986583179,0.401481820146024,0.99859336721312,"black"
9.27541169418903e-07,1,0.956182986583179,0.401481820146024,0.99859336721312,"#e06a5d"
9.27541169418903e-07,0.333333333333333,0.956182986583179,0.401481820146024,0.99859336721312,"#00a4ac"
9.27541169418903e-07,1,0.956182986583179,0.401481820146024,0.99859336721312,"#e06a5d"
9.6786904635016e-07,1,0.963154730009783,0.407193654583694,0.998995793148267,"#e06a5d"
9.6786904635016e-07,1,0.963154730009783,0.407193654583694,0.998995793148267,"#e06a5d"
9.6786904635016e-07,1,0.963154730009783,0.407193654583694,0.998995793148267,"#e06a5d"
9.6786904635016e-07,1,0.963154730009783,0.407193654583694,0.998995793148267,"#e06a5d"
9.6786904635016e-07,0.666666666666667,0.963154730009783,0.407193654583694,0.998995793148267,"black"
9.6786904635016e-07,1,0.963154730009783,0.407193654583694,0.998995793148267,"#e06a5d"
9.6786904635016e-07,1,0.963154730009783,0.407193654583694,0.998995793148267,"#e06a5d"
9.6786904635016e-07,1,0.963154730009783,0.407193654583694,0.998995793148267,"#e06a5d"
9.6786904635016e-07,1,0.963154730009783,0.407193654583694,0.998995793148267,"#e06a5d"
9.6786904635016e-07,1,0.963154730009783,0.407193654583694,0.998995793148267,"#e06a5d"
9.6786904635016e-07,1,0.963154730009783,0.407193654583694,0.998995793148267,"#e06a5d"
9.6786904635016e-07,1,0.963154730009783,0.407193654583694,0.998995793148267,"#e06a5d"
9.6786904635016e-07,1,0.963154730009783,0.407193654583694,0.998995793148267,"#e06a5d"
9.6786904635016e-07,1,0.963154730009783,0.407193654583694,0.998995793148267,"#e06a5d"
9.6786904635016e-07,1,0.963154730009783,0.407193654583694,0.998995793148267,"#e06a5d"
9.6786904635016e-07,1,0.963154730009783,0.407193654583694,0.998995793148267,"#e06a5d"
9.6786904635016e-07,1,0.963154730009783,0.407193654583694,0.998995793148267,"#e06a5d"
9.6786904635016e-07,1,0.963154730009783,0.407193654583694,0.998995793148267,"#e06a5d"
9.6786904635016e-07,1,0.963154730009783,0.407193654583694,0.998995793148267,"#e06a5d"
9.6786904635016e-07,1,0.963154730009783,0.407193654583694,0.998995793148267,"#e06a5d"
9.6786904635016e-07,1,0.963154730009783,0.407193654583694,0.998995793148267,"#e06a5d"
9.6786904635016e-07,0.666666666666667,0.963154730009783,0.407193654583694,0.998995793148267,"black"
9.6786904635016e-07,0.666666666666667,0.963154730009783,0.407193654583694,0.998995793148267,"black"
9.6786904635016e-07,1,0.963154730009783,0.407193654583694,0.998995793148267,"#e06a5d"
9.6786904635016e-07,1,0.963154730009783,0.407193654583694,0.998995793148267,"#e06a5d"
9.6786904635016e-07,0.666666666666667,0.963154730009783,0.407193654583694,0.998995793148267,"black"
9.6786904635016e-07,0.333333333333333,0.963154730009783,0.407193654583694,0.998995793148267,"#00a4ac"
9.6786904635016e-07,1,0.963154730009783,0.407193654583694,0.998995793148267,"#e06a5d"
9.6786904635016e-07,1,0.963154730009783,0.407193654583694,0.998995793148267,"#e06a5d"
9.6786904635016e-07,1,0.963154730009783,0.407193654583694,0.998995793148267,"#e06a5d"
9.6786904635016e-07,1,0.963154730009783,0.407193654583694,0.998995793148267,"#e06a5d"
9.6786904635016e-07,1,0.963154730009783,0.407193654583694,0.998995793148267,"#e06a5d"
9.6786904635016e-07,1,0.963154730009783,0.407193654583694,0.998995793148267,"#e06a5d"
9.6786904635016e-07,1,0.963154730009783,0.407193654583694,0.998995793148267,"#e06a5d"
9.6786904635016e-07,1,0.963154730009783,0.407193654583694,0.998995793148267,"#e06a5d"
9.6786904635016e-07,1,0.963154730009783,0.407193654583694,0.998995793148267,"#e06a5d"
9.6786904635016e-07,1,0.963154730009783,0.407193654583694,0.998995793148267,"#e06a5d"
9.6786904635016e-07,1,0.963154730009783,0.407193654583694,0.998995793148267,"#e06a5d"
9.6786904635016e-07,1,0.963154730009783,0.407193654583694,0.998995793148267,"#e06a5d"
9.6786904635016e-07,1,0.963154730009783,0.407193654583694,0.998995793148267,"#e06a5d"
9.6786904635016e-07,1,0.963154730009783,0.407193654583694,0.998995793148267,"#e06a5d"
9.6786904635016e-07,1,0.963154730009783,0.407193654583694,0.998995793148267,"#e06a5d"
9.6786904635016e-07,1,0.963154730009783,0.407193654583694,0.998995793148267,"#e06a5d"
9.6786904635016e-07,1,0.963154730009783,0.407193654583694,0.998995793148267,"#e06a5d"
9.6786904635016e-07,1,0.963154730009783,0.407193654583694,0.998995793148267,"#e06a5d"
9.6786904635016e-07,0.666666666666667,0.963154730009783,0.407193654583694,0.998995793148267,"black"
9.6786904635016e-07,1,0.963154730009783,0.407193654583694,0.998995793148267,"#e06a5d"
9.6786904635016e-07,1,0.963154730009783,0.407193654583694,0.998995793148267,"#e06a5d"
9.6786904635016e-07,1,0.963154730009783,0.407193654583694,0.998995793148267,"#e06a5d"
9.6786904635016e-07,0.666666666666667,0.963154730009783,0.407193654583694,0.998995793148267,"black"
9.6786904635016e-07,1,0.963154730009783,0.407193654583694,0.998995793148267,"#e06a5d"
9.6786904635016e-07,1,0.963154730009783,0.407193654583694,0.998995793148267,"#e06a5d"
9.6786904635016e-07,1,0.963154730009783,0.407193654583694,0.998995793148267,"#e06a5d"
9.6786904635016e-07,1,0.963154730009783,0.407193654583694,0.998995793148267,"#e06a5d"
9.6786904635016e-07,1,0.963154730009783,0.407193654583694,0.998995793148267,"#e06a5d"
9.6786904635016e-07,1,0.963154730009783,0.407193654583694,0.998995793148267,"#e06a5d"
9.6786904635016e-07,0.666666666666667,0.963154730009783,0.407193654583694,0.998995793148267,"black"
1.00819692328142e-06,1,0.969086665547783,0.412104584633336,0.999287205780326,"#e06a5d"
1.00819692328142e-06,1,0.969086665547783,0.412104584633336,0.999287205780326,"#e06a5d"
1.00819692328142e-06,1,0.969086665547783,0.412104584633336,0.999287205780326,"#e06a5d"
1.00819692328142e-06,1,0.969086665547783,0.412104584633336,0.999287205780326,"#e06a5d"
1.00819692328142e-06,1,0.969086665547783,0.412104584633336,0.999287205780326,"#e06a5d"
1.00819692328142e-06,0.666666666666667,0.969086665547783,0.412104584633336,0.999287205780326,"black"
1.00819692328142e-06,1,0.969086665547783,0.412104584633336,0.999287205780326,"#e06a5d"
1.00819692328142e-06,1,0.969086665547783,0.412104584633336,0.999287205780326,"#e06a5d"
1.00819692328142e-06,1,0.969086665547783,0.412104584633336,0.999287205780326,"#e06a5d"
1.00819692328142e-06,0.666666666666667,0.969086665547783,0.412104584633336,0.999287205780326,"black"
1.00819692328142e-06,1,0.969086665547783,0.412104584633336,0.999287205780326,"#e06a5d"
1.00819692328142e-06,1,0.969086665547783,0.412104584633336,0.999287205780326,"#e06a5d"
1.00819692328142e-06,0.666666666666667,0.969086665547783,0.412104584633336,0.999287205780326,"black"
1.00819692328142e-06,1,0.969086665547783,0.412104584633336,0.999287205780326,"#e06a5d"
1.00819692328142e-06,1,0.969086665547783,0.412104584633336,0.999287205780326,"#e06a5d"
1.00819692328142e-06,1,0.969086665547783,0.412104584633336,0.999287205780326,"#e06a5d"
1.00819692328142e-06,0.666666666666667,0.969086665547783,0.412104584633336,0.999287205780326,"black"
1.00819692328142e-06,1,0.969086665547783,0.412104584633336,0.999287205780326,"#e06a5d"
1.00819692328142e-06,1,0.969086665547783,0.412104584633336,0.999287205780326,"#e06a5d"
1.00819692328142e-06,1,0.969086665547783,0.412104584633336,0.999287205780326,"#e06a5d"
1.00819692328142e-06,1,0.969086665547783,0.412104584633336,0.999287205780326,"#e06a5d"
1.00819692328142e-06,1,0.969086665547783,0.412104584633336,0.999287205780326,"#e06a5d"
1.00819692328142e-06,1,0.969086665547783,0.412104584633336,0.999287205780326,"#e06a5d"
1.00819692328142e-06,1,0.969086665547783,0.412104584633336,0.999287205780326,"#e06a5d"
1.00819692328142e-06,1,0.969086665547783,0.412104584633336,0.999287205780326,"#e06a5d"
1.00819692328142e-06,1,0.969086665547783,0.412104584633336,0.999287205780326,"#e06a5d"
1.00819692328142e-06,1,0.969086665547783,0.412104584633336,0.999287205780326,"#e06a5d"
1.00819692328142e-06,0.666666666666667,0.969086665547783,0.412104584633336,0.999287205780326,"black"
1.00819692328142e-06,1,0.969086665547783,0.412104584633336,0.999287205780326,"#e06a5d"
1.00819692328142e-06,1,0.969086665547783,0.412104584633336,0.999287205780326,"#e06a5d"
1.00819692328142e-06,1,0.969086665547783,0.412104584633336,0.999287205780326,"#e06a5d"
1.00819692328142e-06,1,0.969086665547783,0.412104584633336,0.999287205780326,"#e06a5d"
1.00819692328142e-06,1,0.969086665547783,0.412104584633336,0.999287205780326,"#e06a5d"
1.00819692328142e-06,1,0.969086665547783,0.412104584633336,0.999287205780326,"#e06a5d"
1.00819692328142e-06,0.666666666666667,0.969086665547783,0.412104584633336,0.999287205780326,"black"
1.00819692328142e-06,1,0.969086665547783,0.412104584633336,0.999287205780326,"#e06a5d"
1.00819692328142e-06,1,0.969086665547783,0.412104584633336,0.999287205780326,"#e06a5d"
1.00819692328142e-06,0.666666666666667,0.969086665547783,0.412104584633336,0.999287205780326,"black"
1.00819692328142e-06,1,0.969086665547783,0.412104584633336,0.999287205780326,"#e06a5d"
1.00819692328142e-06,1,0.969086665547783,0.412104584633336,0.999287205780326,"#e06a5d"
1.00819692328142e-06,1,0.969086665547783,0.412104584633336,0.999287205780326,"#e06a5d"
1.00819692328142e-06,1,0.969086665547783,0.412104584633336,0.999287205780326,"#e06a5d"
1.00819692328142e-06,1,0.969086665547783,0.412104584633336,0.999287205780326,"#e06a5d"
1.00819692328142e-06,0.666666666666667,0.969086665547783,0.412104584633336,0.999287205780326,"black"
1.00819692328142e-06,1,0.969086665547783,0.412104584633336,0.999287205780326,"#e06a5d"
1.00819692328142e-06,0.666666666666667,0.969086665547783,0.412104584633336,0.999287205780326,"black"
1.00819692328142e-06,1,0.969086665547783,0.412104584633336,0.999287205780326,"#e06a5d"
1.00819692328142e-06,0.333333333333333,0.969086665547783,0.412104584633336,0.999287205780326,"#00a4ac"
1.00819692328142e-06,1,0.969086665547783,0.412104584633336,0.999287205780326,"#e06a5d"
1.00819692328142e-06,1,0.969086665547783,0.412104584633336,0.999287205780326,"#e06a5d"
1.00819692328142e-06,0.333333333333333,0.969086665547783,0.412104584633336,0.999287205780326,"#00a4ac"
1.00819692328142e-06,1,0.969086665547783,0.412104584633336,0.999287205780326,"#e06a5d"
1.00819692328142e-06,0.666666666666667,0.969086665547783,0.412104584633336,0.999287205780326,"black"
1.00819692328142e-06,1,0.969086665547783,0.412104584633336,0.999287205780326,"#e06a5d"
1.00819692328142e-06,1,0.969086665547783,0.412104584633336,0.999287205780326,"#e06a5d"
1.00819692328142e-06,1,0.969086665547783,0.412104584633336,0.999287205780326,"#e06a5d"
1.00819692328142e-06,0.666666666666667,0.969086665547783,0.412104584633336,0.999287205780326,"black"
1.00819692328142e-06,1,0.969086665547783,0.412104584633336,0.999287205780326,"#e06a5d"
1.00819692328142e-06,1,0.969086665547783,0.412104584633336,0.999287205780326,"#e06a5d"
1.00819692328142e-06,1,0.969086665547783,0.412104584633336,0.999287205780326,"#e06a5d"
1.00819692328142e-06,0.666666666666667,0.969086665547783,0.412104584633336,0.999287205780326,"black"
1.00819692328142e-06,1,0.969086665547783,0.412104584633336,0.999287205780326,"#e06a5d"
1.00819692328142e-06,0.666666666666667,0.969086665547783,0.412104584633336,0.999287205780326,"black"
1.00819692328142e-06,0.666666666666667,0.969086665547783,0.412104584633336,0.999287205780326,"black"
1.00819692328142e-06,1,0.969086665547783,0.412104584633336,0.999287205780326,"#e06a5d"
1.04852480021267e-06,1,0.974120091574186,0.416309305497496,0.999496829422204,"#e06a5d"
1.04852480021267e-06,1,0.974120091574186,0.416309305497496,0.999496829422204,"#e06a5d"
1.04852480021267e-06,0.666666666666667,0.974120091574186,0.416309305497496,0.999496829422204,"black"
1.04852480021267e-06,1,0.974120091574186,0.416309305497496,0.999496829422204,"#e06a5d"
1.04852480021267e-06,1,0.974120091574186,0.416309305497496,0.999496829422204,"#e06a5d"
1.04852480021267e-06,0.666666666666667,0.974120091574186,0.416309305497496,0.999496829422204,"black"
1.04852480021267e-06,1,0.974120091574186,0.416309305497496,0.999496829422204,"#e06a5d"
1.04852480021267e-06,1,0.974120091574186,0.416309305497496,0.999496829422204,"#e06a5d"
1.04852480021267e-06,1,0.974120091574186,0.416309305497496,0.999496829422204,"#e06a5d"
1.04852480021267e-06,1,0.974120091574186,0.416309305497496,0.999496829422204,"#e06a5d"
1.04852480021267e-06,1,0.974120091574186,0.416309305497496,0.999496829422204,"#e06a5d"
1.04852480021267e-06,1,0.974120091574186,0.416309305497496,0.999496829422204,"#e06a5d"
1.04852480021267e-06,1,0.974120091574186,0.416309305497496,0.999496829422204,"#e06a5d"
1.04852480021267e-06,0.666666666666667,0.974120091574186,0.416309305497496,0.999496829422204,"black"
1.04852480021267e-06,1,0.974120091574186,0.416309305497496,0.999496829422204,"#e06a5d"
1.04852480021267e-06,0.666666666666667,0.974120091574186,0.416309305497496,0.999496829422204,"black"
1.04852480021267e-06,1,0.974120091574186,0.416309305497496,0.999496829422204,"#e06a5d"
1.04852480021267e-06,1,0.974120091574186,0.416309305497496,0.999496829422204,"#e06a5d"
1.04852480021267e-06,1,0.974120091574186,0.416309305497496,0.999496829422204,"#e06a5d"
1.04852480021267e-06,1,0.974120091574186,0.416309305497496,0.999496829422204,"#e06a5d"
1.04852480021267e-06,0.666666666666667,0.974120091574186,0.416309305497496,0.999496829422204,"black"
1.04852480021267e-06,1,0.974120091574186,0.416309305497496,0.999496829422204,"#e06a5d"
1.04852480021267e-06,1,0.974120091574186,0.416309305497496,0.999496829422204,"#e06a5d"
1.04852480021267e-06,1,0.974120091574186,0.416309305497496,0.999496829422204,"#e06a5d"
1.04852480021267e-06,1,0.974120091574186,0.416309305497496,0.999496829422204,"#e06a5d"
1.04852480021267e-06,1,0.974120091574186,0.416309305497496,0.999496829422204,"#e06a5d"
1.04852480021267e-06,1,0.974120091574186,0.416309305497496,0.999496829422204,"#e06a5d"
1.04852480021267e-06,1,0.974120091574186,0.416309305497496,0.999496829422204,"#e06a5d"
1.04852480021267e-06,1,0.974120091574186,0.416309305497496,0.999496829422204,"#e06a5d"
1.04852480021267e-06,1,0.974120091574186,0.416309305497496,0.999496829422204,"#e06a5d"
1.04852480021267e-06,1,0.974120091574186,0.416309305497496,0.999496829422204,"#e06a5d"
1.04852480021267e-06,1,0.974120091574186,0.416309305497496,0.999496829422204,"#e06a5d"
1.04852480021267e-06,0.666666666666667,0.974120091574186,0.416309305497496,0.999496829422204,"black"
1.04852480021267e-06,0.666666666666667,0.974120091574186,0.416309305497496,0.999496829422204,"black"
1.04852480021267e-06,1,0.974120091574186,0.416309305497496,0.999496829422204,"#e06a5d"
1.04852480021267e-06,1,0.974120091574186,0.416309305497496,0.999496829422204,"#e06a5d"
1.04852480021267e-06,1,0.974120091574186,0.416309305497496,0.999496829422204,"#e06a5d"
1.04852480021267e-06,1,0.974120091574186,0.416309305497496,0.999496829422204,"#e06a5d"
1.04852480021267e-06,1,0.974120091574186,0.416309305497496,0.999496829422204,"#e06a5d"
1.04852480021267e-06,0.666666666666667,0.974120091574186,0.416309305497496,0.999496829422204,"black"
1.04852480021267e-06,1,0.974120091574186,0.416309305497496,0.999496829422204,"#e06a5d"
1.04852480021267e-06,1,0.974120091574186,0.416309305497496,0.999496829422204,"#e06a5d"
1.04852480021267e-06,1,0.974120091574186,0.416309305497496,0.999496829422204,"#e06a5d"
1.04852480021267e-06,0.666666666666667,0.974120091574186,0.416309305497496,0.999496829422204,"black"
1.04852480021267e-06,1,0.974120091574186,0.416309305497496,0.999496829422204,"#e06a5d"
1.04852480021267e-06,0.666666666666667,0.974120091574186,0.416309305497496,0.999496829422204,"black"
1.04852480021267e-06,1,0.974120091574186,0.416309305497496,0.999496829422204,"#e06a5d"
1.04852480021267e-06,1,0.974120091574186,0.416309305497496,0.999496829422204,"#e06a5d"
1.04852480021267e-06,0.666666666666667,0.974120091574186,0.416309305497496,0.999496829422204,"black"
1.04852480021267e-06,1,0.974120091574186,0.416309305497496,0.999496829422204,"#e06a5d"
1.04852480021267e-06,1,0.974120091574186,0.416309305497496,0.999496829422204,"#e06a5d"
1.04852480021267e-06,0.666666666666667,0.974120091574186,0.416309305497496,0.999496829422204,"black"
1.08885267714393e-06,1,0.978379857859244,0.419895307465109,0.999646667774647,"#e06a5d"
1.08885267714393e-06,1,0.978379857859244,0.419895307465109,0.999646667774647,"#e06a5d"
1.08885267714393e-06,1,0.978379857859244,0.419895307465109,0.999646667774647,"#e06a5d"
1.08885267714393e-06,1,0.978379857859244,0.419895307465109,0.999646667774647,"#e06a5d"
1.08885267714393e-06,1,0.978379857859244,0.419895307465109,0.999646667774647,"#e06a5d"
1.08885267714393e-06,0.666666666666667,0.978379857859244,0.419895307465109,0.999646667774647,"black"
1.08885267714393e-06,1,0.978379857859244,0.419895307465109,0.999646667774647,"#e06a5d"
1.08885267714393e-06,1,0.978379857859244,0.419895307465109,0.999646667774647,"#e06a5d"
1.08885267714393e-06,0.666666666666667,0.978379857859244,0.419895307465109,0.999646667774647,"black"
1.08885267714393e-06,1,0.978379857859244,0.419895307465109,0.999646667774647,"#e06a5d"
1.08885267714393e-06,1,0.978379857859244,0.419895307465109,0.999646667774647,"#e06a5d"
1.08885267714393e-06,1,0.978379857859244,0.419895307465109,0.999646667774647,"#e06a5d"
1.08885267714393e-06,1,0.978379857859244,0.419895307465109,0.999646667774647,"#e06a5d"
1.08885267714393e-06,1,0.978379857859244,0.419895307465109,0.999646667774647,"#e06a5d"
1.08885267714393e-06,1,0.978379857859244,0.419895307465109,0.999646667774647,"#e06a5d"
1.08885267714393e-06,1,0.978379857859244,0.419895307465109,0.999646667774647,"#e06a5d"
1.08885267714393e-06,1,0.978379857859244,0.419895307465109,0.999646667774647,"#e06a5d"
1.08885267714393e-06,1,0.978379857859244,0.419895307465109,0.999646667774647,"#e06a5d"
1.08885267714393e-06,1,0.978379857859244,0.419895307465109,0.999646667774647,"#e06a5d"
1.08885267714393e-06,1,0.978379857859244,0.419895307465109,0.999646667774647,"#e06a5d"
1.08885267714393e-06,1,0.978379857859244,0.419895307465109,0.999646667774647,"#e06a5d"
1.08885267714393e-06,0.333333333333333,0.978379857859244,0.419895307465109,0.999646667774647,"#00a4ac"
1.08885267714393e-06,0.666666666666667,0.978379857859244,0.419895307465109,0.999646667774647,"black"
1.08885267714393e-06,1,0.978379857859244,0.419895307465109,0.999646667774647,"#e06a5d"
1.08885267714393e-06,1,0.978379857859244,0.419895307465109,0.999646667774647,"#e06a5d"
1.08885267714393e-06,1,0.978379857859244,0.419895307465109,0.999646667774647,"#e06a5d"
1.08885267714393e-06,1,0.978379857859244,0.419895307465109,0.999646667774647,"#e06a5d"
1.08885267714393e-06,1,0.978379857859244,0.419895307465109,0.999646667774647,"#e06a5d"
1.08885267714393e-06,1,0.978379857859244,0.419895307465109,0.999646667774647,"#e06a5d"
1.08885267714393e-06,1,0.978379857859244,0.419895307465109,0.999646667774647,"#e06a5d"
1.08885267714393e-06,1,0.978379857859244,0.419895307465109,0.999646667774647,"#e06a5d"
1.08885267714393e-06,1,0.978379857859244,0.419895307465109,0.999646667774647,"#e06a5d"
1.08885267714393e-06,1,0.978379857859244,0.419895307465109,0.999646667774647,"#e06a5d"
1.08885267714393e-06,1,0.978379857859244,0.419895307465109,0.999646667774647,"#e06a5d"
1.08885267714393e-06,1,0.978379857859244,0.419895307465109,0.999646667774647,"#e06a5d"
1.08885267714393e-06,1,0.978379857859244,0.419895307465109,0.999646667774647,"#e06a5d"
1.08885267714393e-06,0.666666666666667,0.978379857859244,0.419895307465109,0.999646667774647,"black"
1.08885267714393e-06,1,0.978379857859244,0.419895307465109,0.999646667774647,"#e06a5d"
1.08885267714393e-06,1,0.978379857859244,0.419895307465109,0.999646667774647,"#e06a5d"
1.08885267714393e-06,1,0.978379857859244,0.419895307465109,0.999646667774647,"#e06a5d"
1.08885267714393e-06,1,0.978379857859244,0.419895307465109,0.999646667774647,"#e06a5d"
1.08885267714393e-06,1,0.978379857859244,0.419895307465109,0.999646667774647,"#e06a5d"
1.08885267714393e-06,1,0.978379857859244,0.419895307465109,0.999646667774647,"#e06a5d"
1.08885267714393e-06,1,0.978379857859244,0.419895307465109,0.999646667774647,"#e06a5d"
1.08885267714393e-06,1,0.978379857859244,0.419895307465109,0.999646667774647,"#e06a5d"
1.08885267714393e-06,1,0.978379857859244,0.419895307465109,0.999646667774647,"#e06a5d"
1.08885267714393e-06,1,0.978379857859244,0.419895307465109,0.999646667774647,"#e06a5d"
1.08885267714393e-06,0.666666666666667,0.978379857859244,0.419895307465109,0.999646667774647,"black"
1.08885267714393e-06,1,0.978379857859244,0.419895307465109,0.999646667774647,"#e06a5d"
1.08885267714393e-06,1,0.978379857859244,0.419895307465109,0.999646667774647,"#e06a5d"
1.08885267714393e-06,1,0.978379857859244,0.419895307465109,0.999646667774647,"#e06a5d"
1.08885267714393e-06,1,0.978379857859244,0.419895307465109,0.999646667774647,"#e06a5d"
1.08885267714393e-06,1,0.978379857859244,0.419895307465109,0.999646667774647,"#e06a5d"
1.08885267714393e-06,0.333333333333333,0.978379857859244,0.419895307465109,0.999646667774647,"#00a4ac"
1.08885267714393e-06,0.666666666666667,0.978379857859244,0.419895307465109,0.999646667774647,"black"
1.08885267714393e-06,1,0.978379857859244,0.419895307465109,0.999646667774647,"#e06a5d"
1.08885267714393e-06,1,0.978379857859244,0.419895307465109,0.999646667774647,"#e06a5d"
1.08885267714393e-06,1,0.978379857859244,0.419895307465109,0.999646667774647,"#e06a5d"
1.08885267714393e-06,1,0.978379857859244,0.419895307465109,0.999646667774647,"#e06a5d"
1.08885267714393e-06,1,0.978379857859244,0.419895307465109,0.999646667774647,"#e06a5d"
1.12918055407519e-06,0.333333333333333,0.981975714111685,0.422942433210409,0.999753129309502,"#00a4ac"
1.12918055407519e-06,1,0.981975714111685,0.422942433210409,0.999753129309502,"#e06a5d"
1.12918055407519e-06,1,0.981975714111685,0.422942433210409,0.999753129309502,"#e06a5d"
1.12918055407519e-06,1,0.981975714111685,0.422942433210409,0.999753129309502,"#e06a5d"
1.12918055407519e-06,0.666666666666667,0.981975714111685,0.422942433210409,0.999753129309502,"black"
1.12918055407519e-06,1,0.981975714111685,0.422942433210409,0.999753129309502,"#e06a5d"
1.12918055407519e-06,1,0.981975714111685,0.422942433210409,0.999753129309502,"#e06a5d"
1.12918055407519e-06,1,0.981975714111685,0.422942433210409,0.999753129309502,"#e06a5d"
1.12918055407519e-06,1,0.981975714111685,0.422942433210409,0.999753129309502,"#e06a5d"
1.12918055407519e-06,1,0.981975714111685,0.422942433210409,0.999753129309502,"#e06a5d"
1.12918055407519e-06,1,0.981975714111685,0.422942433210409,0.999753129309502,"#e06a5d"
1.12918055407519e-06,1,0.981975714111685,0.422942433210409,0.999753129309502,"#e06a5d"
1.12918055407519e-06,1,0.981975714111685,0.422942433210409,0.999753129309502,"#e06a5d"
1.12918055407519e-06,1,0.981975714111685,0.422942433210409,0.999753129309502,"#e06a5d"
1.12918055407519e-06,1,0.981975714111685,0.422942433210409,0.999753129309502,"#e06a5d"
1.12918055407519e-06,1,0.981975714111685,0.422942433210409,0.999753129309502,"#e06a5d"
1.12918055407519e-06,0.666666666666667,0.981975714111685,0.422942433210409,0.999753129309502,"black"
1.12918055407519e-06,1,0.981975714111685,0.422942433210409,0.999753129309502,"#e06a5d"
1.12918055407519e-06,1,0.981975714111685,0.422942433210409,0.999753129309502,"#e06a5d"
1.12918055407519e-06,1,0.981975714111685,0.422942433210409,0.999753129309502,"#e06a5d"
1.12918055407519e-06,1,0.981975714111685,0.422942433210409,0.999753129309502,"#e06a5d"
1.12918055407519e-06,0.666666666666667,0.981975714111685,0.422942433210409,0.999753129309502,"black"
1.12918055407519e-06,0.666666666666667,0.981975714111685,0.422942433210409,0.999753129309502,"black"
1.12918055407519e-06,1,0.981975714111685,0.422942433210409,0.999753129309502,"#e06a5d"
1.12918055407519e-06,1,0.981975714111685,0.422942433210409,0.999753129309502,"#e06a5d"
1.12918055407519e-06,1,0.981975714111685,0.422942433210409,0.999753129309502,"#e06a5d"
1.12918055407519e-06,1,0.981975714111685,0.422942433210409,0.999753129309502,"#e06a5d"
1.12918055407519e-06,1,0.981975714111685,0.422942433210409,0.999753129309502,"#e06a5d"
1.12918055407519e-06,1,0.981975714111685,0.422942433210409,0.999753129309502,"#e06a5d"
1.12918055407519e-06,0.333333333333333,0.981975714111685,0.422942433210409,0.999753129309502,"#00a4ac"
1.12918055407519e-06,1,0.981975714111685,0.422942433210409,0.999753129309502,"#e06a5d"
1.12918055407519e-06,0.666666666666667,0.981975714111685,0.422942433210409,0.999753129309502,"black"
1.12918055407519e-06,1,0.981975714111685,0.422942433210409,0.999753129309502,"#e06a5d"
1.12918055407519e-06,1,0.981975714111685,0.422942433210409,0.999753129309502,"#e06a5d"
1.12918055407519e-06,1,0.981975714111685,0.422942433210409,0.999753129309502,"#e06a5d"
1.12918055407519e-06,1,0.981975714111685,0.422942433210409,0.999753129309502,"#e06a5d"
1.12918055407519e-06,0.333333333333333,0.981975714111685,0.422942433210409,0.999753129309502,"#00a4ac"
1.12918055407519e-06,1,0.981975714111685,0.422942433210409,0.999753129309502,"#e06a5d"
1.12918055407519e-06,1,0.981975714111685,0.422942433210409,0.999753129309502,"#e06a5d"
1.12918055407519e-06,0.333333333333333,0.981975714111685,0.422942433210409,0.999753129309502,"#00a4ac"
1.12918055407519e-06,1,0.981975714111685,0.422942433210409,0.999753129309502,"#e06a5d"
1.12918055407519e-06,1,0.981975714111685,0.422942433210409,0.999753129309502,"#e06a5d"
1.12918055407519e-06,1,0.981975714111685,0.422942433210409,0.999753129309502,"#e06a5d"
1.12918055407519e-06,1,0.981975714111685,0.422942433210409,0.999753129309502,"#e06a5d"
1.12918055407519e-06,1,0.981975714111685,0.422942433210409,0.999753129309502,"#e06a5d"
1.12918055407519e-06,1,0.981975714111685,0.422942433210409,0.999753129309502,"#e06a5d"
1.12918055407519e-06,1,0.981975714111685,0.422942433210409,0.999753129309502,"#e06a5d"
1.12918055407519e-06,1,0.981975714111685,0.422942433210409,0.999753129309502,"#e06a5d"
1.12918055407519e-06,0.333333333333333,0.981975714111685,0.422942433210409,0.999753129309502,"#00a4ac"
1.12918055407519e-06,0.666666666666667,0.981975714111685,0.422942433210409,0.999753129309502,"black"
1.12918055407519e-06,1,0.981975714111685,0.422942433210409,0.999753129309502,"#e06a5d"
1.12918055407519e-06,0.666666666666667,0.981975714111685,0.422942433210409,0.999753129309502,"black"
1.12918055407519e-06,1,0.981975714111685,0.422942433210409,0.999753129309502,"#e06a5d"
1.12918055407519e-06,1,0.981975714111685,0.422942433210409,0.999753129309502,"#e06a5d"
1.16950843100644e-06,1,0.985003675715153,0.425522762920667,0.999828339900949,"#e06a5d"
1.16950843100644e-06,1,0.985003675715153,0.425522762920667,0.999828339900949,"#e06a5d"
1.16950843100644e-06,1,0.985003675715153,0.425522762920667,0.999828339900949,"#e06a5d"
1.16950843100644e-06,1,0.985003675715153,0.425522762920667,0.999828339900949,"#e06a5d"
1.16950843100644e-06,1,0.985003675715153,0.425522762920667,0.999828339900949,"#e06a5d"
1.16950843100644e-06,1,0.985003675715153,0.425522762920667,0.999828339900949,"#e06a5d"
1.16950843100644e-06,1,0.985003675715153,0.425522762920667,0.999828339900949,"#e06a5d"
1.16950843100644e-06,1,0.985003675715153,0.425522762920667,0.999828339900949,"#e06a5d"
1.16950843100644e-06,0.666666666666667,0.985003675715153,0.425522762920667,0.999828339900949,"black"
1.16950843100644e-06,1,0.985003675715153,0.425522762920667,0.999828339900949,"#e06a5d"
1.16950843100644e-06,1,0.985003675715153,0.425522762920667,0.999828339900949,"#e06a5d"
1.16950843100644e-06,1,0.985003675715153,0.425522762920667,0.999828339900949,"#e06a5d"
1.16950843100644e-06,0.666666666666667,0.985003675715153,0.425522762920667,0.999828339900949,"black"
1.16950843100644e-06,1,0.985003675715153,0.425522762920667,0.999828339900949,"#e06a5d"
1.16950843100644e-06,1,0.985003675715153,0.425522762920667,0.999828339900949,"#e06a5d"
1.16950843100644e-06,1,0.985003675715153,0.425522762920667,0.999828339900949,"#e06a5d"
1.16950843100644e-06,0.666666666666667,0.985003675715153,0.425522762920667,0.999828339900949,"black"
1.16950843100644e-06,1,0.985003675715153,0.425522762920667,0.999828339900949,"#e06a5d"
1.16950843100644e-06,1,0.985003675715153,0.425522762920667,0.999828339900949,"#e06a5d"
1.16950843100644e-06,1,0.985003675715153,0.425522762920667,0.999828339900949,"#e06a5d"
1.16950843100644e-06,1,0.985003675715153,0.425522762920667,0.999828339900949,"#e06a5d"
1.16950843100644e-06,1,0.985003675715153,0.425522762920667,0.999828339900949,"#e06a5d"
1.16950843100644e-06,1,0.985003675715153,0.425522762920667,0.999828339900949,"#e06a5d"
1.16950843100644e-06,1,0.985003675715153,0.425522762920667,0.999828339900949,"#e06a5d"
1.16950843100644e-06,1,0.985003675715153,0.425522762920667,0.999828339900949,"#e06a5d"
1.16950843100644e-06,1,0.985003675715153,0.425522762920667,0.999828339900949,"#e06a5d"
1.16950843100644e-06,1,0.985003675715153,0.425522762920667,0.999828339900949,"#e06a5d"
1.16950843100644e-06,1,0.985003675715153,0.425522762920667,0.999828339900949,"#e06a5d"
1.16950843100644e-06,1,0.985003675715153,0.425522762920667,0.999828339900949,"#e06a5d"
1.16950843100644e-06,1,0.985003675715153,0.425522762920667,0.999828339900949,"#e06a5d"
1.16950843100644e-06,0.666666666666667,0.985003675715153,0.425522762920667,0.999828339900949,"black"
1.16950843100644e-06,1,0.985003675715153,0.425522762920667,0.999828339900949,"#e06a5d"
1.16950843100644e-06,0.666666666666667,0.985003675715153,0.425522762920667,0.999828339900949,"black"
1.16950843100644e-06,1,0.985003675715153,0.425522762920667,0.999828339900949,"#e06a5d"
1.16950843100644e-06,1,0.985003675715153,0.425522762920667,0.999828339900949,"#e06a5d"
1.16950843100644e-06,1,0.985003675715153,0.425522762920667,0.999828339900949,"#e06a5d"
1.16950843100644e-06,1,0.985003675715153,0.425522762920667,0.999828339900949,"#e06a5d"
1.16950843100644e-06,1,0.985003675715153,0.425522762920667,0.999828339900949,"#e06a5d"
1.16950843100644e-06,0.666666666666667,0.985003675715153,0.425522762920667,0.999828339900949,"black"
1.16950843100644e-06,1,0.985003675715153,0.425522762920667,0.999828339900949,"#e06a5d"
1.16950843100644e-06,1,0.985003675715153,0.425522762920667,0.999828339900949,"#e06a5d"
1.16950843100644e-06,0.666666666666667,0.985003675715153,0.425522762920667,0.999828339900949,"black"
1.16950843100644e-06,1,0.985003675715153,0.425522762920667,0.999828339900949,"#e06a5d"
1.2098363079377e-06,1,0.987547367799439,0.42770075099262,0.999881184887517,"#e06a5d"
1.2098363079377e-06,1,0.987547367799439,0.42770075099262,0.999881184887517,"#e06a5d"
1.2098363079377e-06,1,0.987547367799439,0.42770075099262,0.999881184887517,"#e06a5d"
1.2098363079377e-06,1,0.987547367799439,0.42770075099262,0.999881184887517,"#e06a5d"
1.2098363079377e-06,0.666666666666667,0.987547367799439,0.42770075099262,0.999881184887517,"black"
1.2098363079377e-06,1,0.987547367799439,0.42770075099262,0.999881184887517,"#e06a5d"
1.2098363079377e-06,1,0.987547367799439,0.42770075099262,0.999881184887517,"#e06a5d"
1.2098363079377e-06,1,0.987547367799439,0.42770075099262,0.999881184887517,"#e06a5d"
1.2098363079377e-06,1,0.987547367799439,0.42770075099262,0.999881184887517,"#e06a5d"
1.2098363079377e-06,1,0.987547367799439,0.42770075099262,0.999881184887517,"#e06a5d"
1.2098363079377e-06,1,0.987547367799439,0.42770075099262,0.999881184887517,"#e06a5d"
1.2098363079377e-06,1,0.987547367799439,0.42770075099262,0.999881184887517,"#e06a5d"
1.2098363079377e-06,1,0.987547367799439,0.42770075099262,0.999881184887517,"#e06a5d"
1.2098363079377e-06,1,0.987547367799439,0.42770075099262,0.999881184887517,"#e06a5d"
1.2098363079377e-06,1,0.987547367799439,0.42770075099262,0.999881184887517,"#e06a5d"
1.2098363079377e-06,1,0.987547367799439,0.42770075099262,0.999881184887517,"#e06a5d"
1.2098363079377e-06,0.666666666666667,0.987547367799439,0.42770075099262,0.999881184887517,"black"
1.2098363079377e-06,1,0.987547367799439,0.42770075099262,0.999881184887517,"#e06a5d"
1.2098363079377e-06,1,0.987547367799439,0.42770075099262,0.999881184887517,"#e06a5d"
1.2098363079377e-06,1,0.987547367799439,0.42770075099262,0.999881184887517,"#e06a5d"
1.2098363079377e-06,0.666666666666667,0.987547367799439,0.42770075099262,0.999881184887517,"black"
1.2098363079377e-06,0.666666666666667,0.987547367799439,0.42770075099262,0.999881184887517,"black"
1.2098363079377e-06,1,0.987547367799439,0.42770075099262,0.999881184887517,"#e06a5d"
1.2098363079377e-06,1,0.987547367799439,0.42770075099262,0.999881184887517,"#e06a5d"
1.2098363079377e-06,1,0.987547367799439,0.42770075099262,0.999881184887517,"#e06a5d"
1.2098363079377e-06,1,0.987547367799439,0.42770075099262,0.999881184887517,"#e06a5d"
1.2098363079377e-06,1,0.987547367799439,0.42770075099262,0.999881184887517,"#e06a5d"
1.2098363079377e-06,1,0.987547367799439,0.42770075099262,0.999881184887517,"#e06a5d"
1.2098363079377e-06,1,0.987547367799439,0.42770075099262,0.999881184887517,"#e06a5d"
1.2098363079377e-06,0.666666666666667,0.987547367799439,0.42770075099262,0.999881184887517,"black"
1.2098363079377e-06,1,0.987547367799439,0.42770075099262,0.999881184887517,"#e06a5d"
1.2098363079377e-06,1,0.987547367799439,0.42770075099262,0.999881184887517,"#e06a5d"
1.2098363079377e-06,1,0.987547367799439,0.42770075099262,0.999881184887517,"#e06a5d"
1.2098363079377e-06,1,0.987547367799439,0.42770075099262,0.999881184887517,"#e06a5d"
1.2098363079377e-06,1,0.987547367799439,0.42770075099262,0.999881184887517,"#e06a5d"
1.2098363079377e-06,1,0.987547367799439,0.42770075099262,0.999881184887517,"#e06a5d"
1.2098363079377e-06,0.333333333333333,0.987547367799439,0.42770075099262,0.999881184887517,"#00a4ac"
1.2098363079377e-06,1,0.987547367799439,0.42770075099262,0.999881184887517,"#e06a5d"
1.2098363079377e-06,0.333333333333333,0.987547367799439,0.42770075099262,0.999881184887517,"#00a4ac"
1.2098363079377e-06,1,0.987547367799439,0.42770075099262,0.999881184887517,"#e06a5d"
1.2098363079377e-06,1,0.987547367799439,0.42770075099262,0.999881184887517,"#e06a5d"
1.25016418486896e-06,1,0.989679319333199,0.429533546501158,0.999918123530396,"#e06a5d"
1.25016418486896e-06,1,0.989679319333199,0.429533546501158,0.999918123530396,"#e06a5d"
1.25016418486896e-06,1,0.989679319333199,0.429533546501158,0.999918123530396,"#e06a5d"
1.25016418486896e-06,1,0.989679319333199,0.429533546501158,0.999918123530396,"#e06a5d"
1.25016418486896e-06,1,0.989679319333199,0.429533546501158,0.999918123530396,"#e06a5d"
1.25016418486896e-06,1,0.989679319333199,0.429533546501158,0.999918123530396,"#e06a5d"
1.25016418486896e-06,1,0.989679319333199,0.429533546501158,0.999918123530396,"#e06a5d"
1.25016418486896e-06,0.666666666666667,0.989679319333199,0.429533546501158,0.999918123530396,"black"
1.25016418486896e-06,1,0.989679319333199,0.429533546501158,0.999918123530396,"#e06a5d"
1.25016418486896e-06,1,0.989679319333199,0.429533546501158,0.999918123530396,"#e06a5d"
1.25016418486896e-06,1,0.989679319333199,0.429533546501158,0.999918123530396,"#e06a5d"
1.25016418486896e-06,1,0.989679319333199,0.429533546501158,0.999918123530396,"#e06a5d"
1.25016418486896e-06,1,0.989679319333199,0.429533546501158,0.999918123530396,"#e06a5d"
1.25016418486896e-06,1,0.989679319333199,0.429533546501158,0.999918123530396,"#e06a5d"
1.25016418486896e-06,1,0.989679319333199,0.429533546501158,0.999918123530396,"#e06a5d"
1.25016418486896e-06,1,0.989679319333199,0.429533546501158,0.999918123530396,"#e06a5d"
1.25016418486896e-06,1,0.989679319333199,0.429533546501158,0.999918123530396,"#e06a5d"
1.25016418486896e-06,1,0.989679319333199,0.429533546501158,0.999918123530396,"#e06a5d"
1.25016418486896e-06,1,0.989679319333199,0.429533546501158,0.999918123530396,"#e06a5d"
1.25016418486896e-06,0.666666666666667,0.989679319333199,0.429533546501158,0.999918123530396,"black"
1.25016418486896e-06,1,0.989679319333199,0.429533546501158,0.999918123530396,"#e06a5d"
1.25016418486896e-06,1,0.989679319333199,0.429533546501158,0.999918123530396,"#e06a5d"
1.25016418486896e-06,1,0.989679319333199,0.429533546501158,0.999918123530396,"#e06a5d"
1.25016418486896e-06,1,0.989679319333199,0.429533546501158,0.999918123530396,"#e06a5d"
1.25016418486896e-06,1,0.989679319333199,0.429533546501158,0.999918123530396,"#e06a5d"
1.25016418486896e-06,1,0.989679319333199,0.429533546501158,0.999918123530396,"#e06a5d"
1.25016418486896e-06,1,0.989679319333199,0.429533546501158,0.999918123530396,"#e06a5d"
1.25016418486896e-06,1,0.989679319333199,0.429533546501158,0.999918123530396,"#e06a5d"
1.25016418486896e-06,1,0.989679319333199,0.429533546501158,0.999918123530396,"#e06a5d"
1.25016418486896e-06,1,0.989679319333199,0.429533546501158,0.999918123530396,"#e06a5d"
1.25016418486896e-06,1,0.989679319333199,0.429533546501158,0.999918123530396,"#e06a5d"
1.25016418486896e-06,1,0.989679319333199,0.429533546501158,0.999918123530396,"#e06a5d"
1.25016418486896e-06,1,0.989679319333199,0.429533546501158,0.999918123530396,"#e06a5d"
1.25016418486896e-06,0.333333333333333,0.989679319333199,0.429533546501158,0.999918123530396,"#00a4ac"
1.25016418486896e-06,1,0.989679319333199,0.429533546501158,0.999918123530396,"#e06a5d"
1.25016418486896e-06,1,0.989679319333199,0.429533546501158,0.999918123530396,"#e06a5d"
1.25016418486896e-06,0.666666666666667,0.989679319333199,0.429533546501158,0.999918123530396,"black"
1.25016418486896e-06,1,0.989679319333199,0.429533546501158,0.999918123530396,"#e06a5d"
1.25016418486896e-06,0.666666666666667,0.989679319333199,0.429533546501158,0.999918123530396,"black"
1.25016418486896e-06,1,0.989679319333199,0.429533546501158,0.999918123530396,"#e06a5d"
1.25016418486896e-06,1,0.989679319333199,0.429533546501158,0.999918123530396,"#e06a5d"
1.25016418486896e-06,1,0.989679319333199,0.429533546501158,0.999918123530396,"#e06a5d"
1.25016418486896e-06,1,0.989679319333199,0.429533546501158,0.999918123530396,"#e06a5d"
1.25016418486896e-06,1,0.989679319333199,0.429533546501158,0.999918123530396,"#e06a5d"
1.29049206180021e-06,1,0.991462187560674,0.431071439451497,0.999943816599531,"#e06a5d"
1.29049206180021e-06,1,0.991462187560674,0.431071439451497,0.999943816599531,"#e06a5d"
1.29049206180021e-06,1,0.991462187560674,0.431071439451497,0.999943816599531,"#e06a5d"
1.29049206180021e-06,1,0.991462187560674,0.431071439451497,0.999943816599531,"#e06a5d"
1.29049206180021e-06,1,0.991462187560674,0.431071439451497,0.999943816599531,"#e06a5d"
1.29049206180021e-06,1,0.991462187560674,0.431071439451497,0.999943816599531,"#e06a5d"
1.29049206180021e-06,1,0.991462187560674,0.431071439451497,0.999943816599531,"#e06a5d"
1.29049206180021e-06,0.666666666666667,0.991462187560674,0.431071439451497,0.999943816599531,"black"
1.29049206180021e-06,1,0.991462187560674,0.431071439451497,0.999943816599531,"#e06a5d"
1.29049206180021e-06,1,0.991462187560674,0.431071439451497,0.999943816599531,"#e06a5d"
1.29049206180021e-06,1,0.991462187560674,0.431071439451497,0.999943816599531,"#e06a5d"
1.29049206180021e-06,1,0.991462187560674,0.431071439451497,0.999943816599531,"#e06a5d"
1.29049206180021e-06,1,0.991462187560674,0.431071439451497,0.999943816599531,"#e06a5d"
1.29049206180021e-06,1,0.991462187560674,0.431071439451497,0.999943816599531,"#e06a5d"
1.29049206180021e-06,1,0.991462187560674,0.431071439451497,0.999943816599531,"#e06a5d"
1.29049206180021e-06,1,0.991462187560674,0.431071439451497,0.999943816599531,"#e06a5d"
1.29049206180021e-06,1,0.991462187560674,0.431071439451497,0.999943816599531,"#e06a5d"
1.29049206180021e-06,0.666666666666667,0.991462187560674,0.431071439451497,0.999943816599531,"black"
1.29049206180021e-06,1,0.991462187560674,0.431071439451497,0.999943816599531,"#e06a5d"
1.29049206180021e-06,1,0.991462187560674,0.431071439451497,0.999943816599531,"#e06a5d"
1.29049206180021e-06,1,0.991462187560674,0.431071439451497,0.999943816599531,"#e06a5d"
1.29049206180021e-06,0.666666666666667,0.991462187560674,0.431071439451497,0.999943816599531,"black"
1.29049206180021e-06,1,0.991462187560674,0.431071439451497,0.999943816599531,"#e06a5d"
1.29049206180021e-06,1,0.991462187560674,0.431071439451497,0.999943816599531,"#e06a5d"
1.29049206180021e-06,1,0.991462187560674,0.431071439451497,0.999943816599531,"#e06a5d"
1.29049206180021e-06,1,0.991462187560674,0.431071439451497,0.999943816599531,"#e06a5d"
1.29049206180021e-06,1,0.991462187560674,0.431071439451497,0.999943816599531,"#e06a5d"
1.29049206180021e-06,1,0.991462187560674,0.431071439451497,0.999943816599531,"#e06a5d"
1.29049206180021e-06,1,0.991462187560674,0.431071439451497,0.999943816599531,"#e06a5d"
1.29049206180021e-06,1,0.991462187560674,0.431071439451497,0.999943816599531,"#e06a5d"
1.29049206180021e-06,1,0.991462187560674,0.431071439451497,0.999943816599531,"#e06a5d"
1.29049206180021e-06,0.666666666666667,0.991462187560674,0.431071439451497,0.999943816599531,"black"
1.29049206180021e-06,1,0.991462187560674,0.431071439451497,0.999943816599531,"#e06a5d"
1.29049206180021e-06,1,0.991462187560674,0.431071439451497,0.999943816599531,"#e06a5d"
1.29049206180021e-06,1,0.991462187560674,0.431071439451497,0.999943816599531,"#e06a5d"
1.29049206180021e-06,1,0.991462187560674,0.431071439451497,0.999943816599531,"#e06a5d"
1.29049206180021e-06,0.666666666666667,0.991462187560674,0.431071439451497,0.999943816599531,"black"
1.29049206180021e-06,1,0.991462187560674,0.431071439451497,0.999943816599531,"#e06a5d"
1.29049206180021e-06,1,0.991462187560674,0.431071439451497,0.999943816599531,"#e06a5d"
1.29049206180021e-06,1,0.991462187560674,0.431071439451497,0.999943816599531,"#e06a5d"
1.29049206180021e-06,1,0.991462187560674,0.431071439451497,0.999943816599531,"#e06a5d"
1.29049206180021e-06,1,0.991462187560674,0.431071439451497,0.999943816599531,"#e06a5d"
1.29049206180021e-06,1,0.991462187560674,0.431071439451497,0.999943816599531,"#e06a5d"
1.29049206180021e-06,1,0.991462187560674,0.431071439451497,0.999943816599531,"#e06a5d"
1.29049206180021e-06,1,0.991462187560674,0.431071439451497,0.999943816599531,"#e06a5d"
1.29049206180021e-06,1,0.991462187560674,0.431071439451497,0.999943816599531,"#e06a5d"
1.29049206180021e-06,1,0.991462187560674,0.431071439451497,0.999943816599531,"#e06a5d"
1.29049206180021e-06,0.333333333333333,0.991462187560674,0.431071439451497,0.999943816599531,"#00a4ac"
1.29049206180021e-06,1,0.991462187560674,0.431071439451497,0.999943816599531,"#e06a5d"
1.29049206180021e-06,1,0.991462187560674,0.431071439451497,0.999943816599531,"#e06a5d"
1.33081993873147e-06,1,0.992949900062065,0.432358385000642,0.999961603745897,"#e06a5d"
1.33081993873147e-06,1,0.992949900062065,0.432358385000642,0.999961603745897,"#e06a5d"
1.33081993873147e-06,1,0.992949900062065,0.432358385000642,0.999961603745897,"#e06a5d"
1.33081993873147e-06,0.666666666666667,0.992949900062065,0.432358385000642,0.999961603745897,"black"
1.33081993873147e-06,1,0.992949900062065,0.432358385000642,0.999961603745897,"#e06a5d"
1.33081993873147e-06,1,0.992949900062065,0.432358385000642,0.999961603745897,"#e06a5d"
1.33081993873147e-06,1,0.992949900062065,0.432358385000642,0.999961603745897,"#e06a5d"
1.33081993873147e-06,1,0.992949900062065,0.432358385000642,0.999961603745897,"#e06a5d"
1.33081993873147e-06,1,0.992949900062065,0.432358385000642,0.999961603745897,"#e06a5d"
1.33081993873147e-06,1,0.992949900062065,0.432358385000642,0.999961603745897,"#e06a5d"
1.33081993873147e-06,0.666666666666667,0.992949900062065,0.432358385000642,0.999961603745897,"black"
1.33081993873147e-06,1,0.992949900062065,0.432358385000642,0.999961603745897,"#e06a5d"
1.33081993873147e-06,1,0.992949900062065,0.432358385000642,0.999961603745897,"#e06a5d"
1.33081993873147e-06,0.666666666666667,0.992949900062065,0.432358385000642,0.999961603745897,"black"
1.33081993873147e-06,1,0.992949900062065,0.432358385000642,0.999961603745897,"#e06a5d"
1.33081993873147e-06,0.666666666666667,0.992949900062065,0.432358385000642,0.999961603745897,"black"
1.33081993873147e-06,1,0.992949900062065,0.432358385000642,0.999961603745897,"#e06a5d"
1.33081993873147e-06,1,0.992949900062065,0.432358385000642,0.999961603745897,"#e06a5d"
1.33081993873147e-06,0.666666666666667,0.992949900062065,0.432358385000642,0.999961603745897,"black"
1.33081993873147e-06,1,0.992949900062065,0.432358385000642,0.999961603745897,"#e06a5d"
1.33081993873147e-06,1,0.992949900062065,0.432358385000642,0.999961603745897,"#e06a5d"
1.33081993873147e-06,1,0.992949900062065,0.432358385000642,0.999961603745897,"#e06a5d"
1.33081993873147e-06,1,0.992949900062065,0.432358385000642,0.999961603745897,"#e06a5d"
1.33081993873147e-06,1,0.992949900062065,0.432358385000642,0.999961603745897,"#e06a5d"
1.33081993873147e-06,1,0.992949900062065,0.432358385000642,0.999961603745897,"#e06a5d"
1.33081993873147e-06,1,0.992949900062065,0.432358385000642,0.999961603745897,"#e06a5d"
1.33081993873147e-06,1,0.992949900062065,0.432358385000642,0.999961603745897,"#e06a5d"
1.33081993873147e-06,1,0.992949900062065,0.432358385000642,0.999961603745897,"#e06a5d"
1.33081993873147e-06,1,0.992949900062065,0.432358385000642,0.999961603745897,"#e06a5d"
1.33081993873147e-06,0.666666666666667,0.992949900062065,0.432358385000642,0.999961603745897,"black"
1.33081993873147e-06,0.666666666666667,0.992949900062065,0.432358385000642,0.999961603745897,"black"
1.33081993873147e-06,0.666666666666667,0.992949900062065,0.432358385000642,0.999961603745897,"black"
1.33081993873147e-06,1,0.992949900062065,0.432358385000642,0.999961603745897,"#e06a5d"
1.37114781566273e-06,1,0.994188707221196,0.433432567623546,0.999973862355716,"#e06a5d"
1.37114781566273e-06,1,0.994188707221196,0.433432567623546,0.999973862355716,"#e06a5d"
1.37114781566273e-06,1,0.994188707221196,0.433432567623546,0.999973862355716,"#e06a5d"
1.37114781566273e-06,1,0.994188707221196,0.433432567623546,0.999973862355716,"#e06a5d"
1.37114781566273e-06,1,0.994188707221196,0.433432567623546,0.999973862355716,"#e06a5d"
1.37114781566273e-06,1,0.994188707221196,0.433432567623546,0.999973862355716,"#e06a5d"
1.37114781566273e-06,1,0.994188707221196,0.433432567623546,0.999973862355716,"#e06a5d"
1.37114781566273e-06,1,0.994188707221196,0.433432567623546,0.999973862355716,"#e06a5d"
1.37114781566273e-06,1,0.994188707221196,0.433432567623546,0.999973862355716,"#e06a5d"
1.37114781566273e-06,1,0.994188707221196,0.433432567623546,0.999973862355716,"#e06a5d"
1.37114781566273e-06,1,0.994188707221196,0.433432567623546,0.999973862355716,"#e06a5d"
1.37114781566273e-06,1,0.994188707221196,0.433432567623546,0.999973862355716,"#e06a5d"
1.37114781566273e-06,1,0.994188707221196,0.433432567623546,0.999973862355716,"#e06a5d"
1.37114781566273e-06,1,0.994188707221196,0.433432567623546,0.999973862355716,"#e06a5d"
1.37114781566273e-06,1,0.994188707221196,0.433432567623546,0.999973862355716,"#e06a5d"
1.37114781566273e-06,1,0.994188707221196,0.433432567623546,0.999973862355716,"#e06a5d"
1.37114781566273e-06,1,0.994188707221196,0.433432567623546,0.999973862355716,"#e06a5d"
1.37114781566273e-06,0.333333333333333,0.994188707221196,0.433432567623546,0.999973862355716,"#00a4ac"
1.37114781566273e-06,1,0.994188707221196,0.433432567623546,0.999973862355716,"#e06a5d"
1.37114781566273e-06,1,0.994188707221196,0.433432567623546,0.999973862355716,"#e06a5d"
1.37114781566273e-06,1,0.994188707221196,0.433432567623546,0.999973862355716,"#e06a5d"
1.37114781566273e-06,0.666666666666667,0.994188707221196,0.433432567623546,0.999973862355716,"black"
1.37114781566273e-06,1,0.994188707221196,0.433432567623546,0.999973862355716,"#e06a5d"
1.37114781566273e-06,1,0.994188707221196,0.433432567623546,0.999973862355716,"#e06a5d"
1.37114781566273e-06,1,0.994188707221196,0.433432567623546,0.999973862355716,"#e06a5d"
1.37114781566273e-06,0.666666666666667,0.994188707221196,0.433432567623546,0.999973862355716,"black"
1.37114781566273e-06,1,0.994188707221196,0.433432567623546,0.999973862355716,"#e06a5d"
1.37114781566273e-06,1,0.994188707221196,0.433432567623546,0.999973862355716,"#e06a5d"
1.37114781566273e-06,1,0.994188707221196,0.433432567623546,0.999973862355716,"#e06a5d"
1.37114781566273e-06,1,0.994188707221196,0.433432567623546,0.999973862355716,"#e06a5d"
1.37114781566273e-06,1,0.994188707221196,0.433432567623546,0.999973862355716,"#e06a5d"
1.37114781566273e-06,1,0.994188707221196,0.433432567623546,0.999973862355716,"#e06a5d"
1.37114781566273e-06,0.666666666666667,0.994188707221196,0.433432567623546,0.999973862355716,"black"
1.37114781566273e-06,1,0.994188707221196,0.433432567623546,0.999973862355716,"#e06a5d"
1.37114781566273e-06,1,0.994188707221196,0.433432567623546,0.999973862355716,"#e06a5d"
1.37114781566273e-06,1,0.994188707221196,0.433432567623546,0.999973862355716,"#e06a5d"
1.37114781566273e-06,1,0.994188707221196,0.433432567623546,0.999973862355716,"#e06a5d"
1.37114781566273e-06,1,0.994188707221196,0.433432567623546,0.999973862355716,"#e06a5d"
1.37114781566273e-06,1,0.994188707221196,0.433432567623546,0.999973862355716,"#e06a5d"
1.37114781566273e-06,1,0.994188707221196,0.433432567623546,0.999973862355716,"#e06a5d"
1.37114781566273e-06,0.666666666666667,0.994188707221196,0.433432567623546,0.999973862355716,"black"
1.41147569259398e-06,0.666666666666667,0.995218142149429,0.434326976100021,0.999982274422531,"black"
1.41147569259398e-06,1,0.995218142149429,0.434326976100021,0.999982274422531,"#e06a5d"
1.41147569259398e-06,1,0.995218142149429,0.434326976100021,0.999982274422531,"#e06a5d"
1.41147569259398e-06,1,0.995218142149429,0.434326976100021,0.999982274422531,"#e06a5d"
1.41147569259398e-06,1,0.995218142149429,0.434326976100021,0.999982274422531,"#e06a5d"
1.41147569259398e-06,1,0.995218142149429,0.434326976100021,0.999982274422531,"#e06a5d"
1.41147569259398e-06,1,0.995218142149429,0.434326976100021,0.999982274422531,"#e06a5d"
1.41147569259398e-06,1,0.995218142149429,0.434326976100021,0.999982274422531,"#e06a5d"
1.41147569259398e-06,1,0.995218142149429,0.434326976100021,0.999982274422531,"#e06a5d"
1.41147569259398e-06,1,0.995218142149429,0.434326976100021,0.999982274422531,"#e06a5d"
1.41147569259398e-06,1,0.995218142149429,0.434326976100021,0.999982274422531,"#e06a5d"
1.41147569259398e-06,0.666666666666667,0.995218142149429,0.434326976100021,0.999982274422531,"black"
1.41147569259398e-06,1,0.995218142149429,0.434326976100021,0.999982274422531,"#e06a5d"
1.41147569259398e-06,1,0.995218142149429,0.434326976100021,0.999982274422531,"#e06a5d"
1.41147569259398e-06,0.666666666666667,0.995218142149429,0.434326976100021,0.999982274422531,"black"
1.41147569259398e-06,1,0.995218142149429,0.434326976100021,0.999982274422531,"#e06a5d"
1.41147569259398e-06,1,0.995218142149429,0.434326976100021,0.999982274422531,"#e06a5d"
1.41147569259398e-06,0.666666666666667,0.995218142149429,0.434326976100021,0.999982274422531,"black"
1.41147569259398e-06,1,0.995218142149429,0.434326976100021,0.999982274422531,"#e06a5d"
1.41147569259398e-06,1,0.995218142149429,0.434326976100021,0.999982274422531,"#e06a5d"
1.41147569259398e-06,1,0.995218142149429,0.434326976100021,0.999982274422531,"#e06a5d"
1.41147569259398e-06,1,0.995218142149429,0.434326976100021,0.999982274422531,"#e06a5d"
1.41147569259398e-06,1,0.995218142149429,0.434326976100021,0.999982274422531,"#e06a5d"
1.41147569259398e-06,1,0.995218142149429,0.434326976100021,0.999982274422531,"#e06a5d"
1.41147569259398e-06,1,0.995218142149429,0.434326976100021,0.999982274422531,"#e06a5d"
1.41147569259398e-06,1,0.995218142149429,0.434326976100021,0.999982274422531,"#e06a5d"
1.41147569259398e-06,1,0.995218142149429,0.434326976100021,0.999982274422531,"#e06a5d"
1.41147569259398e-06,1,0.995218142149429,0.434326976100021,0.999982274422531,"#e06a5d"
1.41147569259398e-06,1,0.995218142149429,0.434326976100021,0.999982274422531,"#e06a5d"
1.41147569259398e-06,1,0.995218142149429,0.434326976100021,0.999982274422531,"#e06a5d"
1.41147569259398e-06,0.666666666666667,0.995218142149429,0.434326976100021,0.999982274422531,"black"
1.41147569259398e-06,1,0.995218142149429,0.434326976100021,0.999982274422531,"#e06a5d"
1.41147569259398e-06,1,0.995218142149429,0.434326976100021,0.999982274422531,"#e06a5d"
1.41147569259398e-06,1,0.995218142149429,0.434326976100021,0.999982274422531,"#e06a5d"
1.41147569259398e-06,1,0.995218142149429,0.434326976100021,0.999982274422531,"#e06a5d"
1.41147569259398e-06,1,0.995218142149429,0.434326976100021,0.999982274422531,"#e06a5d"
1.41147569259398e-06,1,0.995218142149429,0.434326976100021,0.999982274422531,"#e06a5d"
1.41147569259398e-06,1,0.995218142149429,0.434326976100021,0.999982274422531,"#e06a5d"
1.41147569259398e-06,1,0.995218142149429,0.434326976100021,0.999982274422531,"#e06a5d"
1.41147569259398e-06,1,0.995218142149429,0.434326976100021,0.999982274422531,"#e06a5d"
1.41147569259398e-06,1,0.995218142149429,0.434326976100021,0.999982274422531,"#e06a5d"
1.45180356952524e-06,0.333333333333333,0.996071888339878,0.435069967930175,0.999988023069657,"#00a4ac"
1.45180356952524e-06,1,0.996071888339878,0.435069967930175,0.999988023069657,"#e06a5d"
1.45180356952524e-06,1,0.996071888339878,0.435069967930175,0.999988023069657,"#e06a5d"
1.45180356952524e-06,0.666666666666667,0.996071888339878,0.435069967930175,0.999988023069657,"black"
1.45180356952524e-06,1,0.996071888339878,0.435069967930175,0.999988023069657,"#e06a5d"
1.45180356952524e-06,1,0.996071888339878,0.435069967930175,0.999988023069657,"#e06a5d"
1.45180356952524e-06,0.666666666666667,0.996071888339878,0.435069967930175,0.999988023069657,"black"
1.45180356952524e-06,1,0.996071888339878,0.435069967930175,0.999988023069657,"#e06a5d"
1.45180356952524e-06,1,0.996071888339878,0.435069967930175,0.999988023069657,"#e06a5d"
1.45180356952524e-06,0.666666666666667,0.996071888339878,0.435069967930175,0.999988023069657,"black"
1.45180356952524e-06,1,0.996071888339878,0.435069967930175,0.999988023069657,"#e06a5d"
1.45180356952524e-06,1,0.996071888339878,0.435069967930175,0.999988023069657,"#e06a5d"
1.45180356952524e-06,0.333333333333333,0.996071888339878,0.435069967930175,0.999988023069657,"#00a4ac"
1.45180356952524e-06,1,0.996071888339878,0.435069967930175,0.999988023069657,"#e06a5d"
1.45180356952524e-06,0.333333333333333,0.996071888339878,0.435069967930175,0.999988023069657,"#00a4ac"
1.45180356952524e-06,1,0.996071888339878,0.435069967930175,0.999988023069657,"#e06a5d"
1.45180356952524e-06,1,0.996071888339878,0.435069967930175,0.999988023069657,"#e06a5d"
1.45180356952524e-06,1,0.996071888339878,0.435069967930175,0.999988023069657,"#e06a5d"
1.45180356952524e-06,1,0.996071888339878,0.435069967930175,0.999988023069657,"#e06a5d"
1.45180356952524e-06,1,0.996071888339878,0.435069967930175,0.999988023069657,"#e06a5d"
1.45180356952524e-06,0.666666666666667,0.996071888339878,0.435069967930175,0.999988023069657,"black"
1.45180356952524e-06,0.666666666666667,0.996071888339878,0.435069967930175,0.999988023069657,"black"
1.45180356952524e-06,1,0.996071888339878,0.435069967930175,0.999988023069657,"#e06a5d"
1.45180356952524e-06,1,0.996071888339878,0.435069967930175,0.999988023069657,"#e06a5d"
1.45180356952524e-06,0.666666666666667,0.996071888339878,0.435069967930175,0.999988023069657,"black"
1.45180356952524e-06,1,0.996071888339878,0.435069967930175,0.999988023069657,"#e06a5d"
1.45180356952524e-06,1,0.996071888339878,0.435069967930175,0.999988023069657,"#e06a5d"
1.45180356952524e-06,1,0.996071888339878,0.435069967930175,0.999988023069657,"#e06a5d"
1.45180356952524e-06,1,0.996071888339878,0.435069967930175,0.999988023069657,"#e06a5d"
1.45180356952524e-06,1,0.996071888339878,0.435069967930175,0.999988023069657,"#e06a5d"
1.45180356952524e-06,1,0.996071888339878,0.435069967930175,0.999988023069657,"#e06a5d"
1.45180356952524e-06,0.666666666666667,0.996071888339878,0.435069967930175,0.999988023069657,"black"
1.4921314464565e-06,1,0.996778557690065,0.435685808247812,0.99999193596727,"#e06a5d"
1.4921314464565e-06,1,0.996778557690065,0.435685808247812,0.99999193596727,"#e06a5d"
1.4921314464565e-06,1,0.996778557690065,0.435685808247812,0.99999193596727,"#e06a5d"
1.4921314464565e-06,1,0.996778557690065,0.435685808247812,0.99999193596727,"#e06a5d"
1.4921314464565e-06,1,0.996778557690065,0.435685808247812,0.99999193596727,"#e06a5d"
1.4921314464565e-06,1,0.996778557690065,0.435685808247812,0.99999193596727,"#e06a5d"
1.4921314464565e-06,1,0.996778557690065,0.435685808247812,0.99999193596727,"#e06a5d"
1.4921314464565e-06,1,0.996778557690065,0.435685808247812,0.99999193596727,"#e06a5d"
1.4921314464565e-06,1,0.996778557690065,0.435685808247812,0.99999193596727,"#e06a5d"
1.4921314464565e-06,1,0.996778557690065,0.435685808247812,0.99999193596727,"#e06a5d"
1.4921314464565e-06,1,0.996778557690065,0.435685808247812,0.99999193596727,"#e06a5d"
1.4921314464565e-06,1,0.996778557690065,0.435685808247812,0.99999193596727,"#e06a5d"
1.4921314464565e-06,1,0.996778557690065,0.435685808247812,0.99999193596727,"#e06a5d"
1.4921314464565e-06,1,0.996778557690065,0.435685808247812,0.99999193596727,"#e06a5d"
1.4921314464565e-06,1,0.996778557690065,0.435685808247812,0.99999193596727,"#e06a5d"
1.4921314464565e-06,0.666666666666667,0.996778557690065,0.435685808247812,0.99999193596727,"black"
1.4921314464565e-06,1,0.996778557690065,0.435685808247812,0.99999193596727,"#e06a5d"
1.4921314464565e-06,1,0.996778557690065,0.435685808247812,0.99999193596727,"#e06a5d"
1.4921314464565e-06,1,0.996778557690065,0.435685808247812,0.99999193596727,"#e06a5d"
1.4921314464565e-06,1,0.996778557690065,0.435685808247812,0.99999193596727,"#e06a5d"
1.4921314464565e-06,0.666666666666667,0.996778557690065,0.435685808247812,0.99999193596727,"black"
1.4921314464565e-06,1,0.996778557690065,0.435685808247812,0.99999193596727,"#e06a5d"
1.4921314464565e-06,1,0.996778557690065,0.435685808247812,0.99999193596727,"#e06a5d"
1.4921314464565e-06,1,0.996778557690065,0.435685808247812,0.99999193596727,"#e06a5d"
1.4921314464565e-06,1,0.996778557690065,0.435685808247812,0.99999193596727,"#e06a5d"
1.4921314464565e-06,0.666666666666667,0.996778557690065,0.435685808247812,0.99999193596727,"black"
1.4921314464565e-06,1,0.996778557690065,0.435685808247812,0.99999193596727,"#e06a5d"
1.4921314464565e-06,1,0.996778557690065,0.435685808247812,0.99999193596727,"#e06a5d"
1.4921314464565e-06,1,0.996778557690065,0.435685808247812,0.99999193596727,"#e06a5d"
1.4921314464565e-06,1,0.996778557690065,0.435685808247812,0.99999193596727,"#e06a5d"
1.4921314464565e-06,1,0.996778557690065,0.435685808247812,0.99999193596727,"#e06a5d"
1.4921314464565e-06,1,0.996778557690065,0.435685808247812,0.99999193596727,"#e06a5d"
1.4921314464565e-06,0.666666666666667,0.996778557690065,0.435685808247812,0.99999193596727,"black"
1.4921314464565e-06,1,0.996778557690065,0.435685808247812,0.99999193596727,"#e06a5d"
1.53245932338775e-06,1,0.997362383193368,0.43619517351799,0.999994589129363,"#e06a5d"
1.53245932338775e-06,1,0.997362383193368,0.43619517351799,0.999994589129363,"#e06a5d"
1.53245932338775e-06,1,0.997362383193368,0.43619517351799,0.999994589129363,"#e06a5d"
1.53245932338775e-06,1,0.997362383193368,0.43619517351799,0.999994589129363,"#e06a5d"
1.53245932338775e-06,0.666666666666667,0.997362383193368,0.43619517351799,0.999994589129363,"black"
1.53245932338775e-06,1,0.997362383193368,0.43619517351799,0.999994589129363,"#e06a5d"
1.53245932338775e-06,1,0.997362383193368,0.43619517351799,0.999994589129363,"#e06a5d"
1.53245932338775e-06,1,0.997362383193368,0.43619517351799,0.999994589129363,"#e06a5d"
1.53245932338775e-06,1,0.997362383193368,0.43619517351799,0.999994589129363,"#e06a5d"
1.53245932338775e-06,1,0.997362383193368,0.43619517351799,0.999994589129363,"#e06a5d"
1.53245932338775e-06,1,0.997362383193368,0.43619517351799,0.999994589129363,"#e06a5d"
1.53245932338775e-06,0.666666666666667,0.997362383193368,0.43619517351799,0.999994589129363,"black"
1.53245932338775e-06,1,0.997362383193368,0.43619517351799,0.999994589129363,"#e06a5d"
1.53245932338775e-06,1,0.997362383193368,0.43619517351799,0.999994589129363,"#e06a5d"
1.53245932338775e-06,1,0.997362383193368,0.43619517351799,0.999994589129363,"#e06a5d"
1.53245932338775e-06,0.666666666666667,0.997362383193368,0.43619517351799,0.999994589129363,"black"
1.53245932338775e-06,0.333333333333333,0.997362383193368,0.43619517351799,0.999994589129363,"#00a4ac"
1.53245932338775e-06,1,0.997362383193368,0.43619517351799,0.999994589129363,"#e06a5d"
1.53245932338775e-06,0.666666666666667,0.997362383193368,0.43619517351799,0.999994589129363,"black"
1.53245932338775e-06,1,0.997362383193368,0.43619517351799,0.999994589129363,"#e06a5d"
1.53245932338775e-06,0.666666666666667,0.997362383193368,0.43619517351799,0.999994589129363,"black"
1.53245932338775e-06,1,0.997362383193368,0.43619517351799,0.999994589129363,"#e06a5d"
1.53245932338775e-06,1,0.997362383193368,0.43619517351799,0.999994589129363,"#e06a5d"
1.53245932338775e-06,1,0.997362383193368,0.43619517351799,0.999994589129363,"#e06a5d"
1.53245932338775e-06,1,0.997362383193368,0.43619517351799,0.999994589129363,"#e06a5d"
1.53245932338775e-06,1,0.997362383193368,0.43619517351799,0.999994589129363,"#e06a5d"
1.53245932338775e-06,1,0.997362383193368,0.43619517351799,0.999994589129363,"#e06a5d"
1.53245932338775e-06,1,0.997362383193368,0.43619517351799,0.999994589129363,"#e06a5d"
1.53245932338775e-06,1,0.997362383193368,0.43619517351799,0.999994589129363,"#e06a5d"
1.53245932338775e-06,1,0.997362383193368,0.43619517351799,0.999994589129363,"#e06a5d"
1.53245932338775e-06,1,0.997362383193368,0.43619517351799,0.999994589129363,"#e06a5d"
1.53245932338775e-06,1,0.997362383193368,0.43619517351799,0.999994589129363,"#e06a5d"
1.53245932338775e-06,1,0.997362383193368,0.43619517351799,0.999994589129363,"#e06a5d"
1.53245932338775e-06,1,0.997362383193368,0.43619517351799,0.999994589129363,"#e06a5d"
1.53245932338775e-06,1,0.997362383193368,0.43619517351799,0.999994589129363,"#e06a5d"
1.53245932338775e-06,1,0.997362383193368,0.43619517351799,0.999994589129363,"#e06a5d"
1.53245932338775e-06,1,0.997362383193368,0.43619517351799,0.999994589129363,"#e06a5d"
1.53245932338775e-06,1,0.997362383193368,0.43619517351799,0.999994589129363,"#e06a5d"
1.53245932338775e-06,1,0.997362383193368,0.43619517351799,0.999994589129363,"#e06a5d"
1.53245932338775e-06,1,0.997362383193368,0.43619517351799,0.999994589129363,"#e06a5d"
1.53245932338775e-06,1,0.997362383193368,0.43619517351799,0.999994589129363,"#e06a5d"
1.53245932338775e-06,0.666666666666667,0.997362383193368,0.43619517351799,0.999994589129363,"black"
1.53245932338775e-06,1,0.997362383193368,0.43619517351799,0.999994589129363,"#e06a5d"
1.53245932338775e-06,1,0.997362383193368,0.43619517351799,0.999994589129363,"#e06a5d"
1.57278720031901e-06,1,0.99784383169856,0.43661561438175,0.99999638146277,"#e06a5d"
1.57278720031901e-06,1,0.99784383169856,0.43661561438175,0.99999638146277,"#e06a5d"
1.57278720031901e-06,1,0.99784383169856,0.43661561438175,0.99999638146277,"#e06a5d"
1.57278720031901e-06,1,0.99784383169856,0.43661561438175,0.99999638146277,"#e06a5d"
1.57278720031901e-06,1,0.99784383169856,0.43661561438175,0.99999638146277,"#e06a5d"
1.57278720031901e-06,1,0.99784383169856,0.43661561438175,0.99999638146277,"#e06a5d"
1.57278720031901e-06,1,0.99784383169856,0.43661561438175,0.99999638146277,"#e06a5d"
1.57278720031901e-06,1,0.99784383169856,0.43661561438175,0.99999638146277,"#e06a5d"
1.57278720031901e-06,0.333333333333333,0.99784383169856,0.43661561438175,0.99999638146277,"#00a4ac"
1.57278720031901e-06,1,0.99784383169856,0.43661561438175,0.99999638146277,"#e06a5d"
1.57278720031901e-06,1,0.99784383169856,0.43661561438175,0.99999638146277,"#e06a5d"
1.57278720031901e-06,1,0.99784383169856,0.43661561438175,0.99999638146277,"#e06a5d"
1.57278720031901e-06,1,0.99784383169856,0.43661561438175,0.99999638146277,"#e06a5d"
1.57278720031901e-06,1,0.99784383169856,0.43661561438175,0.99999638146277,"#e06a5d"
1.57278720031901e-06,1,0.99784383169856,0.43661561438175,0.99999638146277,"#e06a5d"
1.57278720031901e-06,1,0.99784383169856,0.43661561438175,0.99999638146277,"#e06a5d"
1.57278720031901e-06,1,0.99784383169856,0.43661561438175,0.99999638146277,"#e06a5d"
1.57278720031901e-06,1,0.99784383169856,0.43661561438175,0.99999638146277,"#e06a5d"
1.57278720031901e-06,1,0.99784383169856,0.43661561438175,0.99999638146277,"#e06a5d"
1.57278720031901e-06,1,0.99784383169856,0.43661561438175,0.99999638146277,"#e06a5d"
1.57278720031901e-06,1,0.99784383169856,0.43661561438175,0.99999638146277,"#e06a5d"
1.57278720031901e-06,1,0.99784383169856,0.43661561438175,0.99999638146277,"#e06a5d"
1.57278720031901e-06,1,0.99784383169856,0.43661561438175,0.99999638146277,"#e06a5d"
1.57278720031901e-06,0.666666666666667,0.99784383169856,0.43661561438175,0.99999638146277,"black"
1.57278720031901e-06,1,0.99784383169856,0.43661561438175,0.99999638146277,"#e06a5d"
1.57278720031901e-06,1,0.99784383169856,0.43661561438175,0.99999638146277,"#e06a5d"
1.57278720031901e-06,1,0.99784383169856,0.43661561438175,0.99999638146277,"#e06a5d"
1.57278720031901e-06,1,0.99784383169856,0.43661561438175,0.99999638146277,"#e06a5d"
1.57278720031901e-06,1,0.99784383169856,0.43661561438175,0.99999638146277,"#e06a5d"
1.57278720031901e-06,1,0.99784383169856,0.43661561438175,0.99999638146277,"#e06a5d"
1.57278720031901e-06,1,0.99784383169856,0.43661561438175,0.99999638146277,"#e06a5d"
1.57278720031901e-06,1,0.99784383169856,0.43661561438175,0.99999638146277,"#e06a5d"
1.57278720031901e-06,1,0.99784383169856,0.43661561438175,0.99999638146277,"#e06a5d"
1.57278720031901e-06,0.666666666666667,0.99784383169856,0.43661561438175,0.99999638146277,"black"
1.57278720031901e-06,1,0.99784383169856,0.43661561438175,0.99999638146277,"#e06a5d"
1.57278720031901e-06,1,0.99784383169856,0.43661561438175,0.99999638146277,"#e06a5d"
1.57278720031901e-06,1,0.99784383169856,0.43661561438175,0.99999638146277,"#e06a5d"
1.57278720031901e-06,0.666666666666667,0.99784383169856,0.43661561438175,0.99999638146277,"black"
1.57278720031901e-06,1,0.99784383169856,0.43661561438175,0.99999638146277,"#e06a5d"
1.57278720031901e-06,1,0.99784383169856,0.43661561438175,0.99999638146277,"#e06a5d"
1.61311507725027e-06,1,0.99824014279141,0.436961975094353,0.999997587931293,"#e06a5d"
1.61311507725027e-06,1,0.99824014279141,0.436961975094353,0.999997587931293,"#e06a5d"
1.61311507725027e-06,1,0.99824014279141,0.436961975094353,0.999997587931293,"#e06a5d"
1.61311507725027e-06,1,0.99824014279141,0.436961975094353,0.999997587931293,"#e06a5d"
1.61311507725027e-06,1,0.99824014279141,0.436961975094353,0.999997587931293,"#e06a5d"
1.61311507725027e-06,1,0.99824014279141,0.436961975094353,0.999997587931293,"#e06a5d"
1.61311507725027e-06,1,0.99824014279141,0.436961975094353,0.999997587931293,"#e06a5d"
1.61311507725027e-06,1,0.99824014279141,0.436961975094353,0.999997587931293,"#e06a5d"
1.61311507725027e-06,1,0.99824014279141,0.436961975094353,0.999997587931293,"#e06a5d"
1.61311507725027e-06,1,0.99824014279141,0.436961975094353,0.999997587931293,"#e06a5d"
1.61311507725027e-06,0.666666666666667,0.99824014279141,0.436961975094353,0.999997587931293,"black"
1.61311507725027e-06,1,0.99824014279141,0.436961975094353,0.999997587931293,"#e06a5d"
1.61311507725027e-06,1,0.99824014279141,0.436961975094353,0.999997587931293,"#e06a5d"
1.61311507725027e-06,1,0.99824014279141,0.436961975094353,0.999997587931293,"#e06a5d"
1.61311507725027e-06,1,0.99824014279141,0.436961975094353,0.999997587931293,"#e06a5d"
1.61311507725027e-06,1,0.99824014279141,0.436961975094353,0.999997587931293,"#e06a5d"
1.61311507725027e-06,1,0.99824014279141,0.436961975094353,0.999997587931293,"#e06a5d"
1.61311507725027e-06,0.666666666666667,0.99824014279141,0.436961975094353,0.999997587931293,"black"
1.61311507725027e-06,1,0.99824014279141,0.436961975094353,0.999997587931293,"#e06a5d"
1.61311507725027e-06,1,0.99824014279141,0.436961975094353,0.999997587931293,"#e06a5d"
1.61311507725027e-06,0.333333333333333,0.99824014279141,0.436961975094353,0.999997587931293,"#00a4ac"
1.61311507725027e-06,1,0.99824014279141,0.436961975094353,0.999997587931293,"#e06a5d"
1.61311507725027e-06,1,0.99824014279141,0.436961975094353,0.999997587931293,"#e06a5d"
1.61311507725027e-06,1,0.99824014279141,0.436961975094353,0.999997587931293,"#e06a5d"
1.61311507725027e-06,0.333333333333333,0.99824014279141,0.436961975094353,0.999997587931293,"#00a4ac"
1.61311507725027e-06,0.666666666666667,0.99824014279141,0.436961975094353,0.999997587931293,"black"
1.61311507725027e-06,1,0.99824014279141,0.436961975094353,0.999997587931293,"#e06a5d"
1.61311507725027e-06,1,0.99824014279141,0.436961975094353,0.999997587931293,"#e06a5d"
1.61311507725027e-06,1,0.99824014279141,0.436961975094353,0.999997587931293,"#e06a5d"
1.61311507725027e-06,1,0.99824014279141,0.436961975094353,0.999997587931293,"#e06a5d"
1.61311507725027e-06,1,0.99824014279141,0.436961975094353,0.999997587931293,"#e06a5d"
1.61311507725027e-06,1,0.99824014279141,0.436961975094353,0.999997587931293,"#e06a5d"
1.61311507725027e-06,1,0.99824014279141,0.436961975094353,0.999997587931293,"#e06a5d"
1.61311507725027e-06,1,0.99824014279141,0.436961975094353,0.999997587931293,"#e06a5d"
1.61311507725027e-06,1,0.99824014279141,0.436961975094353,0.999997587931293,"#e06a5d"
1.61311507725027e-06,0.666666666666667,0.99824014279141,0.436961975094353,0.999997587931293,"black"
1.61311507725027e-06,1,0.99824014279141,0.436961975094353,0.999997587931293,"#e06a5d"
1.61311507725027e-06,1,0.99824014279141,0.436961975094353,0.999997587931293,"#e06a5d"
1.61311507725027e-06,1,0.99824014279141,0.436961975094353,0.999997587931293,"#e06a5d"
1.61311507725027e-06,0.666666666666667,0.99824014279141,0.436961975094353,0.999997587931293,"black"
1.61311507725027e-06,1,0.99824014279141,0.436961975094353,0.999997587931293,"#e06a5d"
1.61311507725027e-06,1,0.99824014279141,0.436961975094353,0.999997587931293,"#e06a5d"
1.61311507725027e-06,1,0.99824014279141,0.436961975094353,0.999997587931293,"#e06a5d"
1.61311507725027e-06,1,0.99824014279141,0.436961975094353,0.999997587931293,"#e06a5d"
1.65344295418152e-06,1,0.99856580016345,0.437246769254052,0.999998397220135,"#e06a5d"
1.65344295418152e-06,1,0.99856580016345,0.437246769254052,0.999998397220135,"#e06a5d"
1.65344295418152e-06,1,0.99856580016345,0.437246769254052,0.999998397220135,"#e06a5d"
1.65344295418152e-06,1,0.99856580016345,0.437246769254052,0.999998397220135,"#e06a5d"
1.65344295418152e-06,1,0.99856580016345,0.437246769254052,0.999998397220135,"#e06a5d"
1.65344295418152e-06,1,0.99856580016345,0.437246769254052,0.999998397220135,"#e06a5d"
1.65344295418152e-06,1,0.99856580016345,0.437246769254052,0.999998397220135,"#e06a5d"
1.65344295418152e-06,1,0.99856580016345,0.437246769254052,0.999998397220135,"#e06a5d"
1.65344295418152e-06,1,0.99856580016345,0.437246769254052,0.999998397220135,"#e06a5d"
1.65344295418152e-06,1,0.99856580016345,0.437246769254052,0.999998397220135,"#e06a5d"
1.65344295418152e-06,0.666666666666667,0.99856580016345,0.437246769254052,0.999998397220135,"black"
1.65344295418152e-06,1,0.99856580016345,0.437246769254052,0.999998397220135,"#e06a5d"
1.65344295418152e-06,1,0.99856580016345,0.437246769254052,0.999998397220135,"#e06a5d"
1.65344295418152e-06,1,0.99856580016345,0.437246769254052,0.999998397220135,"#e06a5d"
1.65344295418152e-06,1,0.99856580016345,0.437246769254052,0.999998397220135,"#e06a5d"
1.65344295418152e-06,1,0.99856580016345,0.437246769254052,0.999998397220135,"#e06a5d"
1.65344295418152e-06,1,0.99856580016345,0.437246769254052,0.999998397220135,"#e06a5d"
1.65344295418152e-06,1,0.99856580016345,0.437246769254052,0.999998397220135,"#e06a5d"
1.65344295418152e-06,1,0.99856580016345,0.437246769254052,0.999998397220135,"#e06a5d"
1.65344295418152e-06,1,0.99856580016345,0.437246769254052,0.999998397220135,"#e06a5d"
1.65344295418152e-06,1,0.99856580016345,0.437246769254052,0.999998397220135,"#e06a5d"
1.65344295418152e-06,1,0.99856580016345,0.437246769254052,0.999998397220135,"#e06a5d"
1.65344295418152e-06,1,0.99856580016345,0.437246769254052,0.999998397220135,"#e06a5d"
1.65344295418152e-06,1,0.99856580016345,0.437246769254052,0.999998397220135,"#e06a5d"
1.65344295418152e-06,1,0.99856580016345,0.437246769254052,0.999998397220135,"#e06a5d"
1.65344295418152e-06,1,0.99856580016345,0.437246769254052,0.999998397220135,"#e06a5d"
1.65344295418152e-06,1,0.99856580016345,0.437246769254052,0.999998397220135,"#e06a5d"
1.65344295418152e-06,0.666666666666667,0.99856580016345,0.437246769254052,0.999998397220135,"black"
1.65344295418152e-06,1,0.99856580016345,0.437246769254052,0.999998397220135,"#e06a5d"
1.65344295418152e-06,1,0.99856580016345,0.437246769254052,0.999998397220135,"#e06a5d"
1.65344295418152e-06,1,0.99856580016345,0.437246769254052,0.999998397220135,"#e06a5d"
1.65344295418152e-06,1,0.99856580016345,0.437246769254052,0.999998397220135,"#e06a5d"
1.65344295418152e-06,1,0.99856580016345,0.437246769254052,0.999998397220135,"#e06a5d"
1.65344295418152e-06,1,0.99856580016345,0.437246769254052,0.999998397220135,"#e06a5d"
1.65344295418152e-06,1,0.99856580016345,0.437246769254052,0.999998397220135,"#e06a5d"
1.69377083111278e-06,1,0.998832941884574,0.437480513093781,0.999998938255717,"#e06a5d"
1.69377083111278e-06,1,0.998832941884574,0.437480513093781,0.999998938255717,"#e06a5d"
1.69377083111278e-06,1,0.998832941884574,0.437480513093781,0.999998938255717,"#e06a5d"
1.69377083111278e-06,1,0.998832941884574,0.437480513093781,0.999998938255717,"#e06a5d"
1.69377083111278e-06,1,0.998832941884574,0.437480513093781,0.999998938255717,"#e06a5d"
1.69377083111278e-06,1,0.998832941884574,0.437480513093781,0.999998938255717,"#e06a5d"
1.69377083111278e-06,1,0.998832941884574,0.437480513093781,0.999998938255717,"#e06a5d"
1.69377083111278e-06,1,0.998832941884574,0.437480513093781,0.999998938255717,"#e06a5d"
1.69377083111278e-06,1,0.998832941884574,0.437480513093781,0.999998938255717,"#e06a5d"
1.69377083111278e-06,1,0.998832941884574,0.437480513093781,0.999998938255717,"#e06a5d"
1.69377083111278e-06,1,0.998832941884574,0.437480513093781,0.999998938255717,"#e06a5d"
1.69377083111278e-06,1,0.998832941884574,0.437480513093781,0.999998938255717,"#e06a5d"
1.69377083111278e-06,1,0.998832941884574,0.437480513093781,0.999998938255717,"#e06a5d"
1.69377083111278e-06,1,0.998832941884574,0.437480513093781,0.999998938255717,"#e06a5d"
1.69377083111278e-06,1,0.998832941884574,0.437480513093781,0.999998938255717,"#e06a5d"
1.69377083111278e-06,1,0.998832941884574,0.437480513093781,0.999998938255717,"#e06a5d"
1.69377083111278e-06,1,0.998832941884574,0.437480513093781,0.999998938255717,"#e06a5d"
1.69377083111278e-06,1,0.998832941884574,0.437480513093781,0.999998938255717,"#e06a5d"
1.69377083111278e-06,0.333333333333333,0.998832941884574,0.437480513093781,0.999998938255717,"#00a4ac"
1.69377083111278e-06,1,0.998832941884574,0.437480513093781,0.999998938255717,"#e06a5d"
1.69377083111278e-06,1,0.998832941884574,0.437480513093781,0.999998938255717,"#e06a5d"
1.69377083111278e-06,1,0.998832941884574,0.437480513093781,0.999998938255717,"#e06a5d"
1.69377083111278e-06,1,0.998832941884574,0.437480513093781,0.999998938255717,"#e06a5d"
1.69377083111278e-06,1,0.998832941884574,0.437480513093781,0.999998938255717,"#e06a5d"
1.69377083111278e-06,1,0.998832941884574,0.437480513093781,0.999998938255717,"#e06a5d"
1.69377083111278e-06,1,0.998832941884574,0.437480513093781,0.999998938255717,"#e06a5d"
1.69377083111278e-06,1,0.998832941884574,0.437480513093781,0.999998938255717,"#e06a5d"
1.69377083111278e-06,0.666666666666667,0.998832941884574,0.437480513093781,0.999998938255717,"black"
1.73409870804404e-06,0.666666666666667,0.999051715857223,0.437672018651181,0.999999298771079,"black"
1.73409870804404e-06,1,0.999051715857223,0.437672018651181,0.999999298771079,"#e06a5d"
1.73409870804404e-06,1,0.999051715857223,0.437672018651181,0.999999298771079,"#e06a5d"
1.73409870804404e-06,1,0.999051715857223,0.437672018651181,0.999999298771079,"#e06a5d"
1.73409870804404e-06,1,0.999051715857223,0.437672018651181,0.999999298771079,"#e06a5d"
1.73409870804404e-06,1,0.999051715857223,0.437672018651181,0.999999298771079,"#e06a5d"
1.73409870804404e-06,1,0.999051715857223,0.437672018651181,0.999999298771079,"#e06a5d"
1.73409870804404e-06,1,0.999051715857223,0.437672018651181,0.999999298771079,"#e06a5d"
1.73409870804404e-06,1,0.999051715857223,0.437672018651181,0.999999298771079,"#e06a5d"
1.73409870804404e-06,1,0.999051715857223,0.437672018651181,0.999999298771079,"#e06a5d"
1.73409870804404e-06,1,0.999051715857223,0.437672018651181,0.999999298771079,"#e06a5d"
1.73409870804404e-06,1,0.999051715857223,0.437672018651181,0.999999298771079,"#e06a5d"
1.73409870804404e-06,1,0.999051715857223,0.437672018651181,0.999999298771079,"#e06a5d"
1.73409870804404e-06,0.666666666666667,0.999051715857223,0.437672018651181,0.999999298771079,"black"
1.73409870804404e-06,1,0.999051715857223,0.437672018651181,0.999999298771079,"#e06a5d"
1.73409870804404e-06,0.333333333333333,0.999051715857223,0.437672018651181,0.999999298771079,"#00a4ac"
1.73409870804404e-06,1,0.999051715857223,0.437672018651181,0.999999298771079,"#e06a5d"
1.73409870804404e-06,1,0.999051715857223,0.437672018651181,0.999999298771079,"#e06a5d"
1.73409870804404e-06,1,0.999051715857223,0.437672018651181,0.999999298771079,"#e06a5d"
1.73409870804404e-06,1,0.999051715857223,0.437672018651181,0.999999298771079,"#e06a5d"
1.73409870804404e-06,1,0.999051715857223,0.437672018651181,0.999999298771079,"#e06a5d"
1.73409870804404e-06,1,0.999051715857223,0.437672018651181,0.999999298771079,"#e06a5d"
1.73409870804404e-06,0.666666666666667,0.999051715857223,0.437672018651181,0.999999298771079,"black"
1.73409870804404e-06,1,0.999051715857223,0.437672018651181,0.999999298771079,"#e06a5d"
1.73409870804404e-06,1,0.999051715857223,0.437672018651181,0.999999298771079,"#e06a5d"
1.73409870804404e-06,1,0.999051715857223,0.437672018651181,0.999999298771079,"#e06a5d"
1.73409870804404e-06,1,0.999051715857223,0.437672018651181,0.999999298771079,"#e06a5d"
1.73409870804404e-06,0.666666666666667,0.999051715857223,0.437672018651181,0.999999298771079,"black"
1.73409870804404e-06,1,0.999051715857223,0.437672018651181,0.999999298771079,"#e06a5d"
1.73409870804404e-06,1,0.999051715857223,0.437672018651181,0.999999298771079,"#e06a5d"
1.73409870804404e-06,1,0.999051715857223,0.437672018651181,0.999999298771079,"#e06a5d"
1.73409870804404e-06,1,0.999051715857223,0.437672018651181,0.999999298771079,"#e06a5d"
1.73409870804404e-06,1,0.999051715857223,0.437672018651181,0.999999298771079,"#e06a5d"
1.77442658497529e-06,1,0.999230586456525,0.437828649767338,0.999999538232374,"#e06a5d"
1.77442658497529e-06,1,0.999230586456525,0.437828649767338,0.999999538232374,"#e06a5d"
1.77442658497529e-06,1,0.999230586456525,0.437828649767338,0.999999538232374,"#e06a5d"
1.77442658497529e-06,1,0.999230586456525,0.437828649767338,0.999999538232374,"#e06a5d"
1.77442658497529e-06,1,0.999230586456525,0.437828649767338,0.999999538232374,"#e06a5d"
1.77442658497529e-06,1,0.999230586456525,0.437828649767338,0.999999538232374,"#e06a5d"
1.77442658497529e-06,1,0.999230586456525,0.437828649767338,0.999999538232374,"#e06a5d"
1.77442658497529e-06,1,0.999230586456525,0.437828649767338,0.999999538232374,"#e06a5d"
1.77442658497529e-06,1,0.999230586456525,0.437828649767338,0.999999538232374,"#e06a5d"
1.77442658497529e-06,1,0.999230586456525,0.437828649767338,0.999999538232374,"#e06a5d"
1.77442658497529e-06,1,0.999230586456525,0.437828649767338,0.999999538232374,"#e06a5d"
1.77442658497529e-06,1,0.999230586456525,0.437828649767338,0.999999538232374,"#e06a5d"
1.77442658497529e-06,1,0.999230586456525,0.437828649767338,0.999999538232374,"#e06a5d"
1.77442658497529e-06,0.666666666666667,0.999230586456525,0.437828649767338,0.999999538232374,"black"
1.77442658497529e-06,1,0.999230586456525,0.437828649767338,0.999999538232374,"#e06a5d"
1.77442658497529e-06,1,0.999230586456525,0.437828649767338,0.999999538232374,"#e06a5d"
1.77442658497529e-06,1,0.999230586456525,0.437828649767338,0.999999538232374,"#e06a5d"
1.77442658497529e-06,0.666666666666667,0.999230586456525,0.437828649767338,0.999999538232374,"black"
1.77442658497529e-06,0.333333333333333,0.999230586456525,0.437828649767338,0.999999538232374,"#00a4ac"
1.77442658497529e-06,0.333333333333333,0.999230586456525,0.437828649767338,0.999999538232374,"#00a4ac"
1.77442658497529e-06,1,0.999230586456525,0.437828649767338,0.999999538232374,"#e06a5d"
1.77442658497529e-06,1,0.999230586456525,0.437828649767338,0.999999538232374,"#e06a5d"
1.77442658497529e-06,1,0.999230586456525,0.437828649767338,0.999999538232374,"#e06a5d"
1.77442658497529e-06,1,0.999230586456525,0.437828649767338,0.999999538232374,"#e06a5d"
1.77442658497529e-06,1,0.999230586456525,0.437828649767338,0.999999538232374,"#e06a5d"
1.77442658497529e-06,1,0.999230586456525,0.437828649767338,0.999999538232374,"#e06a5d"
1.77442658497529e-06,0.666666666666667,0.999230586456525,0.437828649767338,0.999999538232374,"black"
1.77442658497529e-06,1,0.999230586456525,0.437828649767338,0.999999538232374,"#e06a5d"
1.77442658497529e-06,1,0.999230586456525,0.437828649767338,0.999999538232374,"#e06a5d"
1.77442658497529e-06,1,0.999230586456525,0.437828649767338,0.999999538232374,"#e06a5d"
1.77442658497529e-06,1,0.999230586456525,0.437828649767338,0.999999538232374,"#e06a5d"
1.77442658497529e-06,1,0.999230586456525,0.437828649767338,0.999999538232374,"#e06a5d"
1.77442658497529e-06,1,0.999230586456525,0.437828649767338,0.999999538232374,"#e06a5d"
1.77442658497529e-06,1,0.999230586456525,0.437828649767338,0.999999538232374,"#e06a5d"
1.77442658497529e-06,1,0.999230586456525,0.437828649767338,0.999999538232374,"#e06a5d"
1.77442658497529e-06,1,0.999230586456525,0.437828649767338,0.999999538232374,"#e06a5d"
1.77442658497529e-06,1,0.999230586456525,0.437828649767338,0.999999538232374,"#e06a5d"
1.77442658497529e-06,1,0.999230586456525,0.437828649767338,0.999999538232374,"#e06a5d"
1.77442658497529e-06,1,0.999230586456525,0.437828649767338,0.999999538232374,"#e06a5d"
1.77442658497529e-06,1,0.999230586456525,0.437828649767338,0.999999538232374,"#e06a5d"
1.77442658497529e-06,1,0.999230586456525,0.437828649767338,0.999999538232374,"#e06a5d"
1.77442658497529e-06,0.666666666666667,0.999230586456525,0.437828649767338,0.999999538232374,"black"
1.77442658497529e-06,1,0.999230586456525,0.437828649767338,0.999999538232374,"#e06a5d"
1.77442658497529e-06,1,0.999230586456525,0.437828649767338,0.999999538232374,"#e06a5d"
1.77442658497529e-06,1,0.999230586456525,0.437828649767338,0.999999538232374,"#e06a5d"
1.77442658497529e-06,0.666666666666667,0.999230586456525,0.437828649767338,0.999999538232374,"black"
1.77442658497529e-06,1,0.999230586456525,0.437828649767338,0.999999538232374,"#e06a5d"
1.77442658497529e-06,1,0.999230586456525,0.437828649767338,0.999999538232374,"#e06a5d"
1.77442658497529e-06,1,0.999230586456525,0.437828649767338,0.999999538232374,"#e06a5d"
1.77442658497529e-06,1,0.999230586456525,0.437828649767338,0.999999538232374,"#e06a5d"
1.77442658497529e-06,1,0.999230586456525,0.437828649767338,0.999999538232374,"#e06a5d"
1.77442658497529e-06,0.333333333333333,0.999230586456525,0.437828649767338,0.999999538232374,"#00a4ac"
1.77442658497529e-06,0.666666666666667,0.999230586456525,0.437828649767338,0.999999538232374,"black"
1.77442658497529e-06,1,0.999230586456525,0.437828649767338,0.999999538232374,"#e06a5d"
1.81475446190655e-06,1,0.999376597997643,0.437956544194931,0.999999696793137,"#e06a5d"
1.81475446190655e-06,1,0.999376597997643,0.437956544194931,0.999999696793137,"#e06a5d"
1.81475446190655e-06,1,0.999376597997643,0.437956544194931,0.999999696793137,"#e06a5d"
1.81475446190655e-06,1,0.999376597997643,0.437956544194931,0.999999696793137,"#e06a5d"
1.81475446190655e-06,1,0.999376597997643,0.437956544194931,0.999999696793137,"#e06a5d"
1.81475446190655e-06,1,0.999376597997643,0.437956544194931,0.999999696793137,"#e06a5d"
1.81475446190655e-06,1,0.999376597997643,0.437956544194931,0.999999696793137,"#e06a5d"
1.81475446190655e-06,1,0.999376597997643,0.437956544194931,0.999999696793137,"#e06a5d"
1.81475446190655e-06,1,0.999376597997643,0.437956544194931,0.999999696793137,"#e06a5d"
1.81475446190655e-06,1,0.999376597997643,0.437956544194931,0.999999696793137,"#e06a5d"
1.81475446190655e-06,1,0.999376597997643,0.437956544194931,0.999999696793137,"#e06a5d"
1.81475446190655e-06,1,0.999376597997643,0.437956544194931,0.999999696793137,"#e06a5d"
1.81475446190655e-06,1,0.999376597997643,0.437956544194931,0.999999696793137,"#e06a5d"
1.81475446190655e-06,1,0.999376597997643,0.437956544194931,0.999999696793137,"#e06a5d"
1.81475446190655e-06,1,0.999376597997643,0.437956544194931,0.999999696793137,"#e06a5d"
1.81475446190655e-06,1,0.999376597997643,0.437956544194931,0.999999696793137,"#e06a5d"
1.81475446190655e-06,1,0.999376597997643,0.437956544194931,0.999999696793137,"#e06a5d"
1.81475446190655e-06,1,0.999376597997643,0.437956544194931,0.999999696793137,"#e06a5d"
1.81475446190655e-06,1,0.999376597997643,0.437956544194931,0.999999696793137,"#e06a5d"
1.81475446190655e-06,1,0.999376597997643,0.437956544194931,0.999999696793137,"#e06a5d"
1.81475446190655e-06,1,0.999376597997643,0.437956544194931,0.999999696793137,"#e06a5d"
1.81475446190655e-06,1,0.999376597997643,0.437956544194931,0.999999696793137,"#e06a5d"
1.81475446190655e-06,1,0.999376597997643,0.437956544194931,0.999999696793137,"#e06a5d"
1.81475446190655e-06,0.666666666666667,0.999376597997643,0.437956544194931,0.999999696793137,"black"
1.81475446190655e-06,1,0.999376597997643,0.437956544194931,0.999999696793137,"#e06a5d"
1.81475446190655e-06,1,0.999376597997643,0.437956544194931,0.999999696793137,"#e06a5d"
1.81475446190655e-06,1,0.999376597997643,0.437956544194931,0.999999696793137,"#e06a5d"
1.81475446190655e-06,1,0.999376597997643,0.437956544194931,0.999999696793137,"#e06a5d"
1.81475446190655e-06,1,0.999376597997643,0.437956544194931,0.999999696793137,"#e06a5d"
1.81475446190655e-06,1,0.999376597997643,0.437956544194931,0.999999696793137,"#e06a5d"
1.81475446190655e-06,1,0.999376597997643,0.437956544194931,0.999999696793137,"#e06a5d"
1.81475446190655e-06,1,0.999376597997643,0.437956544194931,0.999999696793137,"#e06a5d"
1.81475446190655e-06,1,0.999376597997643,0.437956544194931,0.999999696793137,"#e06a5d"
1.81475446190655e-06,1,0.999376597997643,0.437956544194931,0.999999696793137,"#e06a5d"
1.81475446190655e-06,1,0.999376597997643,0.437956544194931,0.999999696793137,"#e06a5d"
1.81475446190655e-06,1,0.999376597997643,0.437956544194931,0.999999696793137,"#e06a5d"
1.85508233883781e-06,1,0.999495600253787,0.438060805206265,0.999999801466897,"#e06a5d"
1.85508233883781e-06,1,0.999495600253787,0.438060805206265,0.999999801466897,"#e06a5d"
1.85508233883781e-06,1,0.999495600253787,0.438060805206265,0.999999801466897,"#e06a5d"
1.85508233883781e-06,1,0.999495600253787,0.438060805206265,0.999999801466897,"#e06a5d"
1.85508233883781e-06,1,0.999495600253787,0.438060805206265,0.999999801466897,"#e06a5d"
1.85508233883781e-06,1,0.999495600253787,0.438060805206265,0.999999801466897,"#e06a5d"
1.85508233883781e-06,1,0.999495600253787,0.438060805206265,0.999999801466897,"#e06a5d"
1.85508233883781e-06,1,0.999495600253787,0.438060805206265,0.999999801466897,"#e06a5d"
1.85508233883781e-06,1,0.999495600253787,0.438060805206265,0.999999801466897,"#e06a5d"
1.85508233883781e-06,0.666666666666667,0.999495600253787,0.438060805206265,0.999999801466897,"black"
1.85508233883781e-06,1,0.999495600253787,0.438060805206265,0.999999801466897,"#e06a5d"
1.85508233883781e-06,1,0.999495600253787,0.438060805206265,0.999999801466897,"#e06a5d"
1.85508233883781e-06,1,0.999495600253787,0.438060805206265,0.999999801466897,"#e06a5d"
1.85508233883781e-06,1,0.999495600253787,0.438060805206265,0.999999801466897,"#e06a5d"
1.85508233883781e-06,0.666666666666667,0.999495600253787,0.438060805206265,0.999999801466897,"black"
1.85508233883781e-06,1,0.999495600253787,0.438060805206265,0.999999801466897,"#e06a5d"
1.85508233883781e-06,1,0.999495600253787,0.438060805206265,0.999999801466897,"#e06a5d"
1.85508233883781e-06,1,0.999495600253787,0.438060805206265,0.999999801466897,"#e06a5d"
1.85508233883781e-06,1,0.999495600253787,0.438060805206265,0.999999801466897,"#e06a5d"
1.85508233883781e-06,1,0.999495600253787,0.438060805206265,0.999999801466897,"#e06a5d"
1.85508233883781e-06,1,0.999495600253787,0.438060805206265,0.999999801466897,"#e06a5d"
1.85508233883781e-06,1,0.999495600253787,0.438060805206265,0.999999801466897,"#e06a5d"
1.85508233883781e-06,1,0.999495600253787,0.438060805206265,0.999999801466897,"#e06a5d"
1.85508233883781e-06,1,0.999495600253787,0.438060805206265,0.999999801466897,"#e06a5d"
1.85508233883781e-06,1,0.999495600253787,0.438060805206265,0.999999801466897,"#e06a5d"
1.85508233883781e-06,1,0.999495600253787,0.438060805206265,0.999999801466897,"#e06a5d"
1.85508233883781e-06,1,0.999495600253787,0.438060805206265,0.999999801466897,"#e06a5d"
1.85508233883781e-06,1,0.999495600253787,0.438060805206265,0.999999801466897,"#e06a5d"
1.85508233883781e-06,1,0.999495600253787,0.438060805206265,0.999999801466897,"#e06a5d"
1.85508233883781e-06,1,0.999495600253787,0.438060805206265,0.999999801466897,"#e06a5d"
1.85508233883781e-06,1,0.999495600253787,0.438060805206265,0.999999801466897,"#e06a5d"
1.85508233883781e-06,1,0.999495600253787,0.438060805206265,0.999999801466897,"#e06a5d"
1.85508233883781e-06,1,0.999495600253787,0.438060805206265,0.999999801466897,"#e06a5d"
1.85508233883781e-06,0.333333333333333,0.999495600253787,0.438060805206265,0.999999801466897,"#00a4ac"
1.89541021576906e-06,1,0.999592440803042,0.438145666047118,0.999999870362634,"#e06a5d"
1.89541021576906e-06,1,0.999592440803042,0.438145666047118,0.999999870362634,"#e06a5d"
1.89541021576906e-06,1,0.999592440803042,0.438145666047118,0.999999870362634,"#e06a5d"
1.89541021576906e-06,1,0.999592440803042,0.438145666047118,0.999999870362634,"#e06a5d"
1.89541021576906e-06,1,0.999592440803042,0.438145666047118,0.999999870362634,"#e06a5d"
1.89541021576906e-06,1,0.999592440803042,0.438145666047118,0.999999870362634,"#e06a5d"
1.89541021576906e-06,1,0.999592440803042,0.438145666047118,0.999999870362634,"#e06a5d"
1.89541021576906e-06,1,0.999592440803042,0.438145666047118,0.999999870362634,"#e06a5d"
1.89541021576906e-06,0.666666666666667,0.999592440803042,0.438145666047118,0.999999870362634,"black"
1.89541021576906e-06,1,0.999592440803042,0.438145666047118,0.999999870362634,"#e06a5d"
1.89541021576906e-06,1,0.999592440803042,0.438145666047118,0.999999870362634,"#e06a5d"
1.89541021576906e-06,1,0.999592440803042,0.438145666047118,0.999999870362634,"#e06a5d"
1.89541021576906e-06,1,0.999592440803042,0.438145666047118,0.999999870362634,"#e06a5d"
1.89541021576906e-06,0.666666666666667,0.999592440803042,0.438145666047118,0.999999870362634,"black"
1.89541021576906e-06,1,0.999592440803042,0.438145666047118,0.999999870362634,"#e06a5d"
1.89541021576906e-06,1,0.999592440803042,0.438145666047118,0.999999870362634,"#e06a5d"
1.89541021576906e-06,1,0.999592440803042,0.438145666047118,0.999999870362634,"#e06a5d"
1.89541021576906e-06,1,0.999592440803042,0.438145666047118,0.999999870362634,"#e06a5d"
1.89541021576906e-06,1,0.999592440803042,0.438145666047118,0.999999870362634,"#e06a5d"
1.89541021576906e-06,1,0.999592440803042,0.438145666047118,0.999999870362634,"#e06a5d"
1.89541021576906e-06,1,0.999592440803042,0.438145666047118,0.999999870362634,"#e06a5d"
1.89541021576906e-06,1,0.999592440803042,0.438145666047118,0.999999870362634,"#e06a5d"
1.89541021576906e-06,1,0.999592440803042,0.438145666047118,0.999999870362634,"#e06a5d"
1.89541021576906e-06,1,0.999592440803042,0.438145666047118,0.999999870362634,"#e06a5d"
1.89541021576906e-06,1,0.999592440803042,0.438145666047118,0.999999870362634,"#e06a5d"
1.89541021576906e-06,1,0.999592440803042,0.438145666047118,0.999999870362634,"#e06a5d"
1.89541021576906e-06,1,0.999592440803042,0.438145666047118,0.999999870362634,"#e06a5d"
1.89541021576906e-06,1,0.999592440803042,0.438145666047118,0.999999870362634,"#e06a5d"
1.89541021576906e-06,1,0.999592440803042,0.438145666047118,0.999999870362634,"#e06a5d"
1.89541021576906e-06,1,0.999592440803042,0.438145666047118,0.999999870362634,"#e06a5d"
1.93573809270032e-06,1,0.999671128529541,0.438214630434801,0.999999915578218,"#e06a5d"
1.93573809270032e-06,1,0.999671128529541,0.438214630434801,0.999999915578218,"#e06a5d"
1.93573809270032e-06,1,0.999671128529541,0.438214630434801,0.999999915578218,"#e06a5d"
1.93573809270032e-06,1,0.999671128529541,0.438214630434801,0.999999915578218,"#e06a5d"
1.93573809270032e-06,1,0.999671128529541,0.438214630434801,0.999999915578218,"#e06a5d"
1.93573809270032e-06,1,0.999671128529541,0.438214630434801,0.999999915578218,"#e06a5d"
1.93573809270032e-06,1,0.999671128529541,0.438214630434801,0.999999915578218,"#e06a5d"
1.93573809270032e-06,1,0.999671128529541,0.438214630434801,0.999999915578218,"#e06a5d"
1.93573809270032e-06,1,0.999671128529541,0.438214630434801,0.999999915578218,"#e06a5d"
1.93573809270032e-06,1,0.999671128529541,0.438214630434801,0.999999915578218,"#e06a5d"
1.93573809270032e-06,1,0.999671128529541,0.438214630434801,0.999999915578218,"#e06a5d"
1.93573809270032e-06,1,0.999671128529541,0.438214630434801,0.999999915578218,"#e06a5d"
1.93573809270032e-06,1,0.999671128529541,0.438214630434801,0.999999915578218,"#e06a5d"
1.93573809270032e-06,1,0.999671128529541,0.438214630434801,0.999999915578218,"#e06a5d"
1.93573809270032e-06,1,0.999671128529541,0.438214630434801,0.999999915578218,"#e06a5d"
1.93573809270032e-06,1,0.999671128529541,0.438214630434801,0.999999915578218,"#e06a5d"
1.93573809270032e-06,1,0.999671128529541,0.438214630434801,0.999999915578218,"#e06a5d"
1.93573809270032e-06,1,0.999671128529541,0.438214630434801,0.999999915578218,"#e06a5d"
1.93573809270032e-06,1,0.999671128529541,0.438214630434801,0.999999915578218,"#e06a5d"
1.93573809270032e-06,0.666666666666667,0.999671128529541,0.438214630434801,0.999999915578218,"black"
1.93573809270032e-06,1,0.999671128529541,0.438214630434801,0.999999915578218,"#e06a5d"
1.93573809270032e-06,0.666666666666667,0.999671128529541,0.438214630434801,0.999999915578218,"black"
1.93573809270032e-06,1,0.999671128529541,0.438214630434801,0.999999915578218,"#e06a5d"
1.93573809270032e-06,0.666666666666667,0.999671128529541,0.438214630434801,0.999999915578218,"black"
1.93573809270032e-06,1,0.999671128529541,0.438214630434801,0.999999915578218,"#e06a5d"
1.93573809270032e-06,1,0.999671128529541,0.438214630434801,0.999999915578218,"#e06a5d"
1.93573809270032e-06,1,0.999671128529541,0.438214630434801,0.999999915578218,"#e06a5d"
1.93573809270032e-06,1,0.999671128529541,0.438214630434801,0.999999915578218,"#e06a5d"
1.93573809270032e-06,1,0.999671128529541,0.438214630434801,0.999999915578218,"#e06a5d"
1.93573809270032e-06,0.333333333333333,0.999671128529541,0.438214630434801,0.999999915578218,"#00a4ac"
1.93573809270032e-06,1,0.999671128529541,0.438214630434801,0.999999915578218,"#e06a5d"
1.93573809270032e-06,1,0.999671128529541,0.438214630434801,0.999999915578218,"#e06a5d"
1.93573809270032e-06,1,0.999671128529541,0.438214630434801,0.999999915578218,"#e06a5d"
1.93573809270032e-06,1,0.999671128529541,0.438214630434801,0.999999915578218,"#e06a5d"
1.93573809270032e-06,1,0.999671128529541,0.438214630434801,0.999999915578218,"#e06a5d"
1.93573809270032e-06,1,0.999671128529541,0.438214630434801,0.999999915578218,"#e06a5d"
1.93573809270032e-06,1,0.999671128529541,0.438214630434801,0.999999915578218,"#e06a5d"
1.93573809270032e-06,1,0.999671128529541,0.438214630434801,0.999999915578218,"#e06a5d"
1.93573809270032e-06,0.666666666666667,0.999671128529541,0.438214630434801,0.999999915578218,"black"
1.93573809270032e-06,1,0.999671128529541,0.438214630434801,0.999999915578218,"#e06a5d"
1.93573809270032e-06,1,0.999671128529541,0.438214630434801,0.999999915578218,"#e06a5d"
1.93573809270032e-06,1,0.999671128529541,0.438214630434801,0.999999915578218,"#e06a5d"
1.97606596963158e-06,1,0.999734972159637,0.4382705920869,0.999999945168721,"#e06a5d"
1.97606596963158e-06,1,0.999734972159637,0.4382705920869,0.999999945168721,"#e06a5d"
1.97606596963158e-06,1,0.999734972159637,0.4382705920869,0.999999945168721,"#e06a5d"
1.97606596963158e-06,1,0.999734972159637,0.4382705920869,0.999999945168721,"#e06a5d"
1.97606596963158e-06,1,0.999734972159637,0.4382705920869,0.999999945168721,"#e06a5d"
1.97606596963158e-06,1,0.999734972159637,0.4382705920869,0.999999945168721,"#e06a5d"
1.97606596963158e-06,1,0.999734972159637,0.4382705920869,0.999999945168721,"#e06a5d"
1.97606596963158e-06,1,0.999734972159637,0.4382705920869,0.999999945168721,"#e06a5d"
1.97606596963158e-06,1,0.999734972159637,0.4382705920869,0.999999945168721,"#e06a5d"
1.97606596963158e-06,1,0.999734972159637,0.4382705920869,0.999999945168721,"#e06a5d"
1.97606596963158e-06,0.666666666666667,0.999734972159637,0.4382705920869,0.999999945168721,"black"
1.97606596963158e-06,1,0.999734972159637,0.4382705920869,0.999999945168721,"#e06a5d"
1.97606596963158e-06,1,0.999734972159637,0.4382705920869,0.999999945168721,"#e06a5d"
1.97606596963158e-06,1,0.999734972159637,0.4382705920869,0.999999945168721,"#e06a5d"
1.97606596963158e-06,1,0.999734972159637,0.4382705920869,0.999999945168721,"#e06a5d"
1.97606596963158e-06,1,0.999734972159637,0.4382705920869,0.999999945168721,"#e06a5d"
1.97606596963158e-06,1,0.999734972159637,0.4382705920869,0.999999945168721,"#e06a5d"
1.97606596963158e-06,1,0.999734972159637,0.4382705920869,0.999999945168721,"#e06a5d"
1.97606596963158e-06,1,0.999734972159637,0.4382705920869,0.999999945168721,"#e06a5d"
1.97606596963158e-06,1,0.999734972159637,0.4382705920869,0.999999945168721,"#e06a5d"
1.97606596963158e-06,1,0.999734972159637,0.4382705920869,0.999999945168721,"#e06a5d"
1.97606596963158e-06,0.666666666666667,0.999734972159637,0.4382705920869,0.999999945168721,"black"
1.97606596963158e-06,1,0.999734972159637,0.4382705920869,0.999999945168721,"#e06a5d"
1.97606596963158e-06,1,0.999734972159637,0.4382705920869,0.999999945168721,"#e06a5d"
1.97606596963158e-06,1,0.999734972159637,0.4382705920869,0.999999945168721,"#e06a5d"
1.97606596963158e-06,1,0.999734972159637,0.4382705920869,0.999999945168721,"#e06a5d"
2.01639384656283e-06,1,0.999786697287044,0.438315936019442,0.999999964479981,"#e06a5d"
2.01639384656283e-06,1,0.999786697287044,0.438315936019442,0.999999964479981,"#e06a5d"
2.01639384656283e-06,1,0.999786697287044,0.438315936019442,0.999999964479981,"#e06a5d"
2.01639384656283e-06,1,0.999786697287044,0.438315936019442,0.999999964479981,"#e06a5d"
2.01639384656283e-06,1,0.999786697287044,0.438315936019442,0.999999964479981,"#e06a5d"
2.01639384656283e-06,1,0.999786697287044,0.438315936019442,0.999999964479981,"#e06a5d"
2.01639384656283e-06,1,0.999786697287044,0.438315936019442,0.999999964479981,"#e06a5d"
2.01639384656283e-06,1,0.999786697287044,0.438315936019442,0.999999964479981,"#e06a5d"
2.01639384656283e-06,1,0.999786697287044,0.438315936019442,0.999999964479981,"#e06a5d"
2.01639384656283e-06,1,0.999786697287044,0.438315936019442,0.999999964479981,"#e06a5d"
2.01639384656283e-06,1,0.999786697287044,0.438315936019442,0.999999964479981,"#e06a5d"
2.01639384656283e-06,1,0.999786697287044,0.438315936019442,0.999999964479981,"#e06a5d"
2.01639384656283e-06,1,0.999786697287044,0.438315936019442,0.999999964479981,"#e06a5d"
2.01639384656283e-06,1,0.999786697287044,0.438315936019442,0.999999964479981,"#e06a5d"
2.01639384656283e-06,0.666666666666667,0.999786697287044,0.438315936019442,0.999999964479981,"black"
2.01639384656283e-06,1,0.999786697287044,0.438315936019442,0.999999964479981,"#e06a5d"
2.01639384656283e-06,1,0.999786697287044,0.438315936019442,0.999999964479981,"#e06a5d"
2.01639384656283e-06,1,0.999786697287044,0.438315936019442,0.999999964479981,"#e06a5d"
2.01639384656283e-06,1,0.999786697287044,0.438315936019442,0.999999964479981,"#e06a5d"
2.01639384656283e-06,1,0.999786697287044,0.438315936019442,0.999999964479981,"#e06a5d"
2.01639384656283e-06,1,0.999786697287044,0.438315936019442,0.999999964479981,"#e06a5d"
2.01639384656283e-06,1,0.999786697287044,0.438315936019442,0.999999964479981,"#e06a5d"
2.01639384656283e-06,1,0.999786697287044,0.438315936019442,0.999999964479981,"#e06a5d"
2.01639384656283e-06,1,0.999786697287044,0.438315936019442,0.999999964479981,"#e06a5d"
2.01639384656283e-06,1,0.999786697287044,0.438315936019442,0.999999964479981,"#e06a5d"
2.01639384656283e-06,1,0.999786697287044,0.438315936019442,0.999999964479981,"#e06a5d"
2.01639384656283e-06,1,0.999786697287044,0.438315936019442,0.999999964479981,"#e06a5d"
2.01639384656283e-06,1,0.999786697287044,0.438315936019442,0.999999964479981,"#e06a5d"
2.01639384656283e-06,1,0.999786697287044,0.438315936019442,0.999999964479981,"#e06a5d"
2.01639384656283e-06,1,0.999786697287044,0.438315936019442,0.999999964479981,"#e06a5d"
2.01639384656283e-06,1,0.999786697287044,0.438315936019442,0.999999964479981,"#e06a5d"
2.01639384656283e-06,1,0.999786697287044,0.438315936019442,0.999999964479981,"#e06a5d"
2.01639384656283e-06,1,0.999786697287044,0.438315936019442,0.999999964479981,"#e06a5d"
2.01639384656283e-06,1,0.999786697287044,0.438315936019442,0.999999964479981,"#e06a5d"
2.01639384656283e-06,1,0.999786697287044,0.438315936019442,0.999999964479981,"#e06a5d"
2.01639384656283e-06,1,0.999786697287044,0.438315936019442,0.999999964479981,"#e06a5d"
2.01639384656283e-06,1,0.999786697287044,0.438315936019442,0.999999964479981,"#e06a5d"
2.01639384656283e-06,1,0.999786697287044,0.438315936019442,0.999999964479981,"#e06a5d"
2.01639384656283e-06,1,0.999786697287044,0.438315936019442,0.999999964479981,"#e06a5d"
2.01639384656283e-06,1,0.999786697287044,0.438315936019442,0.999999964479981,"#e06a5d"
2.01639384656283e-06,1,0.999786697287044,0.438315936019442,0.999999964479981,"#e06a5d"
2.01639384656283e-06,1,0.999786697287044,0.438315936019442,0.999999964479981,"#e06a5d"
2.01639384656283e-06,1,0.999786697287044,0.438315936019442,0.999999964479981,"#e06a5d"
2.01639384656283e-06,1,0.999786697287044,0.438315936019442,0.999999964479981,"#e06a5d"
2.01639384656283e-06,1,0.999786697287044,0.438315936019442,0.999999964479981,"#e06a5d"
2.05672172349409e-06,1,0.999828544939408,0.438352624090387,0.999999977048587,"#e06a5d"
2.05672172349409e-06,1,0.999828544939408,0.438352624090387,0.999999977048587,"#e06a5d"
2.05672172349409e-06,1,0.999828544939408,0.438352624090387,0.999999977048587,"#e06a5d"
2.05672172349409e-06,1,0.999828544939408,0.438352624090387,0.999999977048587,"#e06a5d"
2.05672172349409e-06,1,0.999828544939408,0.438352624090387,0.999999977048587,"#e06a5d"
2.05672172349409e-06,1,0.999828544939408,0.438352624090387,0.999999977048587,"#e06a5d"
2.05672172349409e-06,1,0.999828544939408,0.438352624090387,0.999999977048587,"#e06a5d"
2.05672172349409e-06,1,0.999828544939408,0.438352624090387,0.999999977048587,"#e06a5d"
2.05672172349409e-06,1,0.999828544939408,0.438352624090387,0.999999977048587,"#e06a5d"
2.05672172349409e-06,1,0.999828544939408,0.438352624090387,0.999999977048587,"#e06a5d"
2.05672172349409e-06,1,0.999828544939408,0.438352624090387,0.999999977048587,"#e06a5d"
2.05672172349409e-06,1,0.999828544939408,0.438352624090387,0.999999977048587,"#e06a5d"
2.05672172349409e-06,1,0.999828544939408,0.438352624090387,0.999999977048587,"#e06a5d"
2.05672172349409e-06,1,0.999828544939408,0.438352624090387,0.999999977048587,"#e06a5d"
2.05672172349409e-06,1,0.999828544939408,0.438352624090387,0.999999977048587,"#e06a5d"
2.05672172349409e-06,1,0.999828544939408,0.438352624090387,0.999999977048587,"#e06a5d"
2.05672172349409e-06,1,0.999828544939408,0.438352624090387,0.999999977048587,"#e06a5d"
2.05672172349409e-06,0.666666666666667,0.999828544939408,0.438352624090387,0.999999977048587,"black"
2.05672172349409e-06,1,0.999828544939408,0.438352624090387,0.999999977048587,"#e06a5d"
2.05672172349409e-06,1,0.999828544939408,0.438352624090387,0.999999977048587,"#e06a5d"
2.05672172349409e-06,1,0.999828544939408,0.438352624090387,0.999999977048587,"#e06a5d"
2.05672172349409e-06,1,0.999828544939408,0.438352624090387,0.999999977048587,"#e06a5d"
2.05672172349409e-06,1,0.999828544939408,0.438352624090387,0.999999977048587,"#e06a5d"
2.05672172349409e-06,1,0.999828544939408,0.438352624090387,0.999999977048587,"#e06a5d"
2.05672172349409e-06,1,0.999828544939408,0.438352624090387,0.999999977048587,"#e06a5d"
2.05672172349409e-06,1,0.999828544939408,0.438352624090387,0.999999977048587,"#e06a5d"
2.05672172349409e-06,1,0.999828544939408,0.438352624090387,0.999999977048587,"#e06a5d"
2.05672172349409e-06,1,0.999828544939408,0.438352624090387,0.999999977048587,"#e06a5d"
2.05672172349409e-06,1,0.999828544939408,0.438352624090387,0.999999977048587,"#e06a5d"
2.05672172349409e-06,1,0.999828544939408,0.438352624090387,0.999999977048587,"#e06a5d"
2.05672172349409e-06,1,0.999828544939408,0.438352624090387,0.999999977048587,"#e06a5d"
2.05672172349409e-06,1,0.999828544939408,0.438352624090387,0.999999977048587,"#e06a5d"
2.05672172349409e-06,1,0.999828544939408,0.438352624090387,0.999999977048587,"#e06a5d"
2.05672172349409e-06,0.333333333333333,0.999828544939408,0.438352624090387,0.999999977048587,"#00a4ac"
2.05672172349409e-06,1,0.999828544939408,0.438352624090387,0.999999977048587,"#e06a5d"
2.09704960042535e-06,1,0.999862354366863,0.438382267000573,0.999999985206988,"#e06a5d"
2.09704960042535e-06,1,0.999862354366863,0.438382267000573,0.999999985206988,"#e06a5d"
2.09704960042535e-06,1,0.999862354366863,0.438382267000573,0.999999985206988,"#e06a5d"
2.09704960042535e-06,1,0.999862354366863,0.438382267000573,0.999999985206988,"#e06a5d"
2.09704960042535e-06,1,0.999862354366863,0.438382267000573,0.999999985206988,"#e06a5d"
2.09704960042535e-06,1,0.999862354366863,0.438382267000573,0.999999985206988,"#e06a5d"
2.09704960042535e-06,1,0.999862354366863,0.438382267000573,0.999999985206988,"#e06a5d"
2.09704960042535e-06,1,0.999862354366863,0.438382267000573,0.999999985206988,"#e06a5d"
2.09704960042535e-06,1,0.999862354366863,0.438382267000573,0.999999985206988,"#e06a5d"
2.09704960042535e-06,1,0.999862354366863,0.438382267000573,0.999999985206988,"#e06a5d"
2.09704960042535e-06,1,0.999862354366863,0.438382267000573,0.999999985206988,"#e06a5d"
2.09704960042535e-06,1,0.999862354366863,0.438382267000573,0.999999985206988,"#e06a5d"
2.09704960042535e-06,1,0.999862354366863,0.438382267000573,0.999999985206988,"#e06a5d"
2.09704960042535e-06,1,0.999862354366863,0.438382267000573,0.999999985206988,"#e06a5d"
2.09704960042535e-06,1,0.999862354366863,0.438382267000573,0.999999985206988,"#e06a5d"
2.09704960042535e-06,1,0.999862354366863,0.438382267000573,0.999999985206988,"#e06a5d"
2.09704960042535e-06,1,0.999862354366863,0.438382267000573,0.999999985206988,"#e06a5d"
2.09704960042535e-06,1,0.999862354366863,0.438382267000573,0.999999985206988,"#e06a5d"
2.09704960042535e-06,1,0.999862354366863,0.438382267000573,0.999999985206988,"#e06a5d"
2.09704960042535e-06,1,0.999862354366863,0.438382267000573,0.999999985206988,"#e06a5d"
2.09704960042535e-06,1,0.999862354366863,0.438382267000573,0.999999985206988,"#e06a5d"
2.09704960042535e-06,1,0.999862354366863,0.438382267000573,0.999999985206988,"#e06a5d"
2.09704960042535e-06,1,0.999862354366863,0.438382267000573,0.999999985206988,"#e06a5d"
2.09704960042535e-06,1,0.999862354366863,0.438382267000573,0.999999985206988,"#e06a5d"
2.09704960042535e-06,1,0.999862354366863,0.438382267000573,0.999999985206988,"#e06a5d"
2.09704960042535e-06,1,0.999862354366863,0.438382267000573,0.999999985206988,"#e06a5d"
2.09704960042535e-06,1,0.999862354366863,0.438382267000573,0.999999985206988,"#e06a5d"
2.09704960042535e-06,1,0.999862354366863,0.438382267000573,0.999999985206988,"#e06a5d"
2.09704960042535e-06,0.333333333333333,0.999862354366863,0.438382267000573,0.999999985206988,"#00a4ac"
2.1373774773566e-06,1,0.999889632392873,0.438406184709468,0.99999999048884,"#e06a5d"
2.1373774773566e-06,1,0.999889632392873,0.438406184709468,0.99999999048884,"#e06a5d"
2.1373774773566e-06,1,0.999889632392873,0.438406184709468,0.99999999048884,"#e06a5d"
2.1373774773566e-06,1,0.999889632392873,0.438406184709468,0.99999999048884,"#e06a5d"
2.1373774773566e-06,1,0.999889632392873,0.438406184709468,0.99999999048884,"#e06a5d"
2.1373774773566e-06,1,0.999889632392873,0.438406184709468,0.99999999048884,"#e06a5d"
2.1373774773566e-06,1,0.999889632392873,0.438406184709468,0.99999999048884,"#e06a5d"
2.1373774773566e-06,1,0.999889632392873,0.438406184709468,0.99999999048884,"#e06a5d"
2.1373774773566e-06,1,0.999889632392873,0.438406184709468,0.99999999048884,"#e06a5d"
2.1373774773566e-06,1,0.999889632392873,0.438406184709468,0.99999999048884,"#e06a5d"
2.1373774773566e-06,1,0.999889632392873,0.438406184709468,0.99999999048884,"#e06a5d"
2.1373774773566e-06,1,0.999889632392873,0.438406184709468,0.99999999048884,"#e06a5d"
2.1373774773566e-06,1,0.999889632392873,0.438406184709468,0.99999999048884,"#e06a5d"
2.1373774773566e-06,1,0.999889632392873,0.438406184709468,0.99999999048884,"#e06a5d"
2.1373774773566e-06,1,0.999889632392873,0.438406184709468,0.99999999048884,"#e06a5d"
2.1373774773566e-06,1,0.999889632392873,0.438406184709468,0.99999999048884,"#e06a5d"
2.1373774773566e-06,1,0.999889632392873,0.438406184709468,0.99999999048884,"#e06a5d"
2.1373774773566e-06,1,0.999889632392873,0.438406184709468,0.99999999048884,"#e06a5d"
2.1373774773566e-06,1,0.999889632392873,0.438406184709468,0.99999999048884,"#e06a5d"
2.1373774773566e-06,1,0.999889632392873,0.438406184709468,0.99999999048884,"#e06a5d"
2.1373774773566e-06,1,0.999889632392873,0.438406184709468,0.99999999048884,"#e06a5d"
2.1373774773566e-06,1,0.999889632392873,0.438406184709468,0.99999999048884,"#e06a5d"
2.1373774773566e-06,1,0.999889632392873,0.438406184709468,0.99999999048884,"#e06a5d"
2.1373774773566e-06,0.666666666666667,0.999889632392873,0.438406184709468,0.99999999048884,"black"
2.1373774773566e-06,1,0.999889632392873,0.438406184709468,0.99999999048884,"#e06a5d"
2.1373774773566e-06,1,0.999889632392873,0.438406184709468,0.99999999048884,"#e06a5d"
2.1373774773566e-06,1,0.999889632392873,0.438406184709468,0.99999999048884,"#e06a5d"
2.1373774773566e-06,1,0.999889632392873,0.438406184709468,0.99999999048884,"#e06a5d"
2.1373774773566e-06,1,0.999889632392873,0.438406184709468,0.99999999048884,"#e06a5d"
2.1373774773566e-06,1,0.999889632392873,0.438406184709468,0.99999999048884,"#e06a5d"
2.1373774773566e-06,1,0.999889632392873,0.438406184709468,0.99999999048884,"#e06a5d"
2.1373774773566e-06,1,0.999889632392873,0.438406184709468,0.99999999048884,"#e06a5d"
2.1373774773566e-06,1,0.999889632392873,0.438406184709468,0.99999999048884,"#e06a5d"
2.17770535428786e-06,1,0.999911611359867,0.438425456983235,0.999999993899604,"#e06a5d"
2.17770535428786e-06,1,0.999911611359867,0.438425456983235,0.999999993899604,"#e06a5d"
2.17770535428786e-06,1,0.999911611359867,0.438425456983235,0.999999993899604,"#e06a5d"
2.17770535428786e-06,1,0.999911611359867,0.438425456983235,0.999999993899604,"#e06a5d"
2.17770535428786e-06,1,0.999911611359867,0.438425456983235,0.999999993899604,"#e06a5d"
2.17770535428786e-06,1,0.999911611359867,0.438425456983235,0.999999993899604,"#e06a5d"
2.17770535428786e-06,1,0.999911611359867,0.438425456983235,0.999999993899604,"#e06a5d"
2.17770535428786e-06,0.333333333333333,0.999911611359867,0.438425456983235,0.999999993899604,"#00a4ac"
2.17770535428786e-06,1,0.999911611359867,0.438425456983235,0.999999993899604,"#e06a5d"
2.17770535428786e-06,1,0.999911611359867,0.438425456983235,0.999999993899604,"#e06a5d"
2.17770535428786e-06,0.333333333333333,0.999911611359867,0.438425456983235,0.999999993899604,"#00a4ac"
2.17770535428786e-06,0.666666666666667,0.999911611359867,0.438425456983235,0.999999993899604,"black"
2.17770535428786e-06,1,0.999911611359867,0.438425456983235,0.999999993899604,"#e06a5d"
2.17770535428786e-06,1,0.999911611359867,0.438425456983235,0.999999993899604,"#e06a5d"
2.17770535428786e-06,1,0.999911611359867,0.438425456983235,0.999999993899604,"#e06a5d"
2.17770535428786e-06,1,0.999911611359867,0.438425456983235,0.999999993899604,"#e06a5d"
2.17770535428786e-06,0.666666666666667,0.999911611359867,0.438425456983235,0.999999993899604,"black"
2.17770535428786e-06,1,0.999911611359867,0.438425456983235,0.999999993899604,"#e06a5d"
2.17770535428786e-06,1,0.999911611359867,0.438425456983235,0.999999993899604,"#e06a5d"
2.17770535428786e-06,1,0.999911611359867,0.438425456983235,0.999999993899604,"#e06a5d"
2.17770535428786e-06,0.666666666666667,0.999911611359867,0.438425456983235,0.999999993899604,"black"
2.17770535428786e-06,1,0.999911611359867,0.438425456983235,0.999999993899604,"#e06a5d"
2.17770535428786e-06,1,0.999911611359867,0.438425456983235,0.999999993899604,"#e06a5d"
2.17770535428786e-06,1,0.999911611359867,0.438425456983235,0.999999993899604,"#e06a5d"
2.17770535428786e-06,1,0.999911611359867,0.438425456983235,0.999999993899604,"#e06a5d"
2.17770535428786e-06,1,0.999911611359867,0.438425456983235,0.999999993899604,"#e06a5d"
2.17770535428786e-06,1,0.999911611359867,0.438425456983235,0.999999993899604,"#e06a5d"
2.17770535428786e-06,1,0.999911611359867,0.438425456983235,0.999999993899604,"#e06a5d"
2.17770535428786e-06,1,0.999911611359867,0.438425456983235,0.999999993899604,"#e06a5d"
2.17770535428786e-06,1,0.999911611359867,0.438425456983235,0.999999993899604,"#e06a5d"
2.17770535428786e-06,1,0.999911611359867,0.438425456983235,0.999999993899604,"#e06a5d"
2.17770535428786e-06,1,0.999911611359867,0.438425456983235,0.999999993899604,"#e06a5d"
2.17770535428786e-06,0.666666666666667,0.999911611359867,0.438425456983235,0.999999993899604,"black"
2.17770535428786e-06,1,0.999911611359867,0.438425456983235,0.999999993899604,"#e06a5d"
2.17770535428786e-06,1,0.999911611359867,0.438425456983235,0.999999993899604,"#e06a5d"
2.21803323121912e-06,1,0.999929297426222,0.438440965571466,0.99999999609656,"#e06a5d"
2.21803323121912e-06,1,0.999929297426222,0.438440965571466,0.99999999609656,"#e06a5d"
2.21803323121912e-06,1,0.999929297426222,0.438440965571466,0.99999999609656,"#e06a5d"
2.21803323121912e-06,1,0.999929297426222,0.438440965571466,0.99999999609656,"#e06a5d"
2.21803323121912e-06,1,0.999929297426222,0.438440965571466,0.99999999609656,"#e06a5d"
2.21803323121912e-06,1,0.999929297426222,0.438440965571466,0.99999999609656,"#e06a5d"
2.21803323121912e-06,1,0.999929297426222,0.438440965571466,0.99999999609656,"#e06a5d"
2.21803323121912e-06,1,0.999929297426222,0.438440965571466,0.99999999609656,"#e06a5d"
2.21803323121912e-06,1,0.999929297426222,0.438440965571466,0.99999999609656,"#e06a5d"
2.21803323121912e-06,1,0.999929297426222,0.438440965571466,0.99999999609656,"#e06a5d"
2.21803323121912e-06,0.333333333333333,0.999929297426222,0.438440965571466,0.99999999609656,"#00a4ac"
2.21803323121912e-06,1,0.999929297426222,0.438440965571466,0.99999999609656,"#e06a5d"
2.21803323121912e-06,1,0.999929297426222,0.438440965571466,0.99999999609656,"#e06a5d"
2.21803323121912e-06,1,0.999929297426222,0.438440965571466,0.99999999609656,"#e06a5d"
2.21803323121912e-06,1,0.999929297426222,0.438440965571466,0.99999999609656,"#e06a5d"
2.21803323121912e-06,1,0.999929297426222,0.438440965571466,0.99999999609656,"#e06a5d"
2.21803323121912e-06,1,0.999929297426222,0.438440965571466,0.99999999609656,"#e06a5d"
2.21803323121912e-06,1,0.999929297426222,0.438440965571466,0.99999999609656,"#e06a5d"
2.21803323121912e-06,1,0.999929297426222,0.438440965571466,0.99999999609656,"#e06a5d"
2.21803323121912e-06,1,0.999929297426222,0.438440965571466,0.99999999609656,"#e06a5d"
2.21803323121912e-06,1,0.999929297426222,0.438440965571466,0.99999999609656,"#e06a5d"
2.21803323121912e-06,1,0.999929297426222,0.438440965571466,0.99999999609656,"#e06a5d"
2.21803323121912e-06,1,0.999929297426222,0.438440965571466,0.99999999609656,"#e06a5d"
2.21803323121912e-06,1,0.999929297426222,0.438440965571466,0.99999999609656,"#e06a5d"
2.21803323121912e-06,1,0.999929297426222,0.438440965571466,0.99999999609656,"#e06a5d"
2.21803323121912e-06,1,0.999929297426222,0.438440965571466,0.99999999609656,"#e06a5d"
2.21803323121912e-06,1,0.999929297426222,0.438440965571466,0.99999999609656,"#e06a5d"
2.21803323121912e-06,1,0.999929297426222,0.438440965571466,0.99999999609656,"#e06a5d"
2.21803323121912e-06,1,0.999929297426222,0.438440965571466,0.99999999609656,"#e06a5d"
2.21803323121912e-06,1,0.999929297426222,0.438440965571466,0.99999999609656,"#e06a5d"
2.21803323121912e-06,1,0.999929297426222,0.438440965571466,0.99999999609656,"#e06a5d"
2.21803323121912e-06,1,0.999929297426222,0.438440965571466,0.99999999609656,"#e06a5d"
2.21803323121912e-06,1,0.999929297426222,0.438440965571466,0.99999999609656,"#e06a5d"
2.21803323121912e-06,1,0.999929297426222,0.438440965571466,0.99999999609656,"#e06a5d"
2.21803323121912e-06,1,0.999929297426222,0.438440965571466,0.99999999609656,"#e06a5d"
2.21803323121912e-06,1,0.999929297426222,0.438440965571466,0.99999999609656,"#e06a5d"
2.21803323121912e-06,1,0.999929297426222,0.438440965571466,0.99999999609656,"#e06a5d"
2.21803323121912e-06,0.666666666666667,0.999929297426222,0.438440965571466,0.99999999609656,"black"
2.21803323121912e-06,0.333333333333333,0.999929297426222,0.438440965571466,0.99999999609656,"#00a4ac"
2.21803323121912e-06,1,0.999929297426222,0.438440965571466,0.99999999609656,"#e06a5d"
2.25836110815037e-06,1,0.999943510725871,0.438453429308027,0.999999997508168,"#e06a5d"
2.25836110815037e-06,1,0.999943510725871,0.438453429308027,0.999999997508168,"#e06a5d"
2.25836110815037e-06,1,0.999943510725871,0.438453429308027,0.999999997508168,"#e06a5d"
2.25836110815037e-06,1,0.999943510725871,0.438453429308027,0.999999997508168,"#e06a5d"
2.25836110815037e-06,1,0.999943510725871,0.438453429308027,0.999999997508168,"#e06a5d"
2.25836110815037e-06,1,0.999943510725871,0.438453429308027,0.999999997508168,"#e06a5d"
2.25836110815037e-06,1,0.999943510725871,0.438453429308027,0.999999997508168,"#e06a5d"
2.25836110815037e-06,1,0.999943510725871,0.438453429308027,0.999999997508168,"#e06a5d"
2.25836110815037e-06,1,0.999943510725871,0.438453429308027,0.999999997508168,"#e06a5d"
2.25836110815037e-06,0.333333333333333,0.999943510725871,0.438453429308027,0.999999997508168,"#00a4ac"
2.25836110815037e-06,0.666666666666667,0.999943510725871,0.438453429308027,0.999999997508168,"black"
2.25836110815037e-06,1,0.999943510725871,0.438453429308027,0.999999997508168,"#e06a5d"
2.25836110815037e-06,0.666666666666667,0.999943510725871,0.438453429308027,0.999999997508168,"black"
2.25836110815037e-06,1,0.999943510725871,0.438453429308027,0.999999997508168,"#e06a5d"
2.25836110815037e-06,0.666666666666667,0.999943510725871,0.438453429308027,0.999999997508168,"black"
2.25836110815037e-06,1,0.999943510725871,0.438453429308027,0.999999997508168,"#e06a5d"
2.25836110815037e-06,1,0.999943510725871,0.438453429308027,0.999999997508168,"#e06a5d"
2.25836110815037e-06,1,0.999943510725871,0.438453429308027,0.999999997508168,"#e06a5d"
2.25836110815037e-06,1,0.999943510725871,0.438453429308027,0.999999997508168,"#e06a5d"
2.25836110815037e-06,1,0.999943510725871,0.438453429308027,0.999999997508168,"#e06a5d"
2.25836110815037e-06,1,0.999943510725871,0.438453429308027,0.999999997508168,"#e06a5d"
2.25836110815037e-06,1,0.999943510725871,0.438453429308027,0.999999997508168,"#e06a5d"
2.25836110815037e-06,1,0.999943510725871,0.438453429308027,0.999999997508168,"#e06a5d"
2.25836110815037e-06,1,0.999943510725871,0.438453429308027,0.999999997508168,"#e06a5d"
2.25836110815037e-06,1,0.999943510725871,0.438453429308027,0.999999997508168,"#e06a5d"
2.25836110815037e-06,1,0.999943510725871,0.438453429308027,0.999999997508168,"#e06a5d"
2.25836110815037e-06,1,0.999943510725871,0.438453429308027,0.999999997508168,"#e06a5d"
2.25836110815037e-06,1,0.999943510725871,0.438453429308027,0.999999997508168,"#e06a5d"
2.25836110815037e-06,1,0.999943510725871,0.438453429308027,0.999999997508168,"#e06a5d"
2.29868898508163e-06,1,0.999954918685283,0.438463433251362,0.999999998412961,"#e06a5d"
2.29868898508163e-06,1,0.999954918685283,0.438463433251362,0.999999998412961,"#e06a5d"
2.29868898508163e-06,1,0.999954918685283,0.438463433251362,0.999999998412961,"#e06a5d"
2.29868898508163e-06,1,0.999954918685283,0.438463433251362,0.999999998412961,"#e06a5d"
2.29868898508163e-06,1,0.999954918685283,0.438463433251362,0.999999998412961,"#e06a5d"
2.29868898508163e-06,1,0.999954918685283,0.438463433251362,0.999999998412961,"#e06a5d"
2.29868898508163e-06,0.333333333333333,0.999954918685283,0.438463433251362,0.999999998412961,"#00a4ac"
2.29868898508163e-06,1,0.999954918685283,0.438463433251362,0.999999998412961,"#e06a5d"
2.29868898508163e-06,1,0.999954918685283,0.438463433251362,0.999999998412961,"#e06a5d"
2.29868898508163e-06,1,0.999954918685283,0.438463433251362,0.999999998412961,"#e06a5d"
2.29868898508163e-06,1,0.999954918685283,0.438463433251362,0.999999998412961,"#e06a5d"
2.29868898508163e-06,1,0.999954918685283,0.438463433251362,0.999999998412961,"#e06a5d"
2.29868898508163e-06,1,0.999954918685283,0.438463433251362,0.999999998412961,"#e06a5d"
2.29868898508163e-06,1,0.999954918685283,0.438463433251362,0.999999998412961,"#e06a5d"
2.29868898508163e-06,1,0.999954918685283,0.438463433251362,0.999999998412961,"#e06a5d"
2.29868898508163e-06,1,0.999954918685283,0.438463433251362,0.999999998412961,"#e06a5d"
2.29868898508163e-06,1,0.999954918685283,0.438463433251362,0.999999998412961,"#e06a5d"
2.29868898508163e-06,1,0.999954918685283,0.438463433251362,0.999999998412961,"#e06a5d"
2.29868898508163e-06,0.666666666666667,0.999954918685283,0.438463433251362,0.999999998412961,"black"
2.29868898508163e-06,1,0.999954918685283,0.438463433251362,0.999999998412961,"#e06a5d"
2.29868898508163e-06,1,0.999954918685283,0.438463433251362,0.999999998412961,"#e06a5d"
2.33901686201289e-06,0.666666666666667,0.999964063602741,0.438471452819708,0.999999998991514,"black"
2.33901686201289e-06,1,0.999964063602741,0.438471452819708,0.999999998991514,"#e06a5d"
2.33901686201289e-06,1,0.999964063602741,0.438471452819708,0.999999998991514,"#e06a5d"
2.33901686201289e-06,1,0.999964063602741,0.438471452819708,0.999999998991514,"#e06a5d"
2.33901686201289e-06,0.666666666666667,0.999964063602741,0.438471452819708,0.999999998991514,"black"
2.33901686201289e-06,1,0.999964063602741,0.438471452819708,0.999999998991514,"#e06a5d"
2.33901686201289e-06,1,0.999964063602741,0.438471452819708,0.999999998991514,"#e06a5d"
2.33901686201289e-06,1,0.999964063602741,0.438471452819708,0.999999998991514,"#e06a5d"
2.33901686201289e-06,1,0.999964063602741,0.438471452819708,0.999999998991514,"#e06a5d"
2.33901686201289e-06,1,0.999964063602741,0.438471452819708,0.999999998991514,"#e06a5d"
2.33901686201289e-06,1,0.999964063602741,0.438471452819708,0.999999998991514,"#e06a5d"
2.33901686201289e-06,1,0.999964063602741,0.438471452819708,0.999999998991514,"#e06a5d"
2.33901686201289e-06,1,0.999964063602741,0.438471452819708,0.999999998991514,"#e06a5d"
2.33901686201289e-06,1,0.999964063602741,0.438471452819708,0.999999998991514,"#e06a5d"
2.33901686201289e-06,1,0.999964063602741,0.438471452819708,0.999999998991514,"#e06a5d"
2.33901686201289e-06,1,0.999964063602741,0.438471452819708,0.999999998991514,"#e06a5d"
2.33901686201289e-06,1,0.999964063602741,0.438471452819708,0.999999998991514,"#e06a5d"
2.33901686201289e-06,1,0.999964063602741,0.438471452819708,0.999999998991514,"#e06a5d"
2.37934473894414e-06,1,0.99997138542934,0.438477873736027,0.999999999360589,"#e06a5d"
2.37934473894414e-06,1,0.99997138542934,0.438477873736027,0.999999999360589,"#e06a5d"
2.37934473894414e-06,1,0.99997138542934,0.438477873736027,0.999999999360589,"#e06a5d"
2.37934473894414e-06,1,0.99997138542934,0.438477873736027,0.999999999360589,"#e06a5d"
2.37934473894414e-06,1,0.99997138542934,0.438477873736027,0.999999999360589,"#e06a5d"
2.37934473894414e-06,1,0.99997138542934,0.438477873736027,0.999999999360589,"#e06a5d"
2.37934473894414e-06,1,0.99997138542934,0.438477873736027,0.999999999360589,"#e06a5d"
2.37934473894414e-06,0.666666666666667,0.99997138542934,0.438477873736027,0.999999999360589,"black"
2.37934473894414e-06,1,0.99997138542934,0.438477873736027,0.999999999360589,"#e06a5d"
2.37934473894414e-06,0.666666666666667,0.99997138542934,0.438477873736027,0.999999999360589,"black"
2.37934473894414e-06,1,0.99997138542934,0.438477873736027,0.999999999360589,"#e06a5d"
2.37934473894414e-06,1,0.99997138542934,0.438477873736027,0.999999999360589,"#e06a5d"
2.37934473894414e-06,1,0.99997138542934,0.438477873736027,0.999999999360589,"#e06a5d"
2.37934473894414e-06,0.666666666666667,0.99997138542934,0.438477873736027,0.999999999360589,"black"
2.37934473894414e-06,1,0.99997138542934,0.438477873736027,0.999999999360589,"#e06a5d"
2.37934473894414e-06,1,0.99997138542934,0.438477873736027,0.999999999360589,"#e06a5d"
2.37934473894414e-06,1,0.99997138542934,0.438477873736027,0.999999999360589,"#e06a5d"
2.37934473894414e-06,1,0.99997138542934,0.438477873736027,0.999999999360589,"#e06a5d"
2.37934473894414e-06,1,0.99997138542934,0.438477873736027,0.999999999360589,"#e06a5d"
2.37934473894414e-06,1,0.99997138542934,0.438477873736027,0.999999999360589,"#e06a5d"
2.37934473894414e-06,1,0.99997138542934,0.438477873736027,0.999999999360589,"#e06a5d"
2.37934473894414e-06,1,0.99997138542934,0.438477873736027,0.999999999360589,"#e06a5d"
2.37934473894414e-06,1,0.99997138542934,0.438477873736027,0.999999999360589,"#e06a5d"
2.37934473894414e-06,1,0.99997138542934,0.438477873736027,0.999999999360589,"#e06a5d"
2.37934473894414e-06,0.666666666666667,0.99997138542934,0.438477873736027,0.999999999360589,"black"
2.37934473894414e-06,0.333333333333333,0.99997138542934,0.438477873736027,0.999999999360589,"#00a4ac"
2.37934473894414e-06,0.333333333333333,0.99997138542934,0.438477873736027,0.999999999360589,"#00a4ac"
2.4196726158754e-06,1,0.999977240547676,0.438483008474669,0.999999999595486,"#e06a5d"
2.4196726158754e-06,1,0.999977240547676,0.438483008474669,0.999999999595486,"#e06a5d"
2.4196726158754e-06,1,0.999977240547676,0.438483008474669,0.999999999595486,"#e06a5d"
2.4196726158754e-06,1,0.999977240547676,0.438483008474669,0.999999999595486,"#e06a5d"
2.4196726158754e-06,1,0.999977240547676,0.438483008474669,0.999999999595486,"#e06a5d"
2.4196726158754e-06,1,0.999977240547676,0.438483008474669,0.999999999595486,"#e06a5d"
2.4196726158754e-06,1,0.999977240547676,0.438483008474669,0.999999999595486,"#e06a5d"
2.4196726158754e-06,1,0.999977240547676,0.438483008474669,0.999999999595486,"#e06a5d"
2.4196726158754e-06,1,0.999977240547676,0.438483008474669,0.999999999595486,"#e06a5d"
2.4196726158754e-06,0.333333333333333,0.999977240547676,0.438483008474669,0.999999999595486,"#00a4ac"
2.4196726158754e-06,1,0.999977240547676,0.438483008474669,0.999999999595486,"#e06a5d"
2.4196726158754e-06,1,0.999977240547676,0.438483008474669,0.999999999595486,"#e06a5d"
2.4196726158754e-06,1,0.999977240547676,0.438483008474669,0.999999999595486,"#e06a5d"
2.4196726158754e-06,1,0.999977240547676,0.438483008474669,0.999999999595486,"#e06a5d"
2.4196726158754e-06,1,0.999977240547676,0.438483008474669,0.999999999595486,"#e06a5d"
2.4196726158754e-06,1,0.999977240547676,0.438483008474669,0.999999999595486,"#e06a5d"
2.4196726158754e-06,1,0.999977240547676,0.438483008474669,0.999999999595486,"#e06a5d"
2.4196726158754e-06,0.666666666666667,0.999977240547676,0.438483008474669,0.999999999595486,"black"
2.4196726158754e-06,1,0.999977240547676,0.438483008474669,0.999999999595486,"#e06a5d"
2.4196726158754e-06,1,0.999977240547676,0.438483008474669,0.999999999595486,"#e06a5d"
2.4196726158754e-06,1,0.999977240547676,0.438483008474669,0.999999999595486,"#e06a5d"
2.4196726158754e-06,1,0.999977240547676,0.438483008474669,0.999999999595486,"#e06a5d"
2.4196726158754e-06,1,0.999977240547676,0.438483008474669,0.999999999595486,"#e06a5d"
2.4196726158754e-06,1,0.999977240547676,0.438483008474669,0.999999999595486,"#e06a5d"
2.4196726158754e-06,1,0.999977240547676,0.438483008474669,0.999999999595486,"#e06a5d"
2.4196726158754e-06,1,0.999977240547676,0.438483008474669,0.999999999595486,"#e06a5d"
2.4196726158754e-06,1,0.999977240547676,0.438483008474669,0.999999999595486,"#e06a5d"
2.4196726158754e-06,1,0.999977240547676,0.438483008474669,0.999999999595486,"#e06a5d"
2.4196726158754e-06,1,0.999977240547676,0.438483008474669,0.999999999595486,"#e06a5d"
2.4196726158754e-06,1,0.999977240547676,0.438483008474669,0.999999999595486,"#e06a5d"
2.4196726158754e-06,1,0.999977240547676,0.438483008474669,0.999999999595486,"#e06a5d"
2.46000049280666e-06,1,0.999981917220405,0.438487109795256,0.999999999744645,"#e06a5d"
2.46000049280666e-06,1,0.999981917220405,0.438487109795256,0.999999999744645,"#e06a5d"
2.46000049280666e-06,1,0.999981917220405,0.438487109795256,0.999999999744645,"#e06a5d"
2.46000049280666e-06,1,0.999981917220405,0.438487109795256,0.999999999744645,"#e06a5d"
2.46000049280666e-06,1,0.999981917220405,0.438487109795256,0.999999999744645,"#e06a5d"
2.46000049280666e-06,0.333333333333333,0.999981917220405,0.438487109795256,0.999999999744645,"#00a4ac"
2.46000049280666e-06,1,0.999981917220405,0.438487109795256,0.999999999744645,"#e06a5d"
2.46000049280666e-06,0.666666666666667,0.999981917220405,0.438487109795256,0.999999999744645,"black"
2.46000049280666e-06,1,0.999981917220405,0.438487109795256,0.999999999744645,"#e06a5d"
2.46000049280666e-06,1,0.999981917220405,0.438487109795256,0.999999999744645,"#e06a5d"
2.46000049280666e-06,1,0.999981917220405,0.438487109795256,0.999999999744645,"#e06a5d"
2.46000049280666e-06,1,0.999981917220405,0.438487109795256,0.999999999744645,"#e06a5d"
2.46000049280666e-06,1,0.999981917220405,0.438487109795256,0.999999999744645,"#e06a5d"
2.46000049280666e-06,1,0.999981917220405,0.438487109795256,0.999999999744645,"#e06a5d"
2.46000049280666e-06,1,0.999981917220405,0.438487109795256,0.999999999744645,"#e06a5d"
2.46000049280666e-06,1,0.999981917220405,0.438487109795256,0.999999999744645,"#e06a5d"
2.46000049280666e-06,1,0.999981917220405,0.438487109795256,0.999999999744645,"#e06a5d"
2.46000049280666e-06,1,0.999981917220405,0.438487109795256,0.999999999744645,"#e06a5d"
2.46000049280666e-06,1,0.999981917220405,0.438487109795256,0.999999999744645,"#e06a5d"
2.46000049280666e-06,1,0.999981917220405,0.438487109795256,0.999999999744645,"#e06a5d"
2.46000049280666e-06,1,0.999981917220405,0.438487109795256,0.999999999744645,"#e06a5d"
2.46000049280666e-06,1,0.999981917220405,0.438487109795256,0.999999999744645,"#e06a5d"
2.46000049280666e-06,1,0.999981917220405,0.438487109795256,0.999999999744645,"#e06a5d"
2.46000049280666e-06,1,0.999981917220405,0.438487109795256,0.999999999744645,"#e06a5d"
2.46000049280666e-06,1,0.999981917220405,0.438487109795256,0.999999999744645,"#e06a5d"
2.46000049280666e-06,1,0.999981917220405,0.438487109795256,0.999999999744645,"#e06a5d"
2.46000049280666e-06,1,0.999981917220405,0.438487109795256,0.999999999744645,"#e06a5d"
2.50032836973791e-06,1,0.999985648274565,0.4384903818574,0.999999999839149,"#e06a5d"
2.50032836973791e-06,1,0.999985648274565,0.4384903818574,0.999999999839149,"#e06a5d"
2.50032836973791e-06,1,0.999985648274565,0.4384903818574,0.999999999839149,"#e06a5d"
2.50032836973791e-06,1,0.999985648274565,0.4384903818574,0.999999999839149,"#e06a5d"
2.50032836973791e-06,1,0.999985648274565,0.4384903818574,0.999999999839149,"#e06a5d"
2.50032836973791e-06,1,0.999985648274565,0.4384903818574,0.999999999839149,"#e06a5d"
2.50032836973791e-06,0.666666666666667,0.999985648274565,0.4384903818574,0.999999999839149,"black"
2.50032836973791e-06,1,0.999985648274565,0.4384903818574,0.999999999839149,"#e06a5d"
2.50032836973791e-06,1,0.999985648274565,0.4384903818574,0.999999999839149,"#e06a5d"
2.50032836973791e-06,1,0.999985648274565,0.4384903818574,0.999999999839149,"#e06a5d"
2.50032836973791e-06,1,0.999985648274565,0.4384903818574,0.999999999839149,"#e06a5d"
2.50032836973791e-06,1,0.999985648274565,0.4384903818574,0.999999999839149,"#e06a5d"
2.50032836973791e-06,1,0.999985648274565,0.4384903818574,0.999999999839149,"#e06a5d"
2.50032836973791e-06,1,0.999985648274565,0.4384903818574,0.999999999839149,"#e06a5d"
2.50032836973791e-06,1,0.999985648274565,0.4384903818574,0.999999999839149,"#e06a5d"
2.50032836973791e-06,1,0.999985648274565,0.4384903818574,0.999999999839149,"#e06a5d"
2.50032836973791e-06,1,0.999985648274565,0.4384903818574,0.999999999839149,"#e06a5d"
2.50032836973791e-06,1,0.999985648274565,0.4384903818574,0.999999999839149,"#e06a5d"
2.50032836973791e-06,0.333333333333333,0.999985648274565,0.4384903818574,0.999999999839149,"#00a4ac"
2.50032836973791e-06,1,0.999985648274565,0.4384903818574,0.999999999839149,"#e06a5d"
2.50032836973791e-06,0.333333333333333,0.999985648274565,0.4384903818574,0.999999999839149,"#00a4ac"
2.50032836973791e-06,1,0.999985648274565,0.4384903818574,0.999999999839149,"#e06a5d"
2.50032836973791e-06,1,0.999985648274565,0.4384903818574,0.999999999839149,"#e06a5d"
2.50032836973791e-06,1,0.999985648274565,0.4384903818574,0.999999999839149,"#e06a5d"
2.50032836973791e-06,0.666666666666667,0.999985648274565,0.4384903818574,0.999999999839149,"black"
2.50032836973791e-06,1,0.999985648274565,0.4384903818574,0.999999999839149,"#e06a5d"
2.50032836973791e-06,1,0.999985648274565,0.4384903818574,0.999999999839149,"#e06a5d"
2.50032836973791e-06,1,0.999985648274565,0.4384903818574,0.999999999839149,"#e06a5d"
2.50032836973791e-06,1,0.999985648274565,0.4384903818574,0.999999999839149,"#e06a5d"
2.50032836973791e-06,0.333333333333333,0.999985648274565,0.4384903818574,0.999999999839149,"#00a4ac"
2.54065624666917e-06,1,0.99998862149663,0.438492989331059,0.999999999898891,"#e06a5d"
2.54065624666917e-06,1,0.99998862149663,0.438492989331059,0.999999999898891,"#e06a5d"
2.54065624666917e-06,1,0.99998862149663,0.438492989331059,0.999999999898891,"#e06a5d"
2.54065624666917e-06,1,0.99998862149663,0.438492989331059,0.999999999898891,"#e06a5d"
2.54065624666917e-06,1,0.99998862149663,0.438492989331059,0.999999999898891,"#e06a5d"
2.54065624666917e-06,1,0.99998862149663,0.438492989331059,0.999999999898891,"#e06a5d"
2.54065624666917e-06,1,0.99998862149663,0.438492989331059,0.999999999898891,"#e06a5d"
2.54065624666917e-06,1,0.99998862149663,0.438492989331059,0.999999999898891,"#e06a5d"
2.54065624666917e-06,1,0.99998862149663,0.438492989331059,0.999999999898891,"#e06a5d"
2.54065624666917e-06,1,0.99998862149663,0.438492989331059,0.999999999898891,"#e06a5d"
2.54065624666917e-06,1,0.99998862149663,0.438492989331059,0.999999999898891,"#e06a5d"
2.54065624666917e-06,1,0.99998862149663,0.438492989331059,0.999999999898891,"#e06a5d"
2.54065624666917e-06,1,0.99998862149663,0.438492989331059,0.999999999898891,"#e06a5d"
2.54065624666917e-06,1,0.99998862149663,0.438492989331059,0.999999999898891,"#e06a5d"
2.54065624666917e-06,1,0.99998862149663,0.438492989331059,0.999999999898891,"#e06a5d"
2.54065624666917e-06,1,0.99998862149663,0.438492989331059,0.999999999898891,"#e06a5d"
2.54065624666917e-06,1,0.99998862149663,0.438492989331059,0.999999999898891,"#e06a5d"
2.54065624666917e-06,0.666666666666667,0.99998862149663,0.438492989331059,0.999999999898891,"black"
2.54065624666917e-06,1,0.99998862149663,0.438492989331059,0.999999999898891,"#e06a5d"
2.54065624666917e-06,1,0.99998862149663,0.438492989331059,0.999999999898891,"#e06a5d"
2.54065624666917e-06,1,0.99998862149663,0.438492989331059,0.999999999898891,"#e06a5d"
2.54065624666917e-06,1,0.99998862149663,0.438492989331059,0.999999999898891,"#e06a5d"
2.54065624666917e-06,1,0.99998862149663,0.438492989331059,0.999999999898891,"#e06a5d"
2.54065624666917e-06,1,0.99998862149663,0.438492989331059,0.999999999898891,"#e06a5d"
2.54065624666917e-06,1,0.99998862149663,0.438492989331059,0.999999999898891,"#e06a5d"
2.54065624666917e-06,1,0.99998862149663,0.438492989331059,0.999999999898891,"#e06a5d"
2.54065624666917e-06,1,0.99998862149663,0.438492989331059,0.999999999898891,"#e06a5d"
2.58098412360043e-06,1,0.999990988135886,0.438495064850051,0.999999999936577,"#e06a5d"
2.58098412360043e-06,1,0.999990988135886,0.438495064850051,0.999999999936577,"#e06a5d"
2.58098412360043e-06,1,0.999990988135886,0.438495064850051,0.999999999936577,"#e06a5d"
2.58098412360043e-06,1,0.999990988135886,0.438495064850051,0.999999999936577,"#e06a5d"
2.58098412360043e-06,1,0.999990988135886,0.438495064850051,0.999999999936577,"#e06a5d"
2.58098412360043e-06,0.333333333333333,0.999990988135886,0.438495064850051,0.999999999936577,"#00a4ac"
2.58098412360043e-06,1,0.999990988135886,0.438495064850051,0.999999999936577,"#e06a5d"
2.58098412360043e-06,1,0.999990988135886,0.438495064850051,0.999999999936577,"#e06a5d"
2.58098412360043e-06,1,0.999990988135886,0.438495064850051,0.999999999936577,"#e06a5d"
2.58098412360043e-06,1,0.999990988135886,0.438495064850051,0.999999999936577,"#e06a5d"
2.58098412360043e-06,1,0.999990988135886,0.438495064850051,0.999999999936577,"#e06a5d"
2.58098412360043e-06,1,0.999990988135886,0.438495064850051,0.999999999936577,"#e06a5d"
2.58098412360043e-06,0.666666666666667,0.999990988135886,0.438495064850051,0.999999999936577,"black"
2.58098412360043e-06,0.666666666666667,0.999990988135886,0.438495064850051,0.999999999936577,"black"
2.58098412360043e-06,1,0.999990988135886,0.438495064850051,0.999999999936577,"#e06a5d"
2.58098412360043e-06,1,0.999990988135886,0.438495064850051,0.999999999936577,"#e06a5d"
2.58098412360043e-06,0.666666666666667,0.999990988135886,0.438495064850051,0.999999999936577,"black"
2.58098412360043e-06,0.666666666666667,0.999990988135886,0.438495064850051,0.999999999936577,"black"
2.58098412360043e-06,0.333333333333333,0.999990988135886,0.438495064850051,0.999999999936577,"#00a4ac"
2.62131200053168e-06,1,0.999992869847961,0.438496715098991,0.999999999960297,"#e06a5d"
2.62131200053168e-06,1,0.999992869847961,0.438496715098991,0.999999999960297,"#e06a5d"
2.62131200053168e-06,1,0.999992869847961,0.438496715098991,0.999999999960297,"#e06a5d"
2.62131200053168e-06,0.333333333333333,0.999992869847961,0.438496715098991,0.999999999960297,"#00a4ac"
2.62131200053168e-06,1,0.999992869847961,0.438496715098991,0.999999999960297,"#e06a5d"
2.62131200053168e-06,1,0.999992869847961,0.438496715098991,0.999999999960297,"#e06a5d"
2.62131200053168e-06,1,0.999992869847961,0.438496715098991,0.999999999960297,"#e06a5d"
2.62131200053168e-06,0.666666666666667,0.999992869847961,0.438496715098991,0.999999999960297,"black"
2.62131200053168e-06,1,0.999992869847961,0.438496715098991,0.999999999960297,"#e06a5d"
2.62131200053168e-06,1,0.999992869847961,0.438496715098991,0.999999999960297,"#e06a5d"
2.62131200053168e-06,1,0.999992869847961,0.438496715098991,0.999999999960297,"#e06a5d"
2.62131200053168e-06,1,0.999992869847961,0.438496715098991,0.999999999960297,"#e06a5d"
2.62131200053168e-06,1,0.999992869847961,0.438496715098991,0.999999999960297,"#e06a5d"
2.62131200053168e-06,1,0.999992869847961,0.438496715098991,0.999999999960297,"#e06a5d"
2.62131200053168e-06,0.666666666666667,0.999992869847961,0.438496715098991,0.999999999960297,"black"
2.62131200053168e-06,0.666666666666667,0.999992869847961,0.438496715098991,0.999999999960297,"black"
2.66163987746294e-06,1,0.999994364354827,0.438498025775485,0.999999999975197,"#e06a5d"
2.66163987746294e-06,1,0.999994364354827,0.438498025775485,0.999999999975197,"#e06a5d"
2.66163987746294e-06,1,0.999994364354827,0.438498025775485,0.999999999975197,"#e06a5d"
2.66163987746294e-06,1,0.999994364354827,0.438498025775485,0.999999999975197,"#e06a5d"
2.66163987746294e-06,1,0.999994364354827,0.438498025775485,0.999999999975197,"#e06a5d"
2.66163987746294e-06,1,0.999994364354827,0.438498025775485,0.999999999975197,"#e06a5d"
2.66163987746294e-06,1,0.999994364354827,0.438498025775485,0.999999999975197,"#e06a5d"
2.66163987746294e-06,1,0.999994364354827,0.438498025775485,0.999999999975197,"#e06a5d"
2.66163987746294e-06,1,0.999994364354827,0.438498025775485,0.999999999975197,"#e06a5d"
2.66163987746294e-06,1,0.999994364354827,0.438498025775485,0.999999999975197,"#e06a5d"
2.66163987746294e-06,1,0.999994364354827,0.438498025775485,0.999999999975197,"#e06a5d"
2.66163987746294e-06,1,0.999994364354827,0.438498025775485,0.999999999975197,"#e06a5d"
2.66163987746294e-06,1,0.999994364354827,0.438498025775485,0.999999999975197,"#e06a5d"
2.66163987746294e-06,1,0.999994364354827,0.438498025775485,0.999999999975197,"#e06a5d"
2.66163987746294e-06,1,0.999994364354827,0.438498025775485,0.999999999975197,"#e06a5d"
2.66163987746294e-06,1,0.999994364354827,0.438498025775485,0.999999999975197,"#e06a5d"
2.66163987746294e-06,1,0.999994364354827,0.438498025775485,0.999999999975197,"#e06a5d"
2.66163987746294e-06,1,0.999994364354827,0.438498025775485,0.999999999975197,"#e06a5d"
2.66163987746294e-06,1,0.999994364354827,0.438498025775485,0.999999999975197,"#e06a5d"
2.66163987746294e-06,1,0.999994364354827,0.438498025775485,0.999999999975197,"#e06a5d"
2.66163987746294e-06,1,0.999994364354827,0.438498025775485,0.999999999975197,"#e06a5d"
2.66163987746294e-06,1,0.999994364354827,0.438498025775485,0.999999999975197,"#e06a5d"
2.66163987746294e-06,1,0.999994364354827,0.438498025775485,0.999999999975197,"#e06a5d"
2.66163987746294e-06,1,0.999994364354827,0.438498025775485,0.999999999975197,"#e06a5d"
2.66163987746294e-06,1,0.999994364354827,0.438498025775485,0.999999999975197,"#e06a5d"
2.66163987746294e-06,1,0.999994364354827,0.438498025775485,0.999999999975197,"#e06a5d"
2.66163987746294e-06,1,0.999994364354827,0.438498025775485,0.999999999975197,"#e06a5d"
2.66163987746294e-06,1,0.999994364354827,0.438498025775485,0.999999999975197,"#e06a5d"
2.7019677543942e-06,1,0.999995550050738,0.438499065628499,0.999999999984536,"#e06a5d"
2.7019677543942e-06,1,0.999995550050738,0.438499065628499,0.999999999984536,"#e06a5d"
2.7019677543942e-06,1,0.999995550050738,0.438499065628499,0.999999999984536,"#e06a5d"
2.7019677543942e-06,1,0.999995550050738,0.438499065628499,0.999999999984536,"#e06a5d"
2.7019677543942e-06,1,0.999995550050738,0.438499065628499,0.999999999984536,"#e06a5d"
2.7019677543942e-06,1,0.999995550050738,0.438499065628499,0.999999999984536,"#e06a5d"
2.7019677543942e-06,0.666666666666667,0.999995550050738,0.438499065628499,0.999999999984536,"black"
2.7019677543942e-06,0.666666666666667,0.999995550050738,0.438499065628499,0.999999999984536,"black"
2.7019677543942e-06,1,0.999995550050738,0.438499065628499,0.999999999984536,"#e06a5d"
2.7019677543942e-06,1,0.999995550050738,0.438499065628499,0.999999999984536,"#e06a5d"
2.7019677543942e-06,1,0.999995550050738,0.438499065628499,0.999999999984536,"#e06a5d"
2.7019677543942e-06,1,0.999995550050738,0.438499065628499,0.999999999984536,"#e06a5d"
2.7019677543942e-06,1,0.999995550050738,0.438499065628499,0.999999999984536,"#e06a5d"
2.7019677543942e-06,1,0.999995550050738,0.438499065628499,0.999999999984536,"#e06a5d"
2.7019677543942e-06,1,0.999995550050738,0.438499065628499,0.999999999984536,"#e06a5d"
2.7019677543942e-06,1,0.999995550050738,0.438499065628499,0.999999999984536,"#e06a5d"
2.7019677543942e-06,1,0.999995550050738,0.438499065628499,0.999999999984536,"#e06a5d"
2.7019677543942e-06,1,0.999995550050738,0.438499065628499,0.999999999984536,"#e06a5d"
2.7019677543942e-06,1,0.999995550050738,0.438499065628499,0.999999999984536,"#e06a5d"
2.7019677543942e-06,1,0.999995550050738,0.438499065628499,0.999999999984536,"#e06a5d"
2.7019677543942e-06,1,0.999995550050738,0.438499065628499,0.999999999984536,"#e06a5d"
2.7019677543942e-06,1,0.999995550050738,0.438499065628499,0.999999999984536,"#e06a5d"
2.7019677543942e-06,1,0.999995550050738,0.438499065628499,0.999999999984536,"#e06a5d"
2.7019677543942e-06,1,0.999995550050738,0.438499065628499,0.999999999984536,"#e06a5d"
2.7019677543942e-06,0.666666666666667,0.999995550050738,0.438499065628499,0.999999999984536,"black"
2.7019677543942e-06,1,0.999995550050738,0.438499065628499,0.999999999984536,"#e06a5d"
2.7019677543942e-06,1,0.999995550050738,0.438499065628499,0.999999999984536,"#e06a5d"
2.74229563132545e-06,1,0.999996489744232,0.438499889739431,0.999999999990377,"#e06a5d"
2.74229563132545e-06,1,0.999996489744232,0.438499889739431,0.999999999990377,"#e06a5d"
2.74229563132545e-06,1,0.999996489744232,0.438499889739431,0.999999999990377,"#e06a5d"
2.74229563132545e-06,1,0.999996489744232,0.438499889739431,0.999999999990377,"#e06a5d"
2.74229563132545e-06,1,0.999996489744232,0.438499889739431,0.999999999990377,"#e06a5d"
2.74229563132545e-06,1,0.999996489744232,0.438499889739431,0.999999999990377,"#e06a5d"
2.74229563132545e-06,0.666666666666667,0.999996489744232,0.438499889739431,0.999999999990377,"black"
2.74229563132545e-06,1,0.999996489744232,0.438499889739431,0.999999999990377,"#e06a5d"
2.74229563132545e-06,1,0.999996489744232,0.438499889739431,0.999999999990377,"#e06a5d"
2.74229563132545e-06,0.333333333333333,0.999996489744232,0.438499889739431,0.999999999990377,"#00a4ac"
2.74229563132545e-06,1,0.999996489744232,0.438499889739431,0.999999999990377,"#e06a5d"
2.74229563132545e-06,1,0.999996489744232,0.438499889739431,0.999999999990377,"#e06a5d"
2.74229563132545e-06,1,0.999996489744232,0.438499889739431,0.999999999990377,"#e06a5d"
2.74229563132545e-06,1,0.999996489744232,0.438499889739431,0.999999999990377,"#e06a5d"
2.74229563132545e-06,1,0.999996489744232,0.438499889739431,0.999999999990377,"#e06a5d"
2.74229563132545e-06,1,0.999996489744232,0.438499889739431,0.999999999990377,"#e06a5d"
2.74229563132545e-06,1,0.999996489744232,0.438499889739431,0.999999999990377,"#e06a5d"
2.74229563132545e-06,1,0.999996489744232,0.438499889739431,0.999999999990377,"#e06a5d"
2.74229563132545e-06,1,0.999996489744232,0.438499889739431,0.999999999990377,"#e06a5d"
2.74229563132545e-06,1,0.999996489744232,0.438499889739431,0.999999999990377,"#e06a5d"
2.74229563132545e-06,1,0.999996489744232,0.438499889739431,0.999999999990377,"#e06a5d"
2.74229563132545e-06,1,0.999996489744232,0.438499889739431,0.999999999990377,"#e06a5d"
2.74229563132545e-06,1,0.999996489744232,0.438499889739431,0.999999999990377,"#e06a5d"
2.78262350825671e-06,1,0.999997233693358,0.438500542183583,0.999999999994024,"#e06a5d"
2.78262350825671e-06,1,0.999997233693358,0.438500542183583,0.999999999994024,"#e06a5d"
2.78262350825671e-06,1,0.999997233693358,0.438500542183583,0.999999999994024,"#e06a5d"
2.78262350825671e-06,1,0.999997233693358,0.438500542183583,0.999999999994024,"#e06a5d"
2.78262350825671e-06,0.666666666666667,0.999997233693358,0.438500542183583,0.999999999994024,"black"
2.78262350825671e-06,1,0.999997233693358,0.438500542183583,0.999999999994024,"#e06a5d"
2.78262350825671e-06,0.333333333333333,0.999997233693358,0.438500542183583,0.999999999994024,"#00a4ac"
2.78262350825671e-06,1,0.999997233693358,0.438500542183583,0.999999999994024,"#e06a5d"
2.78262350825671e-06,1,0.999997233693358,0.438500542183583,0.999999999994024,"#e06a5d"
2.78262350825671e-06,1,0.999997233693358,0.438500542183583,0.999999999994024,"#e06a5d"
2.78262350825671e-06,1,0.999997233693358,0.438500542183583,0.999999999994024,"#e06a5d"
2.78262350825671e-06,1,0.999997233693358,0.438500542183583,0.999999999994024,"#e06a5d"
2.78262350825671e-06,1,0.999997233693358,0.438500542183583,0.999999999994024,"#e06a5d"
2.78262350825671e-06,0.333333333333333,0.999997233693358,0.438500542183583,0.999999999994024,"#00a4ac"
2.82295138518797e-06,1,0.999997822063757,0.438501058185645,0.999999999996296,"#e06a5d"
2.82295138518797e-06,1,0.999997822063757,0.438501058185645,0.999999999996296,"#e06a5d"
2.82295138518797e-06,1,0.999997822063757,0.438501058185645,0.999999999996296,"#e06a5d"
2.82295138518797e-06,1,0.999997822063757,0.438501058185645,0.999999999996296,"#e06a5d"
2.82295138518797e-06,1,0.999997822063757,0.438501058185645,0.999999999996296,"#e06a5d"
2.82295138518797e-06,1,0.999997822063757,0.438501058185645,0.999999999996296,"#e06a5d"
2.82295138518797e-06,1,0.999997822063757,0.438501058185645,0.999999999996296,"#e06a5d"
2.82295138518797e-06,1,0.999997822063757,0.438501058185645,0.999999999996296,"#e06a5d"
2.82295138518797e-06,0.666666666666667,0.999997822063757,0.438501058185645,0.999999999996296,"black"
2.82295138518797e-06,1,0.999997822063757,0.438501058185645,0.999999999996296,"#e06a5d"
2.82295138518797e-06,1,0.999997822063757,0.438501058185645,0.999999999996296,"#e06a5d"
2.82295138518797e-06,1,0.999997822063757,0.438501058185645,0.999999999996296,"#e06a5d"
2.82295138518797e-06,1,0.999997822063757,0.438501058185645,0.999999999996296,"#e06a5d"
2.82295138518797e-06,1,0.999997822063757,0.438501058185645,0.999999999996296,"#e06a5d"
2.82295138518797e-06,1,0.999997822063757,0.438501058185645,0.999999999996296,"#e06a5d"
2.82295138518797e-06,0.666666666666667,0.999997822063757,0.438501058185645,0.999999999996296,"black"
2.86327926211922e-06,1,0.999998286916305,0.438501465862676,0.999999999997708,"#e06a5d"
2.86327926211922e-06,1,0.999998286916305,0.438501465862676,0.999999999997708,"#e06a5d"
2.86327926211922e-06,1,0.999998286916305,0.438501465862676,0.999999999997708,"#e06a5d"
2.86327926211922e-06,1,0.999998286916305,0.438501465862676,0.999999999997708,"#e06a5d"
2.86327926211922e-06,1,0.999998286916305,0.438501465862676,0.999999999997708,"#e06a5d"
2.86327926211922e-06,1,0.999998286916305,0.438501465862676,0.999999999997708,"#e06a5d"
2.86327926211922e-06,1,0.999998286916305,0.438501465862676,0.999999999997708,"#e06a5d"
2.86327926211922e-06,1,0.999998286916305,0.438501465862676,0.999999999997708,"#e06a5d"
2.86327926211922e-06,1,0.999998286916305,0.438501465862676,0.999999999997708,"#e06a5d"
2.86327926211922e-06,1,0.999998286916305,0.438501465862676,0.999999999997708,"#e06a5d"
2.86327926211922e-06,0.666666666666667,0.999998286916305,0.438501465862676,0.999999999997708,"black"
2.86327926211922e-06,1,0.999998286916305,0.438501465862676,0.999999999997708,"#e06a5d"
2.86327926211922e-06,1,0.999998286916305,0.438501465862676,0.999999999997708,"#e06a5d"
2.86327926211922e-06,1,0.999998286916305,0.438501465862676,0.999999999997708,"#e06a5d"
2.86327926211922e-06,1,0.999998286916305,0.438501465862676,0.999999999997708,"#e06a5d"
2.86327926211922e-06,1,0.999998286916305,0.438501465862676,0.999999999997708,"#e06a5d"
2.86327926211922e-06,1,0.999998286916305,0.438501465862676,0.999999999997708,"#e06a5d"
2.86327926211922e-06,1,0.999998286916305,0.438501465862676,0.999999999997708,"#e06a5d"
2.86327926211922e-06,1,0.999998286916305,0.438501465862676,0.999999999997708,"#e06a5d"
2.86327926211922e-06,1,0.999998286916305,0.438501465862676,0.999999999997708,"#e06a5d"
2.86327926211922e-06,1,0.999998286916305,0.438501465862676,0.999999999997708,"#e06a5d"
2.90360713905048e-06,1,0.999998653811926,0.438501787631437,0.999999999998585,"#e06a5d"
2.90360713905048e-06,1,0.999998653811926,0.438501787631437,0.999999999998585,"#e06a5d"
2.90360713905048e-06,1,0.999998653811926,0.438501787631437,0.999999999998585,"#e06a5d"
2.90360713905048e-06,1,0.999998653811926,0.438501787631437,0.999999999998585,"#e06a5d"
2.90360713905048e-06,1,0.999998653811926,0.438501787631437,0.999999999998585,"#e06a5d"
2.90360713905048e-06,1,0.999998653811926,0.438501787631437,0.999999999998585,"#e06a5d"
2.90360713905048e-06,1,0.999998653811926,0.438501787631437,0.999999999998585,"#e06a5d"
2.90360713905048e-06,1,0.999998653811926,0.438501787631437,0.999999999998585,"#e06a5d"
2.90360713905048e-06,0.666666666666667,0.999998653811926,0.438501787631437,0.999999999998585,"black"
2.90360713905048e-06,1,0.999998653811926,0.438501787631437,0.999999999998585,"#e06a5d"
2.90360713905048e-06,1,0.999998653811926,0.438501787631437,0.999999999998585,"#e06a5d"
2.90360713905048e-06,1,0.999998653811926,0.438501787631437,0.999999999998585,"#e06a5d"
2.90360713905048e-06,1,0.999998653811926,0.438501787631437,0.999999999998585,"#e06a5d"
2.90360713905048e-06,1,0.999998653811926,0.438501787631437,0.999999999998585,"#e06a5d"
2.90360713905048e-06,1,0.999998653811926,0.438501787631437,0.999999999998585,"#e06a5d"
2.90360713905048e-06,1,0.999998653811926,0.438501787631437,0.999999999998585,"#e06a5d"
2.90360713905048e-06,1,0.999998653811926,0.438501787631437,0.999999999998585,"#e06a5d"
2.90360713905048e-06,1,0.999998653811926,0.438501787631437,0.999999999998585,"#e06a5d"
2.90360713905048e-06,1,0.999998653811926,0.438501787631437,0.999999999998585,"#e06a5d"
2.90360713905048e-06,1,0.999998653811926,0.438501787631437,0.999999999998585,"#e06a5d"
2.94393501598174e-06,1,0.999998943105427,0.438502041343012,0.999999999999128,"#e06a5d"
2.94393501598174e-06,1,0.999998943105427,0.438502041343012,0.999999999999128,"#e06a5d"
2.94393501598174e-06,1,0.999998943105427,0.438502041343012,0.999999999999128,"#e06a5d"
2.94393501598174e-06,1,0.999998943105427,0.438502041343012,0.999999999999128,"#e06a5d"
2.94393501598174e-06,1,0.999998943105427,0.438502041343012,0.999999999999128,"#e06a5d"
2.94393501598174e-06,1,0.999998943105427,0.438502041343012,0.999999999999128,"#e06a5d"
2.94393501598174e-06,1,0.999998943105427,0.438502041343012,0.999999999999128,"#e06a5d"
2.94393501598174e-06,1,0.999998943105427,0.438502041343012,0.999999999999128,"#e06a5d"
2.94393501598174e-06,1,0.999998943105427,0.438502041343012,0.999999999999128,"#e06a5d"
2.94393501598174e-06,1,0.999998943105427,0.438502041343012,0.999999999999128,"#e06a5d"
2.94393501598174e-06,1,0.999998943105427,0.438502041343012,0.999999999999128,"#e06a5d"
2.94393501598174e-06,1,0.999998943105427,0.438502041343012,0.999999999999128,"#e06a5d"
2.94393501598174e-06,1,0.999998943105427,0.438502041343012,0.999999999999128,"#e06a5d"
2.94393501598174e-06,1,0.999998943105427,0.438502041343012,0.999999999999128,"#e06a5d"
2.94393501598174e-06,1,0.999998943105427,0.438502041343012,0.999999999999128,"#e06a5d"
2.94393501598174e-06,0.333333333333333,0.999998943105427,0.438502041343012,0.999999999999128,"#00a4ac"
2.94393501598174e-06,1,0.999998943105427,0.438502041343012,0.999999999999128,"#e06a5d"
2.94393501598174e-06,1,0.999998943105427,0.438502041343012,0.999999999999128,"#e06a5d"
2.94393501598174e-06,1,0.999998943105427,0.438502041343012,0.999999999999128,"#e06a5d"
2.94393501598174e-06,1,0.999998943105427,0.438502041343012,0.999999999999128,"#e06a5d"
2.94393501598174e-06,1,0.999998943105427,0.438502041343012,0.999999999999128,"#e06a5d"
2.94393501598174e-06,1,0.999998943105427,0.438502041343012,0.999999999999128,"#e06a5d"
2.94393501598174e-06,1,0.999998943105427,0.438502041343012,0.999999999999128,"#e06a5d"
2.94393501598174e-06,1,0.999998943105427,0.438502041343012,0.999999999999128,"#e06a5d"
2.94393501598174e-06,1,0.999998943105427,0.438502041343012,0.999999999999128,"#e06a5d"
2.94393501598174e-06,1,0.999998943105427,0.438502041343012,0.999999999999128,"#e06a5d"
2.94393501598174e-06,1,0.999998943105427,0.438502041343012,0.999999999999128,"#e06a5d"
2.98426289291299e-06,1,0.999999170987113,0.438502241196268,0.999999999999463,"#e06a5d"
2.98426289291299e-06,1,0.999999170987113,0.438502241196268,0.999999999999463,"#e06a5d"
2.98426289291299e-06,1,0.999999170987113,0.438502241196268,0.999999999999463,"#e06a5d"
2.98426289291299e-06,1,0.999999170987113,0.438502241196268,0.999999999999463,"#e06a5d"
2.98426289291299e-06,1,0.999999170987113,0.438502241196268,0.999999999999463,"#e06a5d"
2.98426289291299e-06,1,0.999999170987113,0.438502241196268,0.999999999999463,"#e06a5d"
2.98426289291299e-06,0.333333333333333,0.999999170987113,0.438502241196268,0.999999999999463,"#00a4ac"
2.98426289291299e-06,1,0.999999170987113,0.438502241196268,0.999999999999463,"#e06a5d"
2.98426289291299e-06,1,0.999999170987113,0.438502241196268,0.999999999999463,"#e06a5d"
2.98426289291299e-06,1,0.999999170987113,0.438502241196268,0.999999999999463,"#e06a5d"
2.98426289291299e-06,0.666666666666667,0.999999170987113,0.438502241196268,0.999999999999463,"black"
2.98426289291299e-06,1,0.999999170987113,0.438502241196268,0.999999999999463,"#e06a5d"
2.98426289291299e-06,1,0.999999170987113,0.438502241196268,0.999999999999463,"#e06a5d"
2.98426289291299e-06,1,0.999999170987113,0.438502241196268,0.999999999999463,"#e06a5d"
2.98426289291299e-06,1,0.999999170987113,0.438502241196268,0.999999999999463,"#e06a5d"
2.98426289291299e-06,1,0.999999170987113,0.438502241196268,0.999999999999463,"#e06a5d"
2.98426289291299e-06,1,0.999999170987113,0.438502241196268,0.999999999999463,"#e06a5d"
2.98426289291299e-06,1,0.999999170987113,0.438502241196268,0.999999999999463,"#e06a5d"
2.98426289291299e-06,1,0.999999170987113,0.438502241196268,0.999999999999463,"#e06a5d"
2.98426289291299e-06,1,0.999999170987113,0.438502241196268,0.999999999999463,"#e06a5d"
2.98426289291299e-06,0.666666666666667,0.999999170987113,0.438502241196268,0.999999999999463,"black"
2.98426289291299e-06,0.333333333333333,0.999999170987113,0.438502241196268,0.999999999999463,"#00a4ac"
2.98426289291299e-06,0.333333333333333,0.999999170987113,0.438502241196268,0.999999999999463,"#00a4ac"
3.02459076984425e-06,1,0.999999350320186,0.43850239847223,0.99999999999967,"#e06a5d"
3.02459076984425e-06,1,0.999999350320186,0.43850239847223,0.99999999999967,"#e06a5d"
3.02459076984425e-06,1,0.999999350320186,0.43850239847223,0.99999999999967,"#e06a5d"
3.02459076984425e-06,1,0.999999350320186,0.43850239847223,0.99999999999967,"#e06a5d"
3.02459076984425e-06,1,0.999999350320186,0.43850239847223,0.99999999999967,"#e06a5d"
3.02459076984425e-06,1,0.999999350320186,0.43850239847223,0.99999999999967,"#e06a5d"
3.02459076984425e-06,1,0.999999350320186,0.43850239847223,0.99999999999967,"#e06a5d"
3.02459076984425e-06,1,0.999999350320186,0.43850239847223,0.99999999999967,"#e06a5d"
3.02459076984425e-06,1,0.999999350320186,0.43850239847223,0.99999999999967,"#e06a5d"
3.02459076984425e-06,0.333333333333333,0.999999350320186,0.43850239847223,0.99999999999967,"#00a4ac"
3.02459076984425e-06,1,0.999999350320186,0.43850239847223,0.99999999999967,"#e06a5d"
3.02459076984425e-06,1,0.999999350320186,0.43850239847223,0.99999999999967,"#e06a5d"
3.02459076984425e-06,1,0.999999350320186,0.43850239847223,0.99999999999967,"#e06a5d"
3.02459076984425e-06,0.666666666666667,0.999999350320186,0.43850239847223,0.99999999999967,"black"
3.02459076984425e-06,1,0.999999350320186,0.43850239847223,0.99999999999967,"#e06a5d"
3.02459076984425e-06,1,0.999999350320186,0.43850239847223,0.99999999999967,"#e06a5d"
3.02459076984425e-06,1,0.999999350320186,0.43850239847223,0.99999999999967,"#e06a5d"
3.02459076984425e-06,1,0.999999350320186,0.43850239847223,0.99999999999967,"#e06a5d"
3.02459076984425e-06,0.333333333333333,0.999999350320186,0.43850239847223,0.99999999999967,"#00a4ac"
3.02459076984425e-06,1,0.999999350320186,0.43850239847223,0.99999999999967,"#e06a5d"
3.02459076984425e-06,1,0.999999350320186,0.43850239847223,0.99999999999967,"#e06a5d"
3.02459076984425e-06,0.333333333333333,0.999999350320186,0.43850239847223,0.99999999999967,"#00a4ac"
3.02459076984425e-06,0.666666666666667,0.999999350320186,0.43850239847223,0.99999999999967,"black"
3.06491864677551e-06,1,0.999999491313017,0.438502522123653,0.999999999999798,"#e06a5d"
3.06491864677551e-06,1,0.999999491313017,0.438502522123653,0.999999999999798,"#e06a5d"
3.06491864677551e-06,1,0.999999491313017,0.438502522123653,0.999999999999798,"#e06a5d"
3.06491864677551e-06,1,0.999999491313017,0.438502522123653,0.999999999999798,"#e06a5d"
3.06491864677551e-06,1,0.999999491313017,0.438502522123653,0.999999999999798,"#e06a5d"
3.06491864677551e-06,1,0.999999491313017,0.438502522123653,0.999999999999798,"#e06a5d"
3.06491864677551e-06,1,0.999999491313017,0.438502522123653,0.999999999999798,"#e06a5d"
3.06491864677551e-06,1,0.999999491313017,0.438502522123653,0.999999999999798,"#e06a5d"
3.06491864677551e-06,1,0.999999491313017,0.438502522123653,0.999999999999798,"#e06a5d"
3.06491864677551e-06,1,0.999999491313017,0.438502522123653,0.999999999999798,"#e06a5d"
3.06491864677551e-06,1,0.999999491313017,0.438502522123653,0.999999999999798,"#e06a5d"
3.06491864677551e-06,1,0.999999491313017,0.438502522123653,0.999999999999798,"#e06a5d"
3.06491864677551e-06,1,0.999999491313017,0.438502522123653,0.999999999999798,"#e06a5d"
3.06491864677551e-06,1,0.999999491313017,0.438502522123653,0.999999999999798,"#e06a5d"
3.06491864677551e-06,1,0.999999491313017,0.438502522123653,0.999999999999798,"#e06a5d"
3.10524652370676e-06,1,0.999999602058158,0.438502619247721,0.999999999999876,"#e06a5d"
3.10524652370676e-06,1,0.999999602058158,0.438502619247721,0.999999999999876,"#e06a5d"
3.10524652370676e-06,1,0.999999602058158,0.438502619247721,0.999999999999876,"#e06a5d"
3.10524652370676e-06,1,0.999999602058158,0.438502619247721,0.999999999999876,"#e06a5d"
3.10524652370676e-06,1,0.999999602058158,0.438502619247721,0.999999999999876,"#e06a5d"
3.10524652370676e-06,1,0.999999602058158,0.438502619247721,0.999999999999876,"#e06a5d"
3.10524652370676e-06,1,0.999999602058158,0.438502619247721,0.999999999999876,"#e06a5d"
3.10524652370676e-06,1,0.999999602058158,0.438502619247721,0.999999999999876,"#e06a5d"
3.10524652370676e-06,1,0.999999602058158,0.438502619247721,0.999999999999876,"#e06a5d"
3.10524652370676e-06,1,0.999999602058158,0.438502619247721,0.999999999999876,"#e06a5d"
3.10524652370676e-06,1,0.999999602058158,0.438502619247721,0.999999999999876,"#e06a5d"
3.10524652370676e-06,1,0.999999602058158,0.438502619247721,0.999999999999876,"#e06a5d"
3.14557440063802e-06,1,0.999999688963911,0.438502695464534,0.999999999999924,"#e06a5d"
3.14557440063802e-06,1,0.999999688963911,0.438502695464534,0.999999999999924,"#e06a5d"
3.14557440063802e-06,1,0.999999688963911,0.438502695464534,0.999999999999924,"#e06a5d"
3.14557440063802e-06,1,0.999999688963911,0.438502695464534,0.999999999999924,"#e06a5d"
3.14557440063802e-06,1,0.999999688963911,0.438502695464534,0.999999999999924,"#e06a5d"
3.14557440063802e-06,1,0.999999688963911,0.438502695464534,0.999999999999924,"#e06a5d"
3.14557440063802e-06,0.333333333333333,0.999999688963911,0.438502695464534,0.999999999999924,"#00a4ac"
3.14557440063802e-06,1,0.999999688963911,0.438502695464534,0.999999999999924,"#e06a5d"
3.14557440063802e-06,0.666666666666667,0.999999688963911,0.438502695464534,0.999999999999924,"black"
3.14557440063802e-06,1,0.999999688963911,0.438502695464534,0.999999999999924,"#e06a5d"
3.14557440063802e-06,1,0.999999688963911,0.438502695464534,0.999999999999924,"#e06a5d"
3.14557440063802e-06,1,0.999999688963911,0.438502695464534,0.999999999999924,"#e06a5d"
3.14557440063802e-06,1,0.999999688963911,0.438502695464534,0.999999999999924,"#e06a5d"
3.14557440063802e-06,1,0.999999688963911,0.438502695464534,0.999999999999924,"#e06a5d"
3.14557440063802e-06,1,0.999999688963911,0.438502695464534,0.999999999999924,"#e06a5d"
3.18590227756928e-06,1,0.999999757099439,0.438502755219767,0.999999999999954,"#e06a5d"
3.18590227756928e-06,1,0.999999757099439,0.438502755219767,0.999999999999954,"#e06a5d"
3.18590227756928e-06,1,0.999999757099439,0.438502755219767,0.999999999999954,"#e06a5d"
3.18590227756928e-06,1,0.999999757099439,0.438502755219767,0.999999999999954,"#e06a5d"
3.18590227756928e-06,1,0.999999757099439,0.438502755219767,0.999999999999954,"#e06a5d"
3.18590227756928e-06,1,0.999999757099439,0.438502755219767,0.999999999999954,"#e06a5d"
3.18590227756928e-06,1,0.999999757099439,0.438502755219767,0.999999999999954,"#e06a5d"
3.18590227756928e-06,1,0.999999757099439,0.438502755219767,0.999999999999954,"#e06a5d"
3.18590227756928e-06,1,0.999999757099439,0.438502755219767,0.999999999999954,"#e06a5d"
3.18590227756928e-06,1,0.999999757099439,0.438502755219767,0.999999999999954,"#e06a5d"
3.18590227756928e-06,1,0.999999757099439,0.438502755219767,0.999999999999954,"#e06a5d"
3.18590227756928e-06,1,0.999999757099439,0.438502755219767,0.999999999999954,"#e06a5d"
3.18590227756928e-06,1,0.999999757099439,0.438502755219767,0.999999999999954,"#e06a5d"
3.18590227756928e-06,1,0.999999757099439,0.438502755219767,0.999999999999954,"#e06a5d"
3.22623015450053e-06,1,0.999999810470388,0.438502802026387,0.999999999999972,"#e06a5d"
3.22623015450053e-06,1,0.999999810470388,0.438502802026387,0.999999999999972,"#e06a5d"
3.22623015450053e-06,1,0.999999810470388,0.438502802026387,0.999999999999972,"#e06a5d"
3.22623015450053e-06,1,0.999999810470388,0.438502802026387,0.999999999999972,"#e06a5d"
3.22623015450053e-06,1,0.999999810470388,0.438502802026387,0.999999999999972,"#e06a5d"
3.22623015450053e-06,1,0.999999810470388,0.438502802026387,0.999999999999972,"#e06a5d"
3.22623015450053e-06,1,0.999999810470388,0.438502802026387,0.999999999999972,"#e06a5d"
3.22623015450053e-06,1,0.999999810470388,0.438502802026387,0.999999999999972,"#e06a5d"
3.22623015450053e-06,0.333333333333333,0.999999810470388,0.438502802026387,0.999999999999972,"#00a4ac"
3.22623015450053e-06,1,0.999999810470388,0.438502802026387,0.999999999999972,"#e06a5d"
3.22623015450053e-06,1,0.999999810470388,0.438502802026387,0.999999999999972,"#e06a5d"
3.22623015450053e-06,1,0.999999810470388,0.438502802026387,0.999999999999972,"#e06a5d"
3.22623015450053e-06,1,0.999999810470388,0.438502802026387,0.999999999999972,"#e06a5d"
3.22623015450053e-06,1,0.999999810470388,0.438502802026387,0.999999999999972,"#e06a5d"
3.26655803143179e-06,1,0.999999852238727,0.438502838657458,0.999999999999983,"#e06a5d"
3.26655803143179e-06,1,0.999999852238727,0.438502838657458,0.999999999999983,"#e06a5d"
3.26655803143179e-06,1,0.999999852238727,0.438502838657458,0.999999999999983,"#e06a5d"
3.26655803143179e-06,1,0.999999852238727,0.438502838657458,0.999999999999983,"#e06a5d"
3.26655803143179e-06,1,0.999999852238727,0.438502838657458,0.999999999999983,"#e06a5d"
3.26655803143179e-06,1,0.999999852238727,0.438502838657458,0.999999999999983,"#e06a5d"
3.26655803143179e-06,0.666666666666667,0.999999852238727,0.438502838657458,0.999999999999983,"black"
3.26655803143179e-06,1,0.999999852238727,0.438502838657458,0.999999999999983,"#e06a5d"
3.26655803143179e-06,1,0.999999852238727,0.438502838657458,0.999999999999983,"#e06a5d"
3.26655803143179e-06,1,0.999999852238727,0.438502838657458,0.999999999999983,"#e06a5d"
3.26655803143179e-06,0.666666666666667,0.999999852238727,0.438502838657458,0.999999999999983,"black"
3.26655803143179e-06,1,0.999999852238727,0.438502838657458,0.999999999999983,"#e06a5d"
3.26655803143179e-06,1,0.999999852238727,0.438502838657458,0.999999999999983,"#e06a5d"
3.26655803143179e-06,0.333333333333333,0.999999852238727,0.438502838657458,0.999999999999983,"#00a4ac"
3.26655803143179e-06,1,0.999999852238727,0.438502838657458,0.999999999999983,"#e06a5d"
3.26655803143179e-06,1,0.999999852238727,0.438502838657458,0.999999999999983,"#e06a5d"
3.26655803143179e-06,1,0.999999852238727,0.438502838657458,0.999999999999983,"#e06a5d"
3.30688590836305e-06,1,0.999999884897902,0.438502867299742,0.999999999999989,"#e06a5d"
3.30688590836305e-06,1,0.999999884897902,0.438502867299742,0.999999999999989,"#e06a5d"
3.30688590836305e-06,1,0.999999884897902,0.438502867299742,0.999999999999989,"#e06a5d"
3.30688590836305e-06,1,0.999999884897902,0.438502867299742,0.999999999999989,"#e06a5d"
3.30688590836305e-06,1,0.999999884897902,0.438502867299742,0.999999999999989,"#e06a5d"
3.30688590836305e-06,1,0.999999884897902,0.438502867299742,0.999999999999989,"#e06a5d"
3.30688590836305e-06,0.666666666666667,0.999999884897902,0.438502867299742,0.999999999999989,"black"
3.30688590836305e-06,1,0.999999884897902,0.438502867299742,0.999999999999989,"#e06a5d"
3.30688590836305e-06,1,0.999999884897902,0.438502867299742,0.999999999999989,"#e06a5d"
3.30688590836305e-06,1,0.999999884897902,0.438502867299742,0.999999999999989,"#e06a5d"
3.30688590836305e-06,1,0.999999884897902,0.438502867299742,0.999999999999989,"#e06a5d"
3.30688590836305e-06,1,0.999999884897902,0.438502867299742,0.999999999999989,"#e06a5d"
3.30688590836305e-06,1,0.999999884897902,0.438502867299742,0.999999999999989,"#e06a5d"
3.30688590836305e-06,1,0.999999884897902,0.438502867299742,0.999999999999989,"#e06a5d"
3.30688590836305e-06,1,0.999999884897902,0.438502867299742,0.999999999999989,"#e06a5d"
3.30688590836305e-06,1,0.999999884897902,0.438502867299742,0.999999999999989,"#e06a5d"
3.30688590836305e-06,1,0.999999884897902,0.438502867299742,0.999999999999989,"#e06a5d"
3.30688590836305e-06,1,0.999999884897902,0.438502867299742,0.999999999999989,"#e06a5d"
3.30688590836305e-06,1,0.999999884897902,0.438502867299742,0.999999999999989,"#e06a5d"
3.30688590836305e-06,0.666666666666667,0.999999884897902,0.438502867299742,0.999999999999989,"black"
3.30688590836305e-06,1,0.999999884897902,0.438502867299742,0.999999999999989,"#e06a5d"
3.3472137852943e-06,1,0.999999910412192,0.438502889675922,0.999999999999994,"#e06a5d"
3.3472137852943e-06,1,0.999999910412192,0.438502889675922,0.999999999999994,"#e06a5d"
3.3472137852943e-06,1,0.999999910412192,0.438502889675922,0.999999999999994,"#e06a5d"
3.3472137852943e-06,1,0.999999910412192,0.438502889675922,0.999999999999994,"#e06a5d"
3.3472137852943e-06,1,0.999999910412192,0.438502889675922,0.999999999999994,"#e06a5d"
3.3472137852943e-06,1,0.999999910412192,0.438502889675922,0.999999999999994,"#e06a5d"
3.3472137852943e-06,1,0.999999910412192,0.438502889675922,0.999999999999994,"#e06a5d"
3.3472137852943e-06,1,0.999999910412192,0.438502889675922,0.999999999999994,"#e06a5d"
3.3472137852943e-06,1,0.999999910412192,0.438502889675922,0.999999999999994,"#e06a5d"
3.3472137852943e-06,1,0.999999910412192,0.438502889675922,0.999999999999994,"#e06a5d"
3.3472137852943e-06,1,0.999999910412192,0.438502889675922,0.999999999999994,"#e06a5d"
3.3472137852943e-06,1,0.999999910412192,0.438502889675922,0.999999999999994,"#e06a5d"
3.38754166222556e-06,1,0.999999930327478,0.438502907141743,0.999999999999996,"#e06a5d"
3.38754166222556e-06,1,0.999999930327478,0.438502907141743,0.999999999999996,"#e06a5d"
3.38754166222556e-06,0.666666666666667,0.999999930327478,0.438502907141743,0.999999999999996,"black"
3.38754166222556e-06,1,0.999999930327478,0.438502907141743,0.999999999999996,"#e06a5d"
3.38754166222556e-06,1,0.999999930327478,0.438502907141743,0.999999999999996,"#e06a5d"
3.38754166222556e-06,1,0.999999930327478,0.438502907141743,0.999999999999996,"#e06a5d"
3.38754166222556e-06,1,0.999999930327478,0.438502907141743,0.999999999999996,"#e06a5d"
3.38754166222556e-06,1,0.999999930327478,0.438502907141743,0.999999999999996,"#e06a5d"
3.38754166222556e-06,1,0.999999930327478,0.438502907141743,0.999999999999996,"#e06a5d"
3.38754166222556e-06,1,0.999999930327478,0.438502907141743,0.999999999999996,"#e06a5d"
3.38754166222556e-06,1,0.999999930327478,0.438502907141743,0.999999999999996,"#e06a5d"
3.38754166222556e-06,1,0.999999930327478,0.438502907141743,0.999999999999996,"#e06a5d"
3.38754166222556e-06,1,0.999999930327478,0.438502907141743,0.999999999999996,"#e06a5d"
3.38754166222556e-06,1,0.999999930327478,0.438502907141743,0.999999999999996,"#e06a5d"
3.38754166222556e-06,1,0.999999930327478,0.438502907141743,0.999999999999996,"#e06a5d"
3.38754166222556e-06,1,0.999999930327478,0.438502907141743,0.999999999999996,"#e06a5d"
3.38754166222556e-06,1,0.999999930327478,0.438502907141743,0.999999999999996,"#e06a5d"
3.38754166222556e-06,1,0.999999930327478,0.438502907141743,0.999999999999996,"#e06a5d"
3.38754166222556e-06,1,0.999999930327478,0.438502907141743,0.999999999999996,"#e06a5d"
3.38754166222556e-06,1,0.999999930327478,0.438502907141743,0.999999999999996,"#e06a5d"
3.42786953915682e-06,1,0.999999945859168,0.438502920763126,0.999999999999998,"#e06a5d"
3.42786953915682e-06,1,0.999999945859168,0.438502920763126,0.999999999999998,"#e06a5d"
3.42786953915682e-06,1,0.999999945859168,0.438502920763126,0.999999999999998,"#e06a5d"
3.42786953915682e-06,1,0.999999945859168,0.438502920763126,0.999999999999998,"#e06a5d"
3.42786953915682e-06,0.666666666666667,0.999999945859168,0.438502920763126,0.999999999999998,"black"
3.42786953915682e-06,1,0.999999945859168,0.438502920763126,0.999999999999998,"#e06a5d"
3.42786953915682e-06,1,0.999999945859168,0.438502920763126,0.999999999999998,"#e06a5d"
3.42786953915682e-06,1,0.999999945859168,0.438502920763126,0.999999999999998,"#e06a5d"
3.42786953915682e-06,1,0.999999945859168,0.438502920763126,0.999999999999998,"#e06a5d"
3.42786953915682e-06,1,0.999999945859168,0.438502920763126,0.999999999999998,"#e06a5d"
3.42786953915682e-06,1,0.999999945859168,0.438502920763126,0.999999999999998,"#e06a5d"
3.42786953915682e-06,1,0.999999945859168,0.438502920763126,0.999999999999998,"#e06a5d"
3.42786953915682e-06,1,0.999999945859168,0.438502920763126,0.999999999999998,"#e06a5d"
3.46819741608807e-06,0.666666666666667,0.999999957961924,0.438502931377314,0.999999999999998,"black"
3.46819741608807e-06,1,0.999999957961924,0.438502931377314,0.999999999999998,"#e06a5d"
3.46819741608807e-06,0.666666666666667,0.999999957961924,0.438502931377314,0.999999999999998,"black"
3.46819741608807e-06,1,0.999999957961924,0.438502931377314,0.999999999999998,"#e06a5d"
3.46819741608807e-06,1,0.999999957961924,0.438502931377314,0.999999999999998,"#e06a5d"
3.46819741608807e-06,1,0.999999957961924,0.438502931377314,0.999999999999998,"#e06a5d"
3.46819741608807e-06,1,0.999999957961924,0.438502931377314,0.999999999999998,"#e06a5d"
3.46819741608807e-06,1,0.999999957961924,0.438502931377314,0.999999999999998,"#e06a5d"
3.50852529301933e-06,1,0.999999967384886,0.438502939641307,0.999999999999999,"#e06a5d"
3.50852529301933e-06,1,0.999999967384886,0.438502939641307,0.999999999999999,"#e06a5d"
3.50852529301933e-06,1,0.999999967384886,0.438502939641307,0.999999999999999,"#e06a5d"
3.50852529301933e-06,1,0.999999967384886,0.438502939641307,0.999999999999999,"#e06a5d"
3.50852529301933e-06,1,0.999999967384886,0.438502939641307,0.999999999999999,"#e06a5d"
3.50852529301933e-06,1,0.999999967384886,0.438502939641307,0.999999999999999,"#e06a5d"
3.50852529301933e-06,1,0.999999967384886,0.438502939641307,0.999999999999999,"#e06a5d"
3.50852529301933e-06,0.333333333333333,0.999999967384886,0.438502939641307,0.999999999999999,"#00a4ac"
3.50852529301933e-06,1,0.999999967384886,0.438502939641307,0.999999999999999,"#e06a5d"
3.50852529301933e-06,1,0.999999967384886,0.438502939641307,0.999999999999999,"#e06a5d"
3.50852529301933e-06,1,0.999999967384886,0.438502939641307,0.999999999999999,"#e06a5d"
3.50852529301933e-06,0.333333333333333,0.999999967384886,0.438502939641307,0.999999999999999,"#00a4ac"
3.54885316995059e-06,1,0.999999974715364,0.438502946070179,0.999999999999999,"#e06a5d"
3.54885316995059e-06,1,0.999999974715364,0.438502946070179,0.999999999999999,"#e06a5d"
3.54885316995059e-06,1,0.999999974715364,0.438502946070179,0.999999999999999,"#e06a5d"
3.54885316995059e-06,1,0.999999974715364,0.438502946070179,0.999999999999999,"#e06a5d"
3.54885316995059e-06,1,0.999999974715364,0.438502946070179,0.999999999999999,"#e06a5d"
3.54885316995059e-06,1,0.999999974715364,0.438502946070179,0.999999999999999,"#e06a5d"
3.54885316995059e-06,1,0.999999974715364,0.438502946070179,0.999999999999999,"#e06a5d"
3.54885316995059e-06,1,0.999999974715364,0.438502946070179,0.999999999999999,"#e06a5d"
3.54885316995059e-06,1,0.999999974715364,0.438502946070179,0.999999999999999,"#e06a5d"
3.54885316995059e-06,1,0.999999974715364,0.438502946070179,0.999999999999999,"#e06a5d"
3.54885316995059e-06,1,0.999999974715364,0.438502946070179,0.999999999999999,"#e06a5d"
3.54885316995059e-06,1,0.999999974715364,0.438502946070179,0.999999999999999,"#e06a5d"
3.54885316995059e-06,1,0.999999974715364,0.438502946070179,0.999999999999999,"#e06a5d"
3.54885316995059e-06,1,0.999999974715364,0.438502946070179,0.999999999999999,"#e06a5d"
3.54885316995059e-06,1,0.999999974715364,0.438502946070179,0.999999999999999,"#e06a5d"
3.58918104688184e-06,1,0.999999980413367,0.438502951067362,1,"#e06a5d"
3.58918104688184e-06,1,0.999999980413367,0.438502951067362,1,"#e06a5d"
3.58918104688184e-06,1,0.999999980413367,0.438502951067362,1,"#e06a5d"
3.58918104688184e-06,1,0.999999980413367,0.438502951067362,1,"#e06a5d"
3.58918104688184e-06,1,0.999999980413367,0.438502951067362,1,"#e06a5d"
3.58918104688184e-06,1,0.999999980413367,0.438502951067362,1,"#e06a5d"
3.58918104688184e-06,0.333333333333333,0.999999980413367,0.438502951067362,1,"#00a4ac"
3.58918104688184e-06,0.333333333333333,0.999999980413367,0.438502951067362,1,"#00a4ac"
3.58918104688184e-06,0.333333333333333,0.999999980413367,0.438502951067362,1,"#00a4ac"
3.58918104688184e-06,1,0.999999980413367,0.438502951067362,1,"#e06a5d"
3.58918104688184e-06,1,0.999999980413367,0.438502951067362,1,"#e06a5d"
3.58918104688184e-06,1,0.999999980413367,0.438502951067362,1,"#e06a5d"
3.6295089238131e-06,1,0.999999984838872,0.438502954948555,1,"#e06a5d"
3.6295089238131e-06,1,0.999999984838872,0.438502954948555,1,"#e06a5d"
3.6295089238131e-06,1,0.999999984838872,0.438502954948555,1,"#e06a5d"
3.6295089238131e-06,0.333333333333333,0.999999984838872,0.438502954948555,1,"#00a4ac"
3.6295089238131e-06,1,0.999999984838872,0.438502954948555,1,"#e06a5d"
3.6295089238131e-06,1,0.999999984838872,0.438502954948555,1,"#e06a5d"
3.6295089238131e-06,1,0.999999984838872,0.438502954948555,1,"#e06a5d"
3.6295089238131e-06,0.666666666666667,0.999999984838872,0.438502954948555,1,"black"
3.6295089238131e-06,1,0.999999984838872,0.438502954948555,1,"#e06a5d"
3.6295089238131e-06,1,0.999999984838872,0.438502954948555,1,"#e06a5d"
3.6295089238131e-06,1,0.999999984838872,0.438502954948555,1,"#e06a5d"
3.6295089238131e-06,1,0.999999984838872,0.438502954948555,1,"#e06a5d"
3.6295089238131e-06,1,0.999999984838872,0.438502954948555,1,"#e06a5d"
3.6295089238131e-06,0.333333333333333,0.999999984838872,0.438502954948555,1,"#00a4ac"
3.6295089238131e-06,1,0.999999984838872,0.438502954948555,1,"#e06a5d"
3.6295089238131e-06,1,0.999999984838872,0.438502954948555,1,"#e06a5d"
3.66983680074436e-06,1,0.999999988273313,0.43850295796058,1,"#e06a5d"
3.66983680074436e-06,1,0.999999988273313,0.43850295796058,1,"#e06a5d"
3.66983680074436e-06,1,0.999999988273313,0.43850295796058,1,"#e06a5d"
3.66983680074436e-06,1,0.999999988273313,0.43850295796058,1,"#e06a5d"
3.66983680074436e-06,1,0.999999988273313,0.43850295796058,1,"#e06a5d"
3.66983680074436e-06,1,0.999999988273313,0.43850295796058,1,"#e06a5d"
3.66983680074436e-06,1,0.999999988273313,0.43850295796058,1,"#e06a5d"
3.66983680074436e-06,1,0.999999988273313,0.43850295796058,1,"#e06a5d"
3.66983680074436e-06,1,0.999999988273313,0.43850295796058,1,"#e06a5d"
3.66983680074436e-06,1,0.999999988273313,0.43850295796058,1,"#e06a5d"
3.66983680074436e-06,0.666666666666667,0.999999988273313,0.43850295796058,1,"black"
3.66983680074436e-06,1,0.999999988273313,0.43850295796058,1,"#e06a5d"
3.66983680074436e-06,1,0.999999988273313,0.43850295796058,1,"#e06a5d"
3.66983680074436e-06,1,0.999999988273313,0.43850295796058,1,"#e06a5d"
3.66983680074436e-06,0.666666666666667,0.999999988273313,0.43850295796058,1,"black"
3.71016467767561e-06,1,0.99999999093653,0.438502960296238,1,"#e06a5d"
3.71016467767561e-06,1,0.99999999093653,0.438502960296238,1,"#e06a5d"
3.71016467767561e-06,1,0.99999999093653,0.438502960296238,1,"#e06a5d"
3.71016467767561e-06,1,0.99999999093653,0.438502960296238,1,"#e06a5d"
3.71016467767561e-06,1,0.99999999093653,0.438502960296238,1,"#e06a5d"
3.71016467767561e-06,1,0.99999999093653,0.438502960296238,1,"#e06a5d"
3.71016467767561e-06,1,0.99999999093653,0.438502960296238,1,"#e06a5d"
3.71016467767561e-06,1,0.99999999093653,0.438502960296238,1,"#e06a5d"
3.71016467767561e-06,0.666666666666667,0.99999999093653,0.438502960296238,1,"black"
3.71016467767561e-06,1,0.99999999093653,0.438502960296238,1,"#e06a5d"
3.71016467767561e-06,1,0.99999999093653,0.438502960296238,1,"#e06a5d"
3.71016467767561e-06,1,0.99999999093653,0.438502960296238,1,"#e06a5d"
3.71016467767561e-06,0.333333333333333,0.99999999093653,0.438502960296238,1,"#00a4ac"
3.71016467767561e-06,1,0.99999999093653,0.438502960296238,1,"#e06a5d"
3.71016467767561e-06,1,0.99999999093653,0.438502960296238,1,"#e06a5d"
3.71016467767561e-06,1,0.99999999093653,0.438502960296238,1,"#e06a5d"
3.71016467767561e-06,1,0.99999999093653,0.438502960296238,1,"#e06a5d"
3.75049255460687e-06,1,0.999999993000093,0.438502962105995,1,"#e06a5d"
3.75049255460687e-06,1,0.999999993000093,0.438502962105995,1,"#e06a5d"
3.75049255460687e-06,1,0.999999993000093,0.438502962105995,1,"#e06a5d"
3.75049255460687e-06,1,0.999999993000093,0.438502962105995,1,"#e06a5d"
3.75049255460687e-06,1,0.999999993000093,0.438502962105995,1,"#e06a5d"
3.75049255460687e-06,1,0.999999993000093,0.438502962105995,1,"#e06a5d"
3.75049255460687e-06,1,0.999999993000093,0.438502962105995,1,"#e06a5d"
3.75049255460687e-06,1,0.999999993000093,0.438502962105995,1,"#e06a5d"
3.75049255460687e-06,1,0.999999993000093,0.438502962105995,1,"#e06a5d"
3.75049255460687e-06,1,0.999999993000093,0.438502962105995,1,"#e06a5d"
3.75049255460687e-06,1,0.999999993000093,0.438502962105995,1,"#e06a5d"
3.75049255460687e-06,1,0.999999993000093,0.438502962105995,1,"#e06a5d"
3.79082043153813e-06,1,0.999999994597786,0.438502963507181,1,"#e06a5d"
3.79082043153813e-06,1,0.999999994597786,0.438502963507181,1,"#e06a5d"
3.79082043153813e-06,1,0.999999994597786,0.438502963507181,1,"#e06a5d"
3.79082043153813e-06,0.333333333333333,0.999999994597786,0.438502963507181,1,"#00a4ac"
3.79082043153813e-06,1,0.999999994597786,0.438502963507181,1,"#e06a5d"
3.79082043153813e-06,1,0.999999994597786,0.438502963507181,1,"#e06a5d"
3.79082043153813e-06,1,0.999999994597786,0.438502963507181,1,"#e06a5d"
3.79082043153813e-06,1,0.999999994597786,0.438502963507181,1,"#e06a5d"
3.79082043153813e-06,0.333333333333333,0.999999994597786,0.438502963507181,1,"#00a4ac"
3.79082043153813e-06,1,0.999999994597786,0.438502963507181,1,"#e06a5d"
3.79082043153813e-06,0.333333333333333,0.999999994597786,0.438502963507181,1,"#00a4ac"
3.83114830846938e-06,1,0.999999995833838,0.438502964591206,1,"#e06a5d"
3.83114830846938e-06,1,0.999999995833838,0.438502964591206,1,"#e06a5d"
3.83114830846938e-06,1,0.999999995833838,0.438502964591206,1,"#e06a5d"
3.83114830846938e-06,0.333333333333333,0.999999995833838,0.438502964591206,1,"#00a4ac"
3.83114830846938e-06,1,0.999999995833838,0.438502964591206,1,"#e06a5d"
3.83114830846938e-06,1,0.999999995833838,0.438502964591206,1,"#e06a5d"
3.83114830846938e-06,1,0.999999995833838,0.438502964591206,1,"#e06a5d"
3.83114830846938e-06,1,0.999999995833838,0.438502964591206,1,"#e06a5d"
3.83114830846938e-06,1,0.999999995833838,0.438502964591206,1,"#e06a5d"
3.83114830846938e-06,1,0.999999995833838,0.438502964591206,1,"#e06a5d"
3.83114830846938e-06,1,0.999999995833838,0.438502964591206,1,"#e06a5d"
3.83114830846938e-06,1,0.999999995833838,0.438502964591206,1,"#e06a5d"
3.83114830846938e-06,1,0.999999995833838,0.438502964591206,1,"#e06a5d"
3.83114830846938e-06,1,0.999999995833838,0.438502964591206,1,"#e06a5d"
3.87147618540064e-06,1,0.999999996789384,0.438502965429225,1,"#e06a5d"
3.87147618540064e-06,1,0.999999996789384,0.438502965429225,1,"#e06a5d"
3.87147618540064e-06,1,0.999999996789384,0.438502965429225,1,"#e06a5d"
3.87147618540064e-06,1,0.999999996789384,0.438502965429225,1,"#e06a5d"
3.87147618540064e-06,0.666666666666667,0.999999996789384,0.438502965429225,1,"black"
3.87147618540064e-06,1,0.999999996789384,0.438502965429225,1,"#e06a5d"
3.87147618540064e-06,1,0.999999996789384,0.438502965429225,1,"#e06a5d"
3.87147618540064e-06,1,0.999999996789384,0.438502965429225,1,"#e06a5d"
3.87147618540064e-06,1,0.999999996789384,0.438502965429225,1,"#e06a5d"
3.87147618540064e-06,1,0.999999996789384,0.438502965429225,1,"#e06a5d"
3.87147618540064e-06,1,0.999999996789384,0.438502965429225,1,"#e06a5d"
3.87147618540064e-06,1,0.999999996789384,0.438502965429225,1,"#e06a5d"
3.9118040623319e-06,1,0.999999997527527,0.438502966076581,1,"#e06a5d"
3.9118040623319e-06,0.666666666666667,0.999999997527527,0.438502966076581,1,"black"
3.9118040623319e-06,1,0.999999997527527,0.438502966076581,1,"#e06a5d"
3.9118040623319e-06,1,0.999999997527527,0.438502966076581,1,"#e06a5d"
3.9118040623319e-06,1,0.999999997527527,0.438502966076581,1,"#e06a5d"
3.9118040623319e-06,1,0.999999997527527,0.438502966076581,1,"#e06a5d"
3.9118040623319e-06,1,0.999999997527527,0.438502966076581,1,"#e06a5d"
3.9118040623319e-06,1,0.999999997527527,0.438502966076581,1,"#e06a5d"
3.9118040623319e-06,1,0.999999997527527,0.438502966076581,1,"#e06a5d"
3.9118040623319e-06,0.333333333333333,0.999999997527527,0.438502966076581,1,"#00a4ac"
3.9118040623319e-06,0.333333333333333,0.999999997527527,0.438502966076581,1,"#00a4ac"
3.9118040623319e-06,1,0.999999997527527,0.438502966076581,1,"#e06a5d"
3.9118040623319e-06,1,0.999999997527527,0.438502966076581,1,"#e06a5d"
3.9118040623319e-06,1,0.999999997527527,0.438502966076581,1,"#e06a5d"
3.9118040623319e-06,1,0.999999997527527,0.438502966076581,1,"#e06a5d"
3.9118040623319e-06,1,0.999999997527527,0.438502966076581,1,"#e06a5d"
3.9118040623319e-06,1,0.999999997527527,0.438502966076581,1,"#e06a5d"
3.95213193926315e-06,1,0.999999998097307,0.438502966576282,1,"#e06a5d"
3.95213193926315e-06,1,0.999999998097307,0.438502966576282,1,"#e06a5d"
3.95213193926315e-06,1,0.999999998097307,0.438502966576282,1,"#e06a5d"
3.95213193926315e-06,1,0.999999998097307,0.438502966576282,1,"#e06a5d"
3.95213193926315e-06,1,0.999999998097307,0.438502966576282,1,"#e06a5d"
3.95213193926315e-06,1,0.999999998097307,0.438502966576282,1,"#e06a5d"
3.95213193926315e-06,1,0.999999998097307,0.438502966576282,1,"#e06a5d"
3.95213193926315e-06,1,0.999999998097307,0.438502966576282,1,"#e06a5d"
3.95213193926315e-06,1,0.999999998097307,0.438502966576282,1,"#e06a5d"
3.99245981619441e-06,1,0.999999998536804,0.438502966961723,1,"#e06a5d"
3.99245981619441e-06,1,0.999999998536804,0.438502966961723,1,"#e06a5d"
3.99245981619441e-06,1,0.999999998536804,0.438502966961723,1,"#e06a5d"
3.99245981619441e-06,1,0.999999998536804,0.438502966961723,1,"#e06a5d"
3.99245981619441e-06,1,0.999999998536804,0.438502966961723,1,"#e06a5d"
3.99245981619441e-06,0.333333333333333,0.999999998536804,0.438502966961723,1,"#00a4ac"
3.99245981619441e-06,1,0.999999998536804,0.438502966961723,1,"#e06a5d"
3.99245981619441e-06,1,0.999999998536804,0.438502966961723,1,"#e06a5d"
3.99245981619441e-06,1,0.999999998536804,0.438502966961723,1,"#e06a5d"
3.99245981619441e-06,1,0.999999998536804,0.438502966961723,1,"#e06a5d"
3.99245981619441e-06,1,0.999999998536804,0.438502966961723,1,"#e06a5d"
3.99245981619441e-06,1,0.999999998536804,0.438502966961723,1,"#e06a5d"
3.99245981619441e-06,0.333333333333333,0.999999998536804,0.438502966961723,1,"#00a4ac"
3.99245981619441e-06,1,0.999999998536804,0.438502966961723,1,"#e06a5d"
3.99245981619441e-06,0.666666666666667,0.999999998536804,0.438502966961723,1,"black"
4.03278769312567e-06,1,0.999999998875561,0.438502967258815,1,"#e06a5d"
4.03278769312567e-06,1,0.999999998875561,0.438502967258815,1,"#e06a5d"
4.03278769312567e-06,1,0.999999998875561,0.438502967258815,1,"#e06a5d"
4.03278769312567e-06,1,0.999999998875561,0.438502967258815,1,"#e06a5d"
4.03278769312567e-06,0.666666666666667,0.999999998875561,0.438502967258815,1,"black"
4.03278769312567e-06,1,0.999999998875561,0.438502967258815,1,"#e06a5d"
4.03278769312567e-06,0.333333333333333,0.999999998875561,0.438502967258815,1,"#00a4ac"
4.03278769312567e-06,1,0.999999998875561,0.438502967258815,1,"#e06a5d"
4.03278769312567e-06,0.666666666666667,0.999999998875561,0.438502967258815,1,"black"
4.03278769312567e-06,1,0.999999998875561,0.438502967258815,1,"#e06a5d"
4.03278769312567e-06,1,0.999999998875561,0.438502967258815,1,"#e06a5d"
4.03278769312567e-06,1,0.999999998875561,0.438502967258815,1,"#e06a5d"
4.03278769312567e-06,1,0.999999998875561,0.438502967258815,1,"#e06a5d"
4.03278769312567e-06,1,0.999999998875561,0.438502967258815,1,"#e06a5d"
4.03278769312567e-06,1,0.999999998875561,0.438502967258815,1,"#e06a5d"
4.03278769312567e-06,1,0.999999998875561,0.438502967258815,1,"#e06a5d"
4.07311557005692e-06,1,0.999999999136482,0.438502967487644,1,"#e06a5d"
4.07311557005692e-06,1,0.999999999136482,0.438502967487644,1,"#e06a5d"
4.07311557005692e-06,1,0.999999999136482,0.438502967487644,1,"#e06a5d"
4.07311557005692e-06,1,0.999999999136482,0.438502967487644,1,"#e06a5d"
4.07311557005692e-06,1,0.999999999136482,0.438502967487644,1,"#e06a5d"
4.07311557005692e-06,0.666666666666667,0.999999999136482,0.438502967487644,1,"black"
4.07311557005692e-06,1,0.999999999136482,0.438502967487644,1,"#e06a5d"
4.07311557005692e-06,0.666666666666667,0.999999999136482,0.438502967487644,1,"black"
4.07311557005692e-06,1,0.999999999136482,0.438502967487644,1,"#e06a5d"
4.07311557005692e-06,1,0.999999999136482,0.438502967487644,1,"#e06a5d"
4.07311557005692e-06,1,0.999999999136482,0.438502967487644,1,"#e06a5d"
4.07311557005692e-06,1,0.999999999136482,0.438502967487644,1,"#e06a5d"
4.07311557005692e-06,1,0.999999999136482,0.438502967487644,1,"#e06a5d"
4.07311557005692e-06,1,0.999999999136482,0.438502967487644,1,"#e06a5d"
4.07311557005692e-06,1,0.999999999136482,0.438502967487644,1,"#e06a5d"
4.11344344698818e-06,1,0.999999999337307,0.438502967663769,1,"#e06a5d"
4.11344344698818e-06,1,0.999999999337307,0.438502967663769,1,"#e06a5d"
4.11344344698818e-06,1,0.999999999337307,0.438502967663769,1,"#e06a5d"
4.11344344698818e-06,1,0.999999999337307,0.438502967663769,1,"#e06a5d"
4.11344344698818e-06,1,0.999999999337307,0.438502967663769,1,"#e06a5d"
4.11344344698818e-06,1,0.999999999337307,0.438502967663769,1,"#e06a5d"
4.11344344698818e-06,1,0.999999999337307,0.438502967663769,1,"#e06a5d"
4.11344344698818e-06,0.666666666666667,0.999999999337307,0.438502967663769,1,"black"
4.11344344698818e-06,1,0.999999999337307,0.438502967663769,1,"#e06a5d"
4.11344344698818e-06,1,0.999999999337307,0.438502967663769,1,"#e06a5d"
4.11344344698818e-06,1,0.999999999337307,0.438502967663769,1,"#e06a5d"
4.11344344698818e-06,0.666666666666667,0.999999999337307,0.438502967663769,1,"black"
4.11344344698818e-06,1,0.999999999337307,0.438502967663769,1,"#e06a5d"
4.11344344698818e-06,1,0.999999999337307,0.438502967663769,1,"#e06a5d"
4.11344344698818e-06,1,0.999999999337307,0.438502967663769,1,"#e06a5d"
4.11344344698818e-06,1,0.999999999337307,0.438502967663769,1,"#e06a5d"
4.11344344698818e-06,1,0.999999999337307,0.438502967663769,1,"#e06a5d"
4.11344344698818e-06,1,0.999999999337307,0.438502967663769,1,"#e06a5d"
4.15377132391944e-06,1,0.99999999949177,0.438502967799234,1,"#e06a5d"
4.15377132391944e-06,1,0.99999999949177,0.438502967799234,1,"#e06a5d"
4.15377132391944e-06,1,0.99999999949177,0.438502967799234,1,"#e06a5d"
4.15377132391944e-06,0.333333333333333,0.99999999949177,0.438502967799234,1,"#00a4ac"
4.15377132391944e-06,1,0.99999999949177,0.438502967799234,1,"#e06a5d"
4.15377132391944e-06,0.333333333333333,0.99999999949177,0.438502967799234,1,"#00a4ac"
4.15377132391944e-06,1,0.99999999949177,0.438502967799234,1,"#e06a5d"
4.15377132391944e-06,1,0.99999999949177,0.438502967799234,1,"#e06a5d"
4.15377132391944e-06,1,0.99999999949177,0.438502967799234,1,"#e06a5d"
4.15377132391944e-06,1,0.99999999949177,0.438502967799234,1,"#e06a5d"
4.15377132391944e-06,1,0.99999999949177,0.438502967799234,1,"#e06a5d"
4.15377132391944e-06,1,0.99999999949177,0.438502967799234,1,"#e06a5d"
4.19409920085069e-06,1,0.999999999610489,0.438502967903351,1,"#e06a5d"
4.19409920085069e-06,1,0.999999999610489,0.438502967903351,1,"#e06a5d"
4.19409920085069e-06,1,0.999999999610489,0.438502967903351,1,"#e06a5d"
4.19409920085069e-06,1,0.999999999610489,0.438502967903351,1,"#e06a5d"
4.19409920085069e-06,1,0.999999999610489,0.438502967903351,1,"#e06a5d"
4.19409920085069e-06,1,0.999999999610489,0.438502967903351,1,"#e06a5d"
4.19409920085069e-06,1,0.999999999610489,0.438502967903351,1,"#e06a5d"
4.19409920085069e-06,1,0.999999999610489,0.438502967903351,1,"#e06a5d"
4.19409920085069e-06,1,0.999999999610489,0.438502967903351,1,"#e06a5d"
4.19409920085069e-06,1,0.999999999610489,0.438502967903351,1,"#e06a5d"
4.19409920085069e-06,1,0.999999999610489,0.438502967903351,1,"#e06a5d"
4.19409920085069e-06,1,0.999999999610489,0.438502967903351,1,"#e06a5d"
4.19409920085069e-06,1,0.999999999610489,0.438502967903351,1,"#e06a5d"
4.19409920085069e-06,1,0.999999999610489,0.438502967903351,1,"#e06a5d"
4.19409920085069e-06,1,0.999999999610489,0.438502967903351,1,"#e06a5d"
4.19409920085069e-06,1,0.999999999610489,0.438502967903351,1,"#e06a5d"
4.23442707778195e-06,1,0.999999999701674,0.438502967983321,1,"#e06a5d"
4.23442707778195e-06,1,0.999999999701674,0.438502967983321,1,"#e06a5d"
4.23442707778195e-06,1,0.999999999701674,0.438502967983321,1,"#e06a5d"
4.23442707778195e-06,1,0.999999999701674,0.438502967983321,1,"#e06a5d"
4.23442707778195e-06,1,0.999999999701674,0.438502967983321,1,"#e06a5d"
4.23442707778195e-06,1,0.999999999701674,0.438502967983321,1,"#e06a5d"
4.23442707778195e-06,1,0.999999999701674,0.438502967983321,1,"#e06a5d"
4.23442707778195e-06,1,0.999999999701674,0.438502967983321,1,"#e06a5d"
4.23442707778195e-06,1,0.999999999701674,0.438502967983321,1,"#e06a5d"
4.23442707778195e-06,1,0.999999999701674,0.438502967983321,1,"#e06a5d"
4.23442707778195e-06,1,0.999999999701674,0.438502967983321,1,"#e06a5d"
4.23442707778195e-06,0.666666666666667,0.999999999701674,0.438502967983321,1,"black"
4.23442707778195e-06,1,0.999999999701674,0.438502967983321,1,"#e06a5d"
4.23442707778195e-06,1,0.999999999701674,0.438502967983321,1,"#e06a5d"
4.23442707778195e-06,1,0.999999999701674,0.438502967983321,1,"#e06a5d"
4.27475495471321e-06,1,0.999999999771662,0.438502968044701,1,"#e06a5d"
4.27475495471321e-06,1,0.999999999771662,0.438502968044701,1,"#e06a5d"
4.27475495471321e-06,1,0.999999999771662,0.438502968044701,1,"#e06a5d"
4.27475495471321e-06,1,0.999999999771662,0.438502968044701,1,"#e06a5d"
4.27475495471321e-06,1,0.999999999771662,0.438502968044701,1,"#e06a5d"
4.27475495471321e-06,1,0.999999999771662,0.438502968044701,1,"#e06a5d"
4.27475495471321e-06,1,0.999999999771662,0.438502968044701,1,"#e06a5d"
4.27475495471321e-06,1,0.999999999771662,0.438502968044701,1,"#e06a5d"
4.27475495471321e-06,1,0.999999999771662,0.438502968044701,1,"#e06a5d"
4.27475495471321e-06,1,0.999999999771662,0.438502968044701,1,"#e06a5d"
4.27475495471321e-06,0.333333333333333,0.999999999771662,0.438502968044701,1,"#00a4ac"
4.27475495471321e-06,1,0.999999999771662,0.438502968044701,1,"#e06a5d"
4.27475495471321e-06,1,0.999999999771662,0.438502968044701,1,"#e06a5d"
4.27475495471321e-06,1,0.999999999771662,0.438502968044701,1,"#e06a5d"
4.27475495471321e-06,1,0.999999999771662,0.438502968044701,1,"#e06a5d"
4.27475495471321e-06,1,0.999999999771662,0.438502968044701,1,"#e06a5d"
4.27475495471321e-06,1,0.999999999771662,0.438502968044701,1,"#e06a5d"
4.31508283164446e-06,1,0.999999999825344,0.43850296809178,1,"#e06a5d"
4.31508283164446e-06,1,0.999999999825344,0.43850296809178,1,"#e06a5d"
4.31508283164446e-06,1,0.999999999825344,0.43850296809178,1,"#e06a5d"
4.31508283164446e-06,1,0.999999999825344,0.43850296809178,1,"#e06a5d"
4.31508283164446e-06,1,0.999999999825344,0.43850296809178,1,"#e06a5d"
4.31508283164446e-06,1,0.999999999825344,0.43850296809178,1,"#e06a5d"
4.31508283164446e-06,1,0.999999999825344,0.43850296809178,1,"#e06a5d"
4.31508283164446e-06,0.333333333333333,0.999999999825344,0.43850296809178,1,"#00a4ac"
4.31508283164446e-06,1,0.999999999825344,0.43850296809178,1,"#e06a5d"
4.31508283164446e-06,1,0.999999999825344,0.43850296809178,1,"#e06a5d"
4.31508283164446e-06,1,0.999999999825344,0.43850296809178,1,"#e06a5d"
4.31508283164446e-06,1,0.999999999825344,0.43850296809178,1,"#e06a5d"
4.31508283164446e-06,1,0.999999999825344,0.43850296809178,1,"#e06a5d"
4.31508283164446e-06,1,0.999999999825344,0.43850296809178,1,"#e06a5d"
4.31508283164446e-06,1,0.999999999825344,0.43850296809178,1,"#e06a5d"
4.31508283164446e-06,1,0.999999999825344,0.43850296809178,1,"#e06a5d"
4.31508283164446e-06,1,0.999999999825344,0.43850296809178,1,"#e06a5d"
4.31508283164446e-06,1,0.999999999825344,0.43850296809178,1,"#e06a5d"
4.31508283164446e-06,1,0.999999999825344,0.43850296809178,1,"#e06a5d"
4.35541070857572e-06,1,0.999999999866492,0.438502968127867,1,"#e06a5d"
4.35541070857572e-06,1,0.999999999866492,0.438502968127867,1,"#e06a5d"
4.35541070857572e-06,1,0.999999999866492,0.438502968127867,1,"#e06a5d"
4.35541070857572e-06,1,0.999999999866492,0.438502968127867,1,"#e06a5d"
4.35541070857572e-06,1,0.999999999866492,0.438502968127867,1,"#e06a5d"
4.35541070857572e-06,1,0.999999999866492,0.438502968127867,1,"#e06a5d"
4.35541070857572e-06,1,0.999999999866492,0.438502968127867,1,"#e06a5d"
4.35541070857572e-06,1,0.999999999866492,0.438502968127867,1,"#e06a5d"
4.35541070857572e-06,1,0.999999999866492,0.438502968127867,1,"#e06a5d"
4.35541070857572e-06,1,0.999999999866492,0.438502968127867,1,"#e06a5d"
4.35541070857572e-06,1,0.999999999866492,0.438502968127867,1,"#e06a5d"
4.35541070857572e-06,1,0.999999999866492,0.438502968127867,1,"#e06a5d"
4.39573858550698e-06,1,0.99999999989801,0.438502968155509,1,"#e06a5d"
4.39573858550698e-06,1,0.99999999989801,0.438502968155509,1,"#e06a5d"
4.39573858550698e-06,1,0.99999999989801,0.438502968155509,1,"#e06a5d"
4.39573858550698e-06,1,0.99999999989801,0.438502968155509,1,"#e06a5d"
4.39573858550698e-06,0.333333333333333,0.99999999989801,0.438502968155509,1,"#00a4ac"
4.39573858550698e-06,0.333333333333333,0.99999999989801,0.438502968155509,1,"#00a4ac"
4.39573858550698e-06,1,0.99999999989801,0.438502968155509,1,"#e06a5d"
4.39573858550698e-06,1,0.99999999989801,0.438502968155509,1,"#e06a5d"
4.39573858550698e-06,1,0.99999999989801,0.438502968155509,1,"#e06a5d"
4.39573858550698e-06,1,0.99999999989801,0.438502968155509,1,"#e06a5d"
4.39573858550698e-06,1,0.99999999989801,0.438502968155509,1,"#e06a5d"
4.39573858550698e-06,1,0.99999999989801,0.438502968155509,1,"#e06a5d"
4.39573858550698e-06,1,0.99999999989801,0.438502968155509,1,"#e06a5d"
4.39573858550698e-06,1,0.99999999989801,0.438502968155509,1,"#e06a5d"
4.39573858550698e-06,1,0.99999999989801,0.438502968155509,1,"#e06a5d"
4.39573858550698e-06,1,0.99999999989801,0.438502968155509,1,"#e06a5d"
4.39573858550698e-06,1,0.99999999989801,0.438502968155509,1,"#e06a5d"
4.39573858550698e-06,1,0.99999999989801,0.438502968155509,1,"#e06a5d"
4.43606646243823e-06,1,0.999999999922137,0.438502968176668,1,"#e06a5d"
4.43606646243823e-06,1,0.999999999922137,0.438502968176668,1,"#e06a5d"
4.43606646243823e-06,1,0.999999999922137,0.438502968176668,1,"#e06a5d"
4.43606646243823e-06,1,0.999999999922137,0.438502968176668,1,"#e06a5d"
4.43606646243823e-06,1,0.999999999922137,0.438502968176668,1,"#e06a5d"
4.43606646243823e-06,1,0.999999999922137,0.438502968176668,1,"#e06a5d"
4.43606646243823e-06,1,0.999999999922137,0.438502968176668,1,"#e06a5d"
4.43606646243823e-06,1,0.999999999922137,0.438502968176668,1,"#e06a5d"
4.43606646243823e-06,1,0.999999999922137,0.438502968176668,1,"#e06a5d"
4.43606646243823e-06,1,0.999999999922137,0.438502968176668,1,"#e06a5d"
4.43606646243823e-06,1,0.999999999922137,0.438502968176668,1,"#e06a5d"
4.43606646243823e-06,1,0.999999999922137,0.438502968176668,1,"#e06a5d"
4.43606646243823e-06,1,0.999999999922137,0.438502968176668,1,"#e06a5d"
4.43606646243823e-06,1,0.999999999922137,0.438502968176668,1,"#e06a5d"
4.43606646243823e-06,1,0.999999999922137,0.438502968176668,1,"#e06a5d"
4.47639433936949e-06,1,0.999999999940594,0.438502968192855,1,"#e06a5d"
4.47639433936949e-06,1,0.999999999940594,0.438502968192855,1,"#e06a5d"
4.47639433936949e-06,1,0.999999999940594,0.438502968192855,1,"#e06a5d"
4.47639433936949e-06,1,0.999999999940594,0.438502968192855,1,"#e06a5d"
4.47639433936949e-06,1,0.999999999940594,0.438502968192855,1,"#e06a5d"
4.47639433936949e-06,1,0.999999999940594,0.438502968192855,1,"#e06a5d"
4.47639433936949e-06,1,0.999999999940594,0.438502968192855,1,"#e06a5d"
4.47639433936949e-06,0.333333333333333,0.999999999940594,0.438502968192855,1,"#00a4ac"
4.47639433936949e-06,1,0.999999999940594,0.438502968192855,1,"#e06a5d"
4.47639433936949e-06,0.333333333333333,0.999999999940594,0.438502968192855,1,"#00a4ac"
4.47639433936949e-06,1,0.999999999940594,0.438502968192855,1,"#e06a5d"
4.47639433936949e-06,1,0.999999999940594,0.438502968192855,1,"#e06a5d"
4.47639433936949e-06,1,0.999999999940594,0.438502968192855,1,"#e06a5d"
4.47639433936949e-06,1,0.999999999940594,0.438502968192855,1,"#e06a5d"
4.47639433936949e-06,1,0.999999999940594,0.438502968192855,1,"#e06a5d"
4.47639433936949e-06,1,0.999999999940594,0.438502968192855,1,"#e06a5d"
4.47639433936949e-06,1,0.999999999940594,0.438502968192855,1,"#e06a5d"
4.51672221630075e-06,1,0.999999999954704,0.438502968205229,1,"#e06a5d"
4.51672221630075e-06,1,0.999999999954704,0.438502968205229,1,"#e06a5d"
4.51672221630075e-06,1,0.999999999954704,0.438502968205229,1,"#e06a5d"
4.51672221630075e-06,1,0.999999999954704,0.438502968205229,1,"#e06a5d"
4.51672221630075e-06,1,0.999999999954704,0.438502968205229,1,"#e06a5d"
4.51672221630075e-06,1,0.999999999954704,0.438502968205229,1,"#e06a5d"
4.51672221630075e-06,1,0.999999999954704,0.438502968205229,1,"#e06a5d"
4.51672221630075e-06,1,0.999999999954704,0.438502968205229,1,"#e06a5d"
4.51672221630075e-06,1,0.999999999954704,0.438502968205229,1,"#e06a5d"
4.51672221630075e-06,1,0.999999999954704,0.438502968205229,1,"#e06a5d"
4.51672221630075e-06,1,0.999999999954704,0.438502968205229,1,"#e06a5d"
4.51672221630075e-06,1,0.999999999954704,0.438502968205229,1,"#e06a5d"
4.51672221630075e-06,1,0.999999999954704,0.438502968205229,1,"#e06a5d"
4.51672221630075e-06,1,0.999999999954704,0.438502968205229,1,"#e06a5d"
4.557050093232e-06,1,0.999999999965484,0.438502968214683,1,"#e06a5d"
4.557050093232e-06,1,0.999999999965484,0.438502968214683,1,"#e06a5d"
4.557050093232e-06,1,0.999999999965484,0.438502968214683,1,"#e06a5d"
4.557050093232e-06,1,0.999999999965484,0.438502968214683,1,"#e06a5d"
4.557050093232e-06,1,0.999999999965484,0.438502968214683,1,"#e06a5d"
4.557050093232e-06,1,0.999999999965484,0.438502968214683,1,"#e06a5d"
4.557050093232e-06,1,0.999999999965484,0.438502968214683,1,"#e06a5d"
4.557050093232e-06,1,0.999999999965484,0.438502968214683,1,"#e06a5d"
4.557050093232e-06,1,0.999999999965484,0.438502968214683,1,"#e06a5d"
4.557050093232e-06,1,0.999999999965484,0.438502968214683,1,"#e06a5d"
4.557050093232e-06,1,0.999999999965484,0.438502968214683,1,"#e06a5d"
4.557050093232e-06,1,0.999999999965484,0.438502968214683,1,"#e06a5d"
4.557050093232e-06,1,0.999999999965484,0.438502968214683,1,"#e06a5d"
4.557050093232e-06,1,0.999999999965484,0.438502968214683,1,"#e06a5d"
4.59737797016326e-06,1,0.999999999973714,0.438502968221902,1,"#e06a5d"
4.59737797016326e-06,1,0.999999999973714,0.438502968221902,1,"#e06a5d"
4.59737797016326e-06,1,0.999999999973714,0.438502968221902,1,"#e06a5d"
4.59737797016326e-06,1,0.999999999973714,0.438502968221902,1,"#e06a5d"
4.59737797016326e-06,1,0.999999999973714,0.438502968221902,1,"#e06a5d"
4.59737797016326e-06,1,0.999999999973714,0.438502968221902,1,"#e06a5d"
4.59737797016326e-06,1,0.999999999973714,0.438502968221902,1,"#e06a5d"
4.59737797016326e-06,1,0.999999999973714,0.438502968221902,1,"#e06a5d"
4.59737797016326e-06,1,0.999999999973714,0.438502968221902,1,"#e06a5d"
4.59737797016326e-06,1,0.999999999973714,0.438502968221902,1,"#e06a5d"
4.59737797016326e-06,1,0.999999999973714,0.438502968221902,1,"#e06a5d"
4.59737797016326e-06,1,0.999999999973714,0.438502968221902,1,"#e06a5d"
4.63770584709452e-06,1,0.999999999979994,0.438502968227409,1,"#e06a5d"
4.63770584709452e-06,1,0.999999999979994,0.438502968227409,1,"#e06a5d"
4.63770584709452e-06,1,0.999999999979994,0.438502968227409,1,"#e06a5d"
4.63770584709452e-06,1,0.999999999979994,0.438502968227409,1,"#e06a5d"
4.63770584709452e-06,1,0.999999999979994,0.438502968227409,1,"#e06a5d"
4.63770584709452e-06,1,0.999999999979994,0.438502968227409,1,"#e06a5d"
4.63770584709452e-06,1,0.999999999979994,0.438502968227409,1,"#e06a5d"
4.63770584709452e-06,1,0.999999999979994,0.438502968227409,1,"#e06a5d"
4.63770584709452e-06,1,0.999999999979994,0.438502968227409,1,"#e06a5d"
4.63770584709452e-06,1,0.999999999979994,0.438502968227409,1,"#e06a5d"
4.63770584709452e-06,1,0.999999999979994,0.438502968227409,1,"#e06a5d"
4.63770584709452e-06,0.666666666666667,0.999999999979994,0.438502968227409,1,"black"
4.63770584709452e-06,1,0.999999999979994,0.438502968227409,1,"#e06a5d"
4.63770584709452e-06,1,0.999999999979994,0.438502968227409,1,"#e06a5d"
4.63770584709452e-06,1,0.999999999979994,0.438502968227409,1,"#e06a5d"
4.67803372402577e-06,1,0.999999999984783,0.438502968231609,1,"#e06a5d"
4.67803372402577e-06,1,0.999999999984783,0.438502968231609,1,"#e06a5d"
4.67803372402577e-06,1,0.999999999984783,0.438502968231609,1,"#e06a5d"
4.67803372402577e-06,1,0.999999999984783,0.438502968231609,1,"#e06a5d"
4.67803372402577e-06,1,0.999999999984783,0.438502968231609,1,"#e06a5d"
4.67803372402577e-06,1,0.999999999984783,0.438502968231609,1,"#e06a5d"
4.67803372402577e-06,1,0.999999999984783,0.438502968231609,1,"#e06a5d"
4.67803372402577e-06,1,0.999999999984783,0.438502968231609,1,"#e06a5d"
4.67803372402577e-06,1,0.999999999984783,0.438502968231609,1,"#e06a5d"
4.67803372402577e-06,1,0.999999999984783,0.438502968231609,1,"#e06a5d"
4.67803372402577e-06,1,0.999999999984783,0.438502968231609,1,"#e06a5d"
4.71836160095703e-06,1,0.999999999988432,0.43850296823481,1,"#e06a5d"
4.71836160095703e-06,1,0.999999999988432,0.43850296823481,1,"#e06a5d"
4.71836160095703e-06,1,0.999999999988432,0.43850296823481,1,"#e06a5d"
4.71836160095703e-06,1,0.999999999988432,0.43850296823481,1,"#e06a5d"
4.71836160095703e-06,1,0.999999999988432,0.43850296823481,1,"#e06a5d"
4.71836160095703e-06,1,0.999999999988432,0.43850296823481,1,"#e06a5d"
4.71836160095703e-06,1,0.999999999988432,0.43850296823481,1,"#e06a5d"
4.71836160095703e-06,1,0.999999999988432,0.43850296823481,1,"#e06a5d"
4.71836160095703e-06,1,0.999999999988432,0.43850296823481,1,"#e06a5d"
4.71836160095703e-06,1,0.999999999988432,0.43850296823481,1,"#e06a5d"
4.75868947788829e-06,1,0.999999999991212,0.438502968237247,1,"#e06a5d"
4.75868947788829e-06,1,0.999999999991212,0.438502968237247,1,"#e06a5d"
4.75868947788829e-06,1,0.999999999991212,0.438502968237247,1,"#e06a5d"
4.75868947788829e-06,1,0.999999999991212,0.438502968237247,1,"#e06a5d"
4.75868947788829e-06,1,0.999999999991212,0.438502968237247,1,"#e06a5d"
4.75868947788829e-06,1,0.999999999991212,0.438502968237247,1,"#e06a5d"
4.75868947788829e-06,1,0.999999999991212,0.438502968237247,1,"#e06a5d"
4.75868947788829e-06,1,0.999999999991212,0.438502968237247,1,"#e06a5d"
4.79901735481954e-06,1,0.999999999993327,0.438502968239103,1,"#e06a5d"
4.79901735481954e-06,1,0.999999999993327,0.438502968239103,1,"#e06a5d"
4.79901735481954e-06,1,0.999999999993327,0.438502968239103,1,"#e06a5d"
4.79901735481954e-06,1,0.999999999993327,0.438502968239103,1,"#e06a5d"
4.79901735481954e-06,1,0.999999999993327,0.438502968239103,1,"#e06a5d"
4.79901735481954e-06,1,0.999999999993327,0.438502968239103,1,"#e06a5d"
4.79901735481954e-06,1,0.999999999993327,0.438502968239103,1,"#e06a5d"
4.79901735481954e-06,1,0.999999999993327,0.438502968239103,1,"#e06a5d"
4.79901735481954e-06,1,0.999999999993327,0.438502968239103,1,"#e06a5d"
4.79901735481954e-06,1,0.999999999993327,0.438502968239103,1,"#e06a5d"
4.8393452317508e-06,1,0.999999999994937,0.438502968240514,1,"#e06a5d"
4.8393452317508e-06,1,0.999999999994937,0.438502968240514,1,"#e06a5d"
4.8393452317508e-06,1,0.999999999994937,0.438502968240514,1,"#e06a5d"
4.8393452317508e-06,1,0.999999999994937,0.438502968240514,1,"#e06a5d"
4.8393452317508e-06,1,0.999999999994937,0.438502968240514,1,"#e06a5d"
4.8393452317508e-06,0.666666666666667,0.999999999994937,0.438502968240514,1,"black"
4.8393452317508e-06,1,0.999999999994937,0.438502968240514,1,"#e06a5d"
4.87967310868206e-06,1,0.99999999999616,0.438502968241587,1,"#e06a5d"
4.87967310868206e-06,1,0.99999999999616,0.438502968241587,1,"#e06a5d"
4.87967310868206e-06,1,0.99999999999616,0.438502968241587,1,"#e06a5d"
4.87967310868206e-06,1,0.99999999999616,0.438502968241587,1,"#e06a5d"
4.87967310868206e-06,1,0.99999999999616,0.438502968241587,1,"#e06a5d"
4.87967310868206e-06,1,0.99999999999616,0.438502968241587,1,"#e06a5d"
4.87967310868206e-06,1,0.99999999999616,0.438502968241587,1,"#e06a5d"
4.87967310868206e-06,1,0.99999999999616,0.438502968241587,1,"#e06a5d"
4.92000098561331e-06,1,0.999999999997089,0.438502968242402,1,"#e06a5d"
4.92000098561331e-06,1,0.999999999997089,0.438502968242402,1,"#e06a5d"
4.92000098561331e-06,1,0.999999999997089,0.438502968242402,1,"#e06a5d"
4.92000098561331e-06,1,0.999999999997089,0.438502968242402,1,"#e06a5d"
4.92000098561331e-06,1,0.999999999997089,0.438502968242402,1,"#e06a5d"
4.92000098561331e-06,1,0.999999999997089,0.438502968242402,1,"#e06a5d"
4.92000098561331e-06,1,0.999999999997089,0.438502968242402,1,"#e06a5d"
4.92000098561331e-06,1,0.999999999997089,0.438502968242402,1,"#e06a5d"
4.92000098561331e-06,1,0.999999999997089,0.438502968242402,1,"#e06a5d"
4.92000098561331e-06,1,0.999999999997089,0.438502968242402,1,"#e06a5d"
4.92000098561331e-06,1,0.999999999997089,0.438502968242402,1,"#e06a5d"
4.96032886254457e-06,1,0.999999999997795,0.438502968243021,1,"#e06a5d"
4.96032886254457e-06,1,0.999999999997795,0.438502968243021,1,"#e06a5d"
4.96032886254457e-06,1,0.999999999997795,0.438502968243021,1,"#e06a5d"
4.96032886254457e-06,1,0.999999999997795,0.438502968243021,1,"#e06a5d"
4.96032886254457e-06,1,0.999999999997795,0.438502968243021,1,"#e06a5d"
4.96032886254457e-06,1,0.999999999997795,0.438502968243021,1,"#e06a5d"
4.96032886254457e-06,1,0.999999999997795,0.438502968243021,1,"#e06a5d"
5.00065673947583e-06,1,0.999999999998331,0.438502968243491,1,"#e06a5d"
5.00065673947583e-06,1,0.999999999998331,0.438502968243491,1,"#e06a5d"
5.00065673947583e-06,0.666666666666667,0.999999999998331,0.438502968243491,1,"black"
5.00065673947583e-06,0.666666666666667,0.999999999998331,0.438502968243491,1,"black"
5.00065673947583e-06,1,0.999999999998331,0.438502968243491,1,"#e06a5d"
5.00065673947583e-06,1,0.999999999998331,0.438502968243491,1,"#e06a5d"
5.00065673947583e-06,1,0.999999999998331,0.438502968243491,1,"#e06a5d"
5.00065673947583e-06,1,0.999999999998331,0.438502968243491,1,"#e06a5d"
5.00065673947583e-06,1,0.999999999998331,0.438502968243491,1,"#e06a5d"
5.00065673947583e-06,1,0.999999999998331,0.438502968243491,1,"#e06a5d"
5.00065673947583e-06,1,0.999999999998331,0.438502968243491,1,"#e06a5d"
5.00065673947583e-06,1,0.999999999998331,0.438502968243491,1,"#e06a5d"
5.00065673947583e-06,1,0.999999999998331,0.438502968243491,1,"#e06a5d"
5.04098461640708e-06,1,0.999999999998737,0.438502968243847,1,"#e06a5d"
5.04098461640708e-06,1,0.999999999998737,0.438502968243847,1,"#e06a5d"
5.04098461640708e-06,1,0.999999999998737,0.438502968243847,1,"#e06a5d"
5.04098461640708e-06,1,0.999999999998737,0.438502968243847,1,"#e06a5d"
5.04098461640708e-06,1,0.999999999998737,0.438502968243847,1,"#e06a5d"
5.04098461640708e-06,1,0.999999999998737,0.438502968243847,1,"#e06a5d"
5.04098461640708e-06,1,0.999999999998737,0.438502968243847,1,"#e06a5d"
5.04098461640708e-06,1,0.999999999998737,0.438502968243847,1,"#e06a5d"
5.04098461640708e-06,1,0.999999999998737,0.438502968243847,1,"#e06a5d"
5.04098461640708e-06,1,0.999999999998737,0.438502968243847,1,"#e06a5d"
5.04098461640708e-06,1,0.999999999998737,0.438502968243847,1,"#e06a5d"
5.04098461640708e-06,1,0.999999999998737,0.438502968243847,1,"#e06a5d"
5.04098461640708e-06,1,0.999999999998737,0.438502968243847,1,"#e06a5d"
5.04098461640708e-06,1,0.999999999998737,0.438502968243847,1,"#e06a5d"
5.04098461640708e-06,1,0.999999999998737,0.438502968243847,1,"#e06a5d"
5.04098461640708e-06,1,0.999999999998737,0.438502968243847,1,"#e06a5d"
5.08131249333834e-06,1,0.999999999999045,0.438502968244117,1,"#e06a5d"
5.08131249333834e-06,1,0.999999999999045,0.438502968244117,1,"#e06a5d"
5.08131249333834e-06,1,0.999999999999045,0.438502968244117,1,"#e06a5d"
5.08131249333834e-06,1,0.999999999999045,0.438502968244117,1,"#e06a5d"
5.08131249333834e-06,1,0.999999999999045,0.438502968244117,1,"#e06a5d"
5.08131249333834e-06,1,0.999999999999045,0.438502968244117,1,"#e06a5d"
5.08131249333834e-06,1,0.999999999999045,0.438502968244117,1,"#e06a5d"
5.08131249333834e-06,1,0.999999999999045,0.438502968244117,1,"#e06a5d"
5.08131249333834e-06,1,0.999999999999045,0.438502968244117,1,"#e06a5d"
5.1216403702696e-06,1,0.999999999999278,0.438502968244321,1,"#e06a5d"
5.1216403702696e-06,1,0.999999999999278,0.438502968244321,1,"#e06a5d"
5.1216403702696e-06,1,0.999999999999278,0.438502968244321,1,"#e06a5d"
5.1216403702696e-06,1,0.999999999999278,0.438502968244321,1,"#e06a5d"
5.1216403702696e-06,1,0.999999999999278,0.438502968244321,1,"#e06a5d"
5.1216403702696e-06,1,0.999999999999278,0.438502968244321,1,"#e06a5d"
5.1216403702696e-06,1,0.999999999999278,0.438502968244321,1,"#e06a5d"
5.1216403702696e-06,1,0.999999999999278,0.438502968244321,1,"#e06a5d"
5.1216403702696e-06,1,0.999999999999278,0.438502968244321,1,"#e06a5d"
5.1216403702696e-06,1,0.999999999999278,0.438502968244321,1,"#e06a5d"
5.16196824720085e-06,1,0.999999999999455,0.438502968244476,1,"#e06a5d"
5.16196824720085e-06,1,0.999999999999455,0.438502968244476,1,"#e06a5d"
5.16196824720085e-06,1,0.999999999999455,0.438502968244476,1,"#e06a5d"
5.16196824720085e-06,1,0.999999999999455,0.438502968244476,1,"#e06a5d"
5.16196824720085e-06,1,0.999999999999455,0.438502968244476,1,"#e06a5d"
5.16196824720085e-06,1,0.999999999999455,0.438502968244476,1,"#e06a5d"
5.16196824720085e-06,1,0.999999999999455,0.438502968244476,1,"#e06a5d"
5.16196824720085e-06,1,0.999999999999455,0.438502968244476,1,"#e06a5d"
5.16196824720085e-06,1,0.999999999999455,0.438502968244476,1,"#e06a5d"
5.20229612413211e-06,1,0.999999999999588,0.438502968244593,1,"#e06a5d"
5.20229612413211e-06,1,0.999999999999588,0.438502968244593,1,"#e06a5d"
5.20229612413211e-06,1,0.999999999999588,0.438502968244593,1,"#e06a5d"
5.20229612413211e-06,1,0.999999999999588,0.438502968244593,1,"#e06a5d"
5.20229612413211e-06,1,0.999999999999588,0.438502968244593,1,"#e06a5d"
5.20229612413211e-06,1,0.999999999999588,0.438502968244593,1,"#e06a5d"
5.20229612413211e-06,1,0.999999999999588,0.438502968244593,1,"#e06a5d"
5.20229612413211e-06,1,0.999999999999588,0.438502968244593,1,"#e06a5d"
5.20229612413211e-06,1,0.999999999999588,0.438502968244593,1,"#e06a5d"
5.20229612413211e-06,1,0.999999999999588,0.438502968244593,1,"#e06a5d"
5.20229612413211e-06,1,0.999999999999588,0.438502968244593,1,"#e06a5d"
5.20229612413211e-06,1,0.999999999999588,0.438502968244593,1,"#e06a5d"
5.24262400106337e-06,1,0.999999999999689,0.438502968244682,1,"#e06a5d"
5.24262400106337e-06,1,0.999999999999689,0.438502968244682,1,"#e06a5d"
5.24262400106337e-06,1,0.999999999999689,0.438502968244682,1,"#e06a5d"
5.24262400106337e-06,1,0.999999999999689,0.438502968244682,1,"#e06a5d"
5.24262400106337e-06,1,0.999999999999689,0.438502968244682,1,"#e06a5d"
5.24262400106337e-06,1,0.999999999999689,0.438502968244682,1,"#e06a5d"
5.24262400106337e-06,1,0.999999999999689,0.438502968244682,1,"#e06a5d"
5.24262400106337e-06,1,0.999999999999689,0.438502968244682,1,"#e06a5d"
5.24262400106337e-06,1,0.999999999999689,0.438502968244682,1,"#e06a5d"
5.24262400106337e-06,1,0.999999999999689,0.438502968244682,1,"#e06a5d"
5.24262400106337e-06,1,0.999999999999689,0.438502968244682,1,"#e06a5d"
5.24262400106337e-06,1,0.999999999999689,0.438502968244682,1,"#e06a5d"
5.24262400106337e-06,1,0.999999999999689,0.438502968244682,1,"#e06a5d"
5.28295187799462e-06,1,0.999999999999766,0.438502968244749,1,"#e06a5d"
5.28295187799462e-06,1,0.999999999999766,0.438502968244749,1,"#e06a5d"
5.28295187799462e-06,1,0.999999999999766,0.438502968244749,1,"#e06a5d"
5.28295187799462e-06,1,0.999999999999766,0.438502968244749,1,"#e06a5d"
5.28295187799462e-06,1,0.999999999999766,0.438502968244749,1,"#e06a5d"
5.28295187799462e-06,1,0.999999999999766,0.438502968244749,1,"#e06a5d"
5.28295187799462e-06,1,0.999999999999766,0.438502968244749,1,"#e06a5d"
5.28295187799462e-06,1,0.999999999999766,0.438502968244749,1,"#e06a5d"
5.28295187799462e-06,1,0.999999999999766,0.438502968244749,1,"#e06a5d"
5.28295187799462e-06,1,0.999999999999766,0.438502968244749,1,"#e06a5d"
5.32327975492588e-06,1,0.999999999999823,0.4385029682448,1,"#e06a5d"
5.32327975492588e-06,1,0.999999999999823,0.4385029682448,1,"#e06a5d"
5.32327975492588e-06,1,0.999999999999823,0.4385029682448,1,"#e06a5d"
5.32327975492588e-06,1,0.999999999999823,0.4385029682448,1,"#e06a5d"
5.32327975492588e-06,1,0.999999999999823,0.4385029682448,1,"#e06a5d"
5.32327975492588e-06,1,0.999999999999823,0.4385029682448,1,"#e06a5d"
5.32327975492588e-06,1,0.999999999999823,0.4385029682448,1,"#e06a5d"
5.32327975492588e-06,1,0.999999999999823,0.4385029682448,1,"#e06a5d"
5.32327975492588e-06,1,0.999999999999823,0.4385029682448,1,"#e06a5d"
5.32327975492588e-06,1,0.999999999999823,0.4385029682448,1,"#e06a5d"
5.32327975492588e-06,1,0.999999999999823,0.4385029682448,1,"#e06a5d"
5.36360763185714e-06,1,0.999999999999867,0.438502968244838,1,"#e06a5d"
5.36360763185714e-06,1,0.999999999999867,0.438502968244838,1,"#e06a5d"
5.36360763185714e-06,0.333333333333333,0.999999999999867,0.438502968244838,1,"#00a4ac"
5.36360763185714e-06,1,0.999999999999867,0.438502968244838,1,"#e06a5d"
5.36360763185714e-06,1,0.999999999999867,0.438502968244838,1,"#e06a5d"
5.36360763185714e-06,1,0.999999999999867,0.438502968244838,1,"#e06a5d"
5.36360763185714e-06,1,0.999999999999867,0.438502968244838,1,"#e06a5d"
5.36360763185714e-06,1,0.999999999999867,0.438502968244838,1,"#e06a5d"
5.36360763185714e-06,1,0.999999999999867,0.438502968244838,1,"#e06a5d"
5.36360763185714e-06,1,0.999999999999867,0.438502968244838,1,"#e06a5d"
5.36360763185714e-06,1,0.999999999999867,0.438502968244838,1,"#e06a5d"
5.36360763185714e-06,0.333333333333333,0.999999999999867,0.438502968244838,1,"#00a4ac"
5.40393550878839e-06,1,0.9999999999999,0.438502968244867,1,"#e06a5d"
5.40393550878839e-06,1,0.9999999999999,0.438502968244867,1,"#e06a5d"
5.40393550878839e-06,1,0.9999999999999,0.438502968244867,1,"#e06a5d"
5.40393550878839e-06,1,0.9999999999999,0.438502968244867,1,"#e06a5d"
5.40393550878839e-06,1,0.9999999999999,0.438502968244867,1,"#e06a5d"
5.40393550878839e-06,1,0.9999999999999,0.438502968244867,1,"#e06a5d"
5.40393550878839e-06,1,0.9999999999999,0.438502968244867,1,"#e06a5d"
5.40393550878839e-06,1,0.9999999999999,0.438502968244867,1,"#e06a5d"
5.40393550878839e-06,1,0.9999999999999,0.438502968244867,1,"#e06a5d"
5.40393550878839e-06,1,0.9999999999999,0.438502968244867,1,"#e06a5d"
5.40393550878839e-06,1,0.9999999999999,0.438502968244867,1,"#e06a5d"
5.44426338571965e-06,1,0.999999999999925,0.438502968244888,1,"#e06a5d"
5.44426338571965e-06,1,0.999999999999925,0.438502968244888,1,"#e06a5d"
5.44426338571965e-06,1,0.999999999999925,0.438502968244888,1,"#e06a5d"
5.44426338571965e-06,1,0.999999999999925,0.438502968244888,1,"#e06a5d"
5.44426338571965e-06,1,0.999999999999925,0.438502968244888,1,"#e06a5d"
5.44426338571965e-06,1,0.999999999999925,0.438502968244888,1,"#e06a5d"
5.44426338571965e-06,1,0.999999999999925,0.438502968244888,1,"#e06a5d"
5.44426338571965e-06,1,0.999999999999925,0.438502968244888,1,"#e06a5d"
5.44426338571965e-06,1,0.999999999999925,0.438502968244888,1,"#e06a5d"
5.44426338571965e-06,1,0.999999999999925,0.438502968244888,1,"#e06a5d"
5.44426338571965e-06,1,0.999999999999925,0.438502968244888,1,"#e06a5d"
5.44426338571965e-06,1,0.999999999999925,0.438502968244888,1,"#e06a5d"
5.48459126265091e-06,1,0.999999999999943,0.438502968244905,1,"#e06a5d"
5.48459126265091e-06,1,0.999999999999943,0.438502968244905,1,"#e06a5d"
5.48459126265091e-06,1,0.999999999999943,0.438502968244905,1,"#e06a5d"
5.48459126265091e-06,1,0.999999999999943,0.438502968244905,1,"#e06a5d"
5.48459126265091e-06,1,0.999999999999943,0.438502968244905,1,"#e06a5d"
5.48459126265091e-06,1,0.999999999999943,0.438502968244905,1,"#e06a5d"
5.48459126265091e-06,1,0.999999999999943,0.438502968244905,1,"#e06a5d"
5.48459126265091e-06,1,0.999999999999943,0.438502968244905,1,"#e06a5d"
5.48459126265091e-06,1,0.999999999999943,0.438502968244905,1,"#e06a5d"
5.48459126265091e-06,1,0.999999999999943,0.438502968244905,1,"#e06a5d"
5.48459126265091e-06,1,0.999999999999943,0.438502968244905,1,"#e06a5d"
5.48459126265091e-06,1,0.999999999999943,0.438502968244905,1,"#e06a5d"
5.48459126265091e-06,1,0.999999999999943,0.438502968244905,1,"#e06a5d"
5.48459126265091e-06,1,0.999999999999943,0.438502968244905,1,"#e06a5d"
5.48459126265091e-06,1,0.999999999999943,0.438502968244905,1,"#e06a5d"
5.52491913958216e-06,1,0.999999999999957,0.438502968244917,1,"#e06a5d"
5.52491913958216e-06,1,0.999999999999957,0.438502968244917,1,"#e06a5d"
5.52491913958216e-06,1,0.999999999999957,0.438502968244917,1,"#e06a5d"
5.52491913958216e-06,1,0.999999999999957,0.438502968244917,1,"#e06a5d"
5.52491913958216e-06,1,0.999999999999957,0.438502968244917,1,"#e06a5d"
5.52491913958216e-06,1,0.999999999999957,0.438502968244917,1,"#e06a5d"
5.52491913958216e-06,1,0.999999999999957,0.438502968244917,1,"#e06a5d"
5.52491913958216e-06,1,0.999999999999957,0.438502968244917,1,"#e06a5d"
5.52491913958216e-06,1,0.999999999999957,0.438502968244917,1,"#e06a5d"
5.52491913958216e-06,1,0.999999999999957,0.438502968244917,1,"#e06a5d"
5.52491913958216e-06,1,0.999999999999957,0.438502968244917,1,"#e06a5d"
5.52491913958216e-06,1,0.999999999999957,0.438502968244917,1,"#e06a5d"
5.52491913958216e-06,1,0.999999999999957,0.438502968244917,1,"#e06a5d"
5.56524701651342e-06,1,0.999999999999968,0.438502968244927,1,"#e06a5d"
5.56524701651342e-06,1,0.999999999999968,0.438502968244927,1,"#e06a5d"
5.56524701651342e-06,1,0.999999999999968,0.438502968244927,1,"#e06a5d"
5.56524701651342e-06,1,0.999999999999968,0.438502968244927,1,"#e06a5d"
5.56524701651342e-06,1,0.999999999999968,0.438502968244927,1,"#e06a5d"
5.56524701651342e-06,1,0.999999999999968,0.438502968244927,1,"#e06a5d"
5.56524701651342e-06,1,0.999999999999968,0.438502968244927,1,"#e06a5d"
5.56524701651342e-06,1,0.999999999999968,0.438502968244927,1,"#e06a5d"
5.56524701651342e-06,0.333333333333333,0.999999999999968,0.438502968244927,1,"#00a4ac"
5.56524701651342e-06,1,0.999999999999968,0.438502968244927,1,"#e06a5d"
5.56524701651342e-06,1,0.999999999999968,0.438502968244927,1,"#e06a5d"
5.56524701651342e-06,1,0.999999999999968,0.438502968244927,1,"#e06a5d"
5.56524701651342e-06,1,0.999999999999968,0.438502968244927,1,"#e06a5d"
5.56524701651342e-06,1,0.999999999999968,0.438502968244927,1,"#e06a5d"
5.56524701651342e-06,1,0.999999999999968,0.438502968244927,1,"#e06a5d"
5.56524701651342e-06,1,0.999999999999968,0.438502968244927,1,"#e06a5d"
5.60557489344468e-06,1,0.999999999999976,0.438502968244933,1,"#e06a5d"
5.60557489344468e-06,1,0.999999999999976,0.438502968244933,1,"#e06a5d"
5.60557489344468e-06,1,0.999999999999976,0.438502968244933,1,"#e06a5d"
5.60557489344468e-06,1,0.999999999999976,0.438502968244933,1,"#e06a5d"
5.60557489344468e-06,1,0.999999999999976,0.438502968244933,1,"#e06a5d"
5.64590277037593e-06,1,0.999999999999982,0.438502968244939,1,"#e06a5d"
5.64590277037593e-06,1,0.999999999999982,0.438502968244939,1,"#e06a5d"
5.64590277037593e-06,1,0.999999999999982,0.438502968244939,1,"#e06a5d"
5.64590277037593e-06,1,0.999999999999982,0.438502968244939,1,"#e06a5d"
5.64590277037593e-06,1,0.999999999999982,0.438502968244939,1,"#e06a5d"
5.64590277037593e-06,1,0.999999999999982,0.438502968244939,1,"#e06a5d"
5.64590277037593e-06,1,0.999999999999982,0.438502968244939,1,"#e06a5d"
5.64590277037593e-06,1,0.999999999999982,0.438502968244939,1,"#e06a5d"
5.68623064730719e-06,1,0.999999999999986,0.438502968244943,1,"#e06a5d"
5.68623064730719e-06,1,0.999999999999986,0.438502968244943,1,"#e06a5d"
5.68623064730719e-06,1,0.999999999999986,0.438502968244943,1,"#e06a5d"
5.68623064730719e-06,1,0.999999999999986,0.438502968244943,1,"#e06a5d"
5.68623064730719e-06,1,0.999999999999986,0.438502968244943,1,"#e06a5d"
5.68623064730719e-06,1,0.999999999999986,0.438502968244943,1,"#e06a5d"
5.68623064730719e-06,1,0.999999999999986,0.438502968244943,1,"#e06a5d"
5.68623064730719e-06,1,0.999999999999986,0.438502968244943,1,"#e06a5d"
5.68623064730719e-06,1,0.999999999999986,0.438502968244943,1,"#e06a5d"
5.68623064730719e-06,1,0.999999999999986,0.438502968244943,1,"#e06a5d"
5.72655852423845e-06,1,0.99999999999999,0.438502968244946,1,"#e06a5d"
5.72655852423845e-06,1,0.99999999999999,0.438502968244946,1,"#e06a5d"
5.72655852423845e-06,1,0.99999999999999,0.438502968244946,1,"#e06a5d"
5.72655852423845e-06,1,0.99999999999999,0.438502968244946,1,"#e06a5d"
5.72655852423845e-06,1,0.99999999999999,0.438502968244946,1,"#e06a5d"
5.72655852423845e-06,1,0.99999999999999,0.438502968244946,1,"#e06a5d"
5.72655852423845e-06,1,0.99999999999999,0.438502968244946,1,"#e06a5d"
5.72655852423845e-06,1,0.99999999999999,0.438502968244946,1,"#e06a5d"
5.72655852423845e-06,1,0.99999999999999,0.438502968244946,1,"#e06a5d"
5.72655852423845e-06,1,0.99999999999999,0.438502968244946,1,"#e06a5d"
5.72655852423845e-06,0.333333333333333,0.99999999999999,0.438502968244946,1,"#00a4ac"
5.7668864011697e-06,1,0.999999999999992,0.438502968244948,1,"#e06a5d"
5.7668864011697e-06,1,0.999999999999992,0.438502968244948,1,"#e06a5d"
5.7668864011697e-06,1,0.999999999999992,0.438502968244948,1,"#e06a5d"
5.7668864011697e-06,1,0.999999999999992,0.438502968244948,1,"#e06a5d"
5.7668864011697e-06,1,0.999999999999992,0.438502968244948,1,"#e06a5d"
5.7668864011697e-06,1,0.999999999999992,0.438502968244948,1,"#e06a5d"
5.7668864011697e-06,1,0.999999999999992,0.438502968244948,1,"#e06a5d"
5.7668864011697e-06,1,0.999999999999992,0.438502968244948,1,"#e06a5d"
5.7668864011697e-06,1,0.999999999999992,0.438502968244948,1,"#e06a5d"
5.7668864011697e-06,1,0.999999999999992,0.438502968244948,1,"#e06a5d"
5.7668864011697e-06,1,0.999999999999992,0.438502968244948,1,"#e06a5d"
5.80721427810096e-06,1,0.999999999999994,0.438502968244949,1,"#e06a5d"
5.80721427810096e-06,1,0.999999999999994,0.438502968244949,1,"#e06a5d"
5.80721427810096e-06,1,0.999999999999994,0.438502968244949,1,"#e06a5d"
5.80721427810096e-06,1,0.999999999999994,0.438502968244949,1,"#e06a5d"
5.80721427810096e-06,1,0.999999999999994,0.438502968244949,1,"#e06a5d"
5.80721427810096e-06,1,0.999999999999994,0.438502968244949,1,"#e06a5d"
5.80721427810096e-06,1,0.999999999999994,0.438502968244949,1,"#e06a5d"
5.80721427810096e-06,1,0.999999999999994,0.438502968244949,1,"#e06a5d"
5.80721427810096e-06,1,0.999999999999994,0.438502968244949,1,"#e06a5d"
5.84754215503222e-06,1,0.999999999999996,0.438502968244951,1,"#e06a5d"
5.84754215503222e-06,1,0.999999999999996,0.438502968244951,1,"#e06a5d"
5.84754215503222e-06,1,0.999999999999996,0.438502968244951,1,"#e06a5d"
5.84754215503222e-06,1,0.999999999999996,0.438502968244951,1,"#e06a5d"
5.84754215503222e-06,1,0.999999999999996,0.438502968244951,1,"#e06a5d"
5.84754215503222e-06,1,0.999999999999996,0.438502968244951,1,"#e06a5d"
5.84754215503222e-06,1,0.999999999999996,0.438502968244951,1,"#e06a5d"
5.84754215503222e-06,1,0.999999999999996,0.438502968244951,1,"#e06a5d"
5.88787003196347e-06,1,0.999999999999997,0.438502968244952,1,"#e06a5d"
5.88787003196347e-06,1,0.999999999999997,0.438502968244952,1,"#e06a5d"
5.88787003196347e-06,1,0.999999999999997,0.438502968244952,1,"#e06a5d"
5.88787003196347e-06,1,0.999999999999997,0.438502968244952,1,"#e06a5d"
5.88787003196347e-06,1,0.999999999999997,0.438502968244952,1,"#e06a5d"
5.88787003196347e-06,1,0.999999999999997,0.438502968244952,1,"#e06a5d"
5.88787003196347e-06,1,0.999999999999997,0.438502968244952,1,"#e06a5d"
5.92819790889473e-06,1,0.999999999999998,0.438502968244952,1,"#e06a5d"
5.92819790889473e-06,1,0.999999999999998,0.438502968244952,1,"#e06a5d"
5.92819790889473e-06,1,0.999999999999998,0.438502968244952,1,"#e06a5d"
5.92819790889473e-06,1,0.999999999999998,0.438502968244952,1,"#e06a5d"
5.92819790889473e-06,1,0.999999999999998,0.438502968244952,1,"#e06a5d"
5.92819790889473e-06,1,0.999999999999998,0.438502968244952,1,"#e06a5d"
5.92819790889473e-06,1,0.999999999999998,0.438502968244952,1,"#e06a5d"
5.92819790889473e-06,1,0.999999999999998,0.438502968244952,1,"#e06a5d"
5.92819790889473e-06,1,0.999999999999998,0.438502968244952,1,"#e06a5d"
5.92819790889473e-06,1,0.999999999999998,0.438502968244952,1,"#e06a5d"
5.92819790889473e-06,1,0.999999999999998,0.438502968244952,1,"#e06a5d"
5.92819790889473e-06,1,0.999999999999998,0.438502968244952,1,"#e06a5d"
5.92819790889473e-06,1,0.999999999999998,0.438502968244952,1,"#e06a5d"
5.92819790889473e-06,1,0.999999999999998,0.438502968244952,1,"#e06a5d"
5.96852578582599e-06,1,0.999999999999998,0.438502968244953,1,"#e06a5d"
5.96852578582599e-06,1,0.999999999999998,0.438502968244953,1,"#e06a5d"
5.96852578582599e-06,1,0.999999999999998,0.438502968244953,1,"#e06a5d"
5.96852578582599e-06,1,0.999999999999998,0.438502968244953,1,"#e06a5d"
5.96852578582599e-06,1,0.999999999999998,0.438502968244953,1,"#e06a5d"
5.96852578582599e-06,1,0.999999999999998,0.438502968244953,1,"#e06a5d"
5.96852578582599e-06,1,0.999999999999998,0.438502968244953,1,"#e06a5d"
6.00885366275724e-06,1,0.999999999999999,0.438502968244953,1,"#e06a5d"
6.00885366275724e-06,1,0.999999999999999,0.438502968244953,1,"#e06a5d"
6.00885366275724e-06,0.666666666666667,0.999999999999999,0.438502968244953,1,"black"
6.00885366275724e-06,1,0.999999999999999,0.438502968244953,1,"#e06a5d"
6.00885366275724e-06,1,0.999999999999999,0.438502968244953,1,"#e06a5d"
6.00885366275724e-06,1,0.999999999999999,0.438502968244953,1,"#e06a5d"
6.00885366275724e-06,1,0.999999999999999,0.438502968244953,1,"#e06a5d"
6.00885366275724e-06,1,0.999999999999999,0.438502968244953,1,"#e06a5d"
6.00885366275724e-06,1,0.999999999999999,0.438502968244953,1,"#e06a5d"
6.0491815396885e-06,1,0.999999999999999,0.438502968244954,1,"#e06a5d"
6.0491815396885e-06,1,0.999999999999999,0.438502968244954,1,"#e06a5d"
6.0491815396885e-06,1,0.999999999999999,0.438502968244954,1,"#e06a5d"
6.0491815396885e-06,1,0.999999999999999,0.438502968244954,1,"#e06a5d"
6.0491815396885e-06,1,0.999999999999999,0.438502968244954,1,"#e06a5d"
6.0491815396885e-06,1,0.999999999999999,0.438502968244954,1,"#e06a5d"
6.0491815396885e-06,1,0.999999999999999,0.438502968244954,1,"#e06a5d"
6.0491815396885e-06,1,0.999999999999999,0.438502968244954,1,"#e06a5d"
6.0491815396885e-06,0.666666666666667,0.999999999999999,0.438502968244954,1,"black"
6.08950941661976e-06,1,0.999999999999999,0.438502968244954,1,"#e06a5d"
6.08950941661976e-06,1,0.999999999999999,0.438502968244954,1,"#e06a5d"
6.08950941661976e-06,1,0.999999999999999,0.438502968244954,1,"#e06a5d"
6.08950941661976e-06,1,0.999999999999999,0.438502968244954,1,"#e06a5d"
6.08950941661976e-06,1,0.999999999999999,0.438502968244954,1,"#e06a5d"
6.08950941661976e-06,1,0.999999999999999,0.438502968244954,1,"#e06a5d"
6.08950941661976e-06,1,0.999999999999999,0.438502968244954,1,"#e06a5d"
6.08950941661976e-06,1,0.999999999999999,0.438502968244954,1,"#e06a5d"
6.08950941661976e-06,1,0.999999999999999,0.438502968244954,1,"#e06a5d"
6.12983729355101e-06,1,0.999999999999999,0.438502968244954,1,"#e06a5d"
6.12983729355101e-06,1,0.999999999999999,0.438502968244954,1,"#e06a5d"
6.12983729355101e-06,1,0.999999999999999,0.438502968244954,1,"#e06a5d"
6.12983729355101e-06,1,0.999999999999999,0.438502968244954,1,"#e06a5d"
6.12983729355101e-06,1,0.999999999999999,0.438502968244954,1,"#e06a5d"
6.17016517048227e-06,1,1,0.438502968244954,1,"#e06a5d"
6.17016517048227e-06,1,1,0.438502968244954,1,"#e06a5d"
6.17016517048227e-06,1,1,0.438502968244954,1,"#e06a5d"
6.17016517048227e-06,1,1,0.438502968244954,1,"#e06a5d"
6.17016517048227e-06,1,1,0.438502968244954,1,"#e06a5d"
6.17016517048227e-06,1,1,0.438502968244954,1,"#e06a5d"
6.17016517048227e-06,1,1,0.438502968244954,1,"#e06a5d"
6.17016517048227e-06,1,1,0.438502968244954,1,"#e06a5d"
6.17016517048227e-06,1,1,0.438502968244954,1,"#e06a5d"
6.17016517048227e-06,0.666666666666667,1,0.438502968244954,1,"black"
6.21049304741353e-06,1,1,0.438502968244954,1,"#e06a5d"
6.21049304741353e-06,1,1,0.438502968244954,1,"#e06a5d"
6.21049304741353e-06,1,1,0.438502968244954,1,"#e06a5d"
6.21049304741353e-06,1,1,0.438502968244954,1,"#e06a5d"
6.21049304741353e-06,1,1,0.438502968244954,1,"#e06a5d"
6.21049304741353e-06,1,1,0.438502968244954,1,"#e06a5d"
6.21049304741353e-06,1,1,0.438502968244954,1,"#e06a5d"
6.21049304741353e-06,1,1,0.438502968244954,1,"#e06a5d"
6.21049304741353e-06,1,1,0.438502968244954,1,"#e06a5d"
6.25082092434478e-06,1,1,0.438502968244954,1,"#e06a5d"
6.25082092434478e-06,1,1,0.438502968244954,1,"#e06a5d"
6.25082092434478e-06,1,1,0.438502968244954,1,"#e06a5d"
6.25082092434478e-06,1,1,0.438502968244954,1,"#e06a5d"
6.25082092434478e-06,1,1,0.438502968244954,1,"#e06a5d"
6.25082092434478e-06,1,1,0.438502968244954,1,"#e06a5d"
6.25082092434478e-06,1,1,0.438502968244954,1,"#e06a5d"
6.25082092434478e-06,1,1,0.438502968244954,1,"#e06a5d"
6.25082092434478e-06,1,1,0.438502968244954,1,"#e06a5d"
6.25082092434478e-06,1,1,0.438502968244954,1,"#e06a5d"
6.29114880127604e-06,1,1,0.438502968244954,1,"#e06a5d"
6.29114880127604e-06,1,1,0.438502968244954,1,"#e06a5d"
6.29114880127604e-06,1,1,0.438502968244954,1,"#e06a5d"
6.29114880127604e-06,1,1,0.438502968244954,1,"#e06a5d"
6.29114880127604e-06,1,1,0.438502968244954,1,"#e06a5d"
6.29114880127604e-06,1,1,0.438502968244954,1,"#e06a5d"
6.29114880127604e-06,1,1,0.438502968244954,1,"#e06a5d"
6.29114880127604e-06,1,1,0.438502968244954,1,"#e06a5d"
6.29114880127604e-06,1,1,0.438502968244954,1,"#e06a5d"
6.29114880127604e-06,1,1,0.438502968244954,1,"#e06a5d"
6.29114880127604e-06,1,1,0.438502968244954,1,"#e06a5d"
6.3314766782073e-06,1,1,0.438502968244954,1,"#e06a5d"
6.3314766782073e-06,1,1,0.438502968244954,1,"#e06a5d"
6.3314766782073e-06,1,1,0.438502968244954,1,"#e06a5d"
6.3314766782073e-06,1,1,0.438502968244954,1,"#e06a5d"
6.3314766782073e-06,1,1,0.438502968244954,1,"#e06a5d"
6.3314766782073e-06,1,1,0.438502968244954,1,"#e06a5d"
6.3314766782073e-06,1,1,0.438502968244954,1,"#e06a5d"
6.3314766782073e-06,1,1,0.438502968244954,1,"#e06a5d"
6.3314766782073e-06,1,1,0.438502968244954,1,"#e06a5d"
6.3314766782073e-06,1,1,0.438502968244954,1,"#e06a5d"
6.37180455513855e-06,1,1,0.438502968244954,1,"#e06a5d"
6.37180455513855e-06,1,1,0.438502968244954,1,"#e06a5d"
6.37180455513855e-06,1,1,0.438502968244954,1,"#e06a5d"
6.37180455513855e-06,1,1,0.438502968244954,1,"#e06a5d"
6.37180455513855e-06,1,1,0.438502968244954,1,"#e06a5d"
6.37180455513855e-06,1,1,0.438502968244954,1,"#e06a5d"
6.41213243206981e-06,1,1,0.438502968244954,1,"#e06a5d"
6.41213243206981e-06,1,1,0.438502968244954,1,"#e06a5d"
6.41213243206981e-06,1,1,0.438502968244954,1,"#e06a5d"
6.41213243206981e-06,1,1,0.438502968244954,1,"#e06a5d"
6.41213243206981e-06,1,1,0.438502968244954,1,"#e06a5d"
6.41213243206981e-06,1,1,0.438502968244954,1,"#e06a5d"
6.41213243206981e-06,1,1,0.438502968244954,1,"#e06a5d"
6.41213243206981e-06,1,1,0.438502968244954,1,"#e06a5d"
6.41213243206981e-06,1,1,0.438502968244954,1,"#e06a5d"
6.41213243206981e-06,1,1,0.438502968244954,1,"#e06a5d"
6.41213243206981e-06,1,1,0.438502968244954,1,"#e06a5d"
6.41213243206981e-06,1,1,0.438502968244954,1,"#e06a5d"
6.45246030900107e-06,1,1,0.438502968244954,1,"#e06a5d"
6.45246030900107e-06,1,1,0.438502968244954,1,"#e06a5d"
6.45246030900107e-06,1,1,0.438502968244954,1,"#e06a5d"
6.45246030900107e-06,1,1,0.438502968244954,1,"#e06a5d"
6.45246030900107e-06,1,1,0.438502968244954,1,"#e06a5d"
6.45246030900107e-06,1,1,0.438502968244954,1,"#e06a5d"
6.45246030900107e-06,1,1,0.438502968244954,1,"#e06a5d"
6.45246030900107e-06,1,1,0.438502968244954,1,"#e06a5d"
6.45246030900107e-06,1,1,0.438502968244954,1,"#e06a5d"
6.49278818593232e-06,1,1,0.438502968244954,1,"#e06a5d"
6.49278818593232e-06,1,1,0.438502968244954,1,"#e06a5d"
6.49278818593232e-06,1,1,0.438502968244954,1,"#e06a5d"
6.49278818593232e-06,1,1,0.438502968244954,1,"#e06a5d"
6.49278818593232e-06,1,1,0.438502968244954,1,"#e06a5d"
6.49278818593232e-06,1,1,0.438502968244954,1,"#e06a5d"
6.49278818593232e-06,1,1,0.438502968244954,1,"#e06a5d"
6.49278818593232e-06,1,1,0.438502968244954,1,"#e06a5d"
6.53311606286358e-06,1,1,0.438502968244954,1,"#e06a5d"
6.53311606286358e-06,1,1,0.438502968244954,1,"#e06a5d"
6.53311606286358e-06,1,1,0.438502968244954,1,"#e06a5d"
6.53311606286358e-06,1,1,0.438502968244954,1,"#e06a5d"
6.53311606286358e-06,1,1,0.438502968244954,1,"#e06a5d"
6.57344393979484e-06,1,1,0.438502968244954,1,"#e06a5d"
6.57344393979484e-06,1,1,0.438502968244954,1,"#e06a5d"
6.57344393979484e-06,1,1,0.438502968244954,1,"#e06a5d"
6.57344393979484e-06,1,1,0.438502968244954,1,"#e06a5d"
6.57344393979484e-06,1,1,0.438502968244954,1,"#e06a5d"
6.57344393979484e-06,1,1,0.438502968244954,1,"#e06a5d"
6.57344393979484e-06,1,1,0.438502968244954,1,"#e06a5d"
6.57344393979484e-06,1,1,0.438502968244954,1,"#e06a5d"
6.57344393979484e-06,1,1,0.438502968244954,1,"#e06a5d"
6.57344393979484e-06,1,1,0.438502968244954,1,"#e06a5d"
6.57344393979484e-06,1,1,0.438502968244954,1,"#e06a5d"
6.57344393979484e-06,1,1,0.438502968244954,1,"#e06a5d"
6.57344393979484e-06,1,1,0.438502968244954,1,"#e06a5d"
6.57344393979484e-06,1,1,0.438502968244954,1,"#e06a5d"
6.57344393979484e-06,1,1,0.438502968244954,1,"#e06a5d"
6.57344393979484e-06,1,1,0.438502968244954,1,"#e06a5d"
6.57344393979484e-06,1,1,0.438502968244954,1,"#e06a5d"
6.61377181672609e-06,1,1,0.438502968244954,1,"#e06a5d"
6.61377181672609e-06,1,1,0.438502968244954,1,"#e06a5d"
6.61377181672609e-06,1,1,0.438502968244954,1,"#e06a5d"
6.61377181672609e-06,1,1,0.438502968244954,1,"#e06a5d"
6.61377181672609e-06,1,1,0.438502968244954,1,"#e06a5d"
6.61377181672609e-06,1,1,0.438502968244954,1,"#e06a5d"
6.61377181672609e-06,1,1,0.438502968244954,1,"#e06a5d"
6.61377181672609e-06,1,1,0.438502968244954,1,"#e06a5d"
6.61377181672609e-06,1,1,0.438502968244954,1,"#e06a5d"
6.61377181672609e-06,1,1,0.438502968244954,1,"#e06a5d"
6.61377181672609e-06,1,1,0.438502968244954,1,"#e06a5d"
6.61377181672609e-06,1,1,0.438502968244954,1,"#e06a5d"
6.65409969365735e-06,1,1,0.438502968244954,1,"#e06a5d"
6.65409969365735e-06,1,1,0.438502968244954,1,"#e06a5d"
6.65409969365735e-06,1,1,0.438502968244954,1,"#e06a5d"
6.65409969365735e-06,1,1,0.438502968244954,1,"#e06a5d"
6.69442757058861e-06,1,1,0.438502968244954,1,"#e06a5d"
6.69442757058861e-06,1,1,0.438502968244954,1,"#e06a5d"
6.69442757058861e-06,1,1,0.438502968244954,1,"#e06a5d"
6.69442757058861e-06,1,1,0.438502968244954,1,"#e06a5d"
6.73475544751986e-06,1,1,0.438502968244954,1,"#e06a5d"
6.73475544751986e-06,1,1,0.438502968244954,1,"#e06a5d"
6.73475544751986e-06,1,1,0.438502968244954,1,"#e06a5d"
6.73475544751986e-06,1,1,0.438502968244954,1,"#e06a5d"
6.73475544751986e-06,1,1,0.438502968244954,1,"#e06a5d"
6.73475544751986e-06,1,1,0.438502968244954,1,"#e06a5d"
6.73475544751986e-06,1,1,0.438502968244954,1,"#e06a5d"
6.77508332445112e-06,1,1,0.438502968244954,1,"#e06a5d"
6.77508332445112e-06,1,1,0.438502968244954,1,"#e06a5d"
6.77508332445112e-06,1,1,0.438502968244954,1,"#e06a5d"
6.77508332445112e-06,1,1,0.438502968244954,1,"#e06a5d"
6.77508332445112e-06,1,1,0.438502968244954,1,"#e06a5d"
6.77508332445112e-06,1,1,0.438502968244954,1,"#e06a5d"
6.77508332445112e-06,1,1,0.438502968244954,1,"#e06a5d"
6.77508332445112e-06,1,1,0.438502968244954,1,"#e06a5d"
6.77508332445112e-06,1,1,0.438502968244954,1,"#e06a5d"
6.81541120138238e-06,1,1,0.438502968244954,1,"#e06a5d"
6.81541120138238e-06,1,1,0.438502968244954,1,"#e06a5d"
6.81541120138238e-06,1,1,0.438502968244954,1,"#e06a5d"
6.81541120138238e-06,1,1,0.438502968244954,1,"#e06a5d"
6.81541120138238e-06,1,1,0.438502968244954,1,"#e06a5d"
6.81541120138238e-06,1,1,0.438502968244954,1,"#e06a5d"
6.81541120138238e-06,1,1,0.438502968244954,1,"#e06a5d"
6.81541120138238e-06,1,1,0.438502968244954,1,"#e06a5d"
6.81541120138238e-06,1,1,0.438502968244954,1,"#e06a5d"
6.81541120138238e-06,1,1,0.438502968244954,1,"#e06a5d"
6.81541120138238e-06,1,1,0.438502968244954,1,"#e06a5d"
6.81541120138238e-06,1,1,0.438502968244954,1,"#e06a5d"
6.85573907831363e-06,1,1,0.438502968244954,1,"#e06a5d"
6.85573907831363e-06,1,1,0.438502968244954,1,"#e06a5d"
6.85573907831363e-06,1,1,0.438502968244954,1,"#e06a5d"
6.85573907831363e-06,1,1,0.438502968244954,1,"#e06a5d"
6.85573907831363e-06,0.666666666666667,1,0.438502968244954,1,"black"
6.89606695524489e-06,1,1,0.438502968244954,1,"#e06a5d"
6.89606695524489e-06,1,1,0.438502968244954,1,"#e06a5d"
6.89606695524489e-06,1,1,0.438502968244954,1,"#e06a5d"
6.89606695524489e-06,1,1,0.438502968244954,1,"#e06a5d"
6.89606695524489e-06,1,1,0.438502968244954,1,"#e06a5d"
6.89606695524489e-06,1,1,0.438502968244954,1,"#e06a5d"
6.89606695524489e-06,1,1,0.438502968244954,1,"#e06a5d"
6.93639483217615e-06,1,1,0.438502968244954,1,"#e06a5d"
6.93639483217615e-06,1,1,0.438502968244954,1,"#e06a5d"
6.93639483217615e-06,1,1,0.438502968244954,1,"#e06a5d"
6.93639483217615e-06,1,1,0.438502968244954,1,"#e06a5d"
6.93639483217615e-06,1,1,0.438502968244954,1,"#e06a5d"
6.93639483217615e-06,1,1,0.438502968244954,1,"#e06a5d"
6.93639483217615e-06,1,1,0.438502968244954,1,"#e06a5d"
6.93639483217615e-06,1,1,0.438502968244954,1,"#e06a5d"
6.93639483217615e-06,1,1,0.438502968244954,1,"#e06a5d"
6.93639483217615e-06,1,1,0.438502968244954,1,"#e06a5d"
6.93639483217615e-06,1,1,0.438502968244954,1,"#e06a5d"
6.93639483217615e-06,1,1,0.438502968244954,1,"#e06a5d"
6.9767227091074e-06,1,1,0.438502968244954,1,"#e06a5d"
6.9767227091074e-06,1,1,0.438502968244954,1,"#e06a5d"
6.9767227091074e-06,1,1,0.438502968244954,1,"#e06a5d"
6.9767227091074e-06,1,1,0.438502968244954,1,"#e06a5d"
6.9767227091074e-06,1,1,0.438502968244954,1,"#e06a5d"
6.9767227091074e-06,1,1,0.438502968244954,1,"#e06a5d"
6.9767227091074e-06,1,1,0.438502968244954,1,"#e06a5d"
7.01705058603866e-06,1,1,0.438502968244954,1,"#e06a5d"
7.01705058603866e-06,1,1,0.438502968244954,1,"#e06a5d"
7.05737846296991e-06,1,1,0.438502968244954,1,"#e06a5d"
7.05737846296991e-06,1,1,0.438502968244954,1,"#e06a5d"
7.05737846296991e-06,1,1,0.438502968244954,1,"#e06a5d"
7.05737846296991e-06,1,1,0.438502968244954,1,"#e06a5d"
7.05737846296991e-06,1,1,0.438502968244954,1,"#e06a5d"
7.05737846296991e-06,1,1,0.438502968244954,1,"#e06a5d"
7.05737846296991e-06,1,1,0.438502968244954,1,"#e06a5d"
7.09770633990117e-06,1,1,0.438502968244954,1,"#e06a5d"
7.09770633990117e-06,1,1,0.438502968244954,1,"#e06a5d"
7.09770633990117e-06,1,1,0.438502968244954,1,"#e06a5d"
7.13803421683243e-06,1,1,0.438502968244954,1,"#e06a5d"
7.13803421683243e-06,1,1,0.438502968244954,1,"#e06a5d"
7.13803421683243e-06,1,1,0.438502968244954,1,"#e06a5d"
7.13803421683243e-06,1,1,0.438502968244954,1,"#e06a5d"
7.13803421683243e-06,1,1,0.438502968244954,1,"#e06a5d"
7.13803421683243e-06,1,1,0.438502968244954,1,"#e06a5d"
7.17836209376369e-06,1,1,0.438502968244954,1,"#e06a5d"
7.17836209376369e-06,1,1,0.438502968244954,1,"#e06a5d"
7.17836209376369e-06,1,1,0.438502968244954,1,"#e06a5d"
7.17836209376369e-06,1,1,0.438502968244954,1,"#e06a5d"
7.17836209376369e-06,1,1,0.438502968244954,1,"#e06a5d"
7.17836209376369e-06,1,1,0.438502968244954,1,"#e06a5d"
7.17836209376369e-06,1,1,0.438502968244954,1,"#e06a5d"
7.21868997069494e-06,1,1,0.438502968244954,1,"#e06a5d"
7.21868997069494e-06,1,1,0.438502968244954,1,"#e06a5d"
7.21868997069494e-06,1,1,0.438502968244954,1,"#e06a5d"
7.21868997069494e-06,1,1,0.438502968244954,1,"#e06a5d"
7.21868997069494e-06,1,1,0.438502968244954,1,"#e06a5d"
7.21868997069494e-06,1,1,0.438502968244954,1,"#e06a5d"
7.21868997069494e-06,1,1,0.438502968244954,1,"#e06a5d"
7.21868997069494e-06,1,1,0.438502968244954,1,"#e06a5d"
7.21868997069494e-06,1,1,0.438502968244954,1,"#e06a5d"
7.2590178476262e-06,1,1,0.438502968244954,1,"#e06a5d"
7.2590178476262e-06,1,1,0.438502968244954,1,"#e06a5d"
7.2590178476262e-06,1,1,0.438502968244954,1,"#e06a5d"
7.2590178476262e-06,1,1,0.438502968244954,1,"#e06a5d"
7.2590178476262e-06,1,1,0.438502968244954,1,"#e06a5d"
7.2590178476262e-06,1,1,0.438502968244954,1,"#e06a5d"
7.2590178476262e-06,1,1,0.438502968244954,1,"#e06a5d"
7.2590178476262e-06,1,1,0.438502968244954,1,"#e06a5d"
7.2590178476262e-06,1,1,0.438502968244954,1,"#e06a5d"
7.2590178476262e-06,1,1,0.438502968244954,1,"#e06a5d"
7.29934572455746e-06,1,1,0.438502968244954,1,"#e06a5d"
7.29934572455746e-06,1,1,0.438502968244954,1,"#e06a5d"
7.29934572455746e-06,1,1,0.438502968244954,1,"#e06a5d"
7.29934572455746e-06,1,1,0.438502968244954,1,"#e06a5d"
7.33967360148871e-06,1,1,0.438502968244954,1,"#e06a5d"
7.33967360148871e-06,1,1,0.438502968244954,1,"#e06a5d"
7.33967360148871e-06,1,1,0.438502968244954,1,"#e06a5d"
7.33967360148871e-06,1,1,0.438502968244954,1,"#e06a5d"
7.33967360148871e-06,1,1,0.438502968244954,1,"#e06a5d"
7.33967360148871e-06,1,1,0.438502968244954,1,"#e06a5d"
7.33967360148871e-06,1,1,0.438502968244954,1,"#e06a5d"
7.33967360148871e-06,1,1,0.438502968244954,1,"#e06a5d"
7.33967360148871e-06,1,1,0.438502968244954,1,"#e06a5d"
7.33967360148871e-06,1,1,0.438502968244954,1,"#e06a5d"
7.33967360148871e-06,1,1,0.438502968244954,1,"#e06a5d"
7.38000147841997e-06,1,1,0.438502968244954,1,"#e06a5d"
7.38000147841997e-06,1,1,0.438502968244954,1,"#e06a5d"
7.38000147841997e-06,1,1,0.438502968244954,1,"#e06a5d"
7.38000147841997e-06,1,1,0.438502968244954,1,"#e06a5d"
7.38000147841997e-06,1,1,0.438502968244954,1,"#e06a5d"
7.38000147841997e-06,1,1,0.438502968244954,1,"#e06a5d"
7.38000147841997e-06,1,1,0.438502968244954,1,"#e06a5d"
7.38000147841997e-06,1,1,0.438502968244954,1,"#e06a5d"
7.42032935535123e-06,1,1,0.438502968244954,1,"#e06a5d"
7.42032935535123e-06,1,1,0.438502968244954,1,"#e06a5d"
7.42032935535123e-06,1,1,0.438502968244954,1,"#e06a5d"
7.42032935535123e-06,1,1,0.438502968244954,1,"#e06a5d"
7.42032935535123e-06,1,1,0.438502968244954,1,"#e06a5d"
7.42032935535123e-06,1,1,0.438502968244954,1,"#e06a5d"
7.42032935535123e-06,1,1,0.438502968244954,1,"#e06a5d"
7.46065723228248e-06,1,1,0.438502968244954,1,"#e06a5d"
7.46065723228248e-06,1,1,0.438502968244954,1,"#e06a5d"
7.46065723228248e-06,1,1,0.438502968244954,1,"#e06a5d"
7.46065723228248e-06,1,1,0.438502968244954,1,"#e06a5d"
7.46065723228248e-06,1,1,0.438502968244954,1,"#e06a5d"
7.46065723228248e-06,1,1,0.438502968244954,1,"#e06a5d"
7.50098510921374e-06,1,1,0.438502968244954,1,"#e06a5d"
7.50098510921374e-06,1,1,0.438502968244954,1,"#e06a5d"
7.50098510921374e-06,1,1,0.438502968244954,1,"#e06a5d"
7.50098510921374e-06,1,1,0.438502968244954,1,"#e06a5d"
7.50098510921374e-06,1,1,0.438502968244954,1,"#e06a5d"
7.50098510921374e-06,1,1,0.438502968244954,1,"#e06a5d"
7.50098510921374e-06,1,1,0.438502968244954,1,"#e06a5d"
7.50098510921374e-06,1,1,0.438502968244954,1,"#e06a5d"
7.541312986145e-06,1,1,0.438502968244954,1,"#e06a5d"
7.541312986145e-06,1,1,0.438502968244954,1,"#e06a5d"
7.541312986145e-06,1,1,0.438502968244954,1,"#e06a5d"
7.541312986145e-06,1,1,0.438502968244954,1,"#e06a5d"
7.541312986145e-06,1,1,0.438502968244954,1,"#e06a5d"
7.541312986145e-06,1,1,0.438502968244954,1,"#e06a5d"
7.58164086307625e-06,1,1,0.438502968244954,1,"#e06a5d"
7.58164086307625e-06,1,1,0.438502968244954,1,"#e06a5d"
7.58164086307625e-06,1,1,0.438502968244954,1,"#e06a5d"
7.58164086307625e-06,1,1,0.438502968244954,1,"#e06a5d"
7.58164086307625e-06,1,1,0.438502968244954,1,"#e06a5d"
7.58164086307625e-06,1,1,0.438502968244954,1,"#e06a5d"
7.58164086307625e-06,1,1,0.438502968244954,1,"#e06a5d"
7.58164086307625e-06,1,1,0.438502968244954,1,"#e06a5d"
7.58164086307625e-06,1,1,0.438502968244954,1,"#e06a5d"
7.58164086307625e-06,1,1,0.438502968244954,1,"#e06a5d"
7.58164086307625e-06,1,1,0.438502968244954,1,"#e06a5d"
7.62196874000751e-06,1,1,0.438502968244954,1,"#e06a5d"
7.62196874000751e-06,1,1,0.438502968244954,1,"#e06a5d"
7.62196874000751e-06,1,1,0.438502968244954,1,"#e06a5d"
7.62196874000751e-06,1,1,0.438502968244954,1,"#e06a5d"
7.66229661693876e-06,1,1,0.438502968244954,1,"#e06a5d"
7.66229661693876e-06,1,1,0.438502968244954,1,"#e06a5d"
7.66229661693876e-06,1,1,0.438502968244954,1,"#e06a5d"
7.66229661693876e-06,1,1,0.438502968244954,1,"#e06a5d"
7.66229661693876e-06,1,1,0.438502968244954,1,"#e06a5d"
7.66229661693876e-06,1,1,0.438502968244954,1,"#e06a5d"
7.66229661693876e-06,1,1,0.438502968244954,1,"#e06a5d"
7.66229661693876e-06,1,1,0.438502968244954,1,"#e06a5d"
7.66229661693876e-06,1,1,0.438502968244954,1,"#e06a5d"
7.66229661693876e-06,1,1,0.438502968244954,1,"#e06a5d"
7.66229661693876e-06,1,1,0.438502968244954,1,"#e06a5d"
7.70262449387002e-06,1,1,0.438502968244954,1,"#e06a5d"
7.70262449387002e-06,1,1,0.438502968244954,1,"#e06a5d"
7.70262449387002e-06,1,1,0.438502968244954,1,"#e06a5d"
7.70262449387002e-06,1,1,0.438502968244954,1,"#e06a5d"
7.70262449387002e-06,1,1,0.438502968244954,1,"#e06a5d"
7.70262449387002e-06,1,1,0.438502968244954,1,"#e06a5d"
7.70262449387002e-06,1,1,0.438502968244954,1,"#e06a5d"
7.70262449387002e-06,1,1,0.438502968244954,1,"#e06a5d"
7.70262449387002e-06,0.666666666666667,1,0.438502968244954,1,"black"
7.70262449387002e-06,1,1,0.438502968244954,1,"#e06a5d"
7.74295237080128e-06,1,1,0.438502968244954,1,"#e06a5d"
7.78328024773253e-06,1,1,0.438502968244954,1,"#e06a5d"
7.78328024773253e-06,1,1,0.438502968244954,1,"#e06a5d"
7.78328024773253e-06,1,1,0.438502968244954,1,"#e06a5d"
7.78328024773253e-06,1,1,0.438502968244954,1,"#e06a5d"
7.78328024773253e-06,1,1,0.438502968244954,1,"#e06a5d"
7.78328024773253e-06,1,1,0.438502968244954,1,"#e06a5d"
7.78328024773253e-06,1,1,0.438502968244954,1,"#e06a5d"
7.82360812466379e-06,1,1,0.438502968244954,1,"#e06a5d"
7.82360812466379e-06,1,1,0.438502968244954,1,"#e06a5d"
7.82360812466379e-06,1,1,0.438502968244954,1,"#e06a5d"
7.82360812466379e-06,1,1,0.438502968244954,1,"#e06a5d"
7.86393600159505e-06,1,1,0.438502968244954,1,"#e06a5d"
7.86393600159505e-06,1,1,0.438502968244954,1,"#e06a5d"
7.86393600159505e-06,1,1,0.438502968244954,1,"#e06a5d"
7.86393600159505e-06,1,1,0.438502968244954,1,"#e06a5d"
7.86393600159505e-06,1,1,0.438502968244954,1,"#e06a5d"
7.86393600159505e-06,0.333333333333333,1,0.438502968244954,1,"#00a4ac"
7.86393600159505e-06,1,1,0.438502968244954,1,"#e06a5d"
7.86393600159505e-06,1,1,0.438502968244954,1,"#e06a5d"
7.86393600159505e-06,1,1,0.438502968244954,1,"#e06a5d"
7.86393600159505e-06,1,1,0.438502968244954,1,"#e06a5d"
7.86393600159505e-06,1,1,0.438502968244954,1,"#e06a5d"
7.90426387852631e-06,1,1,0.438502968244954,1,"#e06a5d"
7.90426387852631e-06,1,1,0.438502968244954,1,"#e06a5d"
7.90426387852631e-06,1,1,0.438502968244954,1,"#e06a5d"
7.90426387852631e-06,1,1,0.438502968244954,1,"#e06a5d"
7.90426387852631e-06,1,1,0.438502968244954,1,"#e06a5d"
7.90426387852631e-06,1,1,0.438502968244954,1,"#e06a5d"
7.90426387852631e-06,1,1,0.438502968244954,1,"#e06a5d"
7.90426387852631e-06,1,1,0.438502968244954,1,"#e06a5d"
7.90426387852631e-06,1,1,0.438502968244954,1,"#e06a5d"
7.90426387852631e-06,1,1,0.438502968244954,1,"#e06a5d"
7.94459175545756e-06,1,1,0.438502968244954,1,"#e06a5d"
7.94459175545756e-06,1,1,0.438502968244954,1,"#e06a5d"
7.94459175545756e-06,1,1,0.438502968244954,1,"#e06a5d"
7.94459175545756e-06,1,1,0.438502968244954,1,"#e06a5d"
7.94459175545756e-06,1,1,0.438502968244954,1,"#e06a5d"
7.98491963238882e-06,1,1,0.438502968244954,1,"#e06a5d"
8.02524750932007e-06,1,1,0.438502968244954,1,"#e06a5d"
8.02524750932007e-06,1,1,0.438502968244954,1,"#e06a5d"
8.02524750932007e-06,1,1,0.438502968244954,1,"#e06a5d"
8.02524750932007e-06,1,1,0.438502968244954,1,"#e06a5d"
8.02524750932007e-06,1,1,0.438502968244954,1,"#e06a5d"
8.02524750932007e-06,1,1,0.438502968244954,1,"#e06a5d"
8.02524750932007e-06,1,1,0.438502968244954,1,"#e06a5d"
8.02524750932007e-06,1,1,0.438502968244954,1,"#e06a5d"
8.02524750932007e-06,0.666666666666667,1,0.438502968244954,1,"black"
8.06557538625133e-06,1,1,0.438502968244954,1,"#e06a5d"
8.06557538625133e-06,1,1,0.438502968244954,1,"#e06a5d"
8.06557538625133e-06,1,1,0.438502968244954,1,"#e06a5d"
8.06557538625133e-06,1,1,0.438502968244954,1,"#e06a5d"
8.06557538625133e-06,1,1,0.438502968244954,1,"#e06a5d"
8.06557538625133e-06,1,1,0.438502968244954,1,"#e06a5d"
8.06557538625133e-06,1,1,0.438502968244954,1,"#e06a5d"
8.06557538625133e-06,1,1,0.438502968244954,1,"#e06a5d"
8.10590326318259e-06,1,1,0.438502968244954,1,"#e06a5d"
8.10590326318259e-06,1,1,0.438502968244954,1,"#e06a5d"
8.10590326318259e-06,1,1,0.438502968244954,1,"#e06a5d"
8.10590326318259e-06,1,1,0.438502968244954,1,"#e06a5d"
8.10590326318259e-06,1,1,0.438502968244954,1,"#e06a5d"
8.14623114011384e-06,1,1,0.438502968244954,1,"#e06a5d"
8.14623114011384e-06,1,1,0.438502968244954,1,"#e06a5d"
8.14623114011384e-06,1,1,0.438502968244954,1,"#e06a5d"
8.14623114011384e-06,1,1,0.438502968244954,1,"#e06a5d"
8.14623114011384e-06,1,1,0.438502968244954,1,"#e06a5d"
8.14623114011384e-06,1,1,0.438502968244954,1,"#e06a5d"
8.14623114011384e-06,1,1,0.438502968244954,1,"#e06a5d"
8.1865590170451e-06,1,1,0.438502968244954,1,"#e06a5d"
8.1865590170451e-06,1,1,0.438502968244954,1,"#e06a5d"
8.1865590170451e-06,1,1,0.438502968244954,1,"#e06a5d"
8.1865590170451e-06,1,1,0.438502968244954,1,"#e06a5d"
8.1865590170451e-06,1,1,0.438502968244954,1,"#e06a5d"
8.1865590170451e-06,1,1,0.438502968244954,1,"#e06a5d"
8.1865590170451e-06,1,1,0.438502968244954,1,"#e06a5d"
8.1865590170451e-06,1,1,0.438502968244954,1,"#e06a5d"
8.22688689397636e-06,1,1,0.438502968244954,1,"#e06a5d"
8.22688689397636e-06,1,1,0.438502968244954,1,"#e06a5d"
8.22688689397636e-06,1,1,0.438502968244954,1,"#e06a5d"
8.22688689397636e-06,1,1,0.438502968244954,1,"#e06a5d"
8.22688689397636e-06,1,1,0.438502968244954,1,"#e06a5d"
8.22688689397636e-06,1,1,0.438502968244954,1,"#e06a5d"
8.22688689397636e-06,1,1,0.438502968244954,1,"#e06a5d"
8.22688689397636e-06,1,1,0.438502968244954,1,"#e06a5d"
8.26721477090761e-06,1,1,0.438502968244954,1,"#e06a5d"
8.26721477090761e-06,1,1,0.438502968244954,1,"#e06a5d"
8.30754264783887e-06,1,1,0.438502968244954,1,"#e06a5d"
8.30754264783887e-06,1,1,0.438502968244954,1,"#e06a5d"
8.30754264783887e-06,1,1,0.438502968244954,1,"#e06a5d"
8.34787052477013e-06,1,1,0.438502968244954,1,"#e06a5d"
8.34787052477013e-06,1,1,0.438502968244954,1,"#e06a5d"
8.34787052477013e-06,1,1,0.438502968244954,1,"#e06a5d"
8.34787052477013e-06,1,1,0.438502968244954,1,"#e06a5d"
8.38819840170138e-06,1,1,0.438502968244954,1,"#e06a5d"
8.38819840170138e-06,1,1,0.438502968244954,1,"#e06a5d"
8.38819840170138e-06,1,1,0.438502968244954,1,"#e06a5d"
8.42852627863264e-06,1,1,0.438502968244954,1,"#e06a5d"
8.42852627863264e-06,1,1,0.438502968244954,1,"#e06a5d"
8.42852627863264e-06,1,1,0.438502968244954,1,"#e06a5d"
8.42852627863264e-06,1,1,0.438502968244954,1,"#e06a5d"
8.42852627863264e-06,1,1,0.438502968244954,1,"#e06a5d"
8.42852627863264e-06,1,1,0.438502968244954,1,"#e06a5d"
8.42852627863264e-06,1,1,0.438502968244954,1,"#e06a5d"
8.42852627863264e-06,1,1,0.438502968244954,1,"#e06a5d"
8.42852627863264e-06,1,1,0.438502968244954,1,"#e06a5d"
8.4688541555639e-06,1,1,0.438502968244954,1,"#e06a5d"
8.4688541555639e-06,1,1,0.438502968244954,1,"#e06a5d"
8.4688541555639e-06,1,1,0.438502968244954,1,"#e06a5d"
8.4688541555639e-06,1,1,0.438502968244954,1,"#e06a5d"
8.4688541555639e-06,1,1,0.438502968244954,1,"#e06a5d"
8.4688541555639e-06,1,1,0.438502968244954,1,"#e06a5d"
8.50918203249515e-06,1,1,0.438502968244954,1,"#e06a5d"
8.50918203249515e-06,1,1,0.438502968244954,1,"#e06a5d"
8.50918203249515e-06,1,1,0.438502968244954,1,"#e06a5d"
8.54950990942641e-06,1,1,0.438502968244954,1,"#e06a5d"
8.54950990942641e-06,1,1,0.438502968244954,1,"#e06a5d"
8.54950990942641e-06,1,1,0.438502968244954,1,"#e06a5d"
8.54950990942641e-06,1,1,0.438502968244954,1,"#e06a5d"
8.54950990942641e-06,1,1,0.438502968244954,1,"#e06a5d"
8.54950990942641e-06,1,1,0.438502968244954,1,"#e06a5d"
8.54950990942641e-06,1,1,0.438502968244954,1,"#e06a5d"
8.58983778635767e-06,1,1,0.438502968244954,1,"#e06a5d"
8.58983778635767e-06,1,1,0.438502968244954,1,"#e06a5d"
8.58983778635767e-06,1,1,0.438502968244954,1,"#e06a5d"
8.58983778635767e-06,1,1,0.438502968244954,1,"#e06a5d"
8.58983778635767e-06,1,1,0.438502968244954,1,"#e06a5d"
8.63016566328892e-06,1,1,0.438502968244954,1,"#e06a5d"
8.63016566328892e-06,1,1,0.438502968244954,1,"#e06a5d"
8.63016566328892e-06,1,1,0.438502968244954,1,"#e06a5d"
8.67049354022018e-06,1,1,0.438502968244954,1,"#e06a5d"
8.67049354022018e-06,1,1,0.438502968244954,1,"#e06a5d"
8.67049354022018e-06,1,1,0.438502968244954,1,"#e06a5d"
8.67049354022018e-06,1,1,0.438502968244954,1,"#e06a5d"
8.67049354022018e-06,1,1,0.438502968244954,1,"#e06a5d"
8.71082141715144e-06,1,1,0.438502968244954,1,"#e06a5d"
8.71082141715144e-06,1,1,0.438502968244954,1,"#e06a5d"
8.71082141715144e-06,1,1,0.438502968244954,1,"#e06a5d"
8.71082141715144e-06,1,1,0.438502968244954,1,"#e06a5d"
8.71082141715144e-06,1,1,0.438502968244954,1,"#e06a5d"
8.71082141715144e-06,1,1,0.438502968244954,1,"#e06a5d"
8.71082141715144e-06,1,1,0.438502968244954,1,"#e06a5d"
8.75114929408269e-06,1,1,0.438502968244954,1,"#e06a5d"
8.75114929408269e-06,1,1,0.438502968244954,1,"#e06a5d"
8.75114929408269e-06,1,1,0.438502968244954,1,"#e06a5d"
8.75114929408269e-06,1,1,0.438502968244954,1,"#e06a5d"
8.75114929408269e-06,1,1,0.438502968244954,1,"#e06a5d"
8.75114929408269e-06,1,1,0.438502968244954,1,"#e06a5d"
8.75114929408269e-06,1,1,0.438502968244954,1,"#e06a5d"
8.75114929408269e-06,1,1,0.438502968244954,1,"#e06a5d"
8.79147717101395e-06,1,1,0.438502968244954,1,"#e06a5d"
8.79147717101395e-06,1,1,0.438502968244954,1,"#e06a5d"
8.79147717101395e-06,1,1,0.438502968244954,1,"#e06a5d"
8.79147717101395e-06,1,1,0.438502968244954,1,"#e06a5d"
8.79147717101395e-06,1,1,0.438502968244954,1,"#e06a5d"
8.79147717101395e-06,1,1,0.438502968244954,1,"#e06a5d"
8.79147717101395e-06,1,1,0.438502968244954,1,"#e06a5d"
8.83180504794521e-06,1,1,0.438502968244954,1,"#e06a5d"
8.83180504794521e-06,1,1,0.438502968244954,1,"#e06a5d"
8.83180504794521e-06,1,1,0.438502968244954,1,"#e06a5d"
8.83180504794521e-06,1,1,0.438502968244954,1,"#e06a5d"
8.83180504794521e-06,1,1,0.438502968244954,1,"#e06a5d"
8.83180504794521e-06,1,1,0.438502968244954,1,"#e06a5d"
8.83180504794521e-06,1,1,0.438502968244954,1,"#e06a5d"
8.83180504794521e-06,1,1,0.438502968244954,1,"#e06a5d"
8.87213292487646e-06,1,1,0.438502968244954,1,"#e06a5d"
8.87213292487646e-06,1,1,0.438502968244954,1,"#e06a5d"
8.87213292487646e-06,1,1,0.438502968244954,1,"#e06a5d"
8.87213292487646e-06,1,1,0.438502968244954,1,"#e06a5d"
8.87213292487646e-06,1,1,0.438502968244954,1,"#e06a5d"
8.91246080180772e-06,1,1,0.438502968244954,1,"#e06a5d"
8.95278867873898e-06,1,1,0.438502968244954,1,"#e06a5d"
8.95278867873898e-06,1,1,0.438502968244954,1,"#e06a5d"
8.95278867873898e-06,1,1,0.438502968244954,1,"#e06a5d"
8.95278867873898e-06,1,1,0.438502968244954,1,"#e06a5d"
8.95278867873898e-06,1,1,0.438502968244954,1,"#e06a5d"
8.95278867873898e-06,1,1,0.438502968244954,1,"#e06a5d"
8.99311655567023e-06,1,1,0.438502968244954,1,"#e06a5d"
8.99311655567023e-06,1,1,0.438502968244954,1,"#e06a5d"
8.99311655567023e-06,1,1,0.438502968244954,1,"#e06a5d"
8.99311655567023e-06,1,1,0.438502968244954,1,"#e06a5d"
8.99311655567023e-06,1,1,0.438502968244954,1,"#e06a5d"
8.99311655567023e-06,1,1,0.438502968244954,1,"#e06a5d"
8.99311655567023e-06,1,1,0.438502968244954,1,"#e06a5d"
8.99311655567023e-06,1,1,0.438502968244954,1,"#e06a5d"
9.03344443260149e-06,1,1,0.438502968244954,1,"#e06a5d"
9.03344443260149e-06,1,1,0.438502968244954,1,"#e06a5d"
9.03344443260149e-06,1,1,0.438502968244954,1,"#e06a5d"
9.03344443260149e-06,1,1,0.438502968244954,1,"#e06a5d"
9.03344443260149e-06,1,1,0.438502968244954,1,"#e06a5d"
9.03344443260149e-06,1,1,0.438502968244954,1,"#e06a5d"
9.07377230953275e-06,1,1,0.438502968244954,1,"#e06a5d"
9.07377230953275e-06,1,1,0.438502968244954,1,"#e06a5d"
9.07377230953275e-06,1,1,0.438502968244954,1,"#e06a5d"
9.07377230953275e-06,1,1,0.438502968244954,1,"#e06a5d"
9.07377230953275e-06,1,1,0.438502968244954,1,"#e06a5d"
9.07377230953275e-06,1,1,0.438502968244954,1,"#e06a5d"
9.07377230953275e-06,1,1,0.438502968244954,1,"#e06a5d"
9.07377230953275e-06,1,1,0.438502968244954,1,"#e06a5d"
9.114100186464e-06,1,1,0.438502968244954,1,"#e06a5d"
9.114100186464e-06,1,1,0.438502968244954,1,"#e06a5d"
9.114100186464e-06,1,1,0.438502968244954,1,"#e06a5d"
9.15442806339526e-06,1,1,0.438502968244954,1,"#e06a5d"
9.15442806339526e-06,1,1,0.438502968244954,1,"#e06a5d"
9.15442806339526e-06,1,1,0.438502968244954,1,"#e06a5d"
9.15442806339526e-06,1,1,0.438502968244954,1,"#e06a5d"
9.19475594032652e-06,1,1,0.438502968244954,1,"#e06a5d"
9.19475594032652e-06,1,1,0.438502968244954,1,"#e06a5d"
9.19475594032652e-06,1,1,0.438502968244954,1,"#e06a5d"
9.19475594032652e-06,1,1,0.438502968244954,1,"#e06a5d"
9.23508381725777e-06,1,1,0.438502968244954,1,"#e06a5d"
9.23508381725777e-06,1,1,0.438502968244954,1,"#e06a5d"
9.23508381725777e-06,1,1,0.438502968244954,1,"#e06a5d"
9.23508381725777e-06,1,1,0.438502968244954,1,"#e06a5d"
9.23508381725777e-06,1,1,0.438502968244954,1,"#e06a5d"
9.23508381725777e-06,1,1,0.438502968244954,1,"#e06a5d"
9.27541169418903e-06,1,1,0.438502968244954,1,"#e06a5d"
9.27541169418903e-06,1,1,0.438502968244954,1,"#e06a5d"
9.27541169418903e-06,1,1,0.438502968244954,1,"#e06a5d"
9.31573957112029e-06,1,1,0.438502968244954,1,"#e06a5d"
9.31573957112029e-06,1,1,0.438502968244954,1,"#e06a5d"
9.31573957112029e-06,1,1,0.438502968244954,1,"#e06a5d"
9.31573957112029e-06,1,1,0.438502968244954,1,"#e06a5d"
9.35606744805154e-06,1,1,0.438502968244954,1,"#e06a5d"
9.35606744805154e-06,1,1,0.438502968244954,1,"#e06a5d"
9.35606744805154e-06,1,1,0.438502968244954,1,"#e06a5d"
9.35606744805154e-06,1,1,0.438502968244954,1,"#e06a5d"
9.3963953249828e-06,1,1,0.438502968244954,1,"#e06a5d"
9.3963953249828e-06,1,1,0.438502968244954,1,"#e06a5d"
9.3963953249828e-06,1,1,0.438502968244954,1,"#e06a5d"
9.43672320191406e-06,1,1,0.438502968244954,1,"#e06a5d"
9.43672320191406e-06,1,1,0.438502968244954,1,"#e06a5d"
9.43672320191406e-06,1,1,0.438502968244954,1,"#e06a5d"
9.43672320191406e-06,1,1,0.438502968244954,1,"#e06a5d"
9.47705107884531e-06,1,1,0.438502968244954,1,"#e06a5d"
9.47705107884531e-06,1,1,0.438502968244954,1,"#e06a5d"
9.47705107884531e-06,1,1,0.438502968244954,1,"#e06a5d"
9.51737895577657e-06,1,1,0.438502968244954,1,"#e06a5d"
9.51737895577657e-06,1,1,0.438502968244954,1,"#e06a5d"
9.51737895577657e-06,1,1,0.438502968244954,1,"#e06a5d"
9.51737895577657e-06,1,1,0.438502968244954,1,"#e06a5d"
9.51737895577657e-06,1,1,0.438502968244954,1,"#e06a5d"
9.51737895577657e-06,1,1,0.438502968244954,1,"#e06a5d"
9.51737895577657e-06,1,1,0.438502968244954,1,"#e06a5d"
9.55770683270783e-06,1,1,0.438502968244954,1,"#e06a5d"
9.55770683270783e-06,1,1,0.438502968244954,1,"#e06a5d"
9.55770683270783e-06,1,1,0.438502968244954,1,"#e06a5d"
9.55770683270783e-06,1,1,0.438502968244954,1,"#e06a5d"
9.59803470963908e-06,1,1,0.438502968244954,1,"#e06a5d"
9.59803470963908e-06,1,1,0.438502968244954,1,"#e06a5d"
9.59803470963908e-06,1,1,0.438502968244954,1,"#e06a5d"
9.59803470963908e-06,1,1,0.438502968244954,1,"#e06a5d"
9.59803470963908e-06,1,1,0.438502968244954,1,"#e06a5d"
9.59803470963908e-06,1,1,0.438502968244954,1,"#e06a5d"
9.59803470963908e-06,1,1,0.438502968244954,1,"#e06a5d"
9.59803470963908e-06,1,1,0.438502968244954,1,"#e06a5d"
9.59803470963908e-06,1,1,0.438502968244954,1,"#e06a5d"
9.63836258657034e-06,1,1,0.438502968244954,1,"#e06a5d"
9.63836258657034e-06,1,1,0.438502968244954,1,"#e06a5d"
9.6786904635016e-06,1,1,0.438502968244954,1,"#e06a5d"
9.6786904635016e-06,1,1,0.438502968244954,1,"#e06a5d"
9.6786904635016e-06,1,1,0.438502968244954,1,"#e06a5d"
9.6786904635016e-06,1,1,0.438502968244954,1,"#e06a5d"
9.6786904635016e-06,1,1,0.438502968244954,1,"#e06a5d"
9.6786904635016e-06,1,1,0.438502968244954,1,"#e06a5d"
9.6786904635016e-06,1,1,0.438502968244954,1,"#e06a5d"
9.71901834043285e-06,1,1,0.438502968244954,1,"#e06a5d"
9.71901834043285e-06,1,1,0.438502968244954,1,"#e06a5d"
9.71901834043285e-06,1,1,0.438502968244954,1,"#e06a5d"
9.71901834043285e-06,1,1,0.438502968244954,1,"#e06a5d"
9.75934621736411e-06,1,1,0.438502968244954,1,"#e06a5d"
9.75934621736411e-06,1,1,0.438502968244954,1,"#e06a5d"
9.79967409429537e-06,1,1,0.438502968244954,1,"#e06a5d"
9.79967409429537e-06,1,1,0.438502968244954,1,"#e06a5d"
9.84000197122662e-06,1,1,0.438502968244954,1,"#e06a5d"
9.84000197122662e-06,1,1,0.438502968244954,1,"#e06a5d"
9.84000197122662e-06,1,1,0.438502968244954,1,"#e06a5d"
9.88032984815788e-06,1,1,0.438502968244954,1,"#e06a5d"
9.88032984815788e-06,1,1,0.438502968244954,1,"#e06a5d"
9.88032984815788e-06,1,1,0.438502968244954,1,"#e06a5d"
9.88032984815788e-06,1,1,0.438502968244954,1,"#e06a5d"
9.88032984815788e-06,1,1,0.438502968244954,1,"#e06a5d"
9.88032984815788e-06,1,1,0.438502968244954,1,"#e06a5d"
9.88032984815788e-06,1,1,0.438502968244954,1,"#e06a5d"
9.88032984815788e-06,1,1,0.438502968244954,1,"#e06a5d"
9.92065772508914e-06,1,1,0.438502968244954,1,"#e06a5d"
9.92065772508914e-06,1,1,0.438502968244954,1,"#e06a5d"
9.92065772508914e-06,1,1,0.438502968244954,1,"#e06a5d"
9.92065772508914e-06,1,1,0.438502968244954,1,"#e06a5d"
9.92065772508914e-06,1,1,0.438502968244954,1,"#e06a5d"
9.96098560202039e-06,1,1,0.438502968244954,1,"#e06a5d"
9.96098560202039e-06,1,1,0.438502968244954,1,"#e06a5d"
9.96098560202039e-06,1,1,0.438502968244954,1,"#e06a5d"
1.00013134789517e-05,1,1,0.438502968244954,1,"#e06a5d"
1.00013134789517e-05,1,1,0.438502968244954,1,"#e06a5d"
1.00416413558829e-05,1,1,0.438502968244954,1,"#e06a5d"
1.00416413558829e-05,1,1,0.438502968244954,1,"#e06a5d"
1.00416413558829e-05,1,1,0.438502968244954,1,"#e06a5d"
1.00819692328142e-05,1,1,0.438502968244954,1,"#e06a5d"
1.00819692328142e-05,1,1,0.438502968244954,1,"#e06a5d"
1.00819692328142e-05,1,1,0.438502968244954,1,"#e06a5d"
1.00819692328142e-05,1,1,0.438502968244954,1,"#e06a5d"
1.00819692328142e-05,1,1,0.438502968244954,1,"#e06a5d"
1.01222971097454e-05,1,1,0.438502968244954,1,"#e06a5d"
1.01222971097454e-05,1,1,0.438502968244954,1,"#e06a5d"
1.01222971097454e-05,1,1,0.438502968244954,1,"#e06a5d"
1.01222971097454e-05,1,1,0.438502968244954,1,"#e06a5d"
1.01222971097454e-05,1,1,0.438502968244954,1,"#e06a5d"
1.01222971097454e-05,1,1,0.438502968244954,1,"#e06a5d"
1.01626249866767e-05,1,1,0.438502968244954,1,"#e06a5d"
1.02029528636079e-05,1,1,0.438502968244954,1,"#e06a5d"
1.02029528636079e-05,1,1,0.438502968244954,1,"#e06a5d"
1.02029528636079e-05,1,1,0.438502968244954,1,"#e06a5d"
1.02029528636079e-05,1,1,0.438502968244954,1,"#e06a5d"
1.02029528636079e-05,1,1,0.438502968244954,1,"#e06a5d"
1.02029528636079e-05,1,1,0.438502968244954,1,"#e06a5d"
1.02029528636079e-05,1,1,0.438502968244954,1,"#e06a5d"
1.02432807405392e-05,1,1,0.438502968244954,1,"#e06a5d"
1.02432807405392e-05,1,1,0.438502968244954,1,"#e06a5d"
1.02432807405392e-05,0.666666666666667,1,0.438502968244954,1,"black"
1.02836086174704e-05,1,1,0.438502968244954,1,"#e06a5d"
1.02836086174704e-05,1,1,0.438502968244954,1,"#e06a5d"
1.02836086174704e-05,1,1,0.438502968244954,1,"#e06a5d"
1.03239364944017e-05,1,1,0.438502968244954,1,"#e06a5d"
1.03239364944017e-05,1,1,0.438502968244954,1,"#e06a5d"
1.03239364944017e-05,1,1,0.438502968244954,1,"#e06a5d"
1.0364264371333e-05,1,1,0.438502968244954,1,"#e06a5d"
1.0364264371333e-05,1,1,0.438502968244954,1,"#e06a5d"
1.0364264371333e-05,1,1,0.438502968244954,1,"#e06a5d"
1.04045922482642e-05,1,1,0.438502968244954,1,"#e06a5d"
1.04045922482642e-05,1,1,0.438502968244954,1,"#e06a5d"
1.04045922482642e-05,1,1,0.438502968244954,1,"#e06a5d"
1.04449201251955e-05,1,1,0.438502968244954,1,"#e06a5d"
1.04449201251955e-05,1,1,0.438502968244954,1,"#e06a5d"
1.04449201251955e-05,1,1,0.438502968244954,1,"#e06a5d"
1.04449201251955e-05,1,1,0.438502968244954,1,"#e06a5d"
1.04449201251955e-05,1,1,0.438502968244954,1,"#e06a5d"
1.04449201251955e-05,1,1,0.438502968244954,1,"#e06a5d"
1.04449201251955e-05,1,1,0.438502968244954,1,"#e06a5d"
1.04852480021267e-05,1,1,0.438502968244954,1,"#e06a5d"
1.04852480021267e-05,1,1,0.438502968244954,1,"#e06a5d"
1.04852480021267e-05,1,1,0.438502968244954,1,"#e06a5d"
1.04852480021267e-05,1,1,0.438502968244954,1,"#e06a5d"
1.04852480021267e-05,1,1,0.438502968244954,1,"#e06a5d"
1.04852480021267e-05,1,1,0.438502968244954,1,"#e06a5d"
1.04852480021267e-05,1,1,0.438502968244954,1,"#e06a5d"
1.0525575879058e-05,1,1,0.438502968244954,1,"#e06a5d"
1.05659037559892e-05,1,1,0.438502968244954,1,"#e06a5d"
1.05659037559892e-05,1,1,0.438502968244954,1,"#e06a5d"
1.05659037559892e-05,1,1,0.438502968244954,1,"#e06a5d"
1.05659037559892e-05,1,1,0.438502968244954,1,"#e06a5d"
1.05659037559892e-05,1,1,0.438502968244954,1,"#e06a5d"
1.05659037559892e-05,1,1,0.438502968244954,1,"#e06a5d"
1.06062316329205e-05,1,1,0.438502968244954,1,"#e06a5d"
1.06062316329205e-05,1,1,0.438502968244954,1,"#e06a5d"
1.06062316329205e-05,1,1,0.438502968244954,1,"#e06a5d"
1.06062316329205e-05,1,1,0.438502968244954,1,"#e06a5d"
1.06465595098518e-05,1,1,0.438502968244954,1,"#e06a5d"
1.06465595098518e-05,1,1,0.438502968244954,1,"#e06a5d"
1.0686887386783e-05,1,1,0.438502968244954,1,"#e06a5d"
1.0686887386783e-05,1,1,0.438502968244954,1,"#e06a5d"
1.0686887386783e-05,1,1,0.438502968244954,1,"#e06a5d"
1.07272152637143e-05,1,1,0.438502968244954,1,"#e06a5d"
1.07675431406455e-05,1,1,0.438502968244954,1,"#e06a5d"
1.07675431406455e-05,1,1,0.438502968244954,1,"#e06a5d"
1.07675431406455e-05,1,1,0.438502968244954,1,"#e06a5d"
1.07675431406455e-05,1,1,0.438502968244954,1,"#e06a5d"
1.0848198894508e-05,1,1,0.438502968244954,1,"#e06a5d"
1.0848198894508e-05,1,1,0.438502968244954,1,"#e06a5d"
1.0848198894508e-05,1,1,0.438502968244954,1,"#e06a5d"
1.0848198894508e-05,1,1,0.438502968244954,1,"#e06a5d"
1.0848198894508e-05,1,1,0.438502968244954,1,"#e06a5d"
1.08885267714393e-05,1,1,0.438502968244954,1,"#e06a5d"
1.08885267714393e-05,1,1,0.438502968244954,1,"#e06a5d"
1.08885267714393e-05,1,1,0.438502968244954,1,"#e06a5d"
1.08885267714393e-05,1,1,0.438502968244954,1,"#e06a5d"
1.09288546483706e-05,1,1,0.438502968244954,1,"#e06a5d"
1.09288546483706e-05,1,1,0.438502968244954,1,"#e06a5d"
1.09691825253018e-05,1,1,0.438502968244954,1,"#e06a5d"
1.09691825253018e-05,1,1,0.438502968244954,1,"#e06a5d"
1.09691825253018e-05,1,1,0.438502968244954,1,"#e06a5d"
1.10095104022331e-05,1,1,0.438502968244954,1,"#e06a5d"
1.10095104022331e-05,1,1,0.438502968244954,1,"#e06a5d"
1.10095104022331e-05,1,1,0.438502968244954,1,"#e06a5d"
1.10095104022331e-05,1,1,0.438502968244954,1,"#e06a5d"
1.10095104022331e-05,1,1,0.438502968244954,1,"#e06a5d"
1.10095104022331e-05,1,1,0.438502968244954,1,"#e06a5d"
1.10095104022331e-05,1,1,0.438502968244954,1,"#e06a5d"
1.10498382791643e-05,1,1,0.438502968244954,1,"#e06a5d"
1.10498382791643e-05,1,1,0.438502968244954,1,"#e06a5d"
1.10498382791643e-05,1,1,0.438502968244954,1,"#e06a5d"
1.10498382791643e-05,1,1,0.438502968244954,1,"#e06a5d"
1.10498382791643e-05,1,1,0.438502968244954,1,"#e06a5d"
1.10498382791643e-05,1,1,0.438502968244954,1,"#e06a5d"
1.10901661560956e-05,1,1,0.438502968244954,1,"#e06a5d"
1.10901661560956e-05,1,1,0.438502968244954,1,"#e06a5d"
1.10901661560956e-05,1,1,0.438502968244954,1,"#e06a5d"
1.10901661560956e-05,1,1,0.438502968244954,1,"#e06a5d"
1.10901661560956e-05,1,1,0.438502968244954,1,"#e06a5d"
1.11304940330268e-05,1,1,0.438502968244954,1,"#e06a5d"
1.11304940330268e-05,1,1,0.438502968244954,1,"#e06a5d"
1.11304940330268e-05,1,1,0.438502968244954,1,"#e06a5d"
1.11708219099581e-05,1,1,0.438502968244954,1,"#e06a5d"
1.11708219099581e-05,1,1,0.438502968244954,1,"#e06a5d"
1.11708219099581e-05,1,1,0.438502968244954,1,"#e06a5d"
1.11708219099581e-05,1,1,0.438502968244954,1,"#e06a5d"
1.11708219099581e-05,1,1,0.438502968244954,1,"#e06a5d"
1.12111497868894e-05,1,1,0.438502968244954,1,"#e06a5d"
1.12111497868894e-05,1,1,0.438502968244954,1,"#e06a5d"
1.12514776638206e-05,1,1,0.438502968244954,1,"#e06a5d"
1.12514776638206e-05,1,1,0.438502968244954,1,"#e06a5d"
1.12918055407519e-05,1,1,0.438502968244954,1,"#e06a5d"
1.12918055407519e-05,1,1,0.438502968244954,1,"#e06a5d"
1.12918055407519e-05,1,1,0.438502968244954,1,"#e06a5d"
1.12918055407519e-05,1,1,0.438502968244954,1,"#e06a5d"
1.13321334176831e-05,1,1,0.438502968244954,1,"#e06a5d"
1.13321334176831e-05,1,1,0.438502968244954,1,"#e06a5d"
1.13321334176831e-05,1,1,0.438502968244954,1,"#e06a5d"
1.13321334176831e-05,1,1,0.438502968244954,1,"#e06a5d"
1.13321334176831e-05,1,1,0.438502968244954,1,"#e06a5d"
1.13321334176831e-05,1,1,0.438502968244954,1,"#e06a5d"
1.13321334176831e-05,1,1,0.438502968244954,1,"#e06a5d"
1.13321334176831e-05,1,1,0.438502968244954,1,"#e06a5d"
1.13724612946144e-05,1,1,0.438502968244954,1,"#e06a5d"
1.13724612946144e-05,1,1,0.438502968244954,1,"#e06a5d"
1.14127891715456e-05,1,1,0.438502968244954,1,"#e06a5d"
1.14127891715456e-05,1,1,0.438502968244954,1,"#e06a5d"
1.14127891715456e-05,0.666666666666667,1,0.438502968244954,1,"black"
1.14127891715456e-05,1,1,0.438502968244954,1,"#e06a5d"
1.14127891715456e-05,1,1,0.438502968244954,1,"#e06a5d"
1.14127891715456e-05,1,1,0.438502968244954,1,"#e06a5d"
1.14531170484769e-05,1,1,0.438502968244954,1,"#e06a5d"
1.14934449254081e-05,1,1,0.438502968244954,1,"#e06a5d"
1.14934449254081e-05,1,1,0.438502968244954,1,"#e06a5d"
1.14934449254081e-05,1,1,0.438502968244954,1,"#e06a5d"
1.14934449254081e-05,1,1,0.438502968244954,1,"#e06a5d"
1.15337728023394e-05,1,1,0.438502968244954,1,"#e06a5d"
1.15337728023394e-05,1,1,0.438502968244954,1,"#e06a5d"
1.15741006792707e-05,1,1,0.438502968244954,1,"#e06a5d"
1.15741006792707e-05,1,1,0.438502968244954,1,"#e06a5d"
1.15741006792707e-05,1,1,0.438502968244954,1,"#e06a5d"
1.15741006792707e-05,1,1,0.438502968244954,1,"#e06a5d"
1.15741006792707e-05,1,1,0.438502968244954,1,"#e06a5d"
1.16144285562019e-05,1,1,0.438502968244954,1,"#e06a5d"
1.16144285562019e-05,1,1,0.438502968244954,1,"#e06a5d"
1.16547564331332e-05,1,1,0.438502968244954,1,"#e06a5d"
1.16547564331332e-05,1,1,0.438502968244954,1,"#e06a5d"
1.16950843100644e-05,1,1,0.438502968244954,1,"#e06a5d"
1.16950843100644e-05,1,1,0.438502968244954,1,"#e06a5d"
1.16950843100644e-05,1,1,0.438502968244954,1,"#e06a5d"
1.17354121869957e-05,1,1,0.438502968244954,1,"#e06a5d"
1.17757400639269e-05,1,1,0.438502968244954,1,"#e06a5d"
1.17757400639269e-05,1,1,0.438502968244954,1,"#e06a5d"
1.17757400639269e-05,1,1,0.438502968244954,1,"#e06a5d"
1.17757400639269e-05,1,1,0.438502968244954,1,"#e06a5d"
1.18160679408582e-05,1,1,0.438502968244954,1,"#e06a5d"
1.18160679408582e-05,1,1,0.438502968244954,1,"#e06a5d"
1.18160679408582e-05,1,1,0.438502968244954,1,"#e06a5d"
1.18160679408582e-05,1,1,0.438502968244954,1,"#e06a5d"
1.18563958177895e-05,1,1,0.438502968244954,1,"#e06a5d"
1.18563958177895e-05,1,1,0.438502968244954,1,"#e06a5d"
1.18563958177895e-05,1,1,0.438502968244954,1,"#e06a5d"
1.18563958177895e-05,1,1,0.438502968244954,1,"#e06a5d"
1.18563958177895e-05,1,1,0.438502968244954,1,"#e06a5d"
1.18563958177895e-05,1,1,0.438502968244954,1,"#e06a5d"
1.18967236947207e-05,0.666666666666667,1,0.438502968244954,1,"black"
1.18967236947207e-05,1,1,0.438502968244954,1,"#e06a5d"
1.18967236947207e-05,1,1,0.438502968244954,1,"#e06a5d"
1.18967236947207e-05,1,1,0.438502968244954,1,"#e06a5d"
1.18967236947207e-05,1,1,0.438502968244954,1,"#e06a5d"
1.1937051571652e-05,1,1,0.438502968244954,1,"#e06a5d"
1.1937051571652e-05,1,1,0.438502968244954,1,"#e06a5d"
1.1937051571652e-05,1,1,0.438502968244954,1,"#e06a5d"
1.1937051571652e-05,1,1,0.438502968244954,1,"#e06a5d"
1.1937051571652e-05,1,1,0.438502968244954,1,"#e06a5d"
1.19773794485832e-05,1,1,0.438502968244954,1,"#e06a5d"
1.19773794485832e-05,1,1,0.438502968244954,1,"#e06a5d"
1.19773794485832e-05,1,1,0.438502968244954,1,"#e06a5d"
1.20177073255145e-05,1,1,0.438502968244954,1,"#e06a5d"
1.20177073255145e-05,1,1,0.438502968244954,1,"#e06a5d"
1.20177073255145e-05,1,1,0.438502968244954,1,"#e06a5d"
1.20177073255145e-05,1,1,0.438502968244954,1,"#e06a5d"
1.20177073255145e-05,1,1,0.438502968244954,1,"#e06a5d"
1.20580352024457e-05,1,1,0.438502968244954,1,"#e06a5d"
1.20580352024457e-05,1,1,0.438502968244954,1,"#e06a5d"
1.20580352024457e-05,1,1,0.438502968244954,1,"#e06a5d"
1.20580352024457e-05,1,1,0.438502968244954,1,"#e06a5d"
1.2098363079377e-05,1,1,0.438502968244954,1,"#e06a5d"
1.2098363079377e-05,1,1,0.438502968244954,1,"#e06a5d"
1.2098363079377e-05,1,1,0.438502968244954,1,"#e06a5d"
1.2098363079377e-05,1,1,0.438502968244954,1,"#e06a5d"
1.21386909563083e-05,1,1,0.438502968244954,1,"#e06a5d"
1.21386909563083e-05,1,1,0.438502968244954,1,"#e06a5d"
1.21386909563083e-05,1,1,0.438502968244954,1,"#e06a5d"
1.21386909563083e-05,1,1,0.438502968244954,1,"#e06a5d"
1.21386909563083e-05,1,1,0.438502968244954,1,"#e06a5d"
1.21386909563083e-05,1,1,0.438502968244954,1,"#e06a5d"
1.21386909563083e-05,1,1,0.438502968244954,1,"#e06a5d"
1.21790188332395e-05,1,1,0.438502968244954,1,"#e06a5d"
1.21790188332395e-05,1,1,0.438502968244954,1,"#e06a5d"
1.21790188332395e-05,1,1,0.438502968244954,1,"#e06a5d"
1.21790188332395e-05,1,1,0.438502968244954,1,"#e06a5d"
1.22193467101708e-05,1,1,0.438502968244954,1,"#e06a5d"
1.22193467101708e-05,1,1,0.438502968244954,1,"#e06a5d"
1.22193467101708e-05,1,1,0.438502968244954,1,"#e06a5d"
1.22193467101708e-05,1,1,0.438502968244954,1,"#e06a5d"
1.2259674587102e-05,1,1,0.438502968244954,1,"#e06a5d"
1.2259674587102e-05,1,1,0.438502968244954,1,"#e06a5d"
1.2259674587102e-05,1,1,0.438502968244954,1,"#e06a5d"
1.2259674587102e-05,1,1,0.438502968244954,1,"#e06a5d"
1.2259674587102e-05,1,1,0.438502968244954,1,"#e06a5d"
1.2259674587102e-05,1,1,0.438502968244954,1,"#e06a5d"
1.2259674587102e-05,1,1,0.438502968244954,1,"#e06a5d"
1.23000024640333e-05,1,1,0.438502968244954,1,"#e06a5d"
1.23000024640333e-05,1,1,0.438502968244954,1,"#e06a5d"
1.23000024640333e-05,1,1,0.438502968244954,1,"#e06a5d"
1.23000024640333e-05,1,1,0.438502968244954,1,"#e06a5d"
1.23000024640333e-05,1,1,0.438502968244954,1,"#e06a5d"
1.23403303409645e-05,1,1,0.438502968244954,1,"#e06a5d"
1.23403303409645e-05,1,1,0.438502968244954,1,"#e06a5d"
1.23403303409645e-05,1,1,0.438502968244954,1,"#e06a5d"
1.23403303409645e-05,1,1,0.438502968244954,1,"#e06a5d"
1.23806582178958e-05,1,1,0.438502968244954,1,"#e06a5d"
1.23806582178958e-05,1,1,0.438502968244954,1,"#e06a5d"
1.23806582178958e-05,1,1,0.438502968244954,1,"#e06a5d"
1.23806582178958e-05,1,1,0.438502968244954,1,"#e06a5d"
1.24209860948271e-05,1,1,0.438502968244954,1,"#e06a5d"
1.24209860948271e-05,1,1,0.438502968244954,1,"#e06a5d"
1.24613139717583e-05,1,1,0.438502968244954,1,"#e06a5d"
1.24613139717583e-05,1,1,0.438502968244954,1,"#e06a5d"
1.24613139717583e-05,1,1,0.438502968244954,1,"#e06a5d"
1.24613139717583e-05,1,1,0.438502968244954,1,"#e06a5d"
1.25016418486896e-05,1,1,0.438502968244954,1,"#e06a5d"
1.25016418486896e-05,1,1,0.438502968244954,1,"#e06a5d"
1.25016418486896e-05,1,1,0.438502968244954,1,"#e06a5d"
1.25016418486896e-05,1,1,0.438502968244954,1,"#e06a5d"
1.25419697256208e-05,1,1,0.438502968244954,1,"#e06a5d"
1.25419697256208e-05,1,1,0.438502968244954,1,"#e06a5d"
1.25822976025521e-05,1,1,0.438502968244954,1,"#e06a5d"
1.25822976025521e-05,1,1,0.438502968244954,1,"#e06a5d"
1.25822976025521e-05,1,1,0.438502968244954,1,"#e06a5d"
1.25822976025521e-05,1,1,0.438502968244954,1,"#e06a5d"
1.25822976025521e-05,1,1,0.438502968244954,1,"#e06a5d"
1.26226254794833e-05,1,1,0.438502968244954,1,"#e06a5d"
1.26226254794833e-05,1,1,0.438502968244954,1,"#e06a5d"
1.26226254794833e-05,1,1,0.438502968244954,1,"#e06a5d"
1.26226254794833e-05,1,1,0.438502968244954,1,"#e06a5d"
1.26226254794833e-05,1,1,0.438502968244954,1,"#e06a5d"
1.26226254794833e-05,1,1,0.438502968244954,1,"#e06a5d"
1.26629533564146e-05,1,1,0.438502968244954,1,"#e06a5d"
1.26629533564146e-05,1,1,0.438502968244954,1,"#e06a5d"
1.27032812333458e-05,1,1,0.438502968244954,1,"#e06a5d"
1.27839369872084e-05,1,1,0.438502968244954,1,"#e06a5d"
1.27839369872084e-05,1,1,0.438502968244954,1,"#e06a5d"
1.27839369872084e-05,1,1,0.438502968244954,1,"#e06a5d"
1.27839369872084e-05,1,1,0.438502968244954,1,"#e06a5d"
1.27839369872084e-05,1,1,0.438502968244954,1,"#e06a5d"
1.27839369872084e-05,1,1,0.438502968244954,1,"#e06a5d"
1.28242648641396e-05,1,1,0.438502968244954,1,"#e06a5d"
1.28242648641396e-05,1,1,0.438502968244954,1,"#e06a5d"
1.28242648641396e-05,1,1,0.438502968244954,1,"#e06a5d"
1.28242648641396e-05,1,1,0.438502968244954,1,"#e06a5d"
1.28242648641396e-05,1,1,0.438502968244954,1,"#e06a5d"
1.28242648641396e-05,1,1,0.438502968244954,1,"#e06a5d"
1.28242648641396e-05,1,1,0.438502968244954,1,"#e06a5d"
1.28645927410709e-05,1,1,0.438502968244954,1,"#e06a5d"
1.28645927410709e-05,1,1,0.438502968244954,1,"#e06a5d"
1.28645927410709e-05,1,1,0.438502968244954,1,"#e06a5d"
1.29049206180021e-05,1,1,0.438502968244954,1,"#e06a5d"
1.29049206180021e-05,1,1,0.438502968244954,1,"#e06a5d"
1.29049206180021e-05,1,1,0.438502968244954,1,"#e06a5d"
1.29049206180021e-05,1,1,0.438502968244954,1,"#e06a5d"
1.29452484949334e-05,1,1,0.438502968244954,1,"#e06a5d"
1.29452484949334e-05,1,1,0.438502968244954,1,"#e06a5d"
1.29452484949334e-05,1,1,0.438502968244954,1,"#e06a5d"
1.29855763718646e-05,1,1,0.438502968244954,1,"#e06a5d"
1.29855763718646e-05,1,1,0.438502968244954,1,"#e06a5d"
1.29855763718646e-05,1,1,0.438502968244954,1,"#e06a5d"
1.29855763718646e-05,1,1,0.438502968244954,1,"#e06a5d"
1.29855763718646e-05,1,1,0.438502968244954,1,"#e06a5d"
1.29855763718646e-05,1,1,0.438502968244954,1,"#e06a5d"
1.29855763718646e-05,1,1,0.438502968244954,1,"#e06a5d"
1.29855763718646e-05,1,1,0.438502968244954,1,"#e06a5d"
1.29855763718646e-05,1,1,0.438502968244954,1,"#e06a5d"
1.29855763718646e-05,1,1,0.438502968244954,1,"#e06a5d"
1.29855763718646e-05,1,1,0.438502968244954,1,"#e06a5d"
1.29855763718646e-05,1,1,0.438502968244954,1,"#e06a5d"
1.30662321257272e-05,1,1,0.438502968244954,1,"#e06a5d"
1.30662321257272e-05,1,1,0.438502968244954,1,"#e06a5d"
1.31065600026584e-05,1,1,0.438502968244954,1,"#e06a5d"
1.31065600026584e-05,1,1,0.438502968244954,1,"#e06a5d"
1.31065600026584e-05,1,1,0.438502968244954,1,"#e06a5d"
1.31065600026584e-05,1,1,0.438502968244954,1,"#e06a5d"
1.31468878795897e-05,1,1,0.438502968244954,1,"#e06a5d"
1.31468878795897e-05,1,1,0.438502968244954,1,"#e06a5d"
1.31468878795897e-05,1,1,0.438502968244954,1,"#e06a5d"
1.31872157565209e-05,1,1,0.438502968244954,1,"#e06a5d"
1.31872157565209e-05,1,1,0.438502968244954,1,"#e06a5d"
1.32275436334522e-05,1,1,0.438502968244954,1,"#e06a5d"
1.32678715103834e-05,1,1,0.438502968244954,1,"#e06a5d"
1.33081993873147e-05,1,1,0.438502968244954,1,"#e06a5d"
1.33081993873147e-05,1,1,0.438502968244954,1,"#e06a5d"
1.33081993873147e-05,1,1,0.438502968244954,1,"#e06a5d"
1.3348527264246e-05,1,1,0.438502968244954,1,"#e06a5d"
1.3348527264246e-05,1,1,0.438502968244954,1,"#e06a5d"
1.3348527264246e-05,1,1,0.438502968244954,1,"#e06a5d"
1.33888551411772e-05,1,1,0.438502968244954,1,"#e06a5d"
1.33888551411772e-05,1,1,0.438502968244954,1,"#e06a5d"
1.33888551411772e-05,1,1,0.438502968244954,1,"#e06a5d"
1.34291830181085e-05,1,1,0.438502968244954,1,"#e06a5d"
1.34291830181085e-05,1,1,0.438502968244954,1,"#e06a5d"
1.34291830181085e-05,1,1,0.438502968244954,1,"#e06a5d"
1.34291830181085e-05,1,1,0.438502968244954,1,"#e06a5d"
1.34291830181085e-05,1,1,0.438502968244954,1,"#e06a5d"
1.34291830181085e-05,1,1,0.438502968244954,1,"#e06a5d"
1.34695108950397e-05,1,1,0.438502968244954,1,"#e06a5d"
1.34695108950397e-05,1,1,0.438502968244954,1,"#e06a5d"
1.34695108950397e-05,1,1,0.438502968244954,1,"#e06a5d"
1.3509838771971e-05,1,1,0.438502968244954,1,"#e06a5d"
1.3509838771971e-05,1,1,0.438502968244954,1,"#e06a5d"
1.35501666489022e-05,1,1,0.438502968244954,1,"#e06a5d"
1.35904945258335e-05,1,1,0.438502968244954,1,"#e06a5d"
1.35904945258335e-05,1,1,0.438502968244954,1,"#e06a5d"
1.35904945258335e-05,1,1,0.438502968244954,1,"#e06a5d"
1.36308224027648e-05,1,1,0.438502968244954,1,"#e06a5d"
1.3671150279696e-05,1,1,0.438502968244954,1,"#e06a5d"
1.3671150279696e-05,1,1,0.438502968244954,1,"#e06a5d"
1.3671150279696e-05,1,1,0.438502968244954,1,"#e06a5d"
1.37114781566273e-05,1,1,0.438502968244954,1,"#e06a5d"
1.37114781566273e-05,1,1,0.438502968244954,1,"#e06a5d"
1.37114781566273e-05,1,1,0.438502968244954,1,"#e06a5d"
1.37114781566273e-05,1,1,0.438502968244954,1,"#e06a5d"
1.37114781566273e-05,1,1,0.438502968244954,1,"#e06a5d"
1.37518060335585e-05,1,1,0.438502968244954,1,"#e06a5d"
1.37518060335585e-05,1,1,0.438502968244954,1,"#e06a5d"
1.37921339104898e-05,1,1,0.438502968244954,1,"#e06a5d"
1.3832461787421e-05,1,1,0.438502968244954,1,"#e06a5d"
1.3832461787421e-05,1,1,0.438502968244954,1,"#e06a5d"
1.38727896643523e-05,1,1,0.438502968244954,1,"#e06a5d"
1.38727896643523e-05,1,1,0.438502968244954,1,"#e06a5d"
1.39131175412835e-05,1,1,0.438502968244954,1,"#e06a5d"
1.39534454182148e-05,1,1,0.438502968244954,1,"#e06a5d"
1.39534454182148e-05,1,1,0.438502968244954,1,"#e06a5d"
1.39534454182148e-05,1,1,0.438502968244954,1,"#e06a5d"
1.39937732951461e-05,1,1,0.438502968244954,1,"#e06a5d"
1.39937732951461e-05,1,1,0.438502968244954,1,"#e06a5d"
1.39937732951461e-05,1,1,0.438502968244954,1,"#e06a5d"
1.39937732951461e-05,0.666666666666667,1,0.438502968244954,1,"black"
1.40341011720773e-05,1,1,0.438502968244954,1,"#e06a5d"
1.40744290490086e-05,1,1,0.438502968244954,1,"#e06a5d"
1.40744290490086e-05,1,1,0.438502968244954,1,"#e06a5d"
1.41147569259398e-05,1,1,0.438502968244954,1,"#e06a5d"
1.41954126798023e-05,1,1,0.438502968244954,1,"#e06a5d"
1.42357405567336e-05,1,1,0.438502968244954,1,"#e06a5d"
1.42357405567336e-05,1,1,0.438502968244954,1,"#e06a5d"
1.42760684336649e-05,1,1,0.438502968244954,1,"#e06a5d"
1.42760684336649e-05,1,1,0.438502968244954,1,"#e06a5d"
1.42760684336649e-05,1,1,0.438502968244954,1,"#e06a5d"
1.42760684336649e-05,1,1,0.438502968244954,1,"#e06a5d"
1.42760684336649e-05,1,1,0.438502968244954,1,"#e06a5d"
1.43163963105961e-05,1,1,0.438502968244954,1,"#e06a5d"
1.43567241875274e-05,1,1,0.438502968244954,1,"#e06a5d"
1.44373799413899e-05,1,1,0.438502968244954,1,"#e06a5d"
1.44373799413899e-05,1,1,0.438502968244954,1,"#e06a5d"
1.44373799413899e-05,1,1,0.438502968244954,1,"#e06a5d"
1.44777078183211e-05,1,1,0.438502968244954,1,"#e06a5d"
1.44777078183211e-05,1,1,0.438502968244954,1,"#e06a5d"
1.44777078183211e-05,1,1,0.438502968244954,1,"#e06a5d"
1.44777078183211e-05,1,1,0.438502968244954,1,"#e06a5d"
1.45180356952524e-05,1,1,0.438502968244954,1,"#e06a5d"
1.45180356952524e-05,1,1,0.438502968244954,1,"#e06a5d"
1.45180356952524e-05,1,1,0.438502968244954,1,"#e06a5d"
1.45180356952524e-05,1,1,0.438502968244954,1,"#e06a5d"
1.45180356952524e-05,1,1,0.438502968244954,1,"#e06a5d"
1.45583635721837e-05,1,1,0.438502968244954,1,"#e06a5d"
1.45583635721837e-05,1,1,0.438502968244954,1,"#e06a5d"
1.45986914491149e-05,1,1,0.438502968244954,1,"#e06a5d"
1.45986914491149e-05,1,1,0.438502968244954,1,"#e06a5d"
1.45986914491149e-05,1,1,0.438502968244954,1,"#e06a5d"
1.45986914491149e-05,1,1,0.438502968244954,1,"#e06a5d"
1.46390193260462e-05,1,1,0.438502968244954,1,"#e06a5d"
1.46793472029774e-05,1,1,0.438502968244954,1,"#e06a5d"
1.46793472029774e-05,1,1,0.438502968244954,1,"#e06a5d"
1.47196750799087e-05,1,1,0.438502968244954,1,"#e06a5d"
1.47196750799087e-05,1,1,0.438502968244954,1,"#e06a5d"
1.47196750799087e-05,1,1,0.438502968244954,1,"#e06a5d"
1.47196750799087e-05,1,1,0.438502968244954,1,"#e06a5d"
1.47600029568399e-05,1,1,0.438502968244954,1,"#e06a5d"
1.47600029568399e-05,1,1,0.438502968244954,1,"#e06a5d"
1.48003308337712e-05,1,1,0.438502968244954,1,"#e06a5d"
1.48003308337712e-05,1,1,0.438502968244954,1,"#e06a5d"
1.48406587107025e-05,1,1,0.438502968244954,1,"#e06a5d"
1.48406587107025e-05,1,1,0.438502968244954,1,"#e06a5d"
1.48406587107025e-05,1,1,0.438502968244954,1,"#e06a5d"
1.48809865876337e-05,1,1,0.438502968244954,1,"#e06a5d"
1.48809865876337e-05,1,1,0.438502968244954,1,"#e06a5d"
1.48809865876337e-05,1,1,0.438502968244954,1,"#e06a5d"
1.4921314464565e-05,1,1,0.438502968244954,1,"#e06a5d"
1.4921314464565e-05,1,1,0.438502968244954,1,"#e06a5d"
1.4921314464565e-05,1,1,0.438502968244954,1,"#e06a5d"
1.49616423414962e-05,1,1,0.438502968244954,1,"#e06a5d"
1.50019702184275e-05,1,1,0.438502968244954,1,"#e06a5d"
1.50019702184275e-05,1,1,0.438502968244954,1,"#e06a5d"
1.50422980953587e-05,1,1,0.438502968244954,1,"#e06a5d"
1.50422980953587e-05,1,1,0.438502968244954,1,"#e06a5d"
1.508262597229e-05,1,1,0.438502968244954,1,"#e06a5d"
1.508262597229e-05,1,1,0.438502968244954,1,"#e06a5d"
1.508262597229e-05,1,1,0.438502968244954,1,"#e06a5d"
1.508262597229e-05,1,1,0.438502968244954,1,"#e06a5d"
1.51229538492212e-05,1,1,0.438502968244954,1,"#e06a5d"
1.52036096030838e-05,1,1,0.438502968244954,1,"#e06a5d"
1.52036096030838e-05,1,1,0.438502968244954,1,"#e06a5d"
1.5243937480015e-05,1,1,0.438502968244954,1,"#e06a5d"
1.5243937480015e-05,0.333333333333333,1,0.438502968244954,1,"#00a4ac"
1.52842653569463e-05,1,1,0.438502968244954,1,"#e06a5d"
1.53245932338775e-05,1,1,0.438502968244954,1,"#e06a5d"
1.53245932338775e-05,1,1,0.438502968244954,1,"#e06a5d"
1.53245932338775e-05,1,1,0.438502968244954,1,"#e06a5d"
1.53245932338775e-05,1,1,0.438502968244954,1,"#e06a5d"
1.53649211108088e-05,1,1,0.438502968244954,1,"#e06a5d"
1.53649211108088e-05,1,1,0.438502968244954,1,"#e06a5d"
1.540524898774e-05,1,1,0.438502968244954,1,"#e06a5d"
1.540524898774e-05,1,1,0.438502968244954,1,"#e06a5d"
1.540524898774e-05,1,1,0.438502968244954,1,"#e06a5d"
1.54455768646713e-05,1,1,0.438502968244954,1,"#e06a5d"
1.54859047416026e-05,1,1,0.438502968244954,1,"#e06a5d"
1.54859047416026e-05,1,1,0.438502968244954,1,"#e06a5d"
1.55262326185338e-05,1,1,0.438502968244954,1,"#e06a5d"
1.55262326185338e-05,1,1,0.438502968244954,1,"#e06a5d"
1.55262326185338e-05,1,1,0.438502968244954,1,"#e06a5d"
1.55262326185338e-05,1,1,0.438502968244954,1,"#e06a5d"
1.55665604954651e-05,1,1,0.438502968244954,1,"#e06a5d"
1.55665604954651e-05,1,1,0.438502968244954,1,"#e06a5d"
1.55665604954651e-05,1,1,0.438502968244954,1,"#e06a5d"
1.56068883723963e-05,1,1,0.438502968244954,1,"#e06a5d"
1.56068883723963e-05,1,1,0.438502968244954,1,"#e06a5d"
1.56068883723963e-05,1,1,0.438502968244954,1,"#e06a5d"
1.56472162493276e-05,1,1,0.438502968244954,1,"#e06a5d"
1.56472162493276e-05,1,1,0.438502968244954,1,"#e06a5d"
1.56472162493276e-05,1,1,0.438502968244954,1,"#e06a5d"
1.56472162493276e-05,1,1,0.438502968244954,1,"#e06a5d"
1.56875441262588e-05,1,1,0.438502968244954,1,"#e06a5d"
1.56875441262588e-05,1,1,0.438502968244954,1,"#e06a5d"
1.57278720031901e-05,1,1,0.438502968244954,1,"#e06a5d"
1.57278720031901e-05,1,1,0.438502968244954,1,"#e06a5d"
1.57278720031901e-05,1,1,0.438502968244954,1,"#e06a5d"
1.57681998801214e-05,1,1,0.438502968244954,1,"#e06a5d"
1.57681998801214e-05,1,1,0.438502968244954,1,"#e06a5d"
1.57681998801214e-05,1,1,0.438502968244954,1,"#e06a5d"
1.58488556339839e-05,1,1,0.438502968244954,1,"#e06a5d"
1.58488556339839e-05,1,1,0.438502968244954,1,"#e06a5d"
1.58891835109151e-05,1,1,0.438502968244954,1,"#e06a5d"
1.59295113878464e-05,1,1,0.438502968244954,1,"#e06a5d"
1.59295113878464e-05,1,1,0.438502968244954,1,"#e06a5d"
1.59295113878464e-05,1,1,0.438502968244954,1,"#e06a5d"
1.59698392647776e-05,1,1,0.438502968244954,1,"#e06a5d"
1.59698392647776e-05,1,1,0.438502968244954,1,"#e06a5d"
1.59698392647776e-05,1,1,0.438502968244954,1,"#e06a5d"
1.59698392647776e-05,1,1,0.438502968244954,1,"#e06a5d"
1.60101671417089e-05,1,1,0.438502968244954,1,"#e06a5d"
1.60101671417089e-05,1,1,0.438502968244954,1,"#e06a5d"
1.60101671417089e-05,1,1,0.438502968244954,1,"#e06a5d"
1.60101671417089e-05,1,1,0.438502968244954,1,"#e06a5d"
1.60504950186401e-05,1,1,0.438502968244954,1,"#e06a5d"
1.60504950186401e-05,1,1,0.438502968244954,1,"#e06a5d"
1.60504950186401e-05,1,1,0.438502968244954,1,"#e06a5d"
1.60504950186401e-05,1,1,0.438502968244954,1,"#e06a5d"
1.60504950186401e-05,1,1,0.438502968244954,1,"#e06a5d"
1.60908228955714e-05,1,1,0.438502968244954,1,"#e06a5d"
1.60908228955714e-05,1,1,0.438502968244954,1,"#e06a5d"
1.60908228955714e-05,1,1,0.438502968244954,1,"#e06a5d"
1.60908228955714e-05,1,1,0.438502968244954,1,"#e06a5d"
1.61311507725027e-05,1,1,0.438502968244954,1,"#e06a5d"
1.61311507725027e-05,1,1,0.438502968244954,1,"#e06a5d"
1.61311507725027e-05,1,1,0.438502968244954,1,"#e06a5d"
1.62118065263652e-05,1,1,0.438502968244954,1,"#e06a5d"
1.62521344032964e-05,1,1,0.438502968244954,1,"#e06a5d"
1.63327901571589e-05,1,1,0.438502968244954,1,"#e06a5d"
1.63327901571589e-05,1,1,0.438502968244954,1,"#e06a5d"
1.63731180340902e-05,1,1,0.438502968244954,1,"#e06a5d"
1.63731180340902e-05,1,1,0.438502968244954,1,"#e06a5d"
1.64134459110215e-05,1,1,0.438502968244954,1,"#e06a5d"
1.64134459110215e-05,1,1,0.438502968244954,1,"#e06a5d"
1.64537737879527e-05,1,1,0.438502968244954,1,"#e06a5d"
1.64537737879527e-05,1,1,0.438502968244954,1,"#e06a5d"
1.6494101664884e-05,1,1,0.438502968244954,1,"#e06a5d"
1.6494101664884e-05,1,1,0.438502968244954,1,"#e06a5d"
1.6494101664884e-05,1,1,0.438502968244954,1,"#e06a5d"
1.6494101664884e-05,1,1,0.438502968244954,1,"#e06a5d"
1.65344295418152e-05,1,1,0.438502968244954,1,"#e06a5d"
1.65344295418152e-05,1,1,0.438502968244954,1,"#e06a5d"
1.65344295418152e-05,1,1,0.438502968244954,1,"#e06a5d"
1.65747574187465e-05,1,1,0.438502968244954,1,"#e06a5d"
1.65747574187465e-05,1,1,0.438502968244954,1,"#e06a5d"
1.66150852956777e-05,1,1,0.438502968244954,1,"#e06a5d"
1.66150852956777e-05,1,1,0.438502968244954,1,"#e06a5d"
1.66150852956777e-05,1,1,0.438502968244954,1,"#e06a5d"
1.6655413172609e-05,1,1,0.438502968244954,1,"#e06a5d"
1.6655413172609e-05,1,1,0.438502968244954,1,"#e06a5d"
1.66957410495403e-05,1,1,0.438502968244954,1,"#e06a5d"
1.66957410495403e-05,1,1,0.438502968244954,1,"#e06a5d"
1.67360689264715e-05,1,1,0.438502968244954,1,"#e06a5d"
1.67360689264715e-05,1,1,0.438502968244954,1,"#e06a5d"
1.67360689264715e-05,1,1,0.438502968244954,1,"#e06a5d"
1.67360689264715e-05,1,1,0.438502968244954,1,"#e06a5d"
1.67360689264715e-05,1,1,0.438502968244954,1,"#e06a5d"
1.67763968034028e-05,1,1,0.438502968244954,1,"#e06a5d"
1.67763968034028e-05,1,1,0.438502968244954,1,"#e06a5d"
1.6816724680334e-05,1,1,0.438502968244954,1,"#e06a5d"
1.6816724680334e-05,1,1,0.438502968244954,1,"#e06a5d"
1.68570525572653e-05,1,1,0.438502968244954,1,"#e06a5d"
1.68570525572653e-05,1,1,0.438502968244954,1,"#e06a5d"
1.68570525572653e-05,1,1,0.438502968244954,1,"#e06a5d"
1.68570525572653e-05,1,1,0.438502968244954,1,"#e06a5d"
1.68973804341965e-05,1,1,0.438502968244954,1,"#e06a5d"
1.68973804341965e-05,1,1,0.438502968244954,1,"#e06a5d"
1.69377083111278e-05,1,1,0.438502968244954,1,"#e06a5d"
1.69780361880591e-05,1,1,0.438502968244954,1,"#e06a5d"
1.69780361880591e-05,1,1,0.438502968244954,1,"#e06a5d"
1.69780361880591e-05,1,1,0.438502968244954,1,"#e06a5d"
1.70586919419216e-05,1,1,0.438502968244954,1,"#e06a5d"
1.70586919419216e-05,1,1,0.438502968244954,1,"#e06a5d"
1.70990198188528e-05,1,1,0.438502968244954,1,"#e06a5d"
1.71393476957841e-05,1,1,0.438502968244954,1,"#e06a5d"
1.71796755727153e-05,1,1,0.438502968244954,1,"#e06a5d"
1.71796755727153e-05,1,1,0.438502968244954,1,"#e06a5d"
1.72200034496466e-05,1,1,0.438502968244954,1,"#e06a5d"
1.72200034496466e-05,1,1,0.438502968244954,1,"#e06a5d"
1.72200034496466e-05,1,1,0.438502968244954,1,"#e06a5d"
1.72603313265778e-05,1,1,0.438502968244954,1,"#e06a5d"
1.72603313265778e-05,1,1,0.438502968244954,1,"#e06a5d"
1.72603313265778e-05,1,1,0.438502968244954,1,"#e06a5d"
1.72603313265778e-05,1,1,0.438502968244954,1,"#e06a5d"
1.72603313265778e-05,1,1,0.438502968244954,1,"#e06a5d"
1.73006592035091e-05,1,1,0.438502968244954,1,"#e06a5d"
1.73006592035091e-05,1,1,0.438502968244954,1,"#e06a5d"
1.73006592035091e-05,1,1,0.438502968244954,1,"#e06a5d"
1.73409870804404e-05,1,1,0.438502968244954,1,"#e06a5d"
1.73409870804404e-05,1,1,0.438502968244954,1,"#e06a5d"
1.73813149573716e-05,1,1,0.438502968244954,1,"#e06a5d"
1.73813149573716e-05,1,1,0.438502968244954,1,"#e06a5d"
1.73813149573716e-05,1,1,0.438502968244954,1,"#e06a5d"
1.74216428343029e-05,1,1,0.438502968244954,1,"#e06a5d"
1.74216428343029e-05,1,1,0.438502968244954,1,"#e06a5d"
1.74619707112341e-05,1,1,0.438502968244954,1,"#e06a5d"
1.74619707112341e-05,1,1,0.438502968244954,1,"#e06a5d"
1.74619707112341e-05,1,1,0.438502968244954,1,"#e06a5d"
1.75022985881654e-05,1,1,0.438502968244954,1,"#e06a5d"
1.75022985881654e-05,1,1,0.438502968244954,1,"#e06a5d"
1.75022985881654e-05,1,1,0.438502968244954,1,"#e06a5d"
1.75426264650966e-05,1,1,0.438502968244954,1,"#e06a5d"
1.75426264650966e-05,1,1,0.438502968244954,1,"#e06a5d"
1.75829543420279e-05,1,1,0.438502968244954,1,"#e06a5d"
1.75829543420279e-05,1,1,0.438502968244954,1,"#e06a5d"
1.77039379728217e-05,1,1,0.438502968244954,1,"#e06a5d"
1.77039379728217e-05,1,1,0.438502968244954,1,"#e06a5d"
1.77039379728217e-05,1,1,0.438502968244954,1,"#e06a5d"
1.77039379728217e-05,1,1,0.438502968244954,1,"#e06a5d"
1.77039379728217e-05,1,1,0.438502968244954,1,"#e06a5d"
1.77442658497529e-05,1,1,0.438502968244954,1,"#e06a5d"
1.77442658497529e-05,1,1,0.438502968244954,1,"#e06a5d"
1.77845937266842e-05,1,1,0.438502968244954,1,"#e06a5d"
1.77845937266842e-05,1,1,0.438502968244954,1,"#e06a5d"
1.78249216036154e-05,1,1,0.438502968244954,1,"#e06a5d"
1.78652494805467e-05,1,1,0.438502968244954,1,"#e06a5d"
1.7905577357478e-05,1,1,0.438502968244954,1,"#e06a5d"
1.79459052344092e-05,1,1,0.438502968244954,1,"#e06a5d"
1.79862331113405e-05,1,1,0.438502968244954,1,"#e06a5d"
1.79862331113405e-05,1,1,0.438502968244954,1,"#e06a5d"
1.80265609882717e-05,1,1,0.438502968244954,1,"#e06a5d"
1.80265609882717e-05,1,1,0.438502968244954,1,"#e06a5d"
1.8066888865203e-05,1,1,0.438502968244954,1,"#e06a5d"
1.81072167421342e-05,1,1,0.438502968244954,1,"#e06a5d"
1.81072167421342e-05,1,1,0.438502968244954,1,"#e06a5d"
1.81072167421342e-05,1,1,0.438502968244954,1,"#e06a5d"
1.81072167421342e-05,1,1,0.438502968244954,1,"#e06a5d"
1.81072167421342e-05,1,1,0.438502968244954,1,"#e06a5d"
1.81475446190655e-05,1,1,0.438502968244954,1,"#e06a5d"
1.81475446190655e-05,1,1,0.438502968244954,1,"#e06a5d"
1.81878724959968e-05,1,1,0.438502968244954,1,"#e06a5d"
1.8228200372928e-05,1,1,0.438502968244954,1,"#e06a5d"
1.8228200372928e-05,1,1,0.438502968244954,1,"#e06a5d"
1.8228200372928e-05,1,1,0.438502968244954,1,"#e06a5d"
1.8228200372928e-05,1,1,0.438502968244954,1,"#e06a5d"
1.8228200372928e-05,1,1,0.438502968244954,1,"#e06a5d"
1.82685282498593e-05,1,1,0.438502968244954,1,"#e06a5d"
1.82685282498593e-05,1,1,0.438502968244954,1,"#e06a5d"
1.82685282498593e-05,1,1,0.438502968244954,1,"#e06a5d"
1.83088561267905e-05,1,1,0.438502968244954,1,"#e06a5d"
1.83088561267905e-05,1,1,0.438502968244954,1,"#e06a5d"
1.83491840037218e-05,1,1,0.438502968244954,1,"#e06a5d"
1.83491840037218e-05,1,1,0.438502968244954,1,"#e06a5d"
1.83491840037218e-05,1,1,0.438502968244954,1,"#e06a5d"
1.84298397575843e-05,1,1,0.438502968244954,1,"#e06a5d"
1.84298397575843e-05,1,1,0.438502968244954,1,"#e06a5d"
1.84701676345155e-05,1,1,0.438502968244954,1,"#e06a5d"
1.85104955114468e-05,1,1,0.438502968244954,1,"#e06a5d"
1.85104955114468e-05,1,1,0.438502968244954,1,"#e06a5d"
1.85508233883781e-05,1,1,0.438502968244954,1,"#e06a5d"
1.85508233883781e-05,1,1,0.438502968244954,1,"#e06a5d"
1.85508233883781e-05,1,1,0.438502968244954,1,"#e06a5d"
1.85911512653093e-05,1,1,0.438502968244954,1,"#e06a5d"
1.85911512653093e-05,1,1,0.438502968244954,1,"#e06a5d"
1.86314791422406e-05,1,1,0.438502968244954,1,"#e06a5d"
1.86314791422406e-05,1,1,0.438502968244954,1,"#e06a5d"
1.86718070191718e-05,1,1,0.438502968244954,1,"#e06a5d"
1.86718070191718e-05,1,1,0.438502968244954,1,"#e06a5d"
1.86718070191718e-05,1,1,0.438502968244954,1,"#e06a5d"
1.86718070191718e-05,1,1,0.438502968244954,1,"#e06a5d"
1.87121348961031e-05,1,1,0.438502968244954,1,"#e06a5d"
1.87121348961031e-05,1,1,0.438502968244954,1,"#e06a5d"
1.87524627730343e-05,1,1,0.438502968244954,1,"#e06a5d"
1.87524627730343e-05,1,1,0.438502968244954,1,"#e06a5d"
1.87524627730343e-05,1,1,0.438502968244954,1,"#e06a5d"
1.87927906499656e-05,1,1,0.438502968244954,1,"#e06a5d"
1.87927906499656e-05,1,1,0.438502968244954,1,"#e06a5d"
1.88331185268969e-05,1,1,0.438502968244954,1,"#e06a5d"
1.88331185268969e-05,1,1,0.438502968244954,1,"#e06a5d"
1.88331185268969e-05,1,1,0.438502968244954,1,"#e06a5d"
1.89137742807594e-05,1,1,0.438502968244954,1,"#e06a5d"
1.89541021576906e-05,1,1,0.438502968244954,1,"#e06a5d"
1.89541021576906e-05,1,1,0.438502968244954,1,"#e06a5d"
1.89944300346219e-05,1,1,0.438502968244954,1,"#e06a5d"
1.89944300346219e-05,1,1,0.438502968244954,1,"#e06a5d"
1.89944300346219e-05,1,1,0.438502968244954,1,"#e06a5d"
1.90347579115531e-05,1,1,0.438502968244954,1,"#e06a5d"
1.90347579115531e-05,1,1,0.438502968244954,1,"#e06a5d"
1.90750857884844e-05,1,1,0.438502968244954,1,"#e06a5d"
1.90750857884844e-05,1,1,0.438502968244954,1,"#e06a5d"
1.90750857884844e-05,1,1,0.438502968244954,1,"#e06a5d"
1.90750857884844e-05,1,1,0.438502968244954,1,"#e06a5d"
1.90750857884844e-05,1,1,0.438502968244954,1,"#e06a5d"
1.90750857884844e-05,1,1,0.438502968244954,1,"#e06a5d"
1.91154136654157e-05,1,1,0.438502968244954,1,"#e06a5d"
1.91154136654157e-05,1,1,0.438502968244954,1,"#e06a5d"
1.91960694192782e-05,1,1,0.438502968244954,1,"#e06a5d"
1.92363972962094e-05,1,1,0.438502968244954,1,"#e06a5d"
1.92767251731407e-05,1,1,0.438502968244954,1,"#e06a5d"
1.92767251731407e-05,1,1,0.438502968244954,1,"#e06a5d"
1.93170530500719e-05,1,1,0.438502968244954,1,"#e06a5d"
1.93170530500719e-05,1,1,0.438502968244954,1,"#e06a5d"
1.93573809270032e-05,1,1,0.438502968244954,1,"#e06a5d"
1.93573809270032e-05,1,1,0.438502968244954,1,"#e06a5d"
1.93573809270032e-05,1,1,0.438502968244954,1,"#e06a5d"
1.93573809270032e-05,1,1,0.438502968244954,1,"#e06a5d"
1.93977088039345e-05,1,1,0.438502968244954,1,"#e06a5d"
1.94380366808657e-05,1,1,0.438502968244954,1,"#e06a5d"
1.94380366808657e-05,1,1,0.438502968244954,1,"#e06a5d"
1.94380366808657e-05,1,1,0.438502968244954,1,"#e06a5d"
1.94380366808657e-05,1,1,0.438502968244954,1,"#e06a5d"
1.94380366808657e-05,1,1,0.438502968244954,1,"#e06a5d"
1.9478364557797e-05,1,1,0.438502968244954,1,"#e06a5d"
1.9478364557797e-05,1,1,0.438502968244954,1,"#e06a5d"
1.9478364557797e-05,1,1,0.438502968244954,1,"#e06a5d"
1.95186924347282e-05,1,1,0.438502968244954,1,"#e06a5d"
1.95186924347282e-05,1,1,0.438502968244954,1,"#e06a5d"
1.95186924347282e-05,1,1,0.438502968244954,1,"#e06a5d"
1.95993481885907e-05,1,1,0.438502968244954,1,"#e06a5d"
1.95993481885907e-05,1,1,0.438502968244954,1,"#e06a5d"
1.9639676065522e-05,1,1,0.438502968244954,1,"#e06a5d"
1.9639676065522e-05,1,1,0.438502968244954,1,"#e06a5d"
1.9639676065522e-05,1,1,0.438502968244954,1,"#e06a5d"
1.96800039424532e-05,1,1,0.438502968244954,1,"#e06a5d"
1.97606596963158e-05,1,1,0.438502968244954,1,"#e06a5d"
1.9800987573247e-05,1,1,0.438502968244954,1,"#e06a5d"
1.9800987573247e-05,1,1,0.438502968244954,1,"#e06a5d"
1.9800987573247e-05,1,1,0.438502968244954,1,"#e06a5d"
1.98413154501783e-05,1,1,0.438502968244954,1,"#e06a5d"
1.98413154501783e-05,1,1,0.438502968244954,1,"#e06a5d"
1.98816433271095e-05,0.666666666666667,1,0.438502968244954,1,"black"
1.98816433271095e-05,1,1,0.438502968244954,1,"#e06a5d"
1.98816433271095e-05,1,1,0.438502968244954,1,"#e06a5d"
1.99219712040408e-05,1,1,0.438502968244954,1,"#e06a5d"
1.99219712040408e-05,1,1,0.438502968244954,1,"#e06a5d"
1.9962299080972e-05,1,1,0.438502968244954,1,"#e06a5d"
1.9962299080972e-05,1,1,0.438502968244954,1,"#e06a5d"
1.9962299080972e-05,1,1,0.438502968244954,1,"#e06a5d"
1.9962299080972e-05,1,1,0.438502968244954,1,"#e06a5d"
1.9962299080972e-05,1,1,0.438502968244954,1,"#e06a5d"
2.00026269579033e-05,1,1,0.438502968244954,1,"#e06a5d"
2.00429548348346e-05,1,1,0.438502968244954,1,"#e06a5d"
2.00832827117658e-05,1,1,0.438502968244954,1,"#e06a5d"
2.01236105886971e-05,1,1,0.438502968244954,1,"#e06a5d"
2.01236105886971e-05,1,1,0.438502968244954,1,"#e06a5d"
2.01639384656283e-05,1,1,0.438502968244954,1,"#e06a5d"
2.01639384656283e-05,1,1,0.438502968244954,1,"#e06a5d"
2.02042663425596e-05,1,1,0.438502968244954,1,"#e06a5d"
2.02042663425596e-05,1,1,0.438502968244954,1,"#e06a5d"
2.02445942194908e-05,1,1,0.438502968244954,1,"#e06a5d"
2.02445942194908e-05,1,1,0.438502968244954,1,"#e06a5d"
2.02849220964221e-05,1,1,0.438502968244954,1,"#e06a5d"
2.02849220964221e-05,1,1,0.438502968244954,1,"#e06a5d"
2.02849220964221e-05,1,1,0.438502968244954,1,"#e06a5d"
2.03252499733534e-05,1,1,0.438502968244954,1,"#e06a5d"
2.03655778502846e-05,1,1,0.438502968244954,1,"#e06a5d"
2.04059057272159e-05,1,1,0.438502968244954,1,"#e06a5d"
2.04059057272159e-05,1,1,0.438502968244954,1,"#e06a5d"
2.04059057272159e-05,1,1,0.438502968244954,1,"#e06a5d"
2.04059057272159e-05,1,1,0.438502968244954,1,"#e06a5d"
2.04059057272159e-05,1,1,0.438502968244954,1,"#e06a5d"
2.04462336041471e-05,1,1,0.438502968244954,1,"#e06a5d"
2.04462336041471e-05,1,1,0.438502968244954,1,"#e06a5d"
2.04462336041471e-05,1,1,0.438502968244954,1,"#e06a5d"
2.04462336041471e-05,1,1,0.438502968244954,1,"#e06a5d"
2.05268893580096e-05,1,1,0.438502968244954,1,"#e06a5d"
2.05672172349409e-05,1,1,0.438502968244954,1,"#e06a5d"
2.05672172349409e-05,1,1,0.438502968244954,1,"#e06a5d"
2.05672172349409e-05,1,1,0.438502968244954,1,"#e06a5d"
2.06075451118722e-05,1,1,0.438502968244954,1,"#e06a5d"
2.06075451118722e-05,1,1,0.438502968244954,1,"#e06a5d"
2.06882008657347e-05,1,1,0.438502968244954,1,"#e06a5d"
2.06882008657347e-05,1,1,0.438502968244954,1,"#e06a5d"
2.06882008657347e-05,1,1,0.438502968244954,1,"#e06a5d"
2.07688566195972e-05,1,1,0.438502968244954,1,"#e06a5d"
2.08091844965284e-05,1,1,0.438502968244954,1,"#e06a5d"
2.08091844965284e-05,1,1,0.438502968244954,1,"#e06a5d"
2.08091844965284e-05,1,1,0.438502968244954,1,"#e06a5d"
2.08495123734597e-05,1,1,0.438502968244954,1,"#e06a5d"
2.09301681273222e-05,1,1,0.438502968244954,1,"#e06a5d"
2.09704960042535e-05,1,1,0.438502968244954,1,"#e06a5d"
2.09704960042535e-05,1,1,0.438502968244954,1,"#e06a5d"
2.09704960042535e-05,1,1,0.438502968244954,1,"#e06a5d"
2.09704960042535e-05,1,1,0.438502968244954,1,"#e06a5d"
2.09704960042535e-05,1,1,0.438502968244954,1,"#e06a5d"
2.10108238811847e-05,1,1,0.438502968244954,1,"#e06a5d"
2.1051151758116e-05,1,1,0.438502968244954,1,"#e06a5d"
2.1051151758116e-05,1,1,0.438502968244954,1,"#e06a5d"
2.1051151758116e-05,1,1,0.438502968244954,1,"#e06a5d"
2.1051151758116e-05,1,1,0.438502968244954,1,"#e06a5d"
2.10914796350472e-05,1,1,0.438502968244954,1,"#e06a5d"
2.10914796350472e-05,1,1,0.438502968244954,1,"#e06a5d"
2.10914796350472e-05,1,1,0.438502968244954,1,"#e06a5d"
2.11318075119785e-05,1,1,0.438502968244954,1,"#e06a5d"
2.11318075119785e-05,1,1,0.438502968244954,1,"#e06a5d"
2.11318075119785e-05,1,1,0.438502968244954,1,"#e06a5d"
2.11721353889097e-05,1,1,0.438502968244954,1,"#e06a5d"
2.11721353889097e-05,1,1,0.438502968244954,1,"#e06a5d"
2.11721353889097e-05,1,1,0.438502968244954,1,"#e06a5d"
2.11721353889097e-05,1,1,0.438502968244954,1,"#e06a5d"
2.11721353889097e-05,1,1,0.438502968244954,1,"#e06a5d"
2.1212463265841e-05,1,1,0.438502968244954,1,"#e06a5d"
2.12527911427723e-05,1,1,0.438502968244954,1,"#e06a5d"
2.12931190197035e-05,1,1,0.438502968244954,1,"#e06a5d"
2.13334468966348e-05,1,1,0.438502968244954,1,"#e06a5d"
2.13334468966348e-05,1,1,0.438502968244954,1,"#e06a5d"
2.14141026504973e-05,1,1,0.438502968244954,1,"#e06a5d"
2.14141026504973e-05,1,1,0.438502968244954,1,"#e06a5d"
2.14141026504973e-05,1,1,0.438502968244954,1,"#e06a5d"
2.14141026504973e-05,1,1,0.438502968244954,1,"#e06a5d"
2.14947584043598e-05,1,1,0.438502968244954,1,"#e06a5d"
2.15350862812911e-05,1,1,0.438502968244954,1,"#e06a5d"
2.15754141582223e-05,1,1,0.438502968244954,1,"#e06a5d"
2.16157420351536e-05,1,1,0.438502968244954,1,"#e06a5d"
2.16560699120848e-05,1,1,0.438502968244954,1,"#e06a5d"
2.16963977890161e-05,1,1,0.438502968244954,1,"#e06a5d"
2.17770535428786e-05,1,1,0.438502968244954,1,"#e06a5d"
2.18173814198099e-05,1,1,0.438502968244954,1,"#e06a5d"
2.18173814198099e-05,1,1,0.438502968244954,1,"#e06a5d"
2.18173814198099e-05,1,1,0.438502968244954,1,"#e06a5d"
2.18577092967411e-05,1,1,0.438502968244954,1,"#e06a5d"
2.18980371736724e-05,1,1,0.438502968244954,1,"#e06a5d"
2.18980371736724e-05,1,1,0.438502968244954,1,"#e06a5d"
2.19786929275349e-05,1,1,0.438502968244954,1,"#e06a5d"
2.19786929275349e-05,1,1,0.438502968244954,1,"#e06a5d"
2.19786929275349e-05,1,1,0.438502968244954,1,"#e06a5d"
2.20190208044661e-05,1,1,0.438502968244954,1,"#e06a5d"
2.20190208044661e-05,1,1,0.438502968244954,1,"#e06a5d"
2.20190208044661e-05,1,1,0.438502968244954,1,"#e06a5d"
2.20593486813974e-05,1,1,0.438502968244954,1,"#e06a5d"
2.20996765583286e-05,1,1,0.438502968244954,1,"#e06a5d"
2.21400044352599e-05,1,1,0.438502968244954,1,"#e06a5d"
2.21400044352599e-05,1,1,0.438502968244954,1,"#e06a5d"
2.21400044352599e-05,1,1,0.438502968244954,1,"#e06a5d"
2.21803323121912e-05,1,1,0.438502968244954,1,"#e06a5d"
2.22609880660537e-05,1,1,0.438502968244954,1,"#e06a5d"
2.23013159429849e-05,1,1,0.438502968244954,1,"#e06a5d"
2.23416438199162e-05,1,1,0.438502968244954,1,"#e06a5d"
2.23416438199162e-05,1,1,0.438502968244954,1,"#e06a5d"
2.23416438199162e-05,1,1,0.438502968244954,1,"#e06a5d"
2.24222995737787e-05,1,1,0.438502968244954,1,"#e06a5d"
2.246262745071e-05,1,1,0.438502968244954,1,"#e06a5d"
2.246262745071e-05,1,1,0.438502968244954,1,"#e06a5d"
2.25029553276412e-05,1,1,0.438502968244954,1,"#e06a5d"
2.25432832045725e-05,1,1,0.438502968244954,1,"#e06a5d"
2.25432832045725e-05,1,1,0.438502968244954,1,"#e06a5d"
2.25836110815037e-05,1,1,0.438502968244954,1,"#e06a5d"
2.25836110815037e-05,1,1,0.438502968244954,1,"#e06a5d"
2.25836110815037e-05,1,1,0.438502968244954,1,"#e06a5d"
2.25836110815037e-05,1,1,0.438502968244954,1,"#e06a5d"
2.2623938958435e-05,1,1,0.438502968244954,1,"#e06a5d"
2.2623938958435e-05,1,1,0.438502968244954,1,"#e06a5d"
2.2623938958435e-05,1,1,0.438502968244954,1,"#e06a5d"
2.2623938958435e-05,1,1,0.438502968244954,1,"#e06a5d"
2.2623938958435e-05,1,1,0.438502968244954,1,"#e06a5d"
2.27449225892288e-05,1,1,0.438502968244954,1,"#e06a5d"
2.27449225892288e-05,1,1,0.438502968244954,1,"#e06a5d"
2.28255783430913e-05,1,1,0.438502968244954,1,"#e06a5d"
2.28255783430913e-05,1,1,0.438502968244954,1,"#e06a5d"
2.28659062200225e-05,1,1,0.438502968244954,1,"#e06a5d"
2.29062340969538e-05,1,1,0.438502968244954,1,"#e06a5d"
2.29062340969538e-05,1,1,0.438502968244954,1,"#e06a5d"
2.29062340969538e-05,1,1,0.438502968244954,1,"#e06a5d"
2.2946561973885e-05,1,1,0.438502968244954,1,"#e06a5d"
2.29868898508163e-05,1,1,0.438502968244954,1,"#e06a5d"
2.29868898508163e-05,1,1,0.438502968244954,1,"#e06a5d"
2.30272177277476e-05,1,1,0.438502968244954,1,"#e06a5d"
2.30272177277476e-05,1,1,0.438502968244954,1,"#e06a5d"
2.30272177277476e-05,1,1,0.438502968244954,1,"#e06a5d"
2.30675456046788e-05,1,1,0.438502968244954,1,"#e06a5d"
2.31078734816101e-05,1,1,0.438502968244954,1,"#e06a5d"
2.31482013585413e-05,1,1,0.438502968244954,1,"#e06a5d"
2.31482013585413e-05,1,1,0.438502968244954,1,"#e06a5d"
2.31482013585413e-05,1,1,0.438502968244954,1,"#e06a5d"
2.31885292354726e-05,1,1,0.438502968244954,1,"#e06a5d"
2.31885292354726e-05,1,1,0.438502968244954,1,"#e06a5d"
2.32288571124038e-05,1,1,0.438502968244954,1,"#e06a5d"
2.32691849893351e-05,1,1,0.438502968244954,1,"#e06a5d"
2.33095128662663e-05,1,1,0.438502968244954,1,"#e06a5d"
2.33095128662663e-05,1,1,0.438502968244954,1,"#e06a5d"
2.33095128662663e-05,1,1,0.438502968244954,1,"#e06a5d"
2.33498407431976e-05,1,1,0.438502968244954,1,"#e06a5d"
2.33498407431976e-05,1,1,0.438502968244954,1,"#e06a5d"
2.33901686201289e-05,1,1,0.438502968244954,1,"#e06a5d"
2.34304964970601e-05,1,1,0.438502968244954,1,"#e06a5d"
2.34708243739914e-05,1,1,0.438502968244954,1,"#e06a5d"
2.34708243739914e-05,1,1,0.438502968244954,1,"#e06a5d"
2.34708243739914e-05,1,1,0.438502968244954,1,"#e06a5d"
2.34708243739914e-05,1,1,0.438502968244954,1,"#e06a5d"
2.35514801278539e-05,1,1,0.438502968244954,1,"#e06a5d"
2.35514801278539e-05,1,1,0.438502968244954,1,"#e06a5d"
2.35514801278539e-05,1,1,0.438502968244954,1,"#e06a5d"
2.35514801278539e-05,1,1,0.438502968244954,1,"#e06a5d"
2.35918080047851e-05,1,1,0.438502968244954,1,"#e06a5d"
2.35918080047851e-05,1,1,0.438502968244954,1,"#e06a5d"
2.36321358817164e-05,1,1,0.438502968244954,1,"#e06a5d"
2.36321358817164e-05,1,1,0.438502968244954,1,"#e06a5d"
2.36321358817164e-05,1,1,0.438502968244954,1,"#e06a5d"
2.36724637586477e-05,1,1,0.438502968244954,1,"#e06a5d"
2.36724637586477e-05,1,1,0.438502968244954,1,"#e06a5d"
2.36724637586477e-05,1,1,0.438502968244954,1,"#e06a5d"
2.37127916355789e-05,1,1,0.438502968244954,1,"#e06a5d"
2.37934473894414e-05,1,1,0.438502968244954,1,"#e06a5d"
2.38337752663727e-05,1,1,0.438502968244954,1,"#e06a5d"
2.38741031433039e-05,1,1,0.438502968244954,1,"#e06a5d"
2.38741031433039e-05,1,1,0.438502968244954,1,"#e06a5d"
2.38741031433039e-05,1,1,0.438502968244954,1,"#e06a5d"
2.39950867740977e-05,1,1,0.438502968244954,1,"#e06a5d"
2.4035414651029e-05,1,1,0.438502968244954,1,"#e06a5d"
2.40757425279602e-05,1,1,0.438502968244954,1,"#e06a5d"
2.41563982818227e-05,1,1,0.438502968244954,1,"#e06a5d"
2.41563982818227e-05,1,1,0.438502968244954,1,"#e06a5d"
2.4196726158754e-05,1,1,0.438502968244954,1,"#e06a5d"
2.4196726158754e-05,1,1,0.438502968244954,1,"#e06a5d"
2.4196726158754e-05,1,1,0.438502968244954,1,"#e06a5d"
2.42370540356853e-05,1,1,0.438502968244954,1,"#e06a5d"
2.43177097895478e-05,1,1,0.438502968244954,1,"#e06a5d"
2.4358037666479e-05,1,1,0.438502968244954,1,"#e06a5d"
2.43983655434103e-05,1,1,0.438502968244954,1,"#e06a5d"
2.44790212972728e-05,1,1,0.438502968244954,1,"#e06a5d"
2.44790212972728e-05,1,1,0.438502968244954,1,"#e06a5d"
2.4519349174204e-05,1,1,0.438502968244954,1,"#e06a5d"
2.4519349174204e-05,1,1,0.438502968244954,1,"#e06a5d"
2.4519349174204e-05,1,1,0.438502968244954,1,"#e06a5d"
2.4519349174204e-05,1,1,0.438502968244954,1,"#e06a5d"
2.45596770511353e-05,1,1,0.438502968244954,1,"#e06a5d"
2.46806606819291e-05,1,1,0.438502968244954,1,"#e06a5d"
2.47209885588603e-05,1,1,0.438502968244954,1,"#e06a5d"
2.47209885588603e-05,1,1,0.438502968244954,1,"#e06a5d"
2.47209885588603e-05,1,1,0.438502968244954,1,"#e06a5d"
2.47613164357916e-05,1,1,0.438502968244954,1,"#e06a5d"
2.47613164357916e-05,1,1,0.438502968244954,1,"#e06a5d"
2.47613164357916e-05,1,1,0.438502968244954,1,"#e06a5d"
2.47613164357916e-05,1,1,0.438502968244954,1,"#e06a5d"
2.48823000665854e-05,1,1,0.438502968244954,1,"#e06a5d"
2.48823000665854e-05,1,1,0.438502968244954,1,"#e06a5d"
2.48823000665854e-05,1,1,0.438502968244954,1,"#e06a5d"
2.48823000665854e-05,1,1,0.438502968244954,1,"#e06a5d"
2.49226279435166e-05,1,1,0.438502968244954,1,"#e06a5d"
2.49629558204479e-05,1,1,0.438502968244954,1,"#e06a5d"
2.50032836973791e-05,1,1,0.438502968244954,1,"#e06a5d"
2.50436115743104e-05,1,1,0.438502968244954,1,"#e06a5d"
2.50436115743104e-05,1,1,0.438502968244954,1,"#e06a5d"
2.50839394512416e-05,1,1,0.438502968244954,1,"#e06a5d"
2.51242673281729e-05,1,1,0.438502968244954,1,"#e06a5d"
2.51645952051042e-05,1,1,0.438502968244954,1,"#e06a5d"
2.52049230820354e-05,1,1,0.438502968244954,1,"#e06a5d"
2.52049230820354e-05,1,1,0.438502968244954,1,"#e06a5d"
2.52049230820354e-05,1,1,0.438502968244954,1,"#e06a5d"
2.52855788358979e-05,1,1,0.438502968244954,1,"#e06a5d"
2.53259067128292e-05,1,1,0.438502968244954,1,"#e06a5d"
2.53259067128292e-05,1,1,0.438502968244954,1,"#e06a5d"
2.53259067128292e-05,1,1,0.438502968244954,1,"#e06a5d"
2.53662345897604e-05,1,1,0.438502968244954,1,"#e06a5d"
2.53662345897604e-05,1,1,0.438502968244954,1,"#e06a5d"
2.54065624666917e-05,1,1,0.438502968244954,1,"#e06a5d"
2.54065624666917e-05,1,1,0.438502968244954,1,"#e06a5d"
2.5446890343623e-05,1,1,0.438502968244954,1,"#e06a5d"
2.5446890343623e-05,1,1,0.438502968244954,1,"#e06a5d"
2.55275460974855e-05,1,1,0.438502968244954,1,"#e06a5d"
2.5608201851348e-05,1,1,0.438502968244954,1,"#e06a5d"
2.56485297282792e-05,1,1,0.438502968244954,1,"#e06a5d"
2.56888576052105e-05,1,1,0.438502968244954,1,"#e06a5d"
2.57291854821417e-05,1,1,0.438502968244954,1,"#e06a5d"
2.58098412360043e-05,1,1,0.438502968244954,1,"#e06a5d"
2.58098412360043e-05,1,1,0.438502968244954,1,"#e06a5d"
2.58098412360043e-05,1,1,0.438502968244954,1,"#e06a5d"
2.58904969898668e-05,1,1,0.438502968244954,1,"#e06a5d"
2.5930824866798e-05,1,1,0.438502968244954,1,"#e06a5d"
2.59711527437293e-05,1,1,0.438502968244954,1,"#e06a5d"
2.60114806206605e-05,1,1,0.438502968244954,1,"#e06a5d"
2.61324642514543e-05,1,1,0.438502968244954,1,"#e06a5d"
2.61324642514543e-05,1,1,0.438502968244954,1,"#e06a5d"
2.61727921283856e-05,1,1,0.438502968244954,1,"#e06a5d"
2.62131200053168e-05,1,1,0.438502968244954,1,"#e06a5d"
2.62534478822481e-05,1,1,0.438502968244954,1,"#e06a5d"
2.62534478822481e-05,1,1,0.438502968244954,1,"#e06a5d"
2.62534478822481e-05,1,1,0.438502968244954,1,"#e06a5d"
2.62534478822481e-05,1,1,0.438502968244954,1,"#e06a5d"
2.62937757591793e-05,1,1,0.438502968244954,1,"#e06a5d"
2.64147593899731e-05,1,1,0.438502968244954,1,"#e06a5d"
2.64147593899731e-05,1,1,0.438502968244954,1,"#e06a5d"
2.64147593899731e-05,1,1,0.438502968244954,1,"#e06a5d"
2.65357430207669e-05,1,1,0.438502968244954,1,"#e06a5d"
2.65357430207669e-05,1,1,0.438502968244954,1,"#e06a5d"
2.65357430207669e-05,1,1,0.438502968244954,1,"#e06a5d"
2.65357430207669e-05,1,1,0.438502968244954,1,"#e06a5d"
2.65760708976981e-05,1,1,0.438502968244954,1,"#e06a5d"
2.66163987746294e-05,1,1,0.438502968244954,1,"#e06a5d"
2.66163987746294e-05,1,1,0.438502968244954,1,"#e06a5d"
2.66163987746294e-05,1,1,0.438502968244954,1,"#e06a5d"
2.66163987746294e-05,1,1,0.438502968244954,1,"#e06a5d"
2.66567266515607e-05,1,1,0.438502968244954,1,"#e06a5d"
2.66970545284919e-05,1,1,0.438502968244954,1,"#e06a5d"
2.68180381592857e-05,1,1,0.438502968244954,1,"#e06a5d"
2.68180381592857e-05,1,1,0.438502968244954,1,"#e06a5d"
2.68180381592857e-05,1,1,0.438502968244954,1,"#e06a5d"
2.68583660362169e-05,1,1,0.438502968244954,1,"#e06a5d"
2.68583660362169e-05,1,1,0.438502968244954,1,"#e06a5d"
2.69390217900794e-05,1,1,0.438502968244954,1,"#e06a5d"
2.69390217900794e-05,1,1,0.438502968244954,1,"#e06a5d"
2.69390217900794e-05,1,1,0.438502968244954,1,"#e06a5d"
2.7019677543942e-05,1,1,0.438502968244954,1,"#e06a5d"
2.70600054208732e-05,1,1,0.438502968244954,1,"#e06a5d"
2.70600054208732e-05,1,1,0.438502968244954,1,"#e06a5d"
2.71406611747357e-05,1,1,0.438502968244954,1,"#e06a5d"
2.71406611747357e-05,1,1,0.438502968244954,1,"#e06a5d"
2.73019726824608e-05,1,1,0.438502968244954,1,"#e06a5d"
2.73826284363233e-05,1,1,0.438502968244954,1,"#e06a5d"
2.73826284363233e-05,1,1,0.438502968244954,1,"#e06a5d"
2.74632841901858e-05,1,1,0.438502968244954,1,"#e06a5d"
2.75439399440483e-05,1,1,0.438502968244954,1,"#e06a5d"
2.75439399440483e-05,1,1,0.438502968244954,1,"#e06a5d"
2.75439399440483e-05,1,1,0.438502968244954,1,"#e06a5d"
2.75842678209796e-05,1,1,0.438502968244954,1,"#e06a5d"
2.76245956979108e-05,1,1,0.438502968244954,1,"#e06a5d"
2.76245956979108e-05,1,1,0.438502968244954,1,"#e06a5d"
2.76649235748421e-05,1,1,0.438502968244954,1,"#e06a5d"
2.77052514517733e-05,1,1,0.438502968244954,1,"#e06a5d"
2.77455793287046e-05,1,1,0.438502968244954,1,"#e06a5d"
2.78262350825671e-05,1,1,0.438502968244954,1,"#e06a5d"
2.78262350825671e-05,1,1,0.438502968244954,1,"#e06a5d"
2.78665629594984e-05,1,1,0.438502968244954,1,"#e06a5d"
2.78665629594984e-05,1,1,0.438502968244954,1,"#e06a5d"
2.78665629594984e-05,1,1,0.438502968244954,1,"#e06a5d"
2.79068908364296e-05,1,1,0.438502968244954,1,"#e06a5d"
2.80278744672234e-05,1,1,0.438502968244954,1,"#e06a5d"
2.80682023441546e-05,1,1,0.438502968244954,1,"#e06a5d"
2.81085302210859e-05,1,1,0.438502968244954,1,"#e06a5d"
2.83101696057422e-05,1,1,0.438502968244954,1,"#e06a5d"
2.83908253596047e-05,1,1,0.438502968244954,1,"#e06a5d"
2.84714811134672e-05,1,1,0.438502968244954,1,"#e06a5d"
2.85118089903985e-05,1,1,0.438502968244954,1,"#e06a5d"
2.86327926211922e-05,1,1,0.438502968244954,1,"#e06a5d"
2.86731204981235e-05,1,1,0.438502968244954,1,"#e06a5d"
2.87134483750547e-05,1,1,0.438502968244954,1,"#e06a5d"
2.8753776251986e-05,1,1,0.438502968244954,1,"#e06a5d"
2.8753776251986e-05,1,1,0.438502968244954,1,"#e06a5d"
2.88344320058485e-05,1,1,0.438502968244954,1,"#e06a5d"
2.88747598827798e-05,1,1,0.438502968244954,1,"#e06a5d"
2.89554156366423e-05,1,1,0.438502968244954,1,"#e06a5d"
2.89957435135735e-05,1,1,0.438502968244954,1,"#e06a5d"
2.90763992674361e-05,1,1,0.438502968244954,1,"#e06a5d"
2.92377107751611e-05,1,1,0.438502968244954,1,"#e06a5d"
2.93183665290236e-05,1,1,0.438502968244954,1,"#e06a5d"
2.93183665290236e-05,1,1,0.438502968244954,1,"#e06a5d"
2.93586944059548e-05,1,1,0.438502968244954,1,"#e06a5d"
2.93586944059548e-05,1,1,0.438502968244954,1,"#e06a5d"
2.93990222828861e-05,1,1,0.438502968244954,1,"#e06a5d"
2.93990222828861e-05,1,1,0.438502968244954,1,"#e06a5d"
2.94393501598174e-05,1,1,0.438502968244954,1,"#e06a5d"
2.94393501598174e-05,1,1,0.438502968244954,1,"#e06a5d"
2.94393501598174e-05,1,1,0.438502968244954,1,"#e06a5d"
2.94393501598174e-05,1,1,0.438502968244954,1,"#e06a5d"
2.94796780367486e-05,1,1,0.438502968244954,1,"#e06a5d"
2.94796780367486e-05,1,1,0.438502968244954,1,"#e06a5d"
2.96409895444736e-05,1,1,0.438502968244954,1,"#e06a5d"
2.96813174214049e-05,1,1,0.438502968244954,1,"#e06a5d"
2.96813174214049e-05,1,1,0.438502968244954,1,"#e06a5d"
2.97216452983362e-05,1,1,0.438502968244954,1,"#e06a5d"
2.97216452983362e-05,1,1,0.438502968244954,1,"#e06a5d"
2.97619731752674e-05,1,1,0.438502968244954,1,"#e06a5d"
2.97619731752674e-05,1,1,0.438502968244954,1,"#e06a5d"
2.97619731752674e-05,1,1,0.438502968244954,1,"#e06a5d"
2.98426289291299e-05,1,1,0.438502968244954,1,"#e06a5d"
2.98829568060612e-05,1,1,0.438502968244954,1,"#e06a5d"
2.98829568060612e-05,1,1,0.438502968244954,1,"#e06a5d"
2.98829568060612e-05,1,1,0.438502968244954,1,"#e06a5d"
2.99232846829924e-05,1,1,0.438502968244954,1,"#e06a5d"
2.99232846829924e-05,1,1,0.438502968244954,1,"#e06a5d"
2.99636125599237e-05,1,1,0.438502968244954,1,"#e06a5d"
3.00442683137862e-05,1,1,0.438502968244954,1,"#e06a5d"
3.00845961907175e-05,1,1,0.438502968244954,1,"#e06a5d"
3.00845961907175e-05,1,1,0.438502968244954,1,"#e06a5d"
3.00845961907175e-05,1,1,0.438502968244954,1,"#e06a5d"
3.01249240676487e-05,1,1,0.438502968244954,1,"#e06a5d"
3.01249240676487e-05,1,1,0.438502968244954,1,"#e06a5d"
3.016525194458e-05,1,1,0.438502968244954,1,"#e06a5d"
3.016525194458e-05,1,1,0.438502968244954,1,"#e06a5d"
3.02055798215112e-05,1,1,0.438502968244954,1,"#e06a5d"
3.02862355753738e-05,1,1,0.438502968244954,1,"#e06a5d"
3.0326563452305e-05,1,1,0.438502968244954,1,"#e06a5d"
3.03668913292363e-05,1,1,0.438502968244954,1,"#e06a5d"
3.04072192061675e-05,1,1,0.438502968244954,1,"#e06a5d"
3.048787496003e-05,1,1,0.438502968244954,1,"#e06a5d"
3.048787496003e-05,1,1,0.438502968244954,1,"#e06a5d"
3.048787496003e-05,1,1,0.438502968244954,1,"#e06a5d"
3.05282028369613e-05,1,1,0.438502968244954,1,"#e06a5d"
3.06491864677551e-05,1,1,0.438502968244954,1,"#e06a5d"
3.06491864677551e-05,1,1,0.438502968244954,1,"#e06a5d"
3.06895143446863e-05,1,1,0.438502968244954,1,"#e06a5d"
3.06895143446863e-05,1,1,0.438502968244954,1,"#e06a5d"
3.06895143446863e-05,1,1,0.438502968244954,1,"#e06a5d"
3.06895143446863e-05,1,1,0.438502968244954,1,"#e06a5d"
3.06895143446863e-05,1,1,0.438502968244954,1,"#e06a5d"
3.07298422216176e-05,1,1,0.438502968244954,1,"#e06a5d"
3.08104979754801e-05,1,1,0.438502968244954,1,"#e06a5d"
3.08104979754801e-05,1,1,0.438502968244954,1,"#e06a5d"
3.08104979754801e-05,1,1,0.438502968244954,1,"#e06a5d"
3.08508258524113e-05,1,1,0.438502968244954,1,"#e06a5d"
3.08911537293426e-05,1,1,0.438502968244954,1,"#e06a5d"
3.09314816062739e-05,1,1,0.438502968244954,1,"#e06a5d"
3.10524652370676e-05,1,1,0.438502968244954,1,"#e06a5d"
3.10524652370676e-05,1,1,0.438502968244954,1,"#e06a5d"
3.11331209909301e-05,1,1,0.438502968244954,1,"#e06a5d"
3.11331209909301e-05,1,1,0.438502968244954,1,"#e06a5d"
3.12137767447927e-05,1,1,0.438502968244954,1,"#e06a5d"
3.12541046217239e-05,1,1,0.438502968244954,1,"#e06a5d"
3.12944324986552e-05,1,1,0.438502968244954,1,"#e06a5d"
3.12944324986552e-05,1,1,0.438502968244954,1,"#e06a5d"
3.13347603755864e-05,1,1,0.438502968244954,1,"#e06a5d"
3.13750882525177e-05,1,1,0.438502968244954,1,"#e06a5d"
3.14557440063802e-05,1,1,0.438502968244954,1,"#e06a5d"
3.15363997602427e-05,1,1,0.438502968244954,1,"#e06a5d"
3.16170555141052e-05,1,1,0.438502968244954,1,"#e06a5d"
3.16573833910365e-05,1,1,0.438502968244954,1,"#e06a5d"
3.16573833910365e-05,1,1,0.438502968244954,1,"#e06a5d"
3.16977112679677e-05,1,1,0.438502968244954,1,"#e06a5d"
3.1738039144899e-05,1,1,0.438502968244954,1,"#e06a5d"
3.1738039144899e-05,1,1,0.438502968244954,1,"#e06a5d"
3.18590227756928e-05,1,1,0.438502968244954,1,"#e06a5d"
3.19396785295553e-05,1,1,0.438502968244954,1,"#e06a5d"
3.19396785295553e-05,1,1,0.438502968244954,1,"#e06a5d"
3.19396785295553e-05,1,1,0.438502968244954,1,"#e06a5d"
3.19800064064865e-05,1,1,0.438502968244954,1,"#e06a5d"
3.21413179142116e-05,1,1,0.438502968244954,1,"#e06a5d"
3.22623015450053e-05,1,1,0.438502968244954,1,"#e06a5d"
3.22623015450053e-05,1,1,0.438502968244954,1,"#e06a5d"
3.23026294219366e-05,1,1,0.438502968244954,1,"#e06a5d"
3.24236130527304e-05,1,1,0.438502968244954,1,"#e06a5d"
3.24236130527304e-05,1,1,0.438502968244954,1,"#e06a5d"
3.24236130527304e-05,1,1,0.438502968244954,1,"#e06a5d"
3.25445966835241e-05,1,1,0.438502968244954,1,"#e06a5d"
3.25849245604554e-05,1,1,0.438502968244954,1,"#e06a5d"
3.26655803143179e-05,1,1,0.438502968244954,1,"#e06a5d"
3.27462360681804e-05,1,1,0.438502968244954,1,"#e06a5d"
3.27865639451117e-05,1,1,0.438502968244954,1,"#e06a5d"
3.28268918220429e-05,1,1,0.438502968244954,1,"#e06a5d"
3.28672196989742e-05,1,1,0.438502968244954,1,"#e06a5d"
3.29478754528367e-05,1,1,0.438502968244954,1,"#e06a5d"
3.29882033297679e-05,1,1,0.438502968244954,1,"#e06a5d"
3.31091869605617e-05,1,1,0.438502968244954,1,"#e06a5d"
3.31091869605617e-05,1,1,0.438502968244954,1,"#e06a5d"
3.31898427144242e-05,1,1,0.438502968244954,1,"#e06a5d"
3.31898427144242e-05,1,1,0.438502968244954,1,"#e06a5d"
3.32301705913555e-05,1,1,0.438502968244954,1,"#e06a5d"
3.32704984682867e-05,1,1,0.438502968244954,1,"#e06a5d"
3.3310826345218e-05,1,1,0.438502968244954,1,"#e06a5d"
3.3310826345218e-05,1,1,0.438502968244954,1,"#e06a5d"
3.33511542221493e-05,1,1,0.438502968244954,1,"#e06a5d"
3.33511542221493e-05,1,1,0.438502968244954,1,"#e06a5d"
3.33914820990805e-05,1,1,0.438502968244954,1,"#e06a5d"
3.36737772375993e-05,1,1,0.438502968244954,1,"#e06a5d"
3.36737772375993e-05,1,1,0.438502968244954,1,"#e06a5d"
3.36737772375993e-05,1,1,0.438502968244954,1,"#e06a5d"
3.37947608683931e-05,1,1,0.438502968244954,1,"#e06a5d"
3.39157444991868e-05,1,1,0.438502968244954,1,"#e06a5d"
3.39157444991868e-05,1,1,0.438502968244954,1,"#e06a5d"
3.39560723761181e-05,1,1,0.438502968244954,1,"#e06a5d"
3.40367281299806e-05,1,1,0.438502968244954,1,"#e06a5d"
3.40367281299806e-05,1,1,0.438502968244954,1,"#e06a5d"
3.40770560069119e-05,1,1,0.438502968244954,1,"#e06a5d"
3.41173838838431e-05,1,1,0.438502968244954,1,"#e06a5d"
3.41173838838431e-05,1,1,0.438502968244954,1,"#e06a5d"
3.41980396377056e-05,1,1,0.438502968244954,1,"#e06a5d"
3.43593511454307e-05,1,1,0.438502968244954,1,"#e06a5d"
3.43593511454307e-05,1,1,0.438502968244954,1,"#e06a5d"
3.43996790223619e-05,1,1,0.438502968244954,1,"#e06a5d"
3.44803347762244e-05,1,1,0.438502968244954,1,"#e06a5d"
3.45206626531557e-05,1,1,0.438502968244954,1,"#e06a5d"
3.46416462839495e-05,1,1,0.438502968244954,1,"#e06a5d"
3.4722302037812e-05,1,1,0.438502968244954,1,"#e06a5d"
3.47626299147432e-05,1,1,0.438502968244954,1,"#e06a5d"
3.48029577916745e-05,1,1,0.438502968244954,1,"#e06a5d"
3.48029577916745e-05,1,1,0.438502968244954,1,"#e06a5d"
3.4883613545537e-05,1,1,0.438502968244954,1,"#e06a5d"
3.49239414224683e-05,1,1,0.438502968244954,1,"#e06a5d"
3.49239414224683e-05,1,1,0.438502968244954,1,"#e06a5d"
3.5044925053262e-05,1,1,0.438502968244954,1,"#e06a5d"
3.50852529301933e-05,1,1,0.438502968244954,1,"#e06a5d"
3.51255808071245e-05,1,1,0.438502968244954,1,"#e06a5d"
3.52062365609871e-05,1,1,0.438502968244954,1,"#e06a5d"
3.52465644379183e-05,1,1,0.438502968244954,1,"#e06a5d"
3.53272201917808e-05,1,1,0.438502968244954,1,"#e06a5d"
3.53272201917808e-05,1,1,0.438502968244954,1,"#e06a5d"
3.54078759456433e-05,1,1,0.438502968244954,1,"#e06a5d"
3.54885316995059e-05,1,1,0.438502968244954,1,"#e06a5d"
3.55691874533684e-05,1,1,0.438502968244954,1,"#e06a5d"
3.55691874533684e-05,1,1,0.438502968244954,1,"#e06a5d"
3.56095153302996e-05,1,1,0.438502968244954,1,"#e06a5d"
3.56095153302996e-05,1,1,0.438502968244954,1,"#e06a5d"
3.56095153302996e-05,1,1,0.438502968244954,1,"#e06a5d"
3.56095153302996e-05,1,1,0.438502968244954,1,"#e06a5d"
3.56498432072309e-05,1,1,0.438502968244954,1,"#e06a5d"
3.56498432072309e-05,1,1,0.438502968244954,1,"#e06a5d"
3.56901710841621e-05,1,1,0.438502968244954,1,"#e06a5d"
3.57304989610934e-05,1,1,0.438502968244954,1,"#e06a5d"
3.57304989610934e-05,1,1,0.438502968244954,1,"#e06a5d"
3.57708268380247e-05,1,1,0.438502968244954,1,"#e06a5d"
3.57708268380247e-05,1,1,0.438502968244954,1,"#e06a5d"
3.57708268380247e-05,1,1,0.438502968244954,1,"#e06a5d"
3.60127940996122e-05,1,1,0.438502968244954,1,"#e06a5d"
3.62144334842685e-05,1,1,0.438502968244954,1,"#e06a5d"
3.62547613611997e-05,1,1,0.438502968244954,1,"#e06a5d"
3.63354171150622e-05,1,1,0.438502968244954,1,"#e06a5d"
3.64160728689248e-05,1,1,0.438502968244954,1,"#e06a5d"
3.6617712253581e-05,1,1,0.438502968244954,1,"#e06a5d"
3.66580401305123e-05,1,1,0.438502968244954,1,"#e06a5d"
3.66983680074436e-05,1,1,0.438502968244954,1,"#e06a5d"
3.66983680074436e-05,1,1,0.438502968244954,1,"#e06a5d"
3.68596795151686e-05,1,1,0.438502968244954,1,"#e06a5d"
3.69000073920998e-05,1,1,0.438502968244954,1,"#e06a5d"
3.69806631459624e-05,1,1,0.438502968244954,1,"#e06a5d"
3.71016467767561e-05,1,1,0.438502968244954,1,"#e06a5d"
3.71419746536874e-05,1,1,0.438502968244954,1,"#e06a5d"
3.71419746536874e-05,1,1,0.438502968244954,1,"#e06a5d"
3.71419746536874e-05,1,1,0.438502968244954,1,"#e06a5d"
3.71823025306186e-05,1,1,0.438502968244954,1,"#e06a5d"
3.72226304075499e-05,1,1,0.438502968244954,1,"#e06a5d"
3.72629582844811e-05,1,1,0.438502968244954,1,"#e06a5d"
3.72629582844811e-05,1,1,0.438502968244954,1,"#e06a5d"
3.73032861614124e-05,1,1,0.438502968244954,1,"#e06a5d"
3.73436140383437e-05,1,1,0.438502968244954,1,"#e06a5d"
3.73839419152749e-05,1,1,0.438502968244954,1,"#e06a5d"
3.75452534229999e-05,1,1,0.438502968244954,1,"#e06a5d"
3.75452534229999e-05,1,1,0.438502968244954,1,"#e06a5d"
3.75452534229999e-05,1,1,0.438502968244954,1,"#e06a5d"
3.75855812999312e-05,1,1,0.438502968244954,1,"#e06a5d"
3.76259091768625e-05,1,1,0.438502968244954,1,"#e06a5d"
3.76662370537937e-05,1,1,0.438502968244954,1,"#e06a5d"
3.76662370537937e-05,1,1,0.438502968244954,1,"#e06a5d"
3.76662370537937e-05,1,1,0.438502968244954,1,"#e06a5d"
3.76662370537937e-05,1,1,0.438502968244954,1,"#e06a5d"
3.7706564930725e-05,1,1,0.438502968244954,1,"#e06a5d"
3.77468928076562e-05,1,1,0.438502968244954,1,"#e06a5d"
3.77872206845875e-05,1,1,0.438502968244954,1,"#e06a5d"
3.77872206845875e-05,1,1,0.438502968244954,1,"#e06a5d"
3.786787643845e-05,1,1,0.438502968244954,1,"#e06a5d"
3.79082043153813e-05,1,1,0.438502968244954,1,"#e06a5d"
3.79485321923125e-05,1,1,0.438502968244954,1,"#e06a5d"
3.8029187946175e-05,1,1,0.438502968244954,1,"#e06a5d"
3.8029187946175e-05,1,1,0.438502968244954,1,"#e06a5d"
3.81501715769688e-05,1,1,0.438502968244954,1,"#e06a5d"
3.81501715769688e-05,1,1,0.438502968244954,1,"#e06a5d"
3.81904994539001e-05,1,1,0.438502968244954,1,"#e06a5d"
3.81904994539001e-05,1,1,0.438502968244954,1,"#e06a5d"
3.83921388385563e-05,1,1,0.438502968244954,1,"#e06a5d"
3.84324667154876e-05,1,1,0.438502968244954,1,"#e06a5d"
3.84727945924189e-05,1,1,0.438502968244954,1,"#e06a5d"
3.84727945924189e-05,1,1,0.438502968244954,1,"#e06a5d"
3.85937782232126e-05,1,1,0.438502968244954,1,"#e06a5d"
3.86341061001439e-05,1,1,0.438502968244954,1,"#e06a5d"
3.86744339770751e-05,1,1,0.438502968244954,1,"#e06a5d"
3.87550897309376e-05,1,1,0.438502968244954,1,"#e06a5d"
3.87550897309376e-05,1,1,0.438502968244954,1,"#e06a5d"
3.87550897309376e-05,1,1,0.438502968244954,1,"#e06a5d"
3.87954176078689e-05,1,1,0.438502968244954,1,"#e06a5d"
3.89567291155939e-05,1,1,0.438502968244954,1,"#e06a5d"
3.89970569925252e-05,1,1,0.438502968244954,1,"#e06a5d"
3.91583685002502e-05,1,1,0.438502968244954,1,"#e06a5d"
3.92390242541127e-05,1,1,0.438502968244954,1,"#e06a5d"
3.9279352131044e-05,1,1,0.438502968244954,1,"#e06a5d"
3.94809915157003e-05,1,1,0.438502968244954,1,"#e06a5d"
3.95213193926315e-05,1,1,0.438502968244954,1,"#e06a5d"
3.96423030234253e-05,1,1,0.438502968244954,1,"#e06a5d"
3.97632866542191e-05,1,1,0.438502968244954,1,"#e06a5d"
3.98439424080816e-05,1,1,0.438502968244954,1,"#e06a5d"
3.98439424080816e-05,1,1,0.438502968244954,1,"#e06a5d"
3.98439424080816e-05,1,1,0.438502968244954,1,"#e06a5d"
3.98842702850128e-05,1,1,0.438502968244954,1,"#e06a5d"
3.99245981619441e-05,1,1,0.438502968244954,1,"#e06a5d"
3.99649260388753e-05,1,1,0.438502968244954,1,"#e06a5d"
4.00859096696691e-05,1,1,0.438502968244954,1,"#e06a5d"
4.00859096696691e-05,1,1,0.438502968244954,1,"#e06a5d"
4.00859096696691e-05,1,1,0.438502968244954,1,"#e06a5d"
4.00859096696691e-05,1,1,0.438502968244954,1,"#e06a5d"
4.00859096696691e-05,1,1,0.438502968244954,1,"#e06a5d"
4.00859096696691e-05,1,1,0.438502968244954,1,"#e06a5d"
4.02068933004629e-05,1,1,0.438502968244954,1,"#e06a5d"
4.03682048081879e-05,1,1,0.438502968244954,1,"#e06a5d"
4.03682048081879e-05,1,1,0.438502968244954,1,"#e06a5d"
4.04488605620504e-05,1,1,0.438502968244954,1,"#e06a5d"
4.05295163159129e-05,1,1,0.438502968244954,1,"#e06a5d"
4.05295163159129e-05,1,1,0.438502968244954,1,"#e06a5d"
4.05698441928442e-05,1,1,0.438502968244954,1,"#e06a5d"
4.0690827823638e-05,1,1,0.438502968244954,1,"#e06a5d"
4.07714835775005e-05,1,1,0.438502968244954,1,"#e06a5d"
4.08924672082942e-05,1,1,0.438502968244954,1,"#e06a5d"
4.1174762346813e-05,1,1,0.438502968244954,1,"#e06a5d"
4.12150902237443e-05,1,1,0.438502968244954,1,"#e06a5d"
4.12957459776068e-05,1,1,0.438502968244954,1,"#e06a5d"
4.13764017314693e-05,1,1,0.438502968244954,1,"#e06a5d"
4.13764017314693e-05,1,1,0.438502968244954,1,"#e06a5d"
4.14570574853318e-05,1,1,0.438502968244954,1,"#e06a5d"
4.14570574853318e-05,1,1,0.438502968244954,1,"#e06a5d"
4.15377132391944e-05,1,1,0.438502968244954,1,"#e06a5d"
4.18603362546444e-05,1,1,0.438502968244954,1,"#e06a5d"
4.19006641315757e-05,1,1,0.438502968244954,1,"#e06a5d"
4.19813198854382e-05,1,1,0.438502968244954,1,"#e06a5d"
4.20216477623694e-05,1,1,0.438502968244954,1,"#e06a5d"
4.21023035162319e-05,1,1,0.438502968244954,1,"#e06a5d"
4.21426313931632e-05,1,1,0.438502968244954,1,"#e06a5d"
4.21426313931632e-05,1,1,0.438502968244954,1,"#e06a5d"
4.21829592700945e-05,1,1,0.438502968244954,1,"#e06a5d"
4.21829592700945e-05,1,1,0.438502968244954,1,"#e06a5d"
4.22232871470257e-05,1,1,0.438502968244954,1,"#e06a5d"
4.2263615023957e-05,1,1,0.438502968244954,1,"#e06a5d"
4.23039429008882e-05,1,1,0.438502968244954,1,"#e06a5d"
4.23442707778195e-05,1,1,0.438502968244954,1,"#e06a5d"
4.23442707778195e-05,1,1,0.438502968244954,1,"#e06a5d"
4.23442707778195e-05,1,1,0.438502968244954,1,"#e06a5d"
4.23845986547507e-05,1,1,0.438502968244954,1,"#e06a5d"
4.27072216702008e-05,1,1,0.438502968244954,1,"#e06a5d"
4.28282053009946e-05,1,1,0.438502968244954,1,"#e06a5d"
4.29088610548571e-05,1,1,0.438502968244954,1,"#e06a5d"
4.29088610548571e-05,1,1,0.438502968244954,1,"#e06a5d"
4.29491889317883e-05,1,1,0.438502968244954,1,"#e06a5d"
4.29491889317883e-05,1,1,0.438502968244954,1,"#e06a5d"
4.31105004395134e-05,1,1,0.438502968244954,1,"#e06a5d"
4.31105004395134e-05,1,1,0.438502968244954,1,"#e06a5d"
4.33121398241697e-05,1,1,0.438502968244954,1,"#e06a5d"
4.33121398241697e-05,1,1,0.438502968244954,1,"#e06a5d"
4.33524677011009e-05,1,1,0.438502968244954,1,"#e06a5d"
4.33524677011009e-05,1,1,0.438502968244954,1,"#e06a5d"
4.33927955780322e-05,1,1,0.438502968244954,1,"#e06a5d"
4.34734513318947e-05,1,1,0.438502968244954,1,"#e06a5d"
4.34734513318947e-05,1,1,0.438502968244954,1,"#e06a5d"
4.35137792088259e-05,1,1,0.438502968244954,1,"#e06a5d"
4.35541070857572e-05,1,1,0.438502968244954,1,"#e06a5d"
4.35541070857572e-05,1,1,0.438502968244954,1,"#e06a5d"
4.3675090716551e-05,1,1,0.438502968244954,1,"#e06a5d"
4.3675090716551e-05,1,1,0.438502968244954,1,"#e06a5d"
4.3675090716551e-05,1,1,0.438502968244954,1,"#e06a5d"
4.3675090716551e-05,1,1,0.438502968244954,1,"#e06a5d"
4.37557464704135e-05,1,1,0.438502968244954,1,"#e06a5d"
4.37557464704135e-05,1,1,0.438502968244954,1,"#e06a5d"
4.37960743473447e-05,1,1,0.438502968244954,1,"#e06a5d"
4.3836402224276e-05,1,1,0.438502968244954,1,"#e06a5d"
4.3836402224276e-05,1,1,0.438502968244954,1,"#e06a5d"
4.3836402224276e-05,1,1,0.438502968244954,1,"#e06a5d"
4.38767301012072e-05,1,1,0.438502968244954,1,"#e06a5d"
4.38767301012072e-05,1,1,0.438502968244954,1,"#e06a5d"
4.39170579781385e-05,1,1,0.438502968244954,1,"#e06a5d"
4.40380416089323e-05,1,1,0.438502968244954,1,"#e06a5d"
4.40783694858635e-05,1,1,0.438502968244954,1,"#e06a5d"
4.40783694858635e-05,1,1,0.438502968244954,1,"#e06a5d"
4.43203367474511e-05,1,1,0.438502968244954,1,"#e06a5d"
4.43606646243823e-05,1,1,0.438502968244954,1,"#e06a5d"
4.43606646243823e-05,1,1,0.438502968244954,1,"#e06a5d"
4.44413203782448e-05,1,1,0.438502968244954,1,"#e06a5d"
4.45219761321074e-05,1,1,0.438502968244954,1,"#e06a5d"
4.45623040090386e-05,1,1,0.438502968244954,1,"#e06a5d"
4.46429597629011e-05,1,1,0.438502968244954,1,"#e06a5d"
4.46832876398324e-05,1,1,0.438502968244954,1,"#e06a5d"
4.47236155167636e-05,1,1,0.438502968244954,1,"#e06a5d"
4.47236155167636e-05,1,1,0.438502968244954,1,"#e06a5d"
4.47236155167636e-05,1,1,0.438502968244954,1,"#e06a5d"
4.47236155167636e-05,1,1,0.438502968244954,1,"#e06a5d"
4.48849270244887e-05,1,1,0.438502968244954,1,"#e06a5d"
4.49252549014199e-05,1,1,0.438502968244954,1,"#e06a5d"
4.49655827783512e-05,1,1,0.438502968244954,1,"#e06a5d"
4.50462385322137e-05,1,1,0.438502968244954,1,"#e06a5d"
4.524787791687e-05,1,1,0.438502968244954,1,"#e06a5d"
4.52882057938012e-05,1,1,0.438502968244954,1,"#e06a5d"
4.53285336707325e-05,1,1,0.438502968244954,1,"#e06a5d"
4.5409189424595e-05,1,1,0.438502968244954,1,"#e06a5d"
4.5409189424595e-05,1,1,0.438502968244954,1,"#e06a5d"
4.557050093232e-05,1,1,0.438502968244954,1,"#e06a5d"
4.56108288092513e-05,1,1,0.438502968244954,1,"#e06a5d"
4.56511566861825e-05,1,1,0.438502968244954,1,"#e06a5d"
4.5731812440045e-05,1,1,0.438502968244954,1,"#e06a5d"
4.58124681939076e-05,1,1,0.438502968244954,1,"#e06a5d"
4.58931239477701e-05,1,1,0.438502968244954,1,"#e06a5d"
4.59334518247013e-05,1,1,0.438502968244954,1,"#e06a5d"
4.59737797016326e-05,1,1,0.438502968244954,1,"#e06a5d"
4.60947633324264e-05,1,1,0.438502968244954,1,"#e06a5d"
4.60947633324264e-05,1,1,0.438502968244954,1,"#e06a5d"
4.61754190862889e-05,1,1,0.438502968244954,1,"#e06a5d"
4.63770584709452e-05,1,1,0.438502968244954,1,"#e06a5d"
4.64577142248077e-05,1,1,0.438502968244954,1,"#e06a5d"
4.66190257325327e-05,1,1,0.438502968244954,1,"#e06a5d"
4.6659353609464e-05,1,1,0.438502968244954,1,"#e06a5d"
4.66996814863952e-05,1,1,0.438502968244954,1,"#e06a5d"
4.67400093633265e-05,1,1,0.438502968244954,1,"#e06a5d"
4.69013208710515e-05,1,1,0.438502968244954,1,"#e06a5d"
4.69416487479827e-05,1,1,0.438502968244954,1,"#e06a5d"
4.70626323787765e-05,1,1,0.438502968244954,1,"#e06a5d"
4.72239438865015e-05,1,1,0.438502968244954,1,"#e06a5d"
4.73045996403641e-05,1,1,0.438502968244954,1,"#e06a5d"
4.73852553942266e-05,1,1,0.438502968244954,1,"#e06a5d"
4.74255832711578e-05,1,1,0.438502968244954,1,"#e06a5d"
4.74255832711578e-05,1,1,0.438502968244954,1,"#e06a5d"
4.75868947788829e-05,1,1,0.438502968244954,1,"#e06a5d"
4.77482062866079e-05,1,1,0.438502968244954,1,"#e06a5d"
4.77885341635391e-05,1,1,0.438502968244954,1,"#e06a5d"
4.77885341635391e-05,1,1,0.438502968244954,1,"#e06a5d"
4.78288620404704e-05,1,1,0.438502968244954,1,"#e06a5d"
4.78288620404704e-05,1,1,0.438502968244954,1,"#e06a5d"
4.79498456712642e-05,1,1,0.438502968244954,1,"#e06a5d"
4.80305014251267e-05,1,1,0.438502968244954,1,"#e06a5d"
4.80708293020579e-05,1,1,0.438502968244954,1,"#e06a5d"
4.81111571789892e-05,1,1,0.438502968244954,1,"#e06a5d"
4.81918129328517e-05,1,1,0.438502968244954,1,"#e06a5d"
4.8232140809783e-05,1,1,0.438502968244954,1,"#e06a5d"
4.84337801944392e-05,1,1,0.438502968244954,1,"#e06a5d"
4.84741080713705e-05,1,1,0.438502968244954,1,"#e06a5d"
4.85950917021643e-05,1,1,0.438502968244954,1,"#e06a5d"
4.85950917021643e-05,1,1,0.438502968244954,1,"#e06a5d"
4.85950917021643e-05,1,1,0.438502968244954,1,"#e06a5d"
4.86354195790955e-05,1,1,0.438502968244954,1,"#e06a5d"
4.89177147176143e-05,1,1,0.438502968244954,1,"#e06a5d"
4.89580425945456e-05,1,1,0.438502968244954,1,"#e06a5d"
4.89580425945456e-05,1,1,0.438502968244954,1,"#e06a5d"
4.90386983484081e-05,1,1,0.438502968244954,1,"#e06a5d"
4.93613213638581e-05,1,1,0.438502968244954,1,"#e06a5d"
4.93613213638581e-05,1,1,0.438502968244954,1,"#e06a5d"
4.94016492407894e-05,1,1,0.438502968244954,1,"#e06a5d"
4.94419771177207e-05,1,1,0.438502968244954,1,"#e06a5d"
4.95629607485144e-05,1,1,0.438502968244954,1,"#e06a5d"
4.96032886254457e-05,1,1,0.438502968244954,1,"#e06a5d"
4.96032886254457e-05,1,1,0.438502968244954,1,"#e06a5d"
4.9804928010102e-05,1,1,0.438502968244954,1,"#e06a5d"
4.9804928010102e-05,1,1,0.438502968244954,1,"#e06a5d"
5.01678789024833e-05,1,1,0.438502968244954,1,"#e06a5d"
5.02082067794145e-05,1,1,0.438502968244954,1,"#e06a5d"
5.02485346563458e-05,1,1,0.438502968244954,1,"#e06a5d"
5.05711576717958e-05,1,1,0.438502968244954,1,"#e06a5d"
5.06921413025896e-05,1,1,0.438502968244954,1,"#e06a5d"
5.07324691795209e-05,1,1,0.438502968244954,1,"#e06a5d"
5.08937806872459e-05,1,1,0.438502968244954,1,"#e06a5d"
5.09341085641772e-05,1,1,0.438502968244954,1,"#e06a5d"
5.09341085641772e-05,1,1,0.438502968244954,1,"#e06a5d"
5.10550921949709e-05,1,1,0.438502968244954,1,"#e06a5d"
5.10550921949709e-05,1,1,0.438502968244954,1,"#e06a5d"
5.11357479488334e-05,1,1,0.438502968244954,1,"#e06a5d"
5.1216403702696e-05,1,1,0.438502968244954,1,"#e06a5d"
5.1216403702696e-05,1,1,0.438502968244954,1,"#e06a5d"
5.1216403702696e-05,1,1,0.438502968244954,1,"#e06a5d"
5.12567315796272e-05,1,1,0.438502968244954,1,"#e06a5d"
5.13373873334897e-05,1,1,0.438502968244954,1,"#e06a5d"
5.13373873334897e-05,1,1,0.438502968244954,1,"#e06a5d"
5.1377715210421e-05,1,1,0.438502968244954,1,"#e06a5d"
5.1377715210421e-05,1,1,0.438502968244954,1,"#e06a5d"
5.14583709642835e-05,1,1,0.438502968244954,1,"#e06a5d"
5.16600103489398e-05,1,1,0.438502968244954,1,"#e06a5d"
5.16600103489398e-05,1,1,0.438502968244954,1,"#e06a5d"
5.1700338225871e-05,1,1,0.438502968244954,1,"#e06a5d"
5.17406661028023e-05,1,1,0.438502968244954,1,"#e06a5d"
5.18213218566648e-05,1,1,0.438502968244954,1,"#e06a5d"
5.18213218566648e-05,1,1,0.438502968244954,1,"#e06a5d"
5.19423054874586e-05,1,1,0.438502968244954,1,"#e06a5d"
5.19826333643898e-05,1,1,0.438502968244954,1,"#e06a5d"
5.24262400106337e-05,1,1,0.438502968244954,1,"#e06a5d"
5.24665678875649e-05,1,1,0.438502968244954,1,"#e06a5d"
5.26682072722212e-05,1,1,0.438502968244954,1,"#e06a5d"
5.26682072722212e-05,1,1,0.438502968244954,1,"#e06a5d"
5.27085351491525e-05,1,1,0.438502968244954,1,"#e06a5d"
5.27488630260837e-05,1,1,0.438502968244954,1,"#e06a5d"
5.29101745338087e-05,1,1,0.438502968244954,1,"#e06a5d"
5.29101745338087e-05,1,1,0.438502968244954,1,"#e06a5d"
5.31521417953963e-05,1,1,0.438502968244954,1,"#e06a5d"
5.31924696723275e-05,1,1,0.438502968244954,1,"#e06a5d"
5.32327975492588e-05,1,1,0.438502968244954,1,"#e06a5d"
5.33941090569838e-05,1,1,0.438502968244954,1,"#e06a5d"
5.34344369339151e-05,1,1,0.438502968244954,1,"#e06a5d"
5.34747648108463e-05,1,1,0.438502968244954,1,"#e06a5d"
5.34747648108463e-05,1,1,0.438502968244954,1,"#e06a5d"
5.35150926877776e-05,1,1,0.438502968244954,1,"#e06a5d"
5.35150926877776e-05,1,1,0.438502968244954,1,"#e06a5d"
5.35150926877776e-05,1,1,0.438502968244954,1,"#e06a5d"
5.35957484416401e-05,1,1,0.438502968244954,1,"#e06a5d"
5.36764041955026e-05,1,1,0.438502968244954,1,"#e06a5d"
5.37167320724339e-05,1,1,0.438502968244954,1,"#e06a5d"
5.37167320724339e-05,1,1,0.438502968244954,1,"#e06a5d"
5.4361978103334e-05,1,1,0.438502968244954,1,"#e06a5d"
5.44023059802652e-05,1,1,0.438502968244954,1,"#e06a5d"
5.44023059802652e-05,1,1,0.438502968244954,1,"#e06a5d"
5.45636174879903e-05,1,1,0.438502968244954,1,"#e06a5d"
5.45636174879903e-05,1,1,0.438502968244954,1,"#e06a5d"
5.4684601118784e-05,1,1,0.438502968244954,1,"#e06a5d"
5.48459126265091e-05,1,1,0.438502968244954,1,"#e06a5d"
5.48862405034403e-05,1,1,0.438502968244954,1,"#e06a5d"
5.50475520111653e-05,1,1,0.438502968244954,1,"#e06a5d"
5.50878798880966e-05,1,1,0.438502968244954,1,"#e06a5d"
5.51685356419591e-05,1,1,0.438502968244954,1,"#e06a5d"
5.53701750266154e-05,1,1,0.438502968244954,1,"#e06a5d"
5.54105029035466e-05,1,1,0.438502968244954,1,"#e06a5d"
5.54508307804779e-05,1,1,0.438502968244954,1,"#e06a5d"
5.55718144112717e-05,1,1,0.438502968244954,1,"#e06a5d"
5.55718144112717e-05,1,1,0.438502968244954,1,"#e06a5d"
5.55718144112717e-05,1,1,0.438502968244954,1,"#e06a5d"
5.55718144112717e-05,1,1,0.438502968244954,1,"#e06a5d"
5.56524701651342e-05,1,1,0.438502968244954,1,"#e06a5d"
5.5773453795928e-05,1,1,0.438502968244954,1,"#e06a5d"
5.5773453795928e-05,1,1,0.438502968244954,1,"#e06a5d"
5.5773453795928e-05,1,1,0.438502968244954,1,"#e06a5d"
5.59750931805842e-05,1,1,0.438502968244954,1,"#e06a5d"
5.60154210575155e-05,1,1,0.438502968244954,1,"#e06a5d"
5.60154210575155e-05,1,1,0.438502968244954,1,"#e06a5d"
5.61364046883093e-05,1,1,0.438502968244954,1,"#e06a5d"
5.61767325652405e-05,1,1,0.438502968244954,1,"#e06a5d"
5.65396834576218e-05,1,1,0.438502968244954,1,"#e06a5d"
5.67816507192094e-05,1,1,0.438502968244954,1,"#e06a5d"
5.69832901038657e-05,1,1,0.438502968244954,1,"#e06a5d"
5.70236179807969e-05,1,1,0.438502968244954,1,"#e06a5d"
5.70639458577282e-05,1,1,0.438502968244954,1,"#e06a5d"
5.72252573654532e-05,1,1,0.438502968244954,1,"#e06a5d"
5.74672246270407e-05,1,1,0.438502968244954,1,"#e06a5d"
5.7507552503972e-05,1,1,0.438502968244954,1,"#e06a5d"
5.75882082578345e-05,1,1,0.438502968244954,1,"#e06a5d"
5.76285361347658e-05,1,1,0.438502968244954,1,"#e06a5d"
5.7668864011697e-05,1,1,0.438502968244954,1,"#e06a5d"
5.79511591502158e-05,1,1,0.438502968244954,1,"#e06a5d"
5.79914870271471e-05,1,1,0.438502968244954,1,"#e06a5d"
5.82737821656659e-05,1,1,0.438502968244954,1,"#e06a5d"
5.83947657964596e-05,1,1,0.438502968244954,1,"#e06a5d"
5.84350936733909e-05,1,1,0.438502968244954,1,"#e06a5d"
5.85157494272534e-05,1,1,0.438502968244954,1,"#e06a5d"
5.85964051811159e-05,1,1,0.438502968244954,1,"#e06a5d"
5.87980445657722e-05,1,1,0.438502968244954,1,"#e06a5d"
5.8919028196566e-05,1,1,0.438502968244954,1,"#e06a5d"
5.89593560734972e-05,1,1,0.438502968244954,1,"#e06a5d"
5.91609954581535e-05,1,1,0.438502968244954,1,"#e06a5d"
5.9241651212016e-05,1,1,0.438502968244954,1,"#e06a5d"
5.92819790889473e-05,1,1,0.438502968244954,1,"#e06a5d"
5.93223069658785e-05,1,1,0.438502968244954,1,"#e06a5d"
5.96852578582599e-05,1,1,0.438502968244954,1,"#e06a5d"
5.96852578582599e-05,1,1,0.438502968244954,1,"#e06a5d"
5.97659136121224e-05,1,1,0.438502968244954,1,"#e06a5d"
5.98465693659849e-05,1,1,0.438502968244954,1,"#e06a5d"
5.99272251198474e-05,1,1,0.438502968244954,1,"#e06a5d"
6.01288645045037e-05,1,1,0.438502968244954,1,"#e06a5d"
6.02095202583662e-05,1,1,0.438502968244954,1,"#e06a5d"
6.05321432738162e-05,1,1,0.438502968244954,1,"#e06a5d"
6.06934547815413e-05,1,1,0.438502968244954,1,"#e06a5d"
6.12177171816476e-05,1,1,0.438502968244954,1,"#e06a5d"
6.12983729355101e-05,1,1,0.438502968244954,1,"#e06a5d"
6.15000123201664e-05,1,1,0.438502968244954,1,"#e06a5d"
6.15403401970977e-05,1,1,0.438502968244954,1,"#e06a5d"
6.15403401970977e-05,1,1,0.438502968244954,1,"#e06a5d"
6.16209959509602e-05,1,1,0.438502968244954,1,"#e06a5d"
6.17823074586852e-05,1,1,0.438502968244954,1,"#e06a5d"
6.23065698587915e-05,1,1,0.438502968244954,1,"#e06a5d"
6.23065698587915e-05,1,1,0.438502968244954,1,"#e06a5d"
6.2387225612654e-05,1,1,0.438502968244954,1,"#e06a5d"
6.2387225612654e-05,1,1,0.438502968244954,1,"#e06a5d"
6.25485371203791e-05,1,1,0.438502968244954,1,"#e06a5d"
6.25485371203791e-05,1,1,0.438502968244954,1,"#e06a5d"
6.25485371203791e-05,1,1,0.438502968244954,1,"#e06a5d"
6.27501765050354e-05,1,1,0.438502968244954,1,"#e06a5d"
6.29921437666229e-05,1,1,0.438502968244954,1,"#e06a5d"
6.31937831512792e-05,1,1,0.438502968244954,1,"#e06a5d"
6.32341110282104e-05,1,1,0.438502968244954,1,"#e06a5d"
6.34357504128667e-05,1,1,0.438502968244954,1,"#e06a5d"
6.3476078289798e-05,1,1,0.438502968244954,1,"#e06a5d"
6.35164061667292e-05,1,1,0.438502968244954,1,"#e06a5d"
6.35164061667292e-05,1,1,0.438502968244954,1,"#e06a5d"
6.35970619205917e-05,1,1,0.438502968244954,1,"#e06a5d"
6.37180455513855e-05,1,1,0.438502968244954,1,"#e06a5d"
6.40406685668356e-05,1,1,0.438502968244954,1,"#e06a5d"
6.40406685668356e-05,1,1,0.438502968244954,1,"#e06a5d"
6.42423079514919e-05,1,1,0.438502968244954,1,"#e06a5d"
6.43229637053544e-05,1,1,0.438502968244954,1,"#e06a5d"
6.44842752130794e-05,1,1,0.438502968244954,1,"#e06a5d"
6.45649309669419e-05,1,1,0.438502968244954,1,"#e06a5d"
6.47262424746669e-05,1,1,0.438502968244954,1,"#e06a5d"
6.47262424746669e-05,1,1,0.438502968244954,1,"#e06a5d"
6.4887553982392e-05,1,1,0.438502968244954,1,"#e06a5d"
6.49682097362545e-05,1,1,0.438502968244954,1,"#e06a5d"
6.54118163824983e-05,1,1,0.438502968244954,1,"#e06a5d"
6.54521442594296e-05,1,1,0.438502968244954,1,"#e06a5d"
6.55328000132921e-05,1,1,0.438502968244954,1,"#e06a5d"
6.56537836440858e-05,1,1,0.438502968244954,1,"#e06a5d"
6.56941115210171e-05,1,1,0.438502968244954,1,"#e06a5d"
6.58554230287421e-05,1,1,0.438502968244954,1,"#e06a5d"
6.59360787826046e-05,1,1,0.438502968244954,1,"#e06a5d"
6.62990296749859e-05,1,1,0.438502968244954,1,"#e06a5d"
6.62990296749859e-05,1,1,0.438502968244954,1,"#e06a5d"
6.6460341182711e-05,1,1,0.438502968244954,1,"#e06a5d"
6.69442757058861e-05,1,1,0.438502968244954,1,"#e06a5d"
6.69442757058861e-05,1,1,0.438502968244954,1,"#e06a5d"
6.69846035828173e-05,1,1,0.438502968244954,1,"#e06a5d"
6.71862429674736e-05,1,1,0.438502968244954,1,"#e06a5d"
6.73878823521299e-05,1,1,0.438502968244954,1,"#e06a5d"
6.73878823521299e-05,1,1,0.438502968244954,1,"#e06a5d"
6.74685381059924e-05,1,1,0.438502968244954,1,"#e06a5d"
6.74685381059924e-05,1,1,0.438502968244954,1,"#e06a5d"
6.75491938598549e-05,1,1,0.438502968244954,1,"#e06a5d"
6.77105053675799e-05,1,1,0.438502968244954,1,"#e06a5d"
6.78718168753049e-05,1,1,0.438502968244954,1,"#e06a5d"
6.79121447522362e-05,1,1,0.438502968244954,1,"#e06a5d"
6.81541120138238e-05,1,1,0.438502968244954,1,"#e06a5d"
6.83960792754113e-05,1,1,0.438502968244954,1,"#e06a5d"
6.83960792754113e-05,1,1,0.438502968244954,1,"#e06a5d"
6.86380465369988e-05,1,1,0.438502968244954,1,"#e06a5d"
6.87590301677926e-05,1,1,0.438502968244954,1,"#e06a5d"
6.89606695524489e-05,1,1,0.438502968244954,1,"#e06a5d"
6.94849319525552e-05,1,1,0.438502968244954,1,"#e06a5d"
6.94849319525552e-05,1,1,0.438502968244954,1,"#e06a5d"
6.94849319525552e-05,1,1,0.438502968244954,1,"#e06a5d"
6.95252598294865e-05,1,1,0.438502968244954,1,"#e06a5d"
6.98478828449365e-05,1,1,0.438502968244954,1,"#e06a5d"
7.00495222295928e-05,1,1,0.438502968244954,1,"#e06a5d"
7.02108337373178e-05,1,1,0.438502968244954,1,"#e06a5d"
7.04124731219741e-05,1,1,0.438502968244954,1,"#e06a5d"
7.04124731219741e-05,1,1,0.438502968244954,1,"#e06a5d"
7.12190306605992e-05,1,1,0.438502968244954,1,"#e06a5d"
7.12996864144618e-05,1,1,0.438502968244954,1,"#e06a5d"
7.13803421683243e-05,1,1,0.438502968244954,1,"#e06a5d"
7.14206700452555e-05,1,1,0.438502968244954,1,"#e06a5d"
7.17432930607056e-05,1,1,0.438502968244954,1,"#e06a5d"
7.17836209376369e-05,1,1,0.438502968244954,1,"#e06a5d"
7.18239488145681e-05,1,1,0.438502968244954,1,"#e06a5d"
7.18642766914994e-05,1,1,0.438502968244954,1,"#e06a5d"
7.19449324453619e-05,1,1,0.438502968244954,1,"#e06a5d"
7.19852603222931e-05,1,1,0.438502968244954,1,"#e06a5d"
7.21868997069494e-05,1,1,0.438502968244954,1,"#e06a5d"
7.22272275838807e-05,1,1,0.438502968244954,1,"#e06a5d"
7.25095227223995e-05,1,1,0.438502968244954,1,"#e06a5d"
7.26708342301245e-05,1,1,0.438502968244954,1,"#e06a5d"
7.2751489983987e-05,1,1,0.438502968244954,1,"#e06a5d"
7.27918178609183e-05,1,1,0.438502968244954,1,"#e06a5d"
7.28321457378495e-05,1,1,0.438502968244954,1,"#e06a5d"
7.28321457378495e-05,1,1,0.438502968244954,1,"#e06a5d"
7.2912801491712e-05,1,1,0.438502968244954,1,"#e06a5d"
7.31144408763683e-05,1,1,0.438502968244954,1,"#e06a5d"
7.31950966302308e-05,1,1,0.438502968244954,1,"#e06a5d"
7.33160802610246e-05,1,1,0.438502968244954,1,"#e06a5d"
7.33967360148871e-05,1,1,0.438502968244954,1,"#e06a5d"
7.36790311534059e-05,1,1,0.438502968244954,1,"#e06a5d"
7.39209984149935e-05,1,1,0.438502968244954,1,"#e06a5d"
7.42436214304435e-05,1,1,0.438502968244954,1,"#e06a5d"
7.42436214304435e-05,1,1,0.438502968244954,1,"#e06a5d"
7.43646050612373e-05,1,1,0.438502968244954,1,"#e06a5d"
7.45662444458936e-05,1,1,0.438502968244954,1,"#e06a5d"
7.46065723228248e-05,1,1,0.438502968244954,1,"#e06a5d"
7.46872280766873e-05,1,1,0.438502968244954,1,"#e06a5d"
7.48082117074811e-05,1,1,0.438502968244954,1,"#e06a5d"
7.50905068459999e-05,1,1,0.438502968244954,1,"#e06a5d"
7.51308347229312e-05,1,1,0.438502968244954,1,"#e06a5d"
7.51711625998624e-05,1,1,0.438502968244954,1,"#e06a5d"
7.51711625998624e-05,1,1,0.438502968244954,1,"#e06a5d"
7.52518183537249e-05,1,1,0.438502968244954,1,"#e06a5d"
7.5574441369175e-05,1,1,0.438502968244954,1,"#e06a5d"
7.57357528769e-05,1,1,0.438502968244954,1,"#e06a5d"
7.59777201384875e-05,1,1,0.438502968244954,1,"#e06a5d"
7.59777201384875e-05,1,1,0.438502968244954,1,"#e06a5d"
7.59777201384875e-05,1,1,0.438502968244954,1,"#e06a5d"
7.60583758923501e-05,1,1,0.438502968244954,1,"#e06a5d"
7.63003431539376e-05,1,1,0.438502968244954,1,"#e06a5d"
7.67439498001814e-05,1,1,0.438502968244954,1,"#e06a5d"
7.68246055540439e-05,1,1,0.438502968244954,1,"#e06a5d"
7.71069006925627e-05,1,1,0.438502968244954,1,"#e06a5d"
7.71875564464252e-05,1,1,0.438502968244954,1,"#e06a5d"
7.72278843233565e-05,1,1,0.438502968244954,1,"#e06a5d"
7.76311630926691e-05,1,1,0.438502968244954,1,"#e06a5d"
7.76311630926691e-05,1,1,0.438502968244954,1,"#e06a5d"
7.78328024773253e-05,1,1,0.438502968244954,1,"#e06a5d"
7.81150976158441e-05,1,1,0.438502968244954,1,"#e06a5d"
7.81150976158441e-05,1,1,0.438502968244954,1,"#e06a5d"
7.83973927543629e-05,1,1,0.438502968244954,1,"#e06a5d"
7.84377206312942e-05,1,1,0.438502968244954,1,"#e06a5d"
7.85183763851567e-05,1,1,0.438502968244954,1,"#e06a5d"
7.88006715236755e-05,1,1,0.438502968244954,1,"#e06a5d"
7.8881327277538e-05,1,1,0.438502968244954,1,"#e06a5d"
7.91232945391256e-05,1,1,0.438502968244954,1,"#e06a5d"
7.93652618007131e-05,1,1,0.438502968244954,1,"#e06a5d"
7.96878848161632e-05,1,1,0.438502968244954,1,"#e06a5d"
7.96878848161632e-05,1,1,0.438502968244954,1,"#e06a5d"
7.97685405700257e-05,1,1,0.438502968244954,1,"#e06a5d"
7.97685405700257e-05,1,1,0.438502968244954,1,"#e06a5d"
8.00508357085445e-05,1,1,0.438502968244954,1,"#e06a5d"
8.0131491462407e-05,1,1,0.438502968244954,1,"#e06a5d"
8.0292802970132e-05,1,1,0.438502968244954,1,"#e06a5d"
8.0292802970132e-05,1,1,0.438502968244954,1,"#e06a5d"
8.15026392780697e-05,1,1,0.438502968244954,1,"#e06a5d"
8.15026392780697e-05,1,1,0.438502968244954,1,"#e06a5d"
8.15832950319322e-05,1,1,0.438502968244954,1,"#e06a5d"
8.20672295551073e-05,1,1,0.438502968244954,1,"#e06a5d"
8.23091968166948e-05,1,1,0.438502968244954,1,"#e06a5d"
8.29544428475949e-05,1,1,0.438502968244954,1,"#e06a5d"
8.29544428475949e-05,1,1,0.438502968244954,1,"#e06a5d"
8.311575435532e-05,1,1,0.438502968244954,1,"#e06a5d"
8.31964101091825e-05,1,1,0.438502968244954,1,"#e06a5d"
8.33980494938388e-05,1,1,0.438502968244954,1,"#e06a5d"
8.35593610015638e-05,1,1,0.438502968244954,1,"#e06a5d"
8.38013282631513e-05,1,1,0.438502968244954,1,"#e06a5d"
8.39626397708764e-05,1,1,0.438502968244954,1,"#e06a5d"
8.40029676478076e-05,1,1,0.438502968244954,1,"#e06a5d"
8.43659185401889e-05,1,1,0.438502968244954,1,"#e06a5d"
8.46078858017765e-05,1,1,0.438502968244954,1,"#e06a5d"
8.46482136787077e-05,1,1,0.438502968244954,1,"#e06a5d"
8.47691973095015e-05,1,1,0.438502968244954,1,"#e06a5d"
8.49305088172265e-05,1,1,0.438502968244954,1,"#e06a5d"
8.49708366941578e-05,1,1,0.438502968244954,1,"#e06a5d"
8.5011164571089e-05,1,1,0.438502968244954,1,"#e06a5d"
8.52934597096078e-05,1,1,0.438502968244954,1,"#e06a5d"
8.56564106019891e-05,1,1,0.438502968244954,1,"#e06a5d"
8.58177221097142e-05,1,1,0.438502968244954,1,"#e06a5d"
8.58177221097142e-05,1,1,0.438502968244954,1,"#e06a5d"
8.58983778635767e-05,1,1,0.438502968244954,1,"#e06a5d"
8.68259190329956e-05,1,1,0.438502968244954,1,"#e06a5d"
8.69872305407206e-05,1,1,0.438502968244954,1,"#e06a5d"
8.75114929408269e-05,1,1,0.438502968244954,1,"#e06a5d"
8.77534602024145e-05,1,1,0.438502968244954,1,"#e06a5d"
8.78744438332083e-05,1,1,0.438502968244954,1,"#e06a5d"
8.7995427464002e-05,1,1,0.438502968244954,1,"#e06a5d"
8.80760832178645e-05,1,1,0.438502968244954,1,"#e06a5d"
8.81164110947958e-05,1,1,0.438502968244954,1,"#e06a5d"
8.93665752796648e-05,1,1,0.438502968244954,1,"#e06a5d"
8.97698540489773e-05,1,1,0.438502968244954,1,"#e06a5d"
8.99311655567024e-05,1,1,0.438502968244954,1,"#e06a5d"
8.99714934336336e-05,1,1,0.438502968244954,1,"#e06a5d"
9.01328049413586e-05,1,1,0.438502968244954,1,"#e06a5d"
9.02941164490837e-05,1,1,0.438502968244954,1,"#e06a5d"
9.03344443260149e-05,1,1,0.438502968244954,1,"#e06a5d"
9.04151000798774e-05,1,1,0.438502968244954,1,"#e06a5d"
9.06167394645337e-05,1,1,0.438502968244954,1,"#e06a5d"
9.07780509722587e-05,1,1,0.438502968244954,1,"#e06a5d"
9.11813297415713e-05,1,1,0.438502968244954,1,"#e06a5d"
9.12619854954338e-05,1,1,0.438502968244954,1,"#e06a5d"
9.14636248800901e-05,1,1,0.438502968244954,1,"#e06a5d"
9.15442806339526e-05,1,1,0.438502968244954,1,"#e06a5d"
9.17055921416776e-05,1,1,0.438502968244954,1,"#e06a5d"
9.18669036494027e-05,1,1,0.438502968244954,1,"#e06a5d"
9.21895266648527e-05,1,1,0.438502968244954,1,"#e06a5d"
9.22701824187152e-05,1,1,0.438502968244954,1,"#e06a5d"
9.23508381725778e-05,1,1,0.438502968244954,1,"#e06a5d"
9.26734611880278e-05,1,1,0.438502968244954,1,"#e06a5d"
9.27541169418903e-05,1,1,0.438502968244954,1,"#e06a5d"
9.30364120804091e-05,1,1,0.438502968244954,1,"#e06a5d"
9.32380514650654e-05,1,1,0.438502968244954,1,"#e06a5d"
9.32380514650654e-05,1,1,0.438502968244954,1,"#e06a5d"
9.3963953249828e-05,1,1,0.438502968244954,1,"#e06a5d"
9.46495271576594e-05,1,1,0.438502968244954,1,"#e06a5d"
9.48108386653844e-05,1,1,0.438502968244954,1,"#e06a5d"
9.49318222961782e-05,1,1,0.438502968244954,1,"#e06a5d"
9.53351010654907e-05,1,1,0.438502968244954,1,"#e06a5d"
9.54964125732158e-05,1,1,0.438502968244954,1,"#e06a5d"
9.54964125732158e-05,1,1,0.438502968244954,1,"#e06a5d"
9.63029701118409e-05,1,1,0.438502968244954,1,"#e06a5d"
9.65449373734284e-05,1,1,0.438502968244954,1,"#e06a5d"
9.6625593127291e-05,1,1,0.438502968244954,1,"#e06a5d"
9.68675603888785e-05,1,1,0.438502968244954,1,"#e06a5d"
9.69078882658097e-05,1,1,0.438502968244954,1,"#e06a5d"
9.70691997735348e-05,1,1,0.438502968244954,1,"#e06a5d"
9.7109527650466e-05,1,1,0.438502968244954,1,"#e06a5d"
9.73514949120536e-05,1,1,0.438502968244954,1,"#e06a5d"
9.76337900505724e-05,1,1,0.438502968244954,1,"#e06a5d"
9.77547736813661e-05,1,1,0.438502968244954,1,"#e06a5d"
9.79967409429537e-05,1,1,0.438502968244954,1,"#e06a5d"
9.79967409429537e-05,1,1,0.438502968244954,1,"#e06a5d"
9.80370688198849e-05,1,1,0.438502968244954,1,"#e06a5d"
9.84403475891975e-05,1,1,0.438502968244954,1,"#e06a5d"
9.86016590969225e-05,1,1,0.438502968244954,1,"#e06a5d"
9.86419869738538e-05,1,1,0.438502968244954,1,"#e06a5d"
9.88839542354413e-05,1,1,0.438502968244954,1,"#e06a5d"
9.89242821123726e-05,1,1,0.438502968244954,1,"#e06a5d"
9.91259214970289e-05,1,1,0.438502968244954,1,"#e06a5d"
9.92872330047539e-05,1,1,0.438502968244954,1,"#e06a5d"
9.93678887586164e-05,1,1,0.438502968244954,1,"#e06a5d"
9.95292002663414e-05,1,1,0.438502968244954,1,"#e06a5d"
9.9609856020204e-05,1,1,0.438502968244954,1,"#e06a5d"
9.9932479035654e-05,1,1,0.438502968244954,1,"#e06a5d"
0.000100658380820417,1,1,0.438502968244954,1,"#e06a5d"
0.000100819692328142,1,1,0.438502968244954,1,"#e06a5d"
0.000100860020205073,1,1,0.438502968244954,1,"#e06a5d"
0.000101222971097454,1,1,0.438502968244954,1,"#e06a5d"
0.00010142461048211,1,1,0.438502968244954,1,"#e06a5d"
0.000101464938359042,1,1,0.438502968244954,1,"#e06a5d"
0.000101545594112904,1,1,0.438502968244954,1,"#e06a5d"
0.000101989200759148,1,1,0.438502968244954,1,"#e06a5d"
0.000101989200759148,1,1,0.438502968244954,1,"#e06a5d"
0.000102432807405392,1,1,0.438502968244954,1,"#e06a5d"
0.000102836086174704,1,1,0.438502968244954,1,"#e06a5d"
0.000102957069805498,1,1,0.438502968244954,1,"#e06a5d"
0.00010299739768243,1,1,0.438502968244954,1,"#e06a5d"
0.00010332002069788,1,1,0.438502968244954,1,"#e06a5d"
0.000103360348574811,1,1,0.438502968244954,1,"#e06a5d"
0.000103400676451742,1,1,0.438502968244954,1,"#e06a5d"
0.000103481332205605,1,1,0.438502968244954,1,"#e06a5d"
0.000103602315836398,1,1,0.438502968244954,1,"#e06a5d"
0.000104086250359573,1,1,0.438502968244954,1,"#e06a5d"
0.000104126578236505,1,1,0.438502968244954,1,"#e06a5d"
0.000104771824267405,1,1,0.438502968244954,1,"#e06a5d"
0.000105054119405924,1,1,0.438502968244954,1,"#e06a5d"
0.000105134775159786,1,1,0.438502968244954,1,"#e06a5d"
0.000105618709682961,1,1,0.438502968244954,1,"#e06a5d"
0.000105699365436824,1,1,0.438502968244954,1,"#e06a5d"
0.000106021988452274,1,1,0.438502968244954,1,"#e06a5d"
0.000106062316329205,1,1,0.438502968244954,1,"#e06a5d"
0.000106425267221586,1,1,0.438502968244954,1,"#e06a5d"
0.000107110841129418,1,1,0.438502968244954,1,"#e06a5d"
0.00010719149688328,1,1,0.438502968244954,1,"#e06a5d"
0.000107231824760211,1,1,0.438502968244954,1,"#e06a5d"
0.000107756087160318,1,1,0.438502968244954,1,"#e06a5d"
0.000108119038052699,1,1,0.438502968244954,1,"#e06a5d"
0.000108320677437355,1,1,0.438502968244954,1,"#e06a5d"
0.000108401333191218,1,1,0.438502968244954,1,"#e06a5d"
0.000108602972575874,1,1,0.438502968244954,1,"#e06a5d"
0.000109086907099049,1,1,0.438502968244954,1,"#e06a5d"
0.000109207890729843,1,1,0.438502968244954,1,"#e06a5d"
0.000109449857991431,1,1,0.438502968244954,1,"#e06a5d"
0.000109449857991431,1,1,0.438502968244954,1,"#e06a5d"
0.000109974120391537,1,1,0.438502968244954,1,"#e06a5d"
0.000110095104022331,1,1,0.438502968244954,1,"#e06a5d"
0.000110256415530056,1,1,0.438502968244954,1,"#e06a5d"
0.000110901661560956,1,1,0.438502968244954,1,"#e06a5d"
0.00011102264519175,1,1,0.438502968244954,1,"#e06a5d"
0.000111587235468787,1,1,0.438502968244954,1,"#e06a5d"
0.000111627563345718,1,1,0.438502968244954,1,"#e06a5d"
0.000111627563345718,1,1,0.438502968244954,1,"#e06a5d"
0.000112111497868894,1,1,0.438502968244954,1,"#e06a5d"
0.000112272809376619,1,1,0.438502968244954,1,"#e06a5d"
0.000112272809376619,1,1,0.438502968244954,1,"#e06a5d"
0.00011231313725355,1,1,0.438502968244954,1,"#e06a5d"
0.00011231313725355,1,1,0.438502968244954,1,"#e06a5d"
0.000112716416022862,1,1,0.438502968244954,1,"#e06a5d"
0.000113522973561487,1,1,0.438502968244954,1,"#e06a5d"
0.000113643957192281,1,1,0.438502968244954,1,"#e06a5d"
0.000113684285069213,1,1,0.438502968244954,1,"#e06a5d"
0.000114006908084663,1,1,0.438502968244954,1,"#e06a5d"
0.000114289203223181,1,1,0.438502968244954,1,"#e06a5d"
0.000114813465623288,1,1,0.438502968244954,1,"#e06a5d"
0.000115942646177363,1,1,0.438502968244954,1,"#e06a5d"
0.000116305597069744,1,1,0.438502968244954,1,"#e06a5d"
0.000116426580700538,1,1,0.438502968244954,1,"#e06a5d"
0.000116466908577469,1,1,0.438502968244954,1,"#e06a5d"
0.000116628220085194,1,1,0.438502968244954,1,"#e06a5d"
0.000116628220085194,1,1,0.438502968244954,1,"#e06a5d"
0.000117354121869957,1,1,0.438502968244954,1,"#e06a5d"
0.000118281663039376,1,1,0.438502968244954,1,"#e06a5d"
0.000118765597562551,1,1,0.438502968244954,1,"#e06a5d"
0.000119088220578001,1,1,0.438502968244954,1,"#e06a5d"
0.000119854450239695,1,1,0.438502968244954,1,"#e06a5d"
0.000120096417501282,1,1,0.438502968244954,1,"#e06a5d"
0.000120298056885939,1,1,0.438502968244954,1,"#e06a5d"
0.000120781991409114,1,1,0.438502968244954,1,"#e06a5d"
0.000120862647162976,1,1,0.438502968244954,1,"#e06a5d"
0.000121023958670701,1,1,0.438502968244954,1,"#e06a5d"
0.000121911171963189,1,1,0.438502968244954,1,"#e06a5d"
0.000121911171963189,1,1,0.438502968244954,1,"#e06a5d"
0.000122233794978639,1,1,0.438502968244954,1,"#e06a5d"
0.000122354778609433,1,1,0.438502968244954,1,"#e06a5d"
0.000122677401624883,1,1,0.438502968244954,1,"#e06a5d"
0.000122717729501814,1,1,0.438502968244954,1,"#e06a5d"
0.000123362975532714,1,1,0.438502968244954,1,"#e06a5d"
0.00012356461491737,1,1,0.438502968244954,1,"#e06a5d"
0.000123766254302027,1,1,0.438502968244954,1,"#e06a5d"
0.000123846910055889,1,1,0.438502968244954,1,"#e06a5d"
0.00012388723793282,1,1,0.438502968244954,1,"#e06a5d"
0.000124008221563614,1,1,0.438502968244954,1,"#e06a5d"
0.000124129205194408,1,1,0.438502968244954,1,"#e06a5d"
0.000124532483963721,1,1,0.438502968244954,1,"#e06a5d"
0.000124774451225308,1,1,0.438502968244954,1,"#e06a5d"
0.000124855106979171,1,1,0.438502968244954,1,"#e06a5d"
0.000124976090609964,1,1,0.438502968244954,1,"#e06a5d"
0.000125298713625414,1,1,0.438502968244954,1,"#e06a5d"
0.000125661664517796,1,1,0.438502968244954,1,"#e06a5d"
0.00012610527116404,1,1,0.438502968244954,1,"#e06a5d"
0.000126306910548696,1,1,0.438502968244954,1,"#e06a5d"
0.000126387566302558,1,1,0.438502968244954,1,"#e06a5d"
0.000128202320764465,1,1,0.438502968244954,1,"#e06a5d"
0.000128242648641396,1,1,0.438502968244954,1,"#e06a5d"
0.000128444288026052,1,1,0.438502968244954,1,"#e06a5d"
0.000129049206180021,1,1,0.438502968244954,1,"#e06a5d"
0.000129371829195471,1,1,0.438502968244954,1,"#e06a5d"
0.000129936419472509,1,1,0.438502968244954,1,"#e06a5d"
0.000130460681872615,1,1,0.438502968244954,1,"#e06a5d"
0.000130984944272722,1,1,0.438502968244954,1,"#e06a5d"
0.000131065600026584,1,1,0.438502968244954,1,"#e06a5d"
0.000131186583657378,1,1,0.438502968244954,1,"#e06a5d"
0.000131186583657378,1,1,0.438502968244954,1,"#e06a5d"
0.000131226911534309,1,1,0.438502968244954,1,"#e06a5d"
0.000131912485442141,1,1,0.438502968244954,1,"#e06a5d"
0.000131993141196003,1,1,0.438502968244954,1,"#e06a5d"
0.000132114124826797,1,1,0.438502968244954,1,"#e06a5d"
0.000132275436334522,1,1,0.438502968244954,1,"#e06a5d"
0.00013316264962701,1,1,0.438502968244954,1,"#e06a5d"
0.000134412813811878,1,1,0.438502968244954,1,"#e06a5d"
0.000134493469565741,1,1,0.438502968244954,1,"#e06a5d"
0.000134493469565741,1,1,0.438502968244954,1,"#e06a5d"
0.000134654781073466,1,1,0.438502968244954,1,"#e06a5d"
0.000135017731965847,1,1,0.438502968244954,1,"#e06a5d"
0.000135179043473572,1,1,0.438502968244954,1,"#e06a5d"
0.000135703305873679,1,1,0.438502968244954,1,"#e06a5d"
0.00013574363375061,1,1,0.438502968244954,1,"#e06a5d"
0.000135783961627541,1,1,0.438502968244954,1,"#e06a5d"
0.000136751830673891,1,1,0.438502968244954,1,"#e06a5d"
0.000136953470058548,1,1,0.438502968244954,1,"#e06a5d"
0.000137477732458654,1,1,0.438502968244954,1,"#e06a5d"
0.00013767937184331,1,1,0.438502968244954,1,"#e06a5d"
0.000137800355474104,1,1,0.438502968244954,1,"#e06a5d"
0.000139494126305217,1,1,0.438502968244954,1,"#e06a5d"
0.000139736093566804,1,1,0.438502968244954,1,"#e06a5d"
0.000139978060828392,1,1,0.438502968244954,1,"#e06a5d"
0.000140220028089979,1,1,0.438502968244954,1,"#e06a5d"
0.000140300683843842,1,1,0.438502968244954,1,"#e06a5d"
0.000140905601997811,1,1,0.438502968244954,1,"#e06a5d"
0.000140945929874742,1,1,0.438502968244954,1,"#e06a5d"
0.000142276749813473,1,1,0.438502968244954,1,"#e06a5d"
0.000142357405567336,1,1,0.438502968244954,1,"#e06a5d"
0.000142881667967442,1,1,0.438502968244954,1,"#e06a5d"
0.000143042979475167,1,1,0.438502968244954,1,"#e06a5d"
0.000143607569752205,1,1,0.438502968244954,1,"#e06a5d"
0.000143889864890724,1,1,0.438502968244954,1,"#e06a5d"
0.000144454455167761,1,1,0.438502968244954,1,"#e06a5d"
0.000144656094552418,1,1,0.438502968244954,1,"#e06a5d"
0.000144817406060143,1,1,0.438502968244954,1,"#e06a5d"
0.000145462652091043,1,1,0.438502968244954,1,"#e06a5d"
0.000145583635721837,1,1,0.438502968244954,1,"#e06a5d"
0.000146228881752737,1,1,0.438502968244954,1,"#e06a5d"
0.00014634986538353,1,1,0.438502968244954,1,"#e06a5d"
0.000146995111414431,1,1,0.438502968244954,1,"#e06a5d"
0.000147156422922156,1,1,0.438502968244954,1,"#e06a5d"
0.000147237078676018,1,1,0.438502968244954,1,"#e06a5d"
0.000148325931353162,1,1,0.438502968244954,1,"#e06a5d"
0.000148769537999406,1,1,0.438502968244954,1,"#e06a5d"
0.000150382653076656,1,1,0.438502968244954,1,"#e06a5d"
0.0001508262597229,1,1,0.438502968244954,1,"#e06a5d"
0.000150866587599831,1,1,0.438502968244954,1,"#e06a5d"
0.000151995768153906,1,1,0.438502968244954,1,"#e06a5d"
0.000152237735415494,1,1,0.438502968244954,1,"#e06a5d"
0.00015243937480015,1,1,0.438502968244954,1,"#e06a5d"
0.000152479702677081,1,1,0.438502968244954,1,"#e06a5d"
0.000152520030554013,1,1,0.438502968244954,1,"#e06a5d"
0.000152560358430944,1,1,0.438502968244954,1,"#e06a5d"
0.000152963637200256,1,1,0.438502968244954,1,"#e06a5d"
0.000153165276584913,1,1,0.438502968244954,1,"#e06a5d"
0.0001540524898774,1,1,0.438502968244954,1,"#e06a5d"
0.00015437511289285,1,1,0.438502968244954,1,"#e06a5d"
0.000154496096523644,1,1,0.438502968244954,1,"#e06a5d"
0.000154617080154438,1,1,0.438502968244954,1,"#e06a5d"
0.000154617080154438,1,1,0.438502968244954,1,"#e06a5d"
0.000154738063785232,1,1,0.438502968244954,1,"#e06a5d"
0.000154738063785232,1,1,0.438502968244954,1,"#e06a5d"
0.000155221998308407,1,1,0.438502968244954,1,"#e06a5d"
0.000156472162493276,1,1,0.438502968244954,1,"#e06a5d"
0.00015691576913952,1,1,0.438502968244954,1,"#e06a5d"
0.000156956097016451,1,1,0.438502968244954,1,"#e06a5d"
0.000158125605447457,1,1,0.438502968244954,1,"#e06a5d"
0.000158327244832114,1,1,0.438502968244954,1,"#e06a5d"
0.000158569212093701,1,1,0.438502968244954,1,"#e06a5d"
0.000159053146616876,1,1,0.438502968244954,1,"#e06a5d"
0.000159254786001533,1,1,0.438502968244954,1,"#e06a5d"
0.000159940359909364,1,1,0.438502968244954,1,"#e06a5d"
0.000160101671417089,1,1,0.438502968244954,1,"#e06a5d"
0.000160343638678676,1,1,0.438502968244954,1,"#e06a5d"
0.000160424294432539,1,1,0.438502968244954,1,"#e06a5d"
0.000160625933817195,1,1,0.438502968244954,1,"#e06a5d"
0.000161029212586508,1,1,0.438502968244954,1,"#e06a5d"
0.000161150196217302,1,1,0.438502968244954,1,"#e06a5d"
0.000161714786494339,1,1,0.438502968244954,1,"#e06a5d"
0.000162803639171483,1,1,0.438502968244954,1,"#e06a5d"
0.000162964950679208,1,1,0.438502968244954,1,"#e06a5d"
0.00016397314760249,1,1,0.438502968244954,1,"#e06a5d"
0.00016461839363339,1,1,0.438502968244954,1,"#e06a5d"
0.000165344295418152,1,1,0.438502968244954,1,"#e06a5d"
0.000167602656526303,1,1,0.438502968244954,1,"#e06a5d"
0.00016816724680334,1,1,0.438502968244954,1,"#e06a5d"
0.000168247902557203,1,1,0.438502968244954,1,"#e06a5d"
0.000168691509203447,1,1,0.438502968244954,1,"#e06a5d"
0.000169417410988209,1,1,0.438502968244954,1,"#e06a5d"
0.000169982001265247,1,1,0.438502968244954,1,"#e06a5d"
0.000171958067234878,1,1,0.438502968244954,1,"#e06a5d"
0.000172159706619535,1,1,0.438502968244954,1,"#e06a5d"
0.000172159706619535,1,1,0.438502968244954,1,"#e06a5d"
0.000172200034496466,1,1,0.438502968244954,1,"#e06a5d"
0.000172683969019641,1,1,0.438502968244954,1,"#e06a5d"
0.000172804952650435,1,1,0.438502968244954,1,"#e06a5d"
0.000172885608404297,1,1,0.438502968244954,1,"#e06a5d"
0.000173893805327579,1,1,0.438502968244954,1,"#e06a5d"
0.000174176100466098,1,1,0.438502968244954,1,"#e06a5d"
0.000174458395604616,1,1,0.438502968244954,1,"#e06a5d"
0.000175305281020173,1,1,0.438502968244954,1,"#e06a5d"
0.000175466592527898,1,1,0.438502968244954,1,"#e06a5d"
0.000175587576158691,1,1,0.438502968244954,1,"#e06a5d"
0.000176232822189592,1,1,0.438502968244954,1,"#e06a5d"
0.000176757084589698,1,1,0.438502968244954,1,"#e06a5d"
0.000176958723974354,1,1,0.438502968244954,1,"#e06a5d"
0.000177079707605148,1,1,0.438502968244954,1,"#e06a5d"
0.000177845937266842,1,1,0.438502968244954,1,"#e06a5d"
0.000181596429821449,1,1,0.438502968244954,1,"#e06a5d"
0.000181919052836899,1,1,0.438502968244954,1,"#e06a5d"
0.000182161020098486,1,1,0.438502968244954,1,"#e06a5d"
0.000183007905514043,1,1,0.438502968244954,1,"#e06a5d"
0.000183612823668012,1,1,0.438502968244954,1,"#e06a5d"
0.000184661348468224,1,1,0.438502968244954,1,"#e06a5d"
0.000185064627237537,1,1,0.438502968244954,1,"#e06a5d"
0.000185951840530024,1,1,0.438502968244954,1,"#e06a5d"
0.000186476102930131,1,1,0.438502968244954,1,"#e06a5d"
0.00018804889013045,1,1,0.438502968244954,1,"#e06a5d"
0.000188129545884312,1,1,0.438502968244954,1,"#e06a5d"
0.000191315448161882,1,1,0.438502968244954,1,"#e06a5d"
0.000191315448161882,1,1,0.438502968244954,1,"#e06a5d"
0.000191355776038813,1,1,0.438502968244954,1,"#e06a5d"
0.000192041349946644,1,1,0.438502968244954,1,"#e06a5d"
0.000192605940223682,1,1,0.438502968244954,1,"#e06a5d"
0.000194622334070245,1,1,0.438502968244954,1,"#e06a5d"
0.000197122662439983,1,1,0.438502968244954,1,"#e06a5d"
0.00019865512176337,1,1,0.438502968244954,1,"#e06a5d"
0.000199582662932789,1,1,0.438502968244954,1,"#e06a5d"
0.000199743974440514,1,1,0.438502968244954,1,"#e06a5d"
0.000204139713026021,1,1,0.438502968244954,1,"#e06a5d"
0.000204381680287609,1,1,0.438502968244954,1,"#e06a5d"
0.00020668036927269,1,1,0.438502968244954,1,"#e06a5d"
0.000208253156473009,1,1,0.438502968244954,1,"#e06a5d"
0.000208454795857666,1,1,0.438502968244954,1,"#e06a5d"
0.000208575779488459,1,1,0.438502968244954,1,"#e06a5d"
0.000211560042381372,1,1,0.438502968244954,1,"#e06a5d"
0.000211842337519891,1,1,0.438502968244954,1,"#e06a5d"
0.000211882665396822,1,1,0.438502968244954,1,"#e06a5d"
0.000213778075612592,1,1,0.438502968244954,1,"#e06a5d"
0.000214141026504973,1,1,0.438502968244954,1,"#e06a5d"
0.000215108895551323,1,1,0.438502968244954,1,"#e06a5d"
0.000215350862812911,1,1,0.438502968244954,1,"#e06a5d"
0.000215754141582223,1,1,0.438502968244954,1,"#e06a5d"
0.000215875125213017,1,1,0.438502968244954,1,"#e06a5d"
0.000215996108843811,1,1,0.438502968244954,1,"#e06a5d"
0.000218698076598205,1,1,0.438502968244954,1,"#e06a5d"
0.000218738404475136,1,1,0.438502968244954,1,"#e06a5d"
0.000219302994752174,1,1,0.438502968244954,1,"#e06a5d"
0.000219867585029211,1,1,0.438502968244954,1,"#e06a5d"
0.000220069224413868,1,1,0.438502968244954,1,"#e06a5d"
0.000221238732844874,1,1,0.438502968244954,1,"#e06a5d"
0.000222004962506568,1,1,0.438502968244954,1,"#e06a5d"
0.00022208561826043,1,1,0.438502968244954,1,"#e06a5d"
0.000222609880660537,1,1,0.438502968244954,1,"#e06a5d"
0.000224585946630168,1,1,0.438502968244954,1,"#e06a5d"
0.000225674799307312,1,1,0.438502968244954,1,"#e06a5d"
0.000225715127184244,1,1,0.438502968244954,1,"#e06a5d"
0.000225997422322762,1,1,0.438502968244954,1,"#e06a5d"
0.000227005619246044,1,1,0.438502968244954,1,"#e06a5d"
0.000227247586507631,1,1,0.438502968244954,1,"#e06a5d"
0.000227287914384563,1,1,0.438502968244954,1,"#e06a5d"
0.000227287914384563,1,1,0.438502968244954,1,"#e06a5d"
0.000229263980354194,1,1,0.438502968244954,1,"#e06a5d"
0.000229586603369644,1,1,0.438502968244954,1,"#e06a5d"
0.000229828570631232,1,1,0.438502968244954,1,"#e06a5d"
0.000230635128169857,1,1,0.438502968244954,1,"#e06a5d"
0.000232611194139488,1,1,0.438502968244954,1,"#e06a5d"
0.000233216112293457,1,1,0.438502968244954,1,"#e06a5d"
0.000233700046816632,1,1,0.438502968244954,1,"#e06a5d"
0.000234143653462876,1,1,0.438502968244954,1,"#e06a5d"
0.000234304964970601,1,1,0.438502968244954,1,"#e06a5d"
0.000234506604355257,1,1,0.438502968244954,1,"#e06a5d"
0.000234667915862982,1,1,0.438502968244954,1,"#e06a5d"
0.000237813490263621,1,1,0.438502968244954,1,"#e06a5d"
0.000238216769032933,1,1,0.438502968244954,1,"#e06a5d"
0.000238620047802246,1,1,0.438502968244954,1,"#e06a5d"
0.00024487086872659,1,1,0.438502968244954,1,"#e06a5d"
0.000246000049280666,1,1,0.438502968244954,1,"#e06a5d"
0.000246282344419184,1,1,0.438502968244954,1,"#e06a5d"
0.000246967918327016,1,1,0.438502968244954,1,"#e06a5d"
0.000247250213465535,1,1,0.438502968244954,1,"#e06a5d"
0.00024966988608141,1,1,0.438502968244954,1,"#e06a5d"
0.000252533165343529,1,1,0.438502968244954,1,"#e06a5d"
0.000254509231313161,1,1,0.438502968244954,1,"#e06a5d"
0.000256203002144274,1,1,0.438502968244954,1,"#e06a5d"
0.000258138740236974,1,1,0.438502968244954,1,"#e06a5d"
0.000259429232298774,1,1,0.438502968244954,1,"#e06a5d"
0.000260961691622162,1,1,0.438502968244954,1,"#e06a5d"
0.000262373167314756,1,1,0.438502968244954,1,"#e06a5d"
0.000264994479315287,1,1,0.438502968244954,1,"#e06a5d"
0.000265115462946081,1,1,0.438502968244954,1,"#e06a5d"
0.00026572038110005,1,1,0.438502968244954,1,"#e06a5d"
0.000267454479808094,1,1,0.438502968244954,1,"#e06a5d"
0.000268220709469788,1,1,0.438502968244954,1,"#e06a5d"
0.000271446939624289,1,1,0.438502968244954,1,"#e06a5d"
0.000272616448055295,1,1,0.438502968244954,1,"#e06a5d"
0.000275399071563552,1,1,0.438502968244954,1,"#e06a5d"
0.000280036777410646,1,1,0.438502968244954,1,"#e06a5d"
0.000282900056672765,1,1,0.438502968244954,1,"#e06a5d"
0.000284311532365359,1,1,0.438502968244954,1,"#e06a5d"
0.000285964975319541,1,1,0.438502968244954,1,"#e06a5d"
0.000286973172242822,1,1,0.438502968244954,1,"#e06a5d"
0.000291288255074467,1,1,0.438502968244954,1,"#e06a5d"
0.000294312845844311,1,1,0.438502968244954,1,"#e06a5d"
0.000295442026398386,1,1,0.438502968244954,1,"#e06a5d"
0.000295845305167699,1,1,0.438502968244954,1,"#e06a5d"
0.000300483011014793,1,1,0.438502968244954,1,"#e06a5d"
0.000301773503076594,1,1,0.438502968244954,1,"#e06a5d"
0.00030262038849215,1,1,0.438502968244954,1,"#e06a5d"
0.000307379077970038,1,1,0.438502968244954,1,"#e06a5d"
0.000307943668247076,1,1,0.438502968244954,1,"#e06a5d"
0.000308427602770251,1,1,0.438502968244954,1,"#e06a5d"
0.000318549899879996,1,1,0.438502968244954,1,"#e06a5d"
0.00032060662160349,1,1,0.438502968244954,1,"#e06a5d"
0.000322219736680741,1,1,0.438502968244954,1,"#e06a5d"
0.000323227933604022,1,1,0.438502968244954,1,"#e06a5d"
0.000324921704435135,1,1,0.438502968244954,1,"#e06a5d"
0.000326091212866141,1,1,0.438502968244954,1,"#e06a5d"
0.000330083672682336,1,1,0.438502968244954,1,"#e06a5d"
0.00033052727932858,1,1,0.438502968244954,1,"#e06a5d"
0.000331253181113342,1,1,0.438502968244954,1,"#e06a5d"
0.000332624328929005,1,1,0.438502968244954,1,"#e06a5d"
0.000333471214344561,1,1,0.438502968244954,1,"#e06a5d"
0.000333511542221493,1,1,0.438502968244954,1,"#e06a5d"
0.000338108920191656,1,1,0.438502968244954,1,"#e06a5d"
0.000338149248068587,1,1,0.438502968244954,1,"#e06a5d"
0.000338189575945518,1,1,0.438502968244954,1,"#e06a5d"
0.000339399412253456,1,1,0.438502968244954,1,"#e06a5d"
0.000344198429608276,1,1,0.438502968244954,1,"#e06a5d"
0.00034593252831632,1,1,0.438502968244954,1,"#e06a5d"
0.000347908594285951,1,1,0.438502968244954,1,"#e06a5d"
0.000348795807578439,1,1,0.438502968244954,1,"#e06a5d"
0.000355006300625852,1,1,0.438502968244954,1,"#e06a5d"
0.000356780727210828,1,1,0.438502968244954,1,"#e06a5d"
0.000356780727210828,1,1,0.438502968244954,1,"#e06a5d"
0.000364281712320041,1,1,0.438502968244954,1,"#e06a5d"
0.000367024007951367,1,1,0.438502968244954,1,"#e06a5d"
0.000367386958843748,1,1,0.438502968244954,1,"#e06a5d"
0.000367790237613061,1,1,0.438502968244954,1,"#e06a5d"
0.000368959746044067,1,1,0.438502968244954,1,"#e06a5d"
0.00037355712401423,1,1,0.438502968244954,1,"#e06a5d"
0.000374968599706824,1,1,0.438502968244954,1,"#e06a5d"
0.000376218763891693,1,1,0.438502968244954,1,"#e06a5d"
0.00037771089533815,1,1,0.438502968244954,1,"#e06a5d"
0.000379082043153813,1,1,0.438502968244954,1,"#e06a5d"
0.000382025978169794,1,1,0.438502968244954,1,"#e06a5d"
0.000385857126478264,1,1,0.438502968244954,1,"#e06a5d"
0.000391422373494777,1,1,0.438502968244954,1,"#e06a5d"
0.000392591881925784,1,1,0.438502968244954,1,"#e06a5d"
0.000399971883404204,1,1,0.438502968244954,1,"#e06a5d"
0.000405012868020611,1,1,0.438502968244954,1,"#e06a5d"
0.000407634180021142,1,1,0.438502968244954,1,"#e06a5d"
0.00041174762346813,1,1,0.438502968244954,1,"#e06a5d"
0.000413522050053106,1,1,0.438502968244954,1,"#e06a5d"
0.000413804345191625,1,1,0.438502968244954,1,"#e06a5d"
0.00042489451134772,1,1,0.438502968244954,1,"#e06a5d"
0.000425660741009414,1,1,0.438502968244954,1,"#e06a5d"
0.000429774184456402,1,1,0.438502968244954,1,"#e06a5d"
0.000430500086241165,1,1,0.438502968244954,1,"#e06a5d"
0.000431105004395134,1,1,0.438502968244954,1,"#e06a5d"
0.000435420087226778,1,1,0.438502968244954,1,"#e06a5d"
0.00043933189128911,1,1,0.438502968244954,1,"#e06a5d"
0.00044126762938181,1,1,0.438502968244954,1,"#e06a5d"
0.000444735826797898,1,1,0.438502968244954,1,"#e06a5d"
0.000445784351598111,1,1,0.438502968244954,1,"#e06a5d"
0.000449050909629543,1,1,0.438502968244954,1,"#e06a5d"
0.000449131565383405,1,1,0.438502968244954,1,"#e06a5d"
0.000450059106552824,1,1,0.438502968244954,1,"#e06a5d"
0.0004550597632923,1,1,0.438502968244954,1,"#e06a5d"
0.000456229271723307,1,1,0.438502968244954,1,"#e06a5d"
0.000457963370431351,1,1,0.438502968244954,1,"#e06a5d"
0.000461955830247545,1,1,0.438502968244954,1,"#e06a5d"
0.000463286650186276,1,1,0.438502968244954,1,"#e06a5d"
0.00047429616058851,1,1,0.438502968244954,1,"#e06a5d"
0.000477119111973697,1,1,0.438502968244954,1,"#e06a5d"
0.000482160096590105,1,1,0.438502968244954,1,"#e06a5d"
0.000487362392714237,1,1,0.438502968244954,1,"#e06a5d"
0.000493693869392444,1,1,0.438502968244954,1,"#e06a5d"
0.00049421813179255,1,1,0.438502968244954,1,"#e06a5d"
0.000507969937826109,1,1,0.438502968244954,1,"#e06a5d"
0.00051280928305786,1,1,0.438502968244954,1,"#e06a5d"
0.000514664365396697,1,1,0.438502968244954,1,"#e06a5d"
0.000515874201704635,1,1,0.438502968244954,1,"#e06a5d"
0.000516640431366329,1,1,0.438502968244954,1,"#e06a5d"
0.000517285677397229,1,1,0.438502968244954,1,"#e06a5d"
0.00051732600527416,1,1,0.438502968244954,1,"#e06a5d"
0.00052277026865988,1,1,0.438502968244954,1,"#e06a5d"
0.000524504367367924,1,1,0.438502968244954,1,"#e06a5d"
0.000527649941768562,1,1,0.438502968244954,1,"#e06a5d"
0.000530190598015231,1,1,0.438502968244954,1,"#e06a5d"
0.000535312238385501,1,1,0.438502968244954,1,"#e06a5d"
0.000536320435308782,1,1,0.438502968244954,1,"#e06a5d"
0.000541119452663602,1,1,0.438502968244954,1,"#e06a5d"
0.00054491027309514,1,1,0.438502968244954,1,"#e06a5d"
0.000545071584602865,1,1,0.438502968244954,1,"#e06a5d"
0.000546926666941703,1,1,0.438502968244954,1,"#e06a5d"
0.000550717487373241,1,1,0.438502968244954,1,"#e06a5d"
0.000556282734389754,1,1,0.438502968244954,1,"#e06a5d"
0.000561767325652405,1,1,0.438502968244954,1,"#e06a5d"
0.000562533555314099,1,1,0.438502968244954,1,"#e06a5d"
0.000563541752237381,1,1,0.438502968244954,1,"#e06a5d"
0.0005651145394377,1,1,0.438502968244954,1,"#e06a5d"
0.000570639458577282,1,1,0.438502968244954,1,"#e06a5d"
0.000575962738332208,1,1,0.438502968244954,1,"#e06a5d"
0.000589714544365766,1,1,0.438502968244954,1,"#e06a5d"
0.000592819790889473,1,1,0.438502968244954,1,"#e06a5d"
0.000593303725412648,1,1,0.438502968244954,1,"#e06a5d"
0.000597054217967255,1,1,0.438502968244954,1,"#e06a5d"
0.000607176515077,1,1,0.438502968244954,1,"#e06a5d"
0.000607620121723244,1,1,0.438502968244954,1,"#e06a5d"
0.000610402745231501,1,1,0.438502968244954,1,"#e06a5d"
0.000614032254155314,1,1,0.438502968244954,1,"#e06a5d"
0.000617097172802089,1,1,0.438502968244954,1,"#e06a5d"
0.000617177828555952,1,1,0.438502968244954,1,"#e06a5d"
0.000617742418832989,1,1,0.438502968244954,1,"#e06a5d"
0.000627945371696597,1,1,0.438502968244954,1,"#e06a5d"
0.000638591931206449,1,1,0.438502968244954,1,"#e06a5d"
0.000648956195577782,1,1,0.438502968244954,1,"#e06a5d"
0.000651254884562864,1,1,0.438502968244954,1,"#e06a5d"
0.000652142097855351,1,1,0.438502968244954,1,"#e06a5d"
0.000653634229301808,1,1,0.438502968244954,1,"#e06a5d"
0.00065980439447229,1,1,0.438502968244954,1,"#e06a5d"
0.000664240460934728,1,1,0.438502968244954,1,"#e06a5d"
0.000673394888998124,1,1,0.438502968244954,1,"#e06a5d"
0.000676863086414212,1,1,0.438502968244954,1,"#e06a5d"
0.000688396859216551,1,1,0.438502968244954,1,"#e06a5d"
0.000693074892940577,1,1,0.438502968244954,1,"#e06a5d"
0.000713521126544724,1,1,0.438502968244954,1,"#e06a5d"
0.00071755391423785,1,1,0.438502968244954,1,"#e06a5d"
0.000728926375532464,1,1,0.438502968244954,1,"#e06a5d"
0.000735903098241572,1,1,0.438502968244954,1,"#e06a5d"
0.000749937199413649,1,1,0.438502968244954,1,"#e06a5d"
0.000755058839783918,1,1,0.438502968244954,1,"#e06a5d"
0.000757801135415244,1,1,0.438502968244954,1,"#e06a5d"
0.000759494906246357,1,1,0.438502968244954,1,"#e06a5d"
0.000774496876464784,1,1,0.438502968244954,1,"#e06a5d"
0.000790708682991149,1,1,0.438502968244954,1,"#e06a5d"
0.00080002442256227,1,1,0.438502968244954,1,"#e06a5d"
0.000803815242993808,1,1,0.438502968244954,1,"#e06a5d"
0.00080389589874767,1,1,0.438502968244954,1,"#e06a5d"
0.000830230002383781,1,1,0.438502968244954,1,"#e06a5d"
0.000832165740476481,1,1,0.438502968244954,1,"#e06a5d"
0.00084208639820157,1,1,0.438502968244954,1,"#e06a5d"
0.000865274927437043,1,1,0.438502968244954,1,"#e06a5d"
0.00088059952067092,1,1,0.438502968244954,1,"#e06a5d"
0.000881043127317164,1,1,0.438502968244954,1,"#e06a5d"
0.000882535258763621,1,1,0.438502968244954,1,"#e06a5d"
0.000884995259256427,1,1,0.438502968244954,1,"#e06a5d"
0.000887374603995372,1,1,0.438502968244954,1,"#e06a5d"
0.000893625424919716,1,1,0.438502968244954,1,"#e06a5d"
0.000896206409043317,1,1,0.438502968244954,1,"#e06a5d"
0.000896972638705011,1,1,0.438502968244954,1,"#e06a5d"
0.000909030673907456,1,1,0.438502968244954,1,"#e06a5d"
0.000911369690769469,1,1,0.438502968244954,1,"#e06a5d"
0.000926210349480172,1,1,0.438502968244954,1,"#e06a5d"
0.000948269698161569,1,1,0.438502968244954,1,"#e06a5d"
0.000950245764131201,1,1,0.438502968244954,1,"#e06a5d"
0.000957625765609621,1,1,0.438502968244954,1,"#e06a5d"
0.000971054948627729,1,1,0.438502968244954,1,"#e06a5d"
0.000977951015582974,1,1,0.438502968244954,1,"#e06a5d"
0.000993396592447645,1,1,0.438502968244954,1,"#e06a5d"
0.00100319626654194,1,1,0.438502968244954,1,"#e06a5d"
0.0010402979133187,1,1,0.438502968244954,1,"#e06a5d"
0.00108973989043642,1,1,0.438502968244954,1,"#e06a5d"
0.00109155464489832,1,1,0.438502968244954,1,"#e06a5d"
0.00109167562852912,1,1,0.438502968244954,1,"#e06a5d"
0.00110522579517802,1,1,0.438502968244954,1,"#e06a5d"
0.00110825038594786,1,1,0.438502968244954,1,"#e06a5d"
0.00111607399407253,1,1,0.438502968244954,1,"#e06a5d"
0.00114204514681626,1,1,0.438502968244954,1,"#e06a5d"
0.0011463602296479,1,1,0.438502968244954,1,"#e06a5d"
0.00115982974054294,1,1,0.438502968244954,1,"#e06a5d"
0.00116466908577469,1,1,0.438502968244954,1,"#e06a5d"
0.00117116187396062,1,1,0.438502968244954,1,"#e06a5d"
0.00118749466411778,1,1,0.438502968244954,1,"#e06a5d"
0.00124423598696006,1,1,0.438502968244954,1,"#e06a5d"
0.00125629402216251,1,1,0.438502968244954,1,"#e06a5d"
0.00125935894080928,1,1,0.438502968244954,1,"#e06a5d"
0.00127198156628877,1,1,0.438502968244954,1,"#e06a5d"
0.00127698222302824,1,1,0.438502968244954,1,"#e06a5d"
0.00128351533909111,1,1,0.438502968244954,1,"#e06a5d"
0.00133908715350238,1,1,0.438502968244954,1,"#e06a5d"
0.00136122715793764,1,1,0.438502968244954,1,"#e06a5d"
0.00136409043719976,1,1,0.438502968244954,1,"#e06a5d"
0.00137643076754072,1,1,0.438502968244954,1,"#e06a5d"
0.00139869175560677,1,1,0.438502968244954,1,"#e06a5d"
0.00146160324361954,1,1,0.438502968244954,1,"#e06a5d"
0.00147914587008463,1,1,0.438502968244954,1,"#e06a5d"
0.00152282096080118,1,1,0.438502968244954,1,"#e06a5d"
0.00152907178172553,1,1,0.438502968244954,1,"#e06a5d"
0.00166259738224492,1,1,0.438502968244954,1,"#e06a5d"
0.00167167115455445,1,1,0.438502968244954,1,"#e06a5d"
0.00176039248380322,1,1,0.438502968244954,1,"#e06a5d"
0.00178091937316123,1,1,0.438502968244954,1,"#e06a5d"
0.00193630268297736,1,1,0.438502968244954,1,"#e06a5d"
0.00195650694931992,1,1,0.438502968244954,1,"#e06a5d"
0.00204337319622984,1,1,0.438502968244954,1,"#e06a5d"
0.00205764926466351,1,1,0.438502968244954,1,"#e06a5d"
0.00207494992386702,1,1,0.438502968244954,1,"#e06a5d"
0.00214979846345143,1,1,0.438502968244954,1,"#e06a5d"
0.00218847289742851,1,1,0.438502968244954,1,"#e06a5d"
0.00219484470198364,1,1,0.438502968244954,1,"#e06a5d"
0.00222311454371245,1,1,0.438502968244954,1,"#e06a5d"
0.00233833128810505,1,1,0.438502968244954,1,"#e06a5d"
0.00238027228011356,1,1,0.438502968244954,1,"#e06a5d"
0.0024739942661018,1,1,0.438502968244954,1,"#e06a5d"
0.00250210279632289,1,1,0.438502968244954,1,"#e06a5d"
0.00263091003524132,1,1,0.438502968244954,1,"#e06a5d"
0.002691522834269,1,1,0.438502968244954,1,"#e06a5d"
0.00276003989717521,1,1,0.438502968244954,1,"#e06a5d"
0.00278718055834994,1,1,0.438502968244954,1,"#e06a5d"
0.00282553236931157,1,1,0.438502968244954,1,"#e06a5d"
0.00291578615788372,1,1,0.438502968244954,1,"#e06a5d"
0.00294808878730566,1,1,0.438502968244954,1,"#e06a5d"
0.00300902420934878,1,1,0.438502968244954,1,"#e06a5d"
0.00306628979459117,1,1,0.438502968244954,1,"#e06a5d"
0.00308879274991881,1,1,0.438502968244954,1,"#e06a5d"
0.00317707047252133,1,1,0.438502968244954,1,"#e06a5d"
0.00340161609127457,1,1,0.438502968244954,1,"#e06a5d"
0.00355300694127451,1,1,0.438502968244954,1,"#e06a5d"
0.00372508599214018,1,1,0.438502968244954,1,"#e06a5d"
0.00378106108532076,1,1,0.438502968244954,1,"#e06a5d"
0.00388147749887959,1,1,0.438502968244954,1,"#e06a5d"
0.00443102547782183,1,1,0.438502968244954,1,"#e06a5d"
0.00450151860669766,1,1,0.438502968244954,1,"#e06a5d"
0.00457999665520589,1,1,0.438502968244954,1,"#e06a5d"
0.0047156193053257,1,1,0.438502968244954,1,"#e06a5d"
0.0049887600157811,1,1,0.438502968244954,1,"#e06a5d"
0.00525524662654285,1,1,0.438502968244954,1,"#e06a5d"
0.00536832599345809,1,1,0.438502968244954,1,"#e06a5d"
0.00554282471693964,1,1,0.438502968244954,1,"#e06a5d"
0.00576745099144674,1,1,0.438502968244954,1,"#e06a5d"
0.00577987197754157,1,1,0.438502968244954,1,"#e06a5d"
0.00596989693364165,1,1,0.438502968244954,1,"#e06a5d"
0.00627929240545825,1,1,0.438502968244954,1,"#e06a5d"
0.00639765472425149,1,1,0.438502968244954,1,"#e06a5d"
0.00654904557425142,1,1,0.438502968244954,1,"#e06a5d"
0.00662671706522102,1,1,0.438502968244954,1,"#e06a5d"
0.00663345182066855,1,1,0.438502968244954,1,"#e06a5d"
0.0066939033081885,1,1,0.438502968244954,1,"#e06a5d"
0.00683767218944843,1,1,0.438502968244954,1,"#e06a5d"
0.00696293057519691,1,1,0.438502968244954,1,"#e06a5d"
0.00750949429124623,1,1,0.438502968244954,1,"#e06a5d"
0.00762225103514603,1,1,0.438502968244954,1,"#e06a5d"
0.00763285726677895,1,1,0.438502968244954,1,"#e06a5d"
0.00772424023590518,1,1,0.438502968244954,1,"#e06a5d"
0.00827757903527895,1,1,0.438502968244954,1,"#e06a5d"
0.00850297153944774,1,1,0.438502968244954,1,"#e06a5d"
0.00852999121699168,1,1,0.438502968244954,1,"#e06a5d"
0.00960638258016385,1,1,0.438502968244954,1,"#e06a5d"
0.0103040951789515,1,1,0.438502968244954,1,"#e06a5d"
0.0103823312601982,1,1,0.438502968244954,1,"#e06a5d"
0.0104042696252488,1,1,0.438502968244954,1,"#e06a5d"
0.0104858125924038,1,1,0.438502968244954,1,"#e06a5d"
0.0109682549841324,1,1,0.438502968244954,1,"#e06a5d"
0.0122781044268596,1,1,0.438502968244954,1,"#e06a5d"
0.0135111292640328,1,1,0.438502968244954,1,"#e06a5d"
0.016681787604122,1,1,0.438502968244954,1,"#e06a5d"
0.016965171595318,1,1,0.438502968244954,1,"#e06a5d"
0.0172384332894042,1,1,0.438502968244954,1,"#e06a5d"
0.017762977984649,1,1,0.438502968244954,1,"#e06a5d"
0.0178923498138445,1,1,0.438502968244954,1,"#e06a5d"
0.0189066765744195,1,1,0.438502968244954,1,"#e06a5d"
0.0191875602372457,1,1,0.438502968244954,1,"#e06a5d"
0.0202799214396826,1,1,0.438502968244954,1,"#e06a5d"
0.0407112740572421,1,1,0.438502968244954,1,"#e06a5d"
0.0635021704261725,1,1,0.438502968244954,1,"#e06a5d"
0.0656779803702446,1,1,0.438502968244954,1,"#e06a5d"
0.103866584413929,1,1,0.438502968244954,1,"#e06a5d"
