"p","freq","freq.pred","Lower","Upper","point_color"
5.77265684106594e-08,0.333333333333333,0.084037276594011,0.00491337156650426,0.630284850647933,"black"
5.77265684106594e-08,0.333333333333333,0.084037276594011,0.00491337156650426,0.630284850647933,"black"
5.77265684106594e-08,0.333333333333333,0.084037276594011,0.00491337156650426,0.630284850647933,"black"
5.77265684106594e-08,0.333333333333333,0.084037276594011,0.00491337156650426,0.630284850647933,"black"
5.77265684106594e-08,0.333333333333333,0.084037276594011,0.00491337156650426,0.630284850647933,"black"
5.77265684106594e-08,0.333333333333333,0.084037276594011,0.00491337156650426,0.630284850647933,"black"
5.77265684106594e-08,0.333333333333333,0.084037276594011,0.00491337156650426,0.630284850647933,"black"
5.77265684106594e-08,0.333333333333333,0.084037276594011,0.00491337156650426,0.630284850647933,"black"
5.77265684106594e-08,0.333333333333333,0.084037276594011,0.00491337156650426,0.630284850647933,"black"
5.77265684106594e-08,0.333333333333333,0.084037276594011,0.00491337156650426,0.630284850647933,"black"
5.77265684106594e-08,0.333333333333333,0.084037276594011,0.00491337156650426,0.630284850647933,"black"
5.77265684106594e-08,0.333333333333333,0.084037276594011,0.00491337156650426,0.630284850647933,"black"
5.77265684106594e-08,0.333333333333333,0.084037276594011,0.00491337156650426,0.630284850647933,"black"
5.77265684106594e-08,0.333333333333333,0.084037276594011,0.00491337156650426,0.630284850647933,"black"
5.77265684106594e-08,0.333333333333333,0.084037276594011,0.00491337156650426,0.630284850647933,"black"
5.77265684106594e-08,0.333333333333333,0.084037276594011,0.00491337156650426,0.630284850647933,"black"
5.77265684106594e-08,0.333333333333333,0.084037276594011,0.00491337156650426,0.630284850647933,"black"
5.77265684106594e-08,0.333333333333333,0.084037276594011,0.00491337156650426,0.630284850647933,"black"
5.77265684106594e-08,0.333333333333333,0.084037276594011,0.00491337156650426,0.630284850647933,"black"
5.77265684106594e-08,0.333333333333333,0.084037276594011,0.00491337156650426,0.630284850647933,"black"
5.77265684106594e-08,0.333333333333333,0.084037276594011,0.00491337156650426,0.630284850647933,"black"
5.77265684106594e-08,0.333333333333333,0.084037276594011,0.00491337156650426,0.630284850647933,"black"
5.77265684106594e-08,0.333333333333333,0.084037276594011,0.00491337156650426,0.630284850647933,"black"
5.77265684106594e-08,0.333333333333333,0.084037276594011,0.00491337156650426,0.630284850647933,"black"
5.77265684106594e-08,0.333333333333333,0.084037276594011,0.00491337156650426,0.630284850647933,"black"
5.77265684106594e-08,0.333333333333333,0.084037276594011,0.00491337156650426,0.630284850647933,"black"
5.77265684106594e-08,0.333333333333333,0.084037276594011,0.00491337156650426,0.630284850647933,"black"
5.77265684106594e-08,0.333333333333333,0.084037276594011,0.00491337156650426,0.630284850647933,"black"
5.77265684106594e-08,0.333333333333333,0.084037276594011,0.00491337156650426,0.630284850647933,"black"
1.15453136821319e-07,0.333333333333333,0.166409277994512,0.0176027959293991,0.689836160513832,"black"
1.15453136821319e-07,0.333333333333333,0.166409277994512,0.0176027959293991,0.689836160513832,"black"
1.15453136821319e-07,0.333333333333333,0.166409277994512,0.0176027959293991,0.689836160513832,"black"
1.15453136821319e-07,0.333333333333333,0.166409277994512,0.0176027959293991,0.689836160513832,"black"
1.15453136821319e-07,0.333333333333333,0.166409277994512,0.0176027959293991,0.689836160513832,"black"
1.15453136821319e-07,0.333333333333333,0.166409277994512,0.0176027959293991,0.689836160513832,"black"
1.15453136821319e-07,0.333333333333333,0.166409277994512,0.0176027959293991,0.689836160513832,"black"
1.15453136821319e-07,0.333333333333333,0.166409277994512,0.0176027959293991,0.689836160513832,"black"
1.15453136821319e-07,0.333333333333333,0.166409277994512,0.0176027959293991,0.689836160513832,"black"
1.15453136821319e-07,0.333333333333333,0.166409277994512,0.0176027959293991,0.689836160513832,"black"
1.15453136821319e-07,0.333333333333333,0.166409277994512,0.0176027959293991,0.689836160513832,"black"
1.15453136821319e-07,0.666666666666667,0.166409277994512,0.0176027959293991,0.689836160513832,"black"
1.15453136821319e-07,0.333333333333333,0.166409277994512,0.0176027959293991,0.689836160513832,"black"
1.15453136821319e-07,0.333333333333333,0.166409277994512,0.0176027959293991,0.689836160513832,"black"
1.15453136821319e-07,0.333333333333333,0.166409277994512,0.0176027959293991,0.689836160513832,"black"
1.15453136821319e-07,0.333333333333333,0.166409277994512,0.0176027959293991,0.689836160513832,"black"
1.15453136821319e-07,0.333333333333333,0.166409277994512,0.0176027959293991,0.689836160513832,"black"
1.15453136821319e-07,0.333333333333333,0.166409277994512,0.0176027959293991,0.689836160513832,"black"
1.15453136821319e-07,0.333333333333333,0.166409277994512,0.0176027959293991,0.689836160513832,"black"
1.15453136821319e-07,0.333333333333333,0.166409277994512,0.0176027959293991,0.689836160513832,"black"
1.15453136821319e-07,0.333333333333333,0.166409277994512,0.0176027959293991,0.689836160513832,"black"
1.15453136821319e-07,0.333333333333333,0.166409277994512,0.0176027959293991,0.689836160513832,"black"
1.15453136821319e-07,0.333333333333333,0.166409277994512,0.0176027959293991,0.689836160513832,"black"
1.15453136821319e-07,0.333333333333333,0.166409277994512,0.0176027959293991,0.689836160513832,"black"
1.15453136821319e-07,0.333333333333333,0.166409277994512,0.0176027959293991,0.689836160513832,"black"
1.15453136821319e-07,0.333333333333333,0.166409277994512,0.0176027959293991,0.689836160513832,"black"
1.15453136821319e-07,0.333333333333333,0.166409277994512,0.0176027959293991,0.689836160513832,"black"
1.15453136821319e-07,0.333333333333333,0.166409277994512,0.0176027959293991,0.689836160513832,"black"
1.15453136821319e-07,0.333333333333333,0.166409277994512,0.0176027959293991,0.689836160513832,"black"
1.15453136821319e-07,0.333333333333333,0.166409277994512,0.0176027959293991,0.689836160513832,"black"
1.15453136821319e-07,0.333333333333333,0.166409277994512,0.0176027959293991,0.689836160513832,"black"
1.15453136821319e-07,0.333333333333333,0.166409277994512,0.0176027959293991,0.689836160513832,"black"
1.15453136821319e-07,0.333333333333333,0.166409277994512,0.0176027959293991,0.689836160513832,"black"
1.15453136821319e-07,0.333333333333333,0.166409277994512,0.0176027959293991,0.689836160513832,"black"
1.15453136821319e-07,0.333333333333333,0.166409277994512,0.0176027959293991,0.689836160513832,"black"
1.15453136821319e-07,0.333333333333333,0.166409277994512,0.0176027959293991,0.689836160513832,"black"
1.15453136821319e-07,0.333333333333333,0.166409277994512,0.0176027959293991,0.689836160513832,"black"
1.15453136821319e-07,0.333333333333333,0.166409277994512,0.0176027959293991,0.689836160513832,"black"
1.15453136821319e-07,0.333333333333333,0.166409277994512,0.0176027959293991,0.689836160513832,"black"
1.15453136821319e-07,0.333333333333333,0.166409277994512,0.0176027959293991,0.689836160513832,"black"
1.15453136821319e-07,0.333333333333333,0.166409277994512,0.0176027959293991,0.689836160513832,"black"
1.15453136821319e-07,0.333333333333333,0.166409277994512,0.0176027959293991,0.689836160513832,"black"
1.15453136821319e-07,0.333333333333333,0.166409277994512,0.0176027959293991,0.689836160513832,"black"
1.15453136821319e-07,0.333333333333333,0.166409277994512,0.0176027959293991,0.689836160513832,"black"
1.15453136821319e-07,0.333333333333333,0.166409277994512,0.0176027959293991,0.689836160513832,"black"
1.15453136821319e-07,0.333333333333333,0.166409277994512,0.0176027959293991,0.689836160513832,"black"
1.15453136821319e-07,0.333333333333333,0.166409277994512,0.0176027959293991,0.689836160513832,"black"
1.15453136821319e-07,0.333333333333333,0.166409277994512,0.0176027959293991,0.689836160513832,"black"
1.15453136821319e-07,0.333333333333333,0.166409277994512,0.0176027959293991,0.689836160513832,"black"
1.15453136821319e-07,0.333333333333333,0.166409277994512,0.0176027959293991,0.689836160513832,"black"
1.15453136821319e-07,0.333333333333333,0.166409277994512,0.0176027959293991,0.689836160513832,"black"
1.15453136821319e-07,0.333333333333333,0.166409277994512,0.0176027959293991,0.689836160513832,"black"
1.15453136821319e-07,0.333333333333333,0.166409277994512,0.0176027959293991,0.689836160513832,"black"
1.15453136821319e-07,0.333333333333333,0.166409277994512,0.0176027959293991,0.689836160513832,"black"
1.15453136821319e-07,0.333333333333333,0.166409277994512,0.0176027959293991,0.689836160513832,"black"
1.15453136821319e-07,0.333333333333333,0.166409277994512,0.0176027959293991,0.689836160513832,"black"
1.15453136821319e-07,0.333333333333333,0.166409277994512,0.0176027959293991,0.689836160513832,"black"
1.15453136821319e-07,0.333333333333333,0.166409277994512,0.0176027959293991,0.689836160513832,"black"
1.15453136821319e-07,0.333333333333333,0.166409277994512,0.0176027959293991,0.689836160513832,"black"
1.15453136821319e-07,0.333333333333333,0.166409277994512,0.0176027959293991,0.689836160513832,"black"
1.15453136821319e-07,0.333333333333333,0.166409277994512,0.0176027959293991,0.689836160513832,"black"
1.15453136821319e-07,0.333333333333333,0.166409277994512,0.0176027959293991,0.689836160513832,"black"
1.15453136821319e-07,0.333333333333333,0.166409277994512,0.0176027959293991,0.689836160513832,"black"
1.15453136821319e-07,0.333333333333333,0.166409277994512,0.0176027959293991,0.689836160513832,"black"
1.15453136821319e-07,0.333333333333333,0.166409277994512,0.0176027959293991,0.689836160513832,"black"
1.15453136821319e-07,0.333333333333333,0.166409277994512,0.0176027959293991,0.689836160513832,"black"
1.15453136821319e-07,0.333333333333333,0.166409277994512,0.0176027959293991,0.689836160513832,"black"
1.15453136821319e-07,0.333333333333333,0.166409277994512,0.0176027959293991,0.689836160513832,"black"
1.15453136821319e-07,0.333333333333333,0.166409277994512,0.0176027959293991,0.689836160513832,"black"
1.15453136821319e-07,0.333333333333333,0.166409277994512,0.0176027959293991,0.689836160513832,"black"
1.15453136821319e-07,0.333333333333333,0.166409277994512,0.0176027959293991,0.689836160513832,"black"
1.15453136821319e-07,0.333333333333333,0.166409277994512,0.0176027959293991,0.689836160513832,"black"
1.15453136821319e-07,0.333333333333333,0.166409277994512,0.0176027959293991,0.689836160513832,"black"
1.15453136821319e-07,0.333333333333333,0.166409277994512,0.0176027959293991,0.689836160513832,"black"
1.15453136821319e-07,0.333333333333333,0.166409277994512,0.0176027959293991,0.689836160513832,"black"
1.15453136821319e-07,0.333333333333333,0.166409277994512,0.0176027959293991,0.689836160513832,"black"
1.15453136821319e-07,0.333333333333333,0.166409277994512,0.0176027959293991,0.689836160513832,"black"
1.15453136821319e-07,0.333333333333333,0.166409277994512,0.0176027959293991,0.689836160513832,"black"
1.15453136821319e-07,0.333333333333333,0.166409277994512,0.0176027959293991,0.689836160513832,"black"
1.15453136821319e-07,0.333333333333333,0.166409277994512,0.0176027959293991,0.689836160513832,"black"
1.15453136821319e-07,0.333333333333333,0.166409277994512,0.0176027959293991,0.689836160513832,"black"
1.15453136821319e-07,0.333333333333333,0.166409277994512,0.0176027959293991,0.689836160513832,"black"
1.15453136821319e-07,0.333333333333333,0.166409277994512,0.0176027959293991,0.689836160513832,"black"
1.15453136821319e-07,0.333333333333333,0.166409277994512,0.0176027959293991,0.689836160513832,"black"
1.15453136821319e-07,0.333333333333333,0.166409277994512,0.0176027959293991,0.689836160513832,"black"
1.15453136821319e-07,0.333333333333333,0.166409277994512,0.0176027959293991,0.689836160513832,"black"
1.15453136821319e-07,0.333333333333333,0.166409277994512,0.0176027959293991,0.689836160513832,"black"
1.15453136821319e-07,0.333333333333333,0.166409277994512,0.0176027959293991,0.689836160513832,"black"
1.15453136821319e-07,0.333333333333333,0.166409277994512,0.0176027959293991,0.689836160513832,"black"
1.15453136821319e-07,0.333333333333333,0.166409277994512,0.0176027959293991,0.689836160513832,"black"
1.15453136821319e-07,0.333333333333333,0.166409277994512,0.0176027959293991,0.689836160513832,"black"
1.15453136821319e-07,0.333333333333333,0.166409277994512,0.0176027959293991,0.689836160513832,"black"
1.15453136821319e-07,0.333333333333333,0.166409277994512,0.0176027959293991,0.689836160513832,"black"
1.15453136821319e-07,0.333333333333333,0.166409277994512,0.0176027959293991,0.689836160513832,"black"
1.15453136821319e-07,0.333333333333333,0.166409277994512,0.0176027959293991,0.689836160513832,"black"
1.15453136821319e-07,0.333333333333333,0.166409277994512,0.0176027959293991,0.689836160513832,"black"
1.15453136821319e-07,0.333333333333333,0.166409277994512,0.0176027959293991,0.689836160513832,"black"
1.15453136821319e-07,0.333333333333333,0.166409277994512,0.0176027959293991,0.689836160513832,"black"
1.15453136821319e-07,0.333333333333333,0.166409277994512,0.0176027959293991,0.689836160513832,"black"
1.15453136821319e-07,0.333333333333333,0.166409277994512,0.0176027959293991,0.689836160513832,"black"
1.15453136821319e-07,0.333333333333333,0.166409277994512,0.0176027959293991,0.689836160513832,"black"
1.15453136821319e-07,0.333333333333333,0.166409277994512,0.0176027959293991,0.689836160513832,"black"
1.15453136821319e-07,0.333333333333333,0.166409277994512,0.0176027959293991,0.689836160513832,"black"
1.15453136821319e-07,0.333333333333333,0.166409277994512,0.0176027959293991,0.689836160513832,"black"
1.15453136821319e-07,0.333333333333333,0.166409277994512,0.0176027959293991,0.689836160513832,"black"
1.15453136821319e-07,0.333333333333333,0.166409277994512,0.0176027959293991,0.689836160513832,"black"
1.15453136821319e-07,0.333333333333333,0.166409277994512,0.0176027959293991,0.689836160513832,"black"
1.15453136821319e-07,0.333333333333333,0.166409277994512,0.0176027959293991,0.689836160513832,"black"
1.15453136821319e-07,0.333333333333333,0.166409277994512,0.0176027959293991,0.689836160513832,"black"
1.15453136821319e-07,0.333333333333333,0.166409277994512,0.0176027959293991,0.689836160513832,"black"
1.15453136821319e-07,0.333333333333333,0.166409277994512,0.0176027959293991,0.689836160513832,"black"
1.15453136821319e-07,0.333333333333333,0.166409277994512,0.0176027959293991,0.689836160513832,"black"
1.15453136821319e-07,0.333333333333333,0.166409277994512,0.0176027959293991,0.689836160513832,"black"
1.15453136821319e-07,0.333333333333333,0.166409277994512,0.0176027959293991,0.689836160513832,"black"
1.15453136821319e-07,0.333333333333333,0.166409277994512,0.0176027959293991,0.689836160513832,"black"
1.15453136821319e-07,0.333333333333333,0.166409277994512,0.0176027959293991,0.689836160513832,"black"
1.15453136821319e-07,0.333333333333333,0.166409277994512,0.0176027959293991,0.689836160513832,"black"
1.15453136821319e-07,0.333333333333333,0.166409277994512,0.0176027959293991,0.689836160513832,"black"
1.15453136821319e-07,0.333333333333333,0.166409277994512,0.0176027959293991,0.689836160513832,"black"
1.15453136821319e-07,0.333333333333333,0.166409277994512,0.0176027959293991,0.689836160513832,"black"
1.15453136821319e-07,0.333333333333333,0.166409277994512,0.0176027959293991,0.689836160513832,"black"
1.15453136821319e-07,0.333333333333333,0.166409277994512,0.0176027959293991,0.689836160513832,"black"
1.15453136821319e-07,0.333333333333333,0.166409277994512,0.0176027959293991,0.689836160513832,"black"
1.15453136821319e-07,0.333333333333333,0.166409277994512,0.0176027959293991,0.689836160513832,"black"
1.15453136821319e-07,0.333333333333333,0.166409277994512,0.0176027959293991,0.689836160513832,"black"
1.15453136821319e-07,0.333333333333333,0.166409277994512,0.0176027959293991,0.689836160513832,"black"
1.15453136821319e-07,0.333333333333333,0.166409277994512,0.0176027959293991,0.689836160513832,"black"
1.15453136821319e-07,0.333333333333333,0.166409277994512,0.0176027959293991,0.689836160513832,"black"
1.15453136821319e-07,0.333333333333333,0.166409277994512,0.0176027959293991,0.689836160513832,"black"
1.15453136821319e-07,0.333333333333333,0.166409277994512,0.0176027959293991,0.689836160513832,"black"
1.15453136821319e-07,0.333333333333333,0.166409277994512,0.0176027959293991,0.689836160513832,"black"
1.15453136821319e-07,0.333333333333333,0.166409277994512,0.0176027959293991,0.689836160513832,"black"
1.15453136821319e-07,0.333333333333333,0.166409277994512,0.0176027959293991,0.689836160513832,"black"
1.15453136821319e-07,0.333333333333333,0.166409277994512,0.0176027959293991,0.689836160513832,"black"
1.15453136821319e-07,0.333333333333333,0.166409277994512,0.0176027959293991,0.689836160513832,"black"
1.15453136821319e-07,0.333333333333333,0.166409277994512,0.0176027959293991,0.689836160513832,"black"
1.15453136821319e-07,0.333333333333333,0.166409277994512,0.0176027959293991,0.689836160513832,"black"
1.15453136821319e-07,0.333333333333333,0.166409277994512,0.0176027959293991,0.689836160513832,"black"
1.15453136821319e-07,0.333333333333333,0.166409277994512,0.0176027959293991,0.689836160513832,"black"
1.15453136821319e-07,0.333333333333333,0.166409277994512,0.0176027959293991,0.689836160513832,"black"
1.15453136821319e-07,0.333333333333333,0.166409277994512,0.0176027959293991,0.689836160513832,"black"
1.15453136821319e-07,0.333333333333333,0.166409277994512,0.0176027959293991,0.689836160513832,"black"
1.15453136821319e-07,0.333333333333333,0.166409277994512,0.0176027959293991,0.689836160513832,"black"
1.15453136821319e-07,0.333333333333333,0.166409277994512,0.0176027959293991,0.689836160513832,"black"
1.15453136821319e-07,0.333333333333333,0.166409277994512,0.0176027959293991,0.689836160513832,"black"
1.15453136821319e-07,0.333333333333333,0.166409277994512,0.0176027959293991,0.689836160513832,"black"
1.15453136821319e-07,0.333333333333333,0.166409277994512,0.0176027959293991,0.689836160513832,"black"
1.15453136821319e-07,0.333333333333333,0.166409277994512,0.0176027959293991,0.689836160513832,"black"
1.15453136821319e-07,0.333333333333333,0.166409277994512,0.0176027959293991,0.689836160513832,"black"
1.15453136821319e-07,0.333333333333333,0.166409277994512,0.0176027959293991,0.689836160513832,"black"
1.15453136821319e-07,0.333333333333333,0.166409277994512,0.0176027959293991,0.689836160513832,"black"
1.15453136821319e-07,0.333333333333333,0.166409277994512,0.0176027959293991,0.689836160513832,"black"
1.15453136821319e-07,0.333333333333333,0.166409277994512,0.0176027959293991,0.689836160513832,"black"
1.15453136821319e-07,0.333333333333333,0.166409277994512,0.0176027959293991,0.689836160513832,"black"
1.15453136821319e-07,0.333333333333333,0.166409277994512,0.0176027959293991,0.689836160513832,"black"
1.15453136821319e-07,0.333333333333333,0.166409277994512,0.0176027959293991,0.689836160513832,"black"
1.15453136821319e-07,0.333333333333333,0.166409277994512,0.0176027959293991,0.689836160513832,"black"
1.15453136821319e-07,0.333333333333333,0.166409277994512,0.0176027959293991,0.689836160513832,"black"
1.15453136821319e-07,0.333333333333333,0.166409277994512,0.0176027959293991,0.689836160513832,"black"
1.15453136821319e-07,0.333333333333333,0.166409277994512,0.0176027959293991,0.689836160513832,"black"
1.15453136821319e-07,0.333333333333333,0.166409277994512,0.0176027959293991,0.689836160513832,"black"
1.15453136821319e-07,0.333333333333333,0.166409277994512,0.0176027959293991,0.689836160513832,"black"
1.73179705231978e-07,0.333333333333333,0.245914366189392,0.035767535215508,0.741397855555788,"black"
1.73179705231978e-07,0.333333333333333,0.245914366189392,0.035767535215508,0.741397855555788,"black"
1.73179705231978e-07,0.333333333333333,0.245914366189392,0.035767535215508,0.741397855555788,"black"
1.73179705231978e-07,0.666666666666667,0.245914366189392,0.035767535215508,0.741397855555788,"black"
1.73179705231978e-07,0.333333333333333,0.245914366189392,0.035767535215508,0.741397855555788,"black"
1.73179705231978e-07,0.333333333333333,0.245914366189392,0.035767535215508,0.741397855555788,"black"
1.73179705231978e-07,0.333333333333333,0.245914366189392,0.035767535215508,0.741397855555788,"black"
1.73179705231978e-07,0.333333333333333,0.245914366189392,0.035767535215508,0.741397855555788,"black"
1.73179705231978e-07,0.333333333333333,0.245914366189392,0.035767535215508,0.741397855555788,"black"
1.73179705231978e-07,0.333333333333333,0.245914366189392,0.035767535215508,0.741397855555788,"black"
1.73179705231978e-07,0.333333333333333,0.245914366189392,0.035767535215508,0.741397855555788,"black"
1.73179705231978e-07,0.333333333333333,0.245914366189392,0.035767535215508,0.741397855555788,"black"
1.73179705231978e-07,0.333333333333333,0.245914366189392,0.035767535215508,0.741397855555788,"black"
1.73179705231978e-07,0.333333333333333,0.245914366189392,0.035767535215508,0.741397855555788,"black"
1.73179705231978e-07,0.333333333333333,0.245914366189392,0.035767535215508,0.741397855555788,"black"
1.73179705231978e-07,0.333333333333333,0.245914366189392,0.035767535215508,0.741397855555788,"black"
1.73179705231978e-07,0.333333333333333,0.245914366189392,0.035767535215508,0.741397855555788,"black"
1.73179705231978e-07,0.333333333333333,0.245914366189392,0.035767535215508,0.741397855555788,"black"
1.73179705231978e-07,0.333333333333333,0.245914366189392,0.035767535215508,0.741397855555788,"black"
1.73179705231978e-07,0.333333333333333,0.245914366189392,0.035767535215508,0.741397855555788,"black"
1.73179705231978e-07,0.333333333333333,0.245914366189392,0.035767535215508,0.741397855555788,"black"
1.73179705231978e-07,0.333333333333333,0.245914366189392,0.035767535215508,0.741397855555788,"black"
1.73179705231978e-07,0.333333333333333,0.245914366189392,0.035767535215508,0.741397855555788,"black"
1.73179705231978e-07,0.333333333333333,0.245914366189392,0.035767535215508,0.741397855555788,"black"
1.73179705231978e-07,0.333333333333333,0.245914366189392,0.035767535215508,0.741397855555788,"black"
1.73179705231978e-07,0.333333333333333,0.245914366189392,0.035767535215508,0.741397855555788,"black"
1.73179705231978e-07,0.333333333333333,0.245914366189392,0.035767535215508,0.741397855555788,"black"
1.73179705231978e-07,0.333333333333333,0.245914366189392,0.035767535215508,0.741397855555788,"black"
1.73179705231978e-07,0.333333333333333,0.245914366189392,0.035767535215508,0.741397855555788,"black"
1.73179705231978e-07,0.333333333333333,0.245914366189392,0.035767535215508,0.741397855555788,"black"
1.73179705231978e-07,0.666666666666667,0.245914366189392,0.035767535215508,0.741397855555788,"black"
1.73179705231978e-07,0.333333333333333,0.245914366189392,0.035767535215508,0.741397855555788,"black"
1.73179705231978e-07,0.333333333333333,0.245914366189392,0.035767535215508,0.741397855555788,"black"
1.73179705231978e-07,0.333333333333333,0.245914366189392,0.035767535215508,0.741397855555788,"black"
1.73179705231978e-07,0.333333333333333,0.245914366189392,0.035767535215508,0.741397855555788,"black"
1.73179705231978e-07,0.333333333333333,0.245914366189392,0.035767535215508,0.741397855555788,"black"
1.73179705231978e-07,0.333333333333333,0.245914366189392,0.035767535215508,0.741397855555788,"black"
1.73179705231978e-07,0.333333333333333,0.245914366189392,0.035767535215508,0.741397855555788,"black"
1.73179705231978e-07,0.333333333333333,0.245914366189392,0.035767535215508,0.741397855555788,"black"
1.73179705231978e-07,0.666666666666667,0.245914366189392,0.035767535215508,0.741397855555788,"black"
1.73179705231978e-07,0.333333333333333,0.245914366189392,0.035767535215508,0.741397855555788,"black"
1.73179705231978e-07,0.333333333333333,0.245914366189392,0.035767535215508,0.741397855555788,"black"
1.73179705231978e-07,0.333333333333333,0.245914366189392,0.035767535215508,0.741397855555788,"black"
1.73179705231978e-07,0.333333333333333,0.245914366189392,0.035767535215508,0.741397855555788,"black"
1.73179705231978e-07,0.333333333333333,0.245914366189392,0.035767535215508,0.741397855555788,"black"
1.73179705231978e-07,0.333333333333333,0.245914366189392,0.035767535215508,0.741397855555788,"black"
1.73179705231978e-07,0.333333333333333,0.245914366189392,0.035767535215508,0.741397855555788,"black"
1.73179705231978e-07,0.333333333333333,0.245914366189392,0.035767535215508,0.741397855555788,"black"
1.73179705231978e-07,0.333333333333333,0.245914366189392,0.035767535215508,0.741397855555788,"black"
1.73179705231978e-07,0.666666666666667,0.245914366189392,0.035767535215508,0.741397855555788,"black"
1.73179705231978e-07,0.333333333333333,0.245914366189392,0.035767535215508,0.741397855555788,"black"
1.73179705231978e-07,0.333333333333333,0.245914366189392,0.035767535215508,0.741397855555788,"black"
1.73179705231978e-07,0.333333333333333,0.245914366189392,0.035767535215508,0.741397855555788,"black"
1.73179705231978e-07,0.333333333333333,0.245914366189392,0.035767535215508,0.741397855555788,"black"
1.73179705231978e-07,0.333333333333333,0.245914366189392,0.035767535215508,0.741397855555788,"black"
1.73179705231978e-07,0.666666666666667,0.245914366189392,0.035767535215508,0.741397855555788,"black"
1.73179705231978e-07,0.333333333333333,0.245914366189392,0.035767535215508,0.741397855555788,"black"
1.73179705231978e-07,0.333333333333333,0.245914366189392,0.035767535215508,0.741397855555788,"black"
1.73179705231978e-07,0.333333333333333,0.245914366189392,0.035767535215508,0.741397855555788,"black"
1.73179705231978e-07,0.333333333333333,0.245914366189392,0.035767535215508,0.741397855555788,"black"
1.73179705231978e-07,0.333333333333333,0.245914366189392,0.035767535215508,0.741397855555788,"black"
1.73179705231978e-07,0.333333333333333,0.245914366189392,0.035767535215508,0.741397855555788,"black"
1.73179705231978e-07,0.333333333333333,0.245914366189392,0.035767535215508,0.741397855555788,"black"
1.73179705231978e-07,0.333333333333333,0.245914366189392,0.035767535215508,0.741397855555788,"black"
1.73179705231978e-07,0.333333333333333,0.245914366189392,0.035767535215508,0.741397855555788,"black"
1.73179705231978e-07,0.333333333333333,0.245914366189392,0.035767535215508,0.741397855555788,"black"
1.73179705231978e-07,0.333333333333333,0.245914366189392,0.035767535215508,0.741397855555788,"black"
1.73179705231978e-07,0.333333333333333,0.245914366189392,0.035767535215508,0.741397855555788,"black"
1.73179705231978e-07,0.333333333333333,0.245914366189392,0.035767535215508,0.741397855555788,"black"
1.73179705231978e-07,0.333333333333333,0.245914366189392,0.035767535215508,0.741397855555788,"black"
1.73179705231978e-07,0.333333333333333,0.245914366189392,0.035767535215508,0.741397855555788,"black"
1.73179705231978e-07,0.333333333333333,0.245914366189392,0.035767535215508,0.741397855555788,"black"
1.73179705231978e-07,0.333333333333333,0.245914366189392,0.035767535215508,0.741397855555788,"black"
1.73179705231978e-07,0.333333333333333,0.245914366189392,0.035767535215508,0.741397855555788,"black"
1.73179705231978e-07,0.333333333333333,0.245914366189392,0.035767535215508,0.741397855555788,"black"
1.73179705231978e-07,0.333333333333333,0.245914366189392,0.035767535215508,0.741397855555788,"black"
1.73179705231978e-07,0.333333333333333,0.245914366189392,0.035767535215508,0.741397855555788,"black"
1.73179705231978e-07,0.333333333333333,0.245914366189392,0.035767535215508,0.741397855555788,"black"
1.73179705231978e-07,0.333333333333333,0.245914366189392,0.035767535215508,0.741397855555788,"black"
1.73179705231978e-07,0.333333333333333,0.245914366189392,0.035767535215508,0.741397855555788,"black"
1.73179705231978e-07,0.333333333333333,0.245914366189392,0.035767535215508,0.741397855555788,"black"
1.73179705231978e-07,0.333333333333333,0.245914366189392,0.035767535215508,0.741397855555788,"black"
1.73179705231978e-07,0.333333333333333,0.245914366189392,0.035767535215508,0.741397855555788,"black"
1.73179705231978e-07,0.333333333333333,0.245914366189392,0.035767535215508,0.741397855555788,"black"
1.73179705231978e-07,0.333333333333333,0.245914366189392,0.035767535215508,0.741397855555788,"black"
1.73179705231978e-07,0.333333333333333,0.245914366189392,0.035767535215508,0.741397855555788,"black"
1.73179705231978e-07,0.333333333333333,0.245914366189392,0.035767535215508,0.741397855555788,"black"
1.73179705231978e-07,0.333333333333333,0.245914366189392,0.035767535215508,0.741397855555788,"black"
1.73179705231978e-07,0.333333333333333,0.245914366189392,0.035767535215508,0.741397855555788,"black"
1.73179705231978e-07,0.333333333333333,0.245914366189392,0.035767535215508,0.741397855555788,"black"
1.73179705231978e-07,0.333333333333333,0.245914366189392,0.035767535215508,0.741397855555788,"black"
1.73179705231978e-07,0.333333333333333,0.245914366189392,0.035767535215508,0.741397855555788,"black"
1.73179705231978e-07,0.333333333333333,0.245914366189392,0.035767535215508,0.741397855555788,"black"
1.73179705231978e-07,0.333333333333333,0.245914366189392,0.035767535215508,0.741397855555788,"black"
1.73179705231978e-07,0.333333333333333,0.245914366189392,0.035767535215508,0.741397855555788,"black"
1.73179705231978e-07,0.333333333333333,0.245914366189392,0.035767535215508,0.741397855555788,"black"
1.73179705231978e-07,0.333333333333333,0.245914366189392,0.035767535215508,0.741397855555788,"black"
1.73179705231978e-07,0.333333333333333,0.245914366189392,0.035767535215508,0.741397855555788,"black"
1.73179705231978e-07,0.333333333333333,0.245914366189392,0.035767535215508,0.741397855555788,"black"
1.73179705231978e-07,0.333333333333333,0.245914366189392,0.035767535215508,0.741397855555788,"black"
1.73179705231978e-07,0.333333333333333,0.245914366189392,0.035767535215508,0.741397855555788,"black"
1.73179705231978e-07,0.333333333333333,0.245914366189392,0.035767535215508,0.741397855555788,"black"
1.73179705231978e-07,0.333333333333333,0.245914366189392,0.035767535215508,0.741397855555788,"black"
1.73179705231978e-07,0.333333333333333,0.245914366189392,0.035767535215508,0.741397855555788,"black"
1.73179705231978e-07,0.333333333333333,0.245914366189392,0.035767535215508,0.741397855555788,"black"
1.73179705231978e-07,0.333333333333333,0.245914366189392,0.035767535215508,0.741397855555788,"black"
1.73179705231978e-07,0.333333333333333,0.245914366189392,0.035767535215508,0.741397855555788,"black"
1.73179705231978e-07,0.333333333333333,0.245914366189392,0.035767535215508,0.741397855555788,"black"
1.73179705231978e-07,0.333333333333333,0.245914366189392,0.035767535215508,0.741397855555788,"black"
1.73179705231978e-07,0.333333333333333,0.245914366189392,0.035767535215508,0.741397855555788,"black"
1.73179705231978e-07,0.333333333333333,0.245914366189392,0.035767535215508,0.741397855555788,"black"
1.73179705231978e-07,0.333333333333333,0.245914366189392,0.035767535215508,0.741397855555788,"black"
1.73179705231978e-07,0.333333333333333,0.245914366189392,0.035767535215508,0.741397855555788,"black"
1.73179705231978e-07,0.333333333333333,0.245914366189392,0.035767535215508,0.741397855555788,"black"
1.73179705231978e-07,0.333333333333333,0.245914366189392,0.035767535215508,0.741397855555788,"black"
1.73179705231978e-07,0.333333333333333,0.245914366189392,0.035767535215508,0.741397855555788,"black"
1.73179705231978e-07,0.333333333333333,0.245914366189392,0.035767535215508,0.741397855555788,"black"
1.73179705231978e-07,0.333333333333333,0.245914366189392,0.035767535215508,0.741397855555788,"black"
1.73179705231978e-07,0.333333333333333,0.245914366189392,0.035767535215508,0.741397855555788,"black"
1.73179705231978e-07,0.333333333333333,0.245914366189392,0.035767535215508,0.741397855555788,"black"
1.73179705231978e-07,0.333333333333333,0.245914366189392,0.035767535215508,0.741397855555788,"black"
1.73179705231978e-07,0.333333333333333,0.245914366189392,0.035767535215508,0.741397855555788,"black"
1.73179705231978e-07,0.333333333333333,0.245914366189392,0.035767535215508,0.741397855555788,"black"
1.73179705231978e-07,0.333333333333333,0.245914366189392,0.035767535215508,0.741397855555788,"black"
1.73179705231978e-07,0.333333333333333,0.245914366189392,0.035767535215508,0.741397855555788,"black"
1.73179705231978e-07,0.333333333333333,0.245914366189392,0.035767535215508,0.741397855555788,"black"
1.73179705231978e-07,0.333333333333333,0.245914366189392,0.035767535215508,0.741397855555788,"black"
1.73179705231978e-07,0.333333333333333,0.245914366189392,0.035767535215508,0.741397855555788,"black"
1.73179705231978e-07,0.333333333333333,0.245914366189392,0.035767535215508,0.741397855555788,"black"
1.73179705231978e-07,0.333333333333333,0.245914366189392,0.035767535215508,0.741397855555788,"black"
1.73179705231978e-07,0.333333333333333,0.245914366189392,0.035767535215508,0.741397855555788,"black"
1.73179705231978e-07,0.333333333333333,0.245914366189392,0.035767535215508,0.741397855555788,"black"
1.73179705231978e-07,0.333333333333333,0.245914366189392,0.035767535215508,0.741397855555788,"black"
1.73179705231978e-07,0.333333333333333,0.245914366189392,0.035767535215508,0.741397855555788,"black"
1.73179705231978e-07,0.333333333333333,0.245914366189392,0.035767535215508,0.741397855555788,"black"
1.73179705231978e-07,0.333333333333333,0.245914366189392,0.035767535215508,0.741397855555788,"black"
1.73179705231978e-07,0.333333333333333,0.245914366189392,0.035767535215508,0.741397855555788,"black"
1.73179705231978e-07,0.333333333333333,0.245914366189392,0.035767535215508,0.741397855555788,"black"
1.73179705231978e-07,0.333333333333333,0.245914366189392,0.035767535215508,0.741397855555788,"black"
1.73179705231978e-07,0.333333333333333,0.245914366189392,0.035767535215508,0.741397855555788,"black"
1.73179705231978e-07,0.333333333333333,0.245914366189392,0.035767535215508,0.741397855555788,"black"
1.73179705231978e-07,0.333333333333333,0.245914366189392,0.035767535215508,0.741397855555788,"black"
1.73179705231978e-07,0.333333333333333,0.245914366189392,0.035767535215508,0.741397855555788,"black"
1.73179705231978e-07,0.333333333333333,0.245914366189392,0.035767535215508,0.741397855555788,"black"
1.73179705231978e-07,0.333333333333333,0.245914366189392,0.035767535215508,0.741397855555788,"black"
1.73179705231978e-07,0.333333333333333,0.245914366189392,0.035767535215508,0.741397855555788,"black"
1.73179705231978e-07,0.333333333333333,0.245914366189392,0.035767535215508,0.741397855555788,"black"
1.73179705231978e-07,0.333333333333333,0.245914366189392,0.035767535215508,0.741397855555788,"black"
1.73179705231978e-07,0.333333333333333,0.245914366189392,0.035767535215508,0.741397855555788,"black"
1.73179705231978e-07,0.333333333333333,0.245914366189392,0.035767535215508,0.741397855555788,"black"
1.73179705231978e-07,0.333333333333333,0.245914366189392,0.035767535215508,0.741397855555788,"black"
1.73179705231978e-07,0.333333333333333,0.245914366189392,0.035767535215508,0.741397855555788,"black"
1.73179705231978e-07,0.333333333333333,0.245914366189392,0.035767535215508,0.741397855555788,"black"
1.73179705231978e-07,0.333333333333333,0.245914366189392,0.035767535215508,0.741397855555788,"black"
1.73179705231978e-07,0.333333333333333,0.245914366189392,0.035767535215508,0.741397855555788,"black"
1.73179705231978e-07,0.333333333333333,0.245914366189392,0.035767535215508,0.741397855555788,"black"
1.73179705231978e-07,0.333333333333333,0.245914366189392,0.035767535215508,0.741397855555788,"black"
1.73179705231978e-07,0.333333333333333,0.245914366189392,0.035767535215508,0.741397855555788,"black"
1.73179705231978e-07,0.333333333333333,0.245914366189392,0.035767535215508,0.741397855555788,"black"
1.73179705231978e-07,0.333333333333333,0.245914366189392,0.035767535215508,0.741397855555788,"black"
1.73179705231978e-07,0.333333333333333,0.245914366189392,0.035767535215508,0.741397855555788,"black"
1.73179705231978e-07,0.333333333333333,0.245914366189392,0.035767535215508,0.741397855555788,"black"
1.73179705231978e-07,0.333333333333333,0.245914366189392,0.035767535215508,0.741397855555788,"black"
1.73179705231978e-07,0.333333333333333,0.245914366189392,0.035767535215508,0.741397855555788,"black"
1.73179705231978e-07,0.333333333333333,0.245914366189392,0.035767535215508,0.741397855555788,"black"
1.73179705231978e-07,0.333333333333333,0.245914366189392,0.035767535215508,0.741397855555788,"black"
1.73179705231978e-07,0.333333333333333,0.245914366189392,0.035767535215508,0.741397855555788,"black"
1.73179705231978e-07,0.333333333333333,0.245914366189392,0.035767535215508,0.741397855555788,"black"
1.73179705231978e-07,0.333333333333333,0.245914366189392,0.035767535215508,0.741397855555788,"black"
1.73179705231978e-07,0.333333333333333,0.245914366189392,0.035767535215508,0.741397855555788,"black"
1.73179705231978e-07,0.333333333333333,0.245914366189392,0.035767535215508,0.741397855555788,"black"
1.73179705231978e-07,0.333333333333333,0.245914366189392,0.035767535215508,0.741397855555788,"black"
1.73179705231978e-07,0.333333333333333,0.245914366189392,0.035767535215508,0.741397855555788,"black"
1.73179705231978e-07,0.333333333333333,0.245914366189392,0.035767535215508,0.741397855555788,"black"
1.73179705231978e-07,0.333333333333333,0.245914366189392,0.035767535215508,0.741397855555788,"black"
1.73179705231978e-07,0.333333333333333,0.245914366189392,0.035767535215508,0.741397855555788,"black"
1.73179705231978e-07,0.333333333333333,0.245914366189392,0.035767535215508,0.741397855555788,"black"
1.73179705231978e-07,0.333333333333333,0.245914366189392,0.035767535215508,0.741397855555788,"black"
1.73179705231978e-07,0.333333333333333,0.245914366189392,0.035767535215508,0.741397855555788,"black"
1.73179705231978e-07,0.333333333333333,0.245914366189392,0.035767535215508,0.741397855555788,"black"
1.73179705231978e-07,0.333333333333333,0.245914366189392,0.035767535215508,0.741397855555788,"black"
1.73179705231978e-07,0.333333333333333,0.245914366189392,0.035767535215508,0.741397855555788,"black"
1.73179705231978e-07,0.333333333333333,0.245914366189392,0.035767535215508,0.741397855555788,"black"
1.73179705231978e-07,0.333333333333333,0.245914366189392,0.035767535215508,0.741397855555788,"black"
1.73179705231978e-07,0.333333333333333,0.245914366189392,0.035767535215508,0.741397855555788,"black"
1.73179705231978e-07,0.333333333333333,0.245914366189392,0.035767535215508,0.741397855555788,"black"
1.73179705231978e-07,0.333333333333333,0.245914366189392,0.035767535215508,0.741397855555788,"black"
1.73179705231978e-07,0.333333333333333,0.245914366189392,0.035767535215508,0.741397855555788,"black"
1.73179705231978e-07,0.333333333333333,0.245914366189392,0.035767535215508,0.741397855555788,"black"
1.73179705231978e-07,0.333333333333333,0.245914366189392,0.035767535215508,0.741397855555788,"black"
1.73179705231978e-07,0.333333333333333,0.245914366189392,0.035767535215508,0.741397855555788,"black"
1.73179705231978e-07,0.333333333333333,0.245914366189392,0.035767535215508,0.741397855555788,"black"
1.73179705231978e-07,0.333333333333333,0.245914366189392,0.035767535215508,0.741397855555788,"black"
1.73179705231978e-07,0.333333333333333,0.245914366189392,0.035767535215508,0.741397855555788,"black"
1.73179705231978e-07,0.333333333333333,0.245914366189392,0.035767535215508,0.741397855555788,"black"
1.73179705231978e-07,0.333333333333333,0.245914366189392,0.035767535215508,0.741397855555788,"black"
1.73179705231978e-07,0.333333333333333,0.245914366189392,0.035767535215508,0.741397855555788,"black"
1.73179705231978e-07,0.333333333333333,0.245914366189392,0.035767535215508,0.741397855555788,"black"
1.73179705231978e-07,0.666666666666667,0.245914366189392,0.035767535215508,0.741397855555788,"black"
1.73179705231978e-07,0.333333333333333,0.245914366189392,0.035767535215508,0.741397855555788,"black"
1.73179705231978e-07,0.333333333333333,0.245914366189392,0.035767535215508,0.741397855555788,"black"
1.73179705231978e-07,0.333333333333333,0.245914366189392,0.035767535215508,0.741397855555788,"black"
1.73179705231978e-07,0.333333333333333,0.245914366189392,0.035767535215508,0.741397855555788,"black"
1.73179705231978e-07,0.333333333333333,0.245914366189392,0.035767535215508,0.741397855555788,"black"
1.73179705231978e-07,0.333333333333333,0.245914366189392,0.035767535215508,0.741397855555788,"black"
1.73179705231978e-07,0.333333333333333,0.245914366189392,0.035767535215508,0.741397855555788,"black"
1.73179705231978e-07,0.666666666666667,0.245914366189392,0.035767535215508,0.741397855555788,"black"
1.73179705231978e-07,0.333333333333333,0.245914366189392,0.035767535215508,0.741397855555788,"black"
1.73179705231978e-07,0.333333333333333,0.245914366189392,0.035767535215508,0.741397855555788,"black"
1.73179705231978e-07,0.333333333333333,0.245914366189392,0.035767535215508,0.741397855555788,"black"
1.73179705231978e-07,0.333333333333333,0.245914366189392,0.035767535215508,0.741397855555788,"black"
1.73179705231978e-07,0.333333333333333,0.245914366189392,0.035767535215508,0.741397855555788,"black"
1.73179705231978e-07,0.333333333333333,0.245914366189392,0.035767535215508,0.741397855555788,"black"
1.73179705231978e-07,0.333333333333333,0.245914366189392,0.035767535215508,0.741397855555788,"black"
1.73179705231978e-07,0.333333333333333,0.245914366189392,0.035767535215508,0.741397855555788,"black"
1.73179705231978e-07,0.333333333333333,0.245914366189392,0.035767535215508,0.741397855555788,"black"
1.73179705231978e-07,0.333333333333333,0.245914366189392,0.035767535215508,0.741397855555788,"black"
1.73179705231978e-07,0.333333333333333,0.245914366189392,0.035767535215508,0.741397855555788,"black"
1.73179705231978e-07,0.333333333333333,0.245914366189392,0.035767535215508,0.741397855555788,"black"
1.73179705231978e-07,0.333333333333333,0.245914366189392,0.035767535215508,0.741397855555788,"black"
1.73179705231978e-07,0.333333333333333,0.245914366189392,0.035767535215508,0.741397855555788,"black"
1.73179705231978e-07,0.333333333333333,0.245914366189392,0.035767535215508,0.741397855555788,"black"
1.73179705231978e-07,0.333333333333333,0.245914366189392,0.035767535215508,0.741397855555788,"black"
1.73179705231978e-07,0.333333333333333,0.245914366189392,0.035767535215508,0.741397855555788,"black"
1.73179705231978e-07,0.333333333333333,0.245914366189392,0.035767535215508,0.741397855555788,"black"
1.73179705231978e-07,0.333333333333333,0.245914366189392,0.035767535215508,0.741397855555788,"black"
1.73179705231978e-07,0.333333333333333,0.245914366189392,0.035767535215508,0.741397855555788,"black"
1.73179705231978e-07,0.333333333333333,0.245914366189392,0.035767535215508,0.741397855555788,"black"
1.73179705231978e-07,0.333333333333333,0.245914366189392,0.035767535215508,0.741397855555788,"black"
1.73179705231978e-07,0.333333333333333,0.245914366189392,0.035767535215508,0.741397855555788,"black"
1.73179705231978e-07,0.333333333333333,0.245914366189392,0.035767535215508,0.741397855555788,"black"
1.73179705231978e-07,0.333333333333333,0.245914366189392,0.035767535215508,0.741397855555788,"black"
1.73179705231978e-07,0.333333333333333,0.245914366189392,0.035767535215508,0.741397855555788,"black"
1.73179705231978e-07,0.333333333333333,0.245914366189392,0.035767535215508,0.741397855555788,"black"
1.73179705231978e-07,0.333333333333333,0.245914366189392,0.035767535215508,0.741397855555788,"black"
1.73179705231978e-07,0.333333333333333,0.245914366189392,0.035767535215508,0.741397855555788,"black"
1.73179705231978e-07,0.333333333333333,0.245914366189392,0.035767535215508,0.741397855555788,"black"
1.73179705231978e-07,0.333333333333333,0.245914366189392,0.035767535215508,0.741397855555788,"black"
1.73179705231978e-07,0.333333333333333,0.245914366189392,0.035767535215508,0.741397855555788,"black"
1.73179705231978e-07,0.333333333333333,0.245914366189392,0.035767535215508,0.741397855555788,"black"
1.73179705231978e-07,0.333333333333333,0.245914366189392,0.035767535215508,0.741397855555788,"black"
1.73179705231978e-07,0.333333333333333,0.245914366189392,0.035767535215508,0.741397855555788,"black"
1.73179705231978e-07,0.333333333333333,0.245914366189392,0.035767535215508,0.741397855555788,"black"
1.73179705231978e-07,0.333333333333333,0.245914366189392,0.035767535215508,0.741397855555788,"black"
1.73179705231978e-07,0.333333333333333,0.245914366189392,0.035767535215508,0.741397855555788,"black"
1.73179705231978e-07,0.333333333333333,0.245914366189392,0.035767535215508,0.741397855555788,"black"
1.73179705231978e-07,0.333333333333333,0.245914366189392,0.035767535215508,0.741397855555788,"black"
1.73179705231978e-07,0.333333333333333,0.245914366189392,0.035767535215508,0.741397855555788,"black"
1.73179705231978e-07,0.333333333333333,0.245914366189392,0.035767535215508,0.741397855555788,"black"
1.73179705231978e-07,0.333333333333333,0.245914366189392,0.035767535215508,0.741397855555788,"black"
1.73179705231978e-07,0.333333333333333,0.245914366189392,0.035767535215508,0.741397855555788,"black"
1.73179705231978e-07,0.333333333333333,0.245914366189392,0.035767535215508,0.741397855555788,"black"
1.73179705231978e-07,0.333333333333333,0.245914366189392,0.035767535215508,0.741397855555788,"black"
1.73179705231978e-07,0.333333333333333,0.245914366189392,0.035767535215508,0.741397855555788,"black"
1.73179705231978e-07,0.333333333333333,0.245914366189392,0.035767535215508,0.741397855555788,"black"
1.73179705231978e-07,0.333333333333333,0.245914366189392,0.035767535215508,0.741397855555788,"black"
1.73179705231978e-07,0.333333333333333,0.245914366189392,0.035767535215508,0.741397855555788,"black"
1.73179705231978e-07,0.333333333333333,0.245914366189392,0.035767535215508,0.741397855555788,"black"
1.73179705231978e-07,0.333333333333333,0.245914366189392,0.035767535215508,0.741397855555788,"black"
1.73179705231978e-07,0.333333333333333,0.245914366189392,0.035767535215508,0.741397855555788,"black"
1.73179705231978e-07,0.333333333333333,0.245914366189392,0.035767535215508,0.741397855555788,"black"
1.73179705231978e-07,0.333333333333333,0.245914366189392,0.035767535215508,0.741397855555788,"black"
1.73179705231978e-07,0.333333333333333,0.245914366189392,0.035767535215508,0.741397855555788,"black"
1.73179705231978e-07,0.333333333333333,0.245914366189392,0.035767535215508,0.741397855555788,"black"
1.73179705231978e-07,0.333333333333333,0.245914366189392,0.035767535215508,0.741397855555788,"black"
1.73179705231978e-07,0.333333333333333,0.245914366189392,0.035767535215508,0.741397855555788,"black"
1.73179705231978e-07,0.333333333333333,0.245914366189392,0.035767535215508,0.741397855555788,"black"
1.73179705231978e-07,0.333333333333333,0.245914366189392,0.035767535215508,0.741397855555788,"black"
1.73179705231978e-07,0.333333333333333,0.245914366189392,0.035767535215508,0.741397855555788,"black"
1.73179705231978e-07,0.333333333333333,0.245914366189392,0.035767535215508,0.741397855555788,"black"
1.73179705231978e-07,0.333333333333333,0.245914366189392,0.035767535215508,0.741397855555788,"black"
1.73179705231978e-07,0.333333333333333,0.245914366189392,0.035767535215508,0.741397855555788,"black"
1.73179705231978e-07,0.333333333333333,0.245914366189392,0.035767535215508,0.741397855555788,"black"
1.73179705231978e-07,0.333333333333333,0.245914366189392,0.035767535215508,0.741397855555788,"black"
1.73179705231978e-07,0.333333333333333,0.245914366189392,0.035767535215508,0.741397855555788,"black"
1.73179705231978e-07,0.333333333333333,0.245914366189392,0.035767535215508,0.741397855555788,"black"
1.73179705231978e-07,0.333333333333333,0.245914366189392,0.035767535215508,0.741397855555788,"black"
1.73179705231978e-07,0.333333333333333,0.245914366189392,0.035767535215508,0.741397855555788,"black"
1.73179705231978e-07,0.333333333333333,0.245914366189392,0.035767535215508,0.741397855555788,"black"
1.73179705231978e-07,0.666666666666667,0.245914366189392,0.035767535215508,0.741397855555788,"black"
1.73179705231978e-07,0.333333333333333,0.245914366189392,0.035767535215508,0.741397855555788,"black"
1.73179705231978e-07,0.333333333333333,0.245914366189392,0.035767535215508,0.741397855555788,"black"
1.73179705231978e-07,0.333333333333333,0.245914366189392,0.035767535215508,0.741397855555788,"black"
1.73179705231978e-07,0.333333333333333,0.245914366189392,0.035767535215508,0.741397855555788,"black"
1.73179705231978e-07,0.333333333333333,0.245914366189392,0.035767535215508,0.741397855555788,"black"
1.73179705231978e-07,0.333333333333333,0.245914366189392,0.035767535215508,0.741397855555788,"black"
1.73179705231978e-07,0.333333333333333,0.245914366189392,0.035767535215508,0.741397855555788,"black"
2.30906273642638e-07,0.333333333333333,0.321651704330443,0.0577298420855616,0.78585764384938,"black"
2.30906273642638e-07,0.666666666666667,0.321651704330443,0.0577298420855616,0.78585764384938,"black"
2.30906273642638e-07,0.333333333333333,0.321651704330443,0.0577298420855616,0.78585764384938,"black"
2.30906273642638e-07,0.333333333333333,0.321651704330443,0.0577298420855616,0.78585764384938,"black"
2.30906273642638e-07,0.333333333333333,0.321651704330443,0.0577298420855616,0.78585764384938,"black"
2.30906273642638e-07,0.333333333333333,0.321651704330443,0.0577298420855616,0.78585764384938,"black"
2.30906273642638e-07,0.333333333333333,0.321651704330443,0.0577298420855616,0.78585764384938,"black"
2.30906273642638e-07,0.333333333333333,0.321651704330443,0.0577298420855616,0.78585764384938,"black"
2.30906273642638e-07,0.333333333333333,0.321651704330443,0.0577298420855616,0.78585764384938,"black"
2.30906273642638e-07,0.666666666666667,0.321651704330443,0.0577298420855616,0.78585764384938,"black"
2.30906273642638e-07,0.333333333333333,0.321651704330443,0.0577298420855616,0.78585764384938,"black"
2.30906273642638e-07,0.333333333333333,0.321651704330443,0.0577298420855616,0.78585764384938,"black"
2.30906273642638e-07,0.333333333333333,0.321651704330443,0.0577298420855616,0.78585764384938,"black"
2.30906273642638e-07,0.333333333333333,0.321651704330443,0.0577298420855616,0.78585764384938,"black"
2.30906273642638e-07,0.333333333333333,0.321651704330443,0.0577298420855616,0.78585764384938,"black"
2.30906273642638e-07,0.333333333333333,0.321651704330443,0.0577298420855616,0.78585764384938,"black"
2.30906273642638e-07,0.333333333333333,0.321651704330443,0.0577298420855616,0.78585764384938,"black"
2.30906273642638e-07,0.333333333333333,0.321651704330443,0.0577298420855616,0.78585764384938,"black"
2.30906273642638e-07,0.333333333333333,0.321651704330443,0.0577298420855616,0.78585764384938,"black"
2.30906273642638e-07,0.333333333333333,0.321651704330443,0.0577298420855616,0.78585764384938,"black"
2.30906273642638e-07,0.333333333333333,0.321651704330443,0.0577298420855616,0.78585764384938,"black"
2.30906273642638e-07,0.333333333333333,0.321651704330443,0.0577298420855616,0.78585764384938,"black"
2.30906273642638e-07,0.333333333333333,0.321651704330443,0.0577298420855616,0.78585764384938,"black"
2.30906273642638e-07,0.333333333333333,0.321651704330443,0.0577298420855616,0.78585764384938,"black"
2.30906273642638e-07,0.333333333333333,0.321651704330443,0.0577298420855616,0.78585764384938,"black"
2.30906273642638e-07,0.333333333333333,0.321651704330443,0.0577298420855616,0.78585764384938,"black"
2.30906273642638e-07,0.666666666666667,0.321651704330443,0.0577298420855616,0.78585764384938,"black"
2.30906273642638e-07,0.333333333333333,0.321651704330443,0.0577298420855616,0.78585764384938,"black"
2.30906273642638e-07,0.666666666666667,0.321651704330443,0.0577298420855616,0.78585764384938,"black"
2.30906273642638e-07,0.333333333333333,0.321651704330443,0.0577298420855616,0.78585764384938,"black"
2.30906273642638e-07,0.666666666666667,0.321651704330443,0.0577298420855616,0.78585764384938,"black"
2.30906273642638e-07,0.333333333333333,0.321651704330443,0.0577298420855616,0.78585764384938,"black"
2.30906273642638e-07,0.333333333333333,0.321651704330443,0.0577298420855616,0.78585764384938,"black"
2.30906273642638e-07,0.333333333333333,0.321651704330443,0.0577298420855616,0.78585764384938,"black"
2.30906273642638e-07,0.333333333333333,0.321651704330443,0.0577298420855616,0.78585764384938,"black"
2.30906273642638e-07,0.333333333333333,0.321651704330443,0.0577298420855616,0.78585764384938,"black"
2.30906273642638e-07,0.333333333333333,0.321651704330443,0.0577298420855616,0.78585764384938,"black"
2.30906273642638e-07,0.333333333333333,0.321651704330443,0.0577298420855616,0.78585764384938,"black"
2.30906273642638e-07,0.333333333333333,0.321651704330443,0.0577298420855616,0.78585764384938,"black"
2.30906273642638e-07,0.333333333333333,0.321651704330443,0.0577298420855616,0.78585764384938,"black"
2.30906273642638e-07,0.333333333333333,0.321651704330443,0.0577298420855616,0.78585764384938,"black"
2.30906273642638e-07,0.333333333333333,0.321651704330443,0.0577298420855616,0.78585764384938,"black"
2.30906273642638e-07,0.333333333333333,0.321651704330443,0.0577298420855616,0.78585764384938,"black"
2.30906273642638e-07,0.333333333333333,0.321651704330443,0.0577298420855616,0.78585764384938,"black"
2.30906273642638e-07,0.333333333333333,0.321651704330443,0.0577298420855616,0.78585764384938,"black"
2.30906273642638e-07,0.333333333333333,0.321651704330443,0.0577298420855616,0.78585764384938,"black"
2.30906273642638e-07,0.333333333333333,0.321651704330443,0.0577298420855616,0.78585764384938,"black"
2.30906273642638e-07,0.333333333333333,0.321651704330443,0.0577298420855616,0.78585764384938,"black"
2.30906273642638e-07,0.333333333333333,0.321651704330443,0.0577298420855616,0.78585764384938,"black"
2.30906273642638e-07,0.333333333333333,0.321651704330443,0.0577298420855616,0.78585764384938,"black"
2.30906273642638e-07,0.333333333333333,0.321651704330443,0.0577298420855616,0.78585764384938,"black"
2.30906273642638e-07,0.333333333333333,0.321651704330443,0.0577298420855616,0.78585764384938,"black"
2.30906273642638e-07,0.333333333333333,0.321651704330443,0.0577298420855616,0.78585764384938,"black"
2.30906273642638e-07,0.333333333333333,0.321651704330443,0.0577298420855616,0.78585764384938,"black"
2.30906273642638e-07,0.333333333333333,0.321651704330443,0.0577298420855616,0.78585764384938,"black"
2.30906273642638e-07,0.333333333333333,0.321651704330443,0.0577298420855616,0.78585764384938,"black"
2.30906273642638e-07,0.333333333333333,0.321651704330443,0.0577298420855616,0.78585764384938,"black"
2.30906273642638e-07,0.333333333333333,0.321651704330443,0.0577298420855616,0.78585764384938,"black"
2.30906273642638e-07,0.333333333333333,0.321651704330443,0.0577298420855616,0.78585764384938,"black"
2.30906273642638e-07,0.333333333333333,0.321651704330443,0.0577298420855616,0.78585764384938,"black"
2.30906273642638e-07,0.666666666666667,0.321651704330443,0.0577298420855616,0.78585764384938,"black"
2.30906273642638e-07,0.333333333333333,0.321651704330443,0.0577298420855616,0.78585764384938,"black"
2.30906273642638e-07,0.333333333333333,0.321651704330443,0.0577298420855616,0.78585764384938,"black"
2.30906273642638e-07,0.333333333333333,0.321651704330443,0.0577298420855616,0.78585764384938,"black"
2.30906273642638e-07,0.333333333333333,0.321651704330443,0.0577298420855616,0.78585764384938,"black"
2.30906273642638e-07,0.333333333333333,0.321651704330443,0.0577298420855616,0.78585764384938,"black"
2.30906273642638e-07,0.333333333333333,0.321651704330443,0.0577298420855616,0.78585764384938,"black"
2.30906273642638e-07,0.333333333333333,0.321651704330443,0.0577298420855616,0.78585764384938,"black"
2.30906273642638e-07,0.333333333333333,0.321651704330443,0.0577298420855616,0.78585764384938,"black"
2.30906273642638e-07,0.333333333333333,0.321651704330443,0.0577298420855616,0.78585764384938,"black"
2.30906273642638e-07,0.333333333333333,0.321651704330443,0.0577298420855616,0.78585764384938,"black"
2.30906273642638e-07,0.666666666666667,0.321651704330443,0.0577298420855616,0.78585764384938,"black"
2.30906273642638e-07,0.333333333333333,0.321651704330443,0.0577298420855616,0.78585764384938,"black"
2.30906273642638e-07,0.333333333333333,0.321651704330443,0.0577298420855616,0.78585764384938,"black"
2.30906273642638e-07,0.333333333333333,0.321651704330443,0.0577298420855616,0.78585764384938,"black"
2.30906273642638e-07,0.333333333333333,0.321651704330443,0.0577298420855616,0.78585764384938,"black"
2.30906273642638e-07,0.333333333333333,0.321651704330443,0.0577298420855616,0.78585764384938,"black"
2.30906273642638e-07,0.333333333333333,0.321651704330443,0.0577298420855616,0.78585764384938,"black"
2.30906273642638e-07,0.333333333333333,0.321651704330443,0.0577298420855616,0.78585764384938,"black"
2.30906273642638e-07,0.333333333333333,0.321651704330443,0.0577298420855616,0.78585764384938,"black"
2.30906273642638e-07,0.333333333333333,0.321651704330443,0.0577298420855616,0.78585764384938,"black"
2.30906273642638e-07,0.333333333333333,0.321651704330443,0.0577298420855616,0.78585764384938,"black"
2.30906273642638e-07,0.333333333333333,0.321651704330443,0.0577298420855616,0.78585764384938,"black"
2.30906273642638e-07,0.333333333333333,0.321651704330443,0.0577298420855616,0.78585764384938,"black"
2.30906273642638e-07,0.666666666666667,0.321651704330443,0.0577298420855616,0.78585764384938,"black"
2.30906273642638e-07,0.333333333333333,0.321651704330443,0.0577298420855616,0.78585764384938,"black"
2.30906273642638e-07,0.333333333333333,0.321651704330443,0.0577298420855616,0.78585764384938,"black"
2.30906273642638e-07,0.333333333333333,0.321651704330443,0.0577298420855616,0.78585764384938,"black"
2.30906273642638e-07,0.333333333333333,0.321651704330443,0.0577298420855616,0.78585764384938,"black"
2.30906273642638e-07,0.333333333333333,0.321651704330443,0.0577298420855616,0.78585764384938,"black"
2.30906273642638e-07,0.666666666666667,0.321651704330443,0.0577298420855616,0.78585764384938,"black"
2.30906273642638e-07,0.333333333333333,0.321651704330443,0.0577298420855616,0.78585764384938,"black"
2.30906273642638e-07,0.333333333333333,0.321651704330443,0.0577298420855616,0.78585764384938,"black"
2.30906273642638e-07,0.333333333333333,0.321651704330443,0.0577298420855616,0.78585764384938,"black"
2.30906273642638e-07,0.333333333333333,0.321651704330443,0.0577298420855616,0.78585764384938,"black"
2.30906273642638e-07,0.333333333333333,0.321651704330443,0.0577298420855616,0.78585764384938,"black"
2.30906273642638e-07,0.333333333333333,0.321651704330443,0.0577298420855616,0.78585764384938,"black"
2.30906273642638e-07,0.333333333333333,0.321651704330443,0.0577298420855616,0.78585764384938,"black"
2.30906273642638e-07,0.333333333333333,0.321651704330443,0.0577298420855616,0.78585764384938,"black"
2.30906273642638e-07,0.333333333333333,0.321651704330443,0.0577298420855616,0.78585764384938,"black"
2.30906273642638e-07,0.666666666666667,0.321651704330443,0.0577298420855616,0.78585764384938,"black"
2.30906273642638e-07,0.333333333333333,0.321651704330443,0.0577298420855616,0.78585764384938,"black"
2.30906273642638e-07,0.333333333333333,0.321651704330443,0.0577298420855616,0.78585764384938,"black"
2.30906273642638e-07,0.333333333333333,0.321651704330443,0.0577298420855616,0.78585764384938,"black"
2.30906273642638e-07,0.333333333333333,0.321651704330443,0.0577298420855616,0.78585764384938,"black"
2.30906273642638e-07,0.333333333333333,0.321651704330443,0.0577298420855616,0.78585764384938,"black"
2.30906273642638e-07,0.333333333333333,0.321651704330443,0.0577298420855616,0.78585764384938,"black"
2.30906273642638e-07,0.333333333333333,0.321651704330443,0.0577298420855616,0.78585764384938,"black"
2.30906273642638e-07,0.333333333333333,0.321651704330443,0.0577298420855616,0.78585764384938,"black"
2.30906273642638e-07,0.333333333333333,0.321651704330443,0.0577298420855616,0.78585764384938,"black"
2.30906273642638e-07,0.333333333333333,0.321651704330443,0.0577298420855616,0.78585764384938,"black"
2.30906273642638e-07,0.666666666666667,0.321651704330443,0.0577298420855616,0.78585764384938,"black"
2.30906273642638e-07,0.333333333333333,0.321651704330443,0.0577298420855616,0.78585764384938,"black"
2.30906273642638e-07,0.333333333333333,0.321651704330443,0.0577298420855616,0.78585764384938,"black"
2.30906273642638e-07,0.666666666666667,0.321651704330443,0.0577298420855616,0.78585764384938,"black"
2.30906273642638e-07,0.666666666666667,0.321651704330443,0.0577298420855616,0.78585764384938,"black"
2.30906273642638e-07,0.333333333333333,0.321651704330443,0.0577298420855616,0.78585764384938,"black"
2.30906273642638e-07,0.333333333333333,0.321651704330443,0.0577298420855616,0.78585764384938,"black"
2.30906273642638e-07,0.333333333333333,0.321651704330443,0.0577298420855616,0.78585764384938,"black"
2.30906273642638e-07,0.333333333333333,0.321651704330443,0.0577298420855616,0.78585764384938,"black"
2.30906273642638e-07,0.333333333333333,0.321651704330443,0.0577298420855616,0.78585764384938,"black"
2.30906273642638e-07,0.333333333333333,0.321651704330443,0.0577298420855616,0.78585764384938,"black"
2.30906273642638e-07,0.333333333333333,0.321651704330443,0.0577298420855616,0.78585764384938,"black"
2.30906273642638e-07,0.333333333333333,0.321651704330443,0.0577298420855616,0.78585764384938,"black"
2.30906273642638e-07,0.333333333333333,0.321651704330443,0.0577298420855616,0.78585764384938,"black"
2.30906273642638e-07,0.333333333333333,0.321651704330443,0.0577298420855616,0.78585764384938,"black"
2.30906273642638e-07,0.333333333333333,0.321651704330443,0.0577298420855616,0.78585764384938,"black"
2.30906273642638e-07,0.333333333333333,0.321651704330443,0.0577298420855616,0.78585764384938,"black"
2.30906273642638e-07,0.333333333333333,0.321651704330443,0.0577298420855616,0.78585764384938,"black"
2.30906273642638e-07,0.333333333333333,0.321651704330443,0.0577298420855616,0.78585764384938,"black"
2.30906273642638e-07,0.333333333333333,0.321651704330443,0.0577298420855616,0.78585764384938,"black"
2.30906273642638e-07,0.333333333333333,0.321651704330443,0.0577298420855616,0.78585764384938,"black"
2.30906273642638e-07,0.333333333333333,0.321651704330443,0.0577298420855616,0.78585764384938,"black"
2.30906273642638e-07,0.333333333333333,0.321651704330443,0.0577298420855616,0.78585764384938,"black"
2.30906273642638e-07,0.333333333333333,0.321651704330443,0.0577298420855616,0.78585764384938,"black"
2.30906273642638e-07,0.333333333333333,0.321651704330443,0.0577298420855616,0.78585764384938,"black"
2.30906273642638e-07,0.333333333333333,0.321651704330443,0.0577298420855616,0.78585764384938,"black"
2.30906273642638e-07,0.333333333333333,0.321651704330443,0.0577298420855616,0.78585764384938,"black"
2.30906273642638e-07,0.333333333333333,0.321651704330443,0.0577298420855616,0.78585764384938,"black"
2.30906273642638e-07,0.333333333333333,0.321651704330443,0.0577298420855616,0.78585764384938,"black"
2.30906273642638e-07,0.333333333333333,0.321651704330443,0.0577298420855616,0.78585764384938,"black"
2.30906273642638e-07,0.666666666666667,0.321651704330443,0.0577298420855616,0.78585764384938,"black"
2.30906273642638e-07,0.666666666666667,0.321651704330443,0.0577298420855616,0.78585764384938,"black"
2.30906273642638e-07,0.333333333333333,0.321651704330443,0.0577298420855616,0.78585764384938,"black"
2.30906273642638e-07,0.333333333333333,0.321651704330443,0.0577298420855616,0.78585764384938,"black"
2.30906273642638e-07,0.333333333333333,0.321651704330443,0.0577298420855616,0.78585764384938,"black"
2.30906273642638e-07,0.333333333333333,0.321651704330443,0.0577298420855616,0.78585764384938,"black"
2.30906273642638e-07,0.666666666666667,0.321651704330443,0.0577298420855616,0.78585764384938,"black"
2.30906273642638e-07,0.333333333333333,0.321651704330443,0.0577298420855616,0.78585764384938,"black"
2.30906273642638e-07,0.333333333333333,0.321651704330443,0.0577298420855616,0.78585764384938,"black"
2.30906273642638e-07,0.333333333333333,0.321651704330443,0.0577298420855616,0.78585764384938,"black"
2.30906273642638e-07,0.333333333333333,0.321651704330443,0.0577298420855616,0.78585764384938,"black"
2.30906273642638e-07,0.333333333333333,0.321651704330443,0.0577298420855616,0.78585764384938,"black"
2.30906273642638e-07,0.333333333333333,0.321651704330443,0.0577298420855616,0.78585764384938,"black"
2.30906273642638e-07,0.333333333333333,0.321651704330443,0.0577298420855616,0.78585764384938,"black"
2.30906273642638e-07,0.333333333333333,0.321651704330443,0.0577298420855616,0.78585764384938,"black"
2.30906273642638e-07,0.333333333333333,0.321651704330443,0.0577298420855616,0.78585764384938,"black"
2.30906273642638e-07,0.333333333333333,0.321651704330443,0.0577298420855616,0.78585764384938,"black"
2.30906273642638e-07,0.666666666666667,0.321651704330443,0.0577298420855616,0.78585764384938,"black"
2.30906273642638e-07,0.333333333333333,0.321651704330443,0.0577298420855616,0.78585764384938,"black"
2.30906273642638e-07,0.333333333333333,0.321651704330443,0.0577298420855616,0.78585764384938,"black"
2.30906273642638e-07,0.333333333333333,0.321651704330443,0.0577298420855616,0.78585764384938,"black"
2.30906273642638e-07,0.333333333333333,0.321651704330443,0.0577298420855616,0.78585764384938,"black"
2.30906273642638e-07,0.333333333333333,0.321651704330443,0.0577298420855616,0.78585764384938,"black"
2.30906273642638e-07,0.333333333333333,0.321651704330443,0.0577298420855616,0.78585764384938,"black"
2.30906273642638e-07,0.333333333333333,0.321651704330443,0.0577298420855616,0.78585764384938,"black"
2.30906273642638e-07,0.333333333333333,0.321651704330443,0.0577298420855616,0.78585764384938,"black"
2.30906273642638e-07,0.333333333333333,0.321651704330443,0.0577298420855616,0.78585764384938,"black"
2.30906273642638e-07,0.333333333333333,0.321651704330443,0.0577298420855616,0.78585764384938,"black"
2.30906273642638e-07,0.333333333333333,0.321651704330443,0.0577298420855616,0.78585764384938,"black"
2.30906273642638e-07,0.666666666666667,0.321651704330443,0.0577298420855616,0.78585764384938,"black"
2.30906273642638e-07,0.333333333333333,0.321651704330443,0.0577298420855616,0.78585764384938,"black"
2.30906273642638e-07,0.333333333333333,0.321651704330443,0.0577298420855616,0.78585764384938,"black"
2.30906273642638e-07,0.333333333333333,0.321651704330443,0.0577298420855616,0.78585764384938,"black"
2.30906273642638e-07,0.333333333333333,0.321651704330443,0.0577298420855616,0.78585764384938,"black"
2.30906273642638e-07,0.333333333333333,0.321651704330443,0.0577298420855616,0.78585764384938,"black"
2.30906273642638e-07,0.333333333333333,0.321651704330443,0.0577298420855616,0.78585764384938,"black"
2.30906273642638e-07,0.333333333333333,0.321651704330443,0.0577298420855616,0.78585764384938,"black"
2.30906273642638e-07,0.333333333333333,0.321651704330443,0.0577298420855616,0.78585764384938,"black"
2.30906273642638e-07,0.333333333333333,0.321651704330443,0.0577298420855616,0.78585764384938,"black"
2.30906273642638e-07,0.333333333333333,0.321651704330443,0.0577298420855616,0.78585764384938,"black"
2.30906273642638e-07,0.333333333333333,0.321651704330443,0.0577298420855616,0.78585764384938,"black"
2.30906273642638e-07,0.333333333333333,0.321651704330443,0.0577298420855616,0.78585764384938,"black"
2.30906273642638e-07,0.333333333333333,0.321651704330443,0.0577298420855616,0.78585764384938,"black"
2.30906273642638e-07,0.333333333333333,0.321651704330443,0.0577298420855616,0.78585764384938,"black"
2.30906273642638e-07,0.333333333333333,0.321651704330443,0.0577298420855616,0.78585764384938,"black"
2.30906273642638e-07,0.333333333333333,0.321651704330443,0.0577298420855616,0.78585764384938,"black"
2.30906273642638e-07,0.333333333333333,0.321651704330443,0.0577298420855616,0.78585764384938,"black"
2.30906273642638e-07,0.333333333333333,0.321651704330443,0.0577298420855616,0.78585764384938,"black"
2.30906273642638e-07,0.333333333333333,0.321651704330443,0.0577298420855616,0.78585764384938,"black"
2.30906273642638e-07,0.333333333333333,0.321651704330443,0.0577298420855616,0.78585764384938,"black"
2.30906273642638e-07,0.333333333333333,0.321651704330443,0.0577298420855616,0.78585764384938,"black"
2.30906273642638e-07,0.333333333333333,0.321651704330443,0.0577298420855616,0.78585764384938,"black"
2.30906273642638e-07,0.333333333333333,0.321651704330443,0.0577298420855616,0.78585764384938,"black"
2.30906273642638e-07,0.333333333333333,0.321651704330443,0.0577298420855616,0.78585764384938,"black"
2.30906273642638e-07,0.333333333333333,0.321651704330443,0.0577298420855616,0.78585764384938,"black"
2.30906273642638e-07,0.333333333333333,0.321651704330443,0.0577298420855616,0.78585764384938,"black"
2.30906273642638e-07,0.333333333333333,0.321651704330443,0.0577298420855616,0.78585764384938,"black"
2.30906273642638e-07,0.333333333333333,0.321651704330443,0.0577298420855616,0.78585764384938,"black"
2.30906273642638e-07,0.333333333333333,0.321651704330443,0.0577298420855616,0.78585764384938,"black"
2.30906273642638e-07,0.333333333333333,0.321651704330443,0.0577298420855616,0.78585764384938,"black"
2.30906273642638e-07,0.333333333333333,0.321651704330443,0.0577298420855616,0.78585764384938,"black"
2.30906273642638e-07,0.333333333333333,0.321651704330443,0.0577298420855616,0.78585764384938,"black"
2.30906273642638e-07,0.333333333333333,0.321651704330443,0.0577298420855616,0.78585764384938,"black"
2.30906273642638e-07,0.333333333333333,0.321651704330443,0.0577298420855616,0.78585764384938,"black"
2.30906273642638e-07,0.666666666666667,0.321651704330443,0.0577298420855616,0.78585764384938,"black"
2.30906273642638e-07,0.333333333333333,0.321651704330443,0.0577298420855616,0.78585764384938,"black"
2.30906273642638e-07,0.333333333333333,0.321651704330443,0.0577298420855616,0.78585764384938,"black"
2.30906273642638e-07,0.333333333333333,0.321651704330443,0.0577298420855616,0.78585764384938,"black"
2.30906273642638e-07,0.333333333333333,0.321651704330443,0.0577298420855616,0.78585764384938,"black"
2.30906273642638e-07,0.333333333333333,0.321651704330443,0.0577298420855616,0.78585764384938,"black"
2.30906273642638e-07,0.333333333333333,0.321651704330443,0.0577298420855616,0.78585764384938,"black"
2.30906273642638e-07,0.333333333333333,0.321651704330443,0.0577298420855616,0.78585764384938,"black"
2.30906273642638e-07,0.666666666666667,0.321651704330443,0.0577298420855616,0.78585764384938,"black"
2.30906273642638e-07,0.333333333333333,0.321651704330443,0.0577298420855616,0.78585764384938,"black"
2.30906273642638e-07,0.333333333333333,0.321651704330443,0.0577298420855616,0.78585764384938,"black"
2.30906273642638e-07,0.333333333333333,0.321651704330443,0.0577298420855616,0.78585764384938,"black"
2.30906273642638e-07,0.333333333333333,0.321651704330443,0.0577298420855616,0.78585764384938,"black"
2.30906273642638e-07,0.333333333333333,0.321651704330443,0.0577298420855616,0.78585764384938,"black"
2.30906273642638e-07,0.666666666666667,0.321651704330443,0.0577298420855616,0.78585764384938,"black"
2.30906273642638e-07,0.666666666666667,0.321651704330443,0.0577298420855616,0.78585764384938,"black"
2.30906273642638e-07,0.333333333333333,0.321651704330443,0.0577298420855616,0.78585764384938,"black"
2.30906273642638e-07,0.333333333333333,0.321651704330443,0.0577298420855616,0.78585764384938,"black"
2.30906273642638e-07,0.333333333333333,0.321651704330443,0.0577298420855616,0.78585764384938,"black"
2.30906273642638e-07,0.333333333333333,0.321651704330443,0.0577298420855616,0.78585764384938,"black"
2.30906273642638e-07,0.333333333333333,0.321651704330443,0.0577298420855616,0.78585764384938,"black"
2.30906273642638e-07,0.333333333333333,0.321651704330443,0.0577298420855616,0.78585764384938,"black"
2.30906273642638e-07,0.333333333333333,0.321651704330443,0.0577298420855616,0.78585764384938,"black"
2.30906273642638e-07,0.333333333333333,0.321651704330443,0.0577298420855616,0.78585764384938,"black"
2.30906273642638e-07,0.333333333333333,0.321651704330443,0.0577298420855616,0.78585764384938,"black"
2.30906273642638e-07,0.333333333333333,0.321651704330443,0.0577298420855616,0.78585764384938,"black"
2.30906273642638e-07,0.333333333333333,0.321651704330443,0.0577298420855616,0.78585764384938,"black"
2.30906273642638e-07,0.333333333333333,0.321651704330443,0.0577298420855616,0.78585764384938,"black"
2.30906273642638e-07,0.666666666666667,0.321651704330443,0.0577298420855616,0.78585764384938,"black"
2.30906273642638e-07,0.333333333333333,0.321651704330443,0.0577298420855616,0.78585764384938,"black"
2.30906273642638e-07,0.333333333333333,0.321651704330443,0.0577298420855616,0.78585764384938,"black"
2.30906273642638e-07,0.333333333333333,0.321651704330443,0.0577298420855616,0.78585764384938,"black"
2.30906273642638e-07,0.666666666666667,0.321651704330443,0.0577298420855616,0.78585764384938,"black"
2.30906273642638e-07,0.333333333333333,0.321651704330443,0.0577298420855616,0.78585764384938,"black"
2.30906273642638e-07,0.333333333333333,0.321651704330443,0.0577298420855616,0.78585764384938,"black"
2.30906273642638e-07,0.333333333333333,0.321651704330443,0.0577298420855616,0.78585764384938,"black"
2.30906273642638e-07,0.666666666666667,0.321651704330443,0.0577298420855616,0.78585764384938,"black"
2.30906273642638e-07,0.333333333333333,0.321651704330443,0.0577298420855616,0.78585764384938,"black"
2.30906273642638e-07,0.333333333333333,0.321651704330443,0.0577298420855616,0.78585764384938,"black"
2.30906273642638e-07,0.333333333333333,0.321651704330443,0.0577298420855616,0.78585764384938,"black"
2.30906273642638e-07,0.333333333333333,0.321651704330443,0.0577298420855616,0.78585764384938,"black"
2.30906273642638e-07,0.333333333333333,0.321651704330443,0.0577298420855616,0.78585764384938,"black"
2.30906273642638e-07,0.333333333333333,0.321651704330443,0.0577298420855616,0.78585764384938,"black"
2.30906273642638e-07,0.333333333333333,0.321651704330443,0.0577298420855616,0.78585764384938,"black"
2.30906273642638e-07,0.333333333333333,0.321651704330443,0.0577298420855616,0.78585764384938,"black"
2.30906273642638e-07,0.333333333333333,0.321651704330443,0.0577298420855616,0.78585764384938,"black"
2.30906273642638e-07,0.333333333333333,0.321651704330443,0.0577298420855616,0.78585764384938,"black"
2.30906273642638e-07,0.333333333333333,0.321651704330443,0.0577298420855616,0.78585764384938,"black"
2.30906273642638e-07,0.333333333333333,0.321651704330443,0.0577298420855616,0.78585764384938,"black"
2.30906273642638e-07,0.333333333333333,0.321651704330443,0.0577298420855616,0.78585764384938,"black"
2.30906273642638e-07,0.333333333333333,0.321651704330443,0.0577298420855616,0.78585764384938,"black"
2.30906273642638e-07,0.333333333333333,0.321651704330443,0.0577298420855616,0.78585764384938,"black"
2.30906273642638e-07,0.333333333333333,0.321651704330443,0.0577298420855616,0.78585764384938,"black"
2.30906273642638e-07,0.333333333333333,0.321651704330443,0.0577298420855616,0.78585764384938,"black"
2.30906273642638e-07,0.333333333333333,0.321651704330443,0.0577298420855616,0.78585764384938,"black"
2.30906273642638e-07,0.666666666666667,0.321651704330443,0.0577298420855616,0.78585764384938,"black"
2.30906273642638e-07,0.333333333333333,0.321651704330443,0.0577298420855616,0.78585764384938,"black"
2.30906273642638e-07,0.333333333333333,0.321651704330443,0.0577298420855616,0.78585764384938,"black"
2.30906273642638e-07,0.333333333333333,0.321651704330443,0.0577298420855616,0.78585764384938,"black"
2.30906273642638e-07,0.333333333333333,0.321651704330443,0.0577298420855616,0.78585764384938,"black"
2.30906273642638e-07,0.333333333333333,0.321651704330443,0.0577298420855616,0.78585764384938,"black"
2.30906273642638e-07,0.333333333333333,0.321651704330443,0.0577298420855616,0.78585764384938,"black"
2.30906273642638e-07,0.333333333333333,0.321651704330443,0.0577298420855616,0.78585764384938,"black"
2.30906273642638e-07,0.333333333333333,0.321651704330443,0.0577298420855616,0.78585764384938,"black"
2.30906273642638e-07,0.333333333333333,0.321651704330443,0.0577298420855616,0.78585764384938,"black"
2.30906273642638e-07,0.333333333333333,0.321651704330443,0.0577298420855616,0.78585764384938,"black"
2.30906273642638e-07,0.333333333333333,0.321651704330443,0.0577298420855616,0.78585764384938,"black"
2.30906273642638e-07,0.333333333333333,0.321651704330443,0.0577298420855616,0.78585764384938,"black"
2.30906273642638e-07,0.333333333333333,0.321651704330443,0.0577298420855616,0.78585764384938,"black"
2.30906273642638e-07,0.333333333333333,0.321651704330443,0.0577298420855616,0.78585764384938,"black"
2.30906273642638e-07,0.333333333333333,0.321651704330443,0.0577298420855616,0.78585764384938,"black"
2.30906273642638e-07,0.333333333333333,0.321651704330443,0.0577298420855616,0.78585764384938,"black"
2.88632842053297e-07,0.333333333333333,0.392983178060704,0.0821895085007639,0.82395610335419,"black"
2.88632842053297e-07,0.333333333333333,0.392983178060704,0.0821895085007639,0.82395610335419,"black"
2.88632842053297e-07,0.333333333333333,0.392983178060704,0.0821895085007639,0.82395610335419,"black"
2.88632842053297e-07,0.333333333333333,0.392983178060704,0.0821895085007639,0.82395610335419,"black"
2.88632842053297e-07,0.333333333333333,0.392983178060704,0.0821895085007639,0.82395610335419,"black"
2.88632842053297e-07,0.333333333333333,0.392983178060704,0.0821895085007639,0.82395610335419,"black"
2.88632842053297e-07,0.666666666666667,0.392983178060704,0.0821895085007639,0.82395610335419,"black"
2.88632842053297e-07,0.666666666666667,0.392983178060704,0.0821895085007639,0.82395610335419,"black"
2.88632842053297e-07,0.666666666666667,0.392983178060704,0.0821895085007639,0.82395610335419,"black"
2.88632842053297e-07,0.333333333333333,0.392983178060704,0.0821895085007639,0.82395610335419,"black"
2.88632842053297e-07,0.333333333333333,0.392983178060704,0.0821895085007639,0.82395610335419,"black"
2.88632842053297e-07,0.666666666666667,0.392983178060704,0.0821895085007639,0.82395610335419,"black"
2.88632842053297e-07,0.333333333333333,0.392983178060704,0.0821895085007639,0.82395610335419,"black"
2.88632842053297e-07,0.333333333333333,0.392983178060704,0.0821895085007639,0.82395610335419,"black"
2.88632842053297e-07,0.333333333333333,0.392983178060704,0.0821895085007639,0.82395610335419,"black"
2.88632842053297e-07,0.333333333333333,0.392983178060704,0.0821895085007639,0.82395610335419,"black"
2.88632842053297e-07,0.333333333333333,0.392983178060704,0.0821895085007639,0.82395610335419,"black"
2.88632842053297e-07,0.333333333333333,0.392983178060704,0.0821895085007639,0.82395610335419,"black"
2.88632842053297e-07,0.666666666666667,0.392983178060704,0.0821895085007639,0.82395610335419,"black"
2.88632842053297e-07,0.333333333333333,0.392983178060704,0.0821895085007639,0.82395610335419,"black"
2.88632842053297e-07,0.333333333333333,0.392983178060704,0.0821895085007639,0.82395610335419,"black"
2.88632842053297e-07,0.666666666666667,0.392983178060704,0.0821895085007639,0.82395610335419,"black"
2.88632842053297e-07,0.333333333333333,0.392983178060704,0.0821895085007639,0.82395610335419,"black"
2.88632842053297e-07,0.333333333333333,0.392983178060704,0.0821895085007639,0.82395610335419,"black"
2.88632842053297e-07,0.333333333333333,0.392983178060704,0.0821895085007639,0.82395610335419,"black"
2.88632842053297e-07,0.666666666666667,0.392983178060704,0.0821895085007639,0.82395610335419,"black"
2.88632842053297e-07,0.333333333333333,0.392983178060704,0.0821895085007639,0.82395610335419,"black"
2.88632842053297e-07,0.666666666666667,0.392983178060704,0.0821895085007639,0.82395610335419,"black"
2.88632842053297e-07,0.333333333333333,0.392983178060704,0.0821895085007639,0.82395610335419,"black"
2.88632842053297e-07,0.666666666666667,0.392983178060704,0.0821895085007639,0.82395610335419,"black"
2.88632842053297e-07,0.333333333333333,0.392983178060704,0.0821895085007639,0.82395610335419,"black"
2.88632842053297e-07,0.666666666666667,0.392983178060704,0.0821895085007639,0.82395610335419,"black"
2.88632842053297e-07,0.666666666666667,0.392983178060704,0.0821895085007639,0.82395610335419,"black"
2.88632842053297e-07,0.333333333333333,0.392983178060704,0.0821895085007639,0.82395610335419,"black"
2.88632842053297e-07,0.666666666666667,0.392983178060704,0.0821895085007639,0.82395610335419,"black"
2.88632842053297e-07,0.333333333333333,0.392983178060704,0.0821895085007639,0.82395610335419,"black"
2.88632842053297e-07,0.333333333333333,0.392983178060704,0.0821895085007639,0.82395610335419,"black"
2.88632842053297e-07,0.333333333333333,0.392983178060704,0.0821895085007639,0.82395610335419,"black"
2.88632842053297e-07,0.333333333333333,0.392983178060704,0.0821895085007639,0.82395610335419,"black"
2.88632842053297e-07,0.333333333333333,0.392983178060704,0.0821895085007639,0.82395610335419,"black"
2.88632842053297e-07,0.333333333333333,0.392983178060704,0.0821895085007639,0.82395610335419,"black"
2.88632842053297e-07,0.333333333333333,0.392983178060704,0.0821895085007639,0.82395610335419,"black"
2.88632842053297e-07,0.333333333333333,0.392983178060704,0.0821895085007639,0.82395610335419,"black"
2.88632842053297e-07,0.333333333333333,0.392983178060704,0.0821895085007639,0.82395610335419,"black"
2.88632842053297e-07,0.333333333333333,0.392983178060704,0.0821895085007639,0.82395610335419,"black"
2.88632842053297e-07,0.666666666666667,0.392983178060704,0.0821895085007639,0.82395610335419,"black"
2.88632842053297e-07,0.333333333333333,0.392983178060704,0.0821895085007639,0.82395610335419,"black"
2.88632842053297e-07,0.666666666666667,0.392983178060704,0.0821895085007639,0.82395610335419,"black"
2.88632842053297e-07,0.333333333333333,0.392983178060704,0.0821895085007639,0.82395610335419,"black"
2.88632842053297e-07,0.666666666666667,0.392983178060704,0.0821895085007639,0.82395610335419,"black"
2.88632842053297e-07,0.666666666666667,0.392983178060704,0.0821895085007639,0.82395610335419,"black"
2.88632842053297e-07,0.333333333333333,0.392983178060704,0.0821895085007639,0.82395610335419,"black"
2.88632842053297e-07,0.333333333333333,0.392983178060704,0.0821895085007639,0.82395610335419,"black"
2.88632842053297e-07,0.666666666666667,0.392983178060704,0.0821895085007639,0.82395610335419,"black"
2.88632842053297e-07,0.666666666666667,0.392983178060704,0.0821895085007639,0.82395610335419,"black"
2.88632842053297e-07,0.333333333333333,0.392983178060704,0.0821895085007639,0.82395610335419,"black"
2.88632842053297e-07,0.333333333333333,0.392983178060704,0.0821895085007639,0.82395610335419,"black"
2.88632842053297e-07,0.333333333333333,0.392983178060704,0.0821895085007639,0.82395610335419,"black"
2.88632842053297e-07,0.333333333333333,0.392983178060704,0.0821895085007639,0.82395610335419,"black"
2.88632842053297e-07,0.333333333333333,0.392983178060704,0.0821895085007639,0.82395610335419,"black"
2.88632842053297e-07,0.333333333333333,0.392983178060704,0.0821895085007639,0.82395610335419,"black"
2.88632842053297e-07,0.333333333333333,0.392983178060704,0.0821895085007639,0.82395610335419,"black"
2.88632842053297e-07,0.666666666666667,0.392983178060704,0.0821895085007639,0.82395610335419,"black"
2.88632842053297e-07,0.333333333333333,0.392983178060704,0.0821895085007639,0.82395610335419,"black"
2.88632842053297e-07,0.333333333333333,0.392983178060704,0.0821895085007639,0.82395610335419,"black"
2.88632842053297e-07,0.333333333333333,0.392983178060704,0.0821895085007639,0.82395610335419,"black"
2.88632842053297e-07,0.333333333333333,0.392983178060704,0.0821895085007639,0.82395610335419,"black"
2.88632842053297e-07,0.666666666666667,0.392983178060704,0.0821895085007639,0.82395610335419,"black"
2.88632842053297e-07,0.333333333333333,0.392983178060704,0.0821895085007639,0.82395610335419,"black"
2.88632842053297e-07,0.333333333333333,0.392983178060704,0.0821895085007639,0.82395610335419,"black"
2.88632842053297e-07,0.666666666666667,0.392983178060704,0.0821895085007639,0.82395610335419,"black"
2.88632842053297e-07,0.333333333333333,0.392983178060704,0.0821895085007639,0.82395610335419,"black"
2.88632842053297e-07,0.666666666666667,0.392983178060704,0.0821895085007639,0.82395610335419,"black"
2.88632842053297e-07,0.333333333333333,0.392983178060704,0.0821895085007639,0.82395610335419,"black"
2.88632842053297e-07,0.333333333333333,0.392983178060704,0.0821895085007639,0.82395610335419,"black"
2.88632842053297e-07,0.333333333333333,0.392983178060704,0.0821895085007639,0.82395610335419,"black"
2.88632842053297e-07,0.333333333333333,0.392983178060704,0.0821895085007639,0.82395610335419,"black"
2.88632842053297e-07,0.666666666666667,0.392983178060704,0.0821895085007639,0.82395610335419,"black"
2.88632842053297e-07,0.333333333333333,0.392983178060704,0.0821895085007639,0.82395610335419,"black"
2.88632842053297e-07,0.333333333333333,0.392983178060704,0.0821895085007639,0.82395610335419,"black"
2.88632842053297e-07,0.666666666666667,0.392983178060704,0.0821895085007639,0.82395610335419,"black"
2.88632842053297e-07,0.333333333333333,0.392983178060704,0.0821895085007639,0.82395610335419,"black"
2.88632842053297e-07,0.333333333333333,0.392983178060704,0.0821895085007639,0.82395610335419,"black"
2.88632842053297e-07,0.333333333333333,0.392983178060704,0.0821895085007639,0.82395610335419,"black"
2.88632842053297e-07,0.333333333333333,0.392983178060704,0.0821895085007639,0.82395610335419,"black"
2.88632842053297e-07,0.666666666666667,0.392983178060704,0.0821895085007639,0.82395610335419,"black"
2.88632842053297e-07,0.666666666666667,0.392983178060704,0.0821895085007639,0.82395610335419,"black"
2.88632842053297e-07,0.333333333333333,0.392983178060704,0.0821895085007639,0.82395610335419,"black"
2.88632842053297e-07,0.666666666666667,0.392983178060704,0.0821895085007639,0.82395610335419,"black"
2.88632842053297e-07,0.333333333333333,0.392983178060704,0.0821895085007639,0.82395610335419,"black"
2.88632842053297e-07,0.333333333333333,0.392983178060704,0.0821895085007639,0.82395610335419,"black"
2.88632842053297e-07,0.333333333333333,0.392983178060704,0.0821895085007639,0.82395610335419,"black"
2.88632842053297e-07,0.666666666666667,0.392983178060704,0.0821895085007639,0.82395610335419,"black"
2.88632842053297e-07,0.666666666666667,0.392983178060704,0.0821895085007639,0.82395610335419,"black"
2.88632842053297e-07,0.666666666666667,0.392983178060704,0.0821895085007639,0.82395610335419,"black"
2.88632842053297e-07,0.666666666666667,0.392983178060704,0.0821895085007639,0.82395610335419,"black"
2.88632842053297e-07,0.666666666666667,0.392983178060704,0.0821895085007639,0.82395610335419,"black"
2.88632842053297e-07,0.666666666666667,0.392983178060704,0.0821895085007639,0.82395610335419,"black"
2.88632842053297e-07,0.333333333333333,0.392983178060704,0.0821895085007639,0.82395610335419,"black"
2.88632842053297e-07,0.333333333333333,0.392983178060704,0.0821895085007639,0.82395610335419,"black"
2.88632842053297e-07,0.333333333333333,0.392983178060704,0.0821895085007639,0.82395610335419,"black"
2.88632842053297e-07,0.666666666666667,0.392983178060704,0.0821895085007639,0.82395610335419,"black"
2.88632842053297e-07,0.666666666666667,0.392983178060704,0.0821895085007639,0.82395610335419,"black"
2.88632842053297e-07,0.333333333333333,0.392983178060704,0.0821895085007639,0.82395610335419,"black"
2.88632842053297e-07,0.333333333333333,0.392983178060704,0.0821895085007639,0.82395610335419,"black"
2.88632842053297e-07,0.666666666666667,0.392983178060704,0.0821895085007639,0.82395610335419,"black"
2.88632842053297e-07,0.666666666666667,0.392983178060704,0.0821895085007639,0.82395610335419,"black"
2.88632842053297e-07,0.666666666666667,0.392983178060704,0.0821895085007639,0.82395610335419,"black"
2.88632842053297e-07,0.666666666666667,0.392983178060704,0.0821895085007639,0.82395610335419,"black"
2.88632842053297e-07,0.333333333333333,0.392983178060704,0.0821895085007639,0.82395610335419,"black"
2.88632842053297e-07,0.333333333333333,0.392983178060704,0.0821895085007639,0.82395610335419,"black"
2.88632842053297e-07,0.333333333333333,0.392983178060704,0.0821895085007639,0.82395610335419,"black"
2.88632842053297e-07,0.333333333333333,0.392983178060704,0.0821895085007639,0.82395610335419,"black"
2.88632842053297e-07,0.333333333333333,0.392983178060704,0.0821895085007639,0.82395610335419,"black"
2.88632842053297e-07,0.333333333333333,0.392983178060704,0.0821895085007639,0.82395610335419,"black"
2.88632842053297e-07,0.666666666666667,0.392983178060704,0.0821895085007639,0.82395610335419,"black"
2.88632842053297e-07,0.333333333333333,0.392983178060704,0.0821895085007639,0.82395610335419,"black"
2.88632842053297e-07,0.666666666666667,0.392983178060704,0.0821895085007639,0.82395610335419,"black"
2.88632842053297e-07,0.333333333333333,0.392983178060704,0.0821895085007639,0.82395610335419,"black"
2.88632842053297e-07,0.666666666666667,0.392983178060704,0.0821895085007639,0.82395610335419,"black"
2.88632842053297e-07,0.333333333333333,0.392983178060704,0.0821895085007639,0.82395610335419,"black"
2.88632842053297e-07,0.333333333333333,0.392983178060704,0.0821895085007639,0.82395610335419,"black"
2.88632842053297e-07,0.333333333333333,0.392983178060704,0.0821895085007639,0.82395610335419,"black"
2.88632842053297e-07,0.333333333333333,0.392983178060704,0.0821895085007639,0.82395610335419,"black"
2.88632842053297e-07,0.666666666666667,0.392983178060704,0.0821895085007639,0.82395610335419,"black"
2.88632842053297e-07,0.333333333333333,0.392983178060704,0.0821895085007639,0.82395610335419,"black"
2.88632842053297e-07,0.333333333333333,0.392983178060704,0.0821895085007639,0.82395610335419,"black"
2.88632842053297e-07,0.333333333333333,0.392983178060704,0.0821895085007639,0.82395610335419,"black"
2.88632842053297e-07,0.333333333333333,0.392983178060704,0.0821895085007639,0.82395610335419,"black"
2.88632842053297e-07,0.666666666666667,0.392983178060704,0.0821895085007639,0.82395610335419,"black"
2.88632842053297e-07,0.333333333333333,0.392983178060704,0.0821895085007639,0.82395610335419,"black"
2.88632842053297e-07,0.333333333333333,0.392983178060704,0.0821895085007639,0.82395610335419,"black"
2.88632842053297e-07,0.333333333333333,0.392983178060704,0.0821895085007639,0.82395610335419,"black"
2.88632842053297e-07,0.333333333333333,0.392983178060704,0.0821895085007639,0.82395610335419,"black"
2.88632842053297e-07,0.333333333333333,0.392983178060704,0.0821895085007639,0.82395610335419,"black"
2.88632842053297e-07,0.333333333333333,0.392983178060704,0.0821895085007639,0.82395610335419,"black"
2.88632842053297e-07,0.333333333333333,0.392983178060704,0.0821895085007639,0.82395610335419,"black"
2.88632842053297e-07,0.333333333333333,0.392983178060704,0.0821895085007639,0.82395610335419,"black"
2.88632842053297e-07,0.333333333333333,0.392983178060704,0.0821895085007639,0.82395610335419,"black"
2.88632842053297e-07,0.333333333333333,0.392983178060704,0.0821895085007639,0.82395610335419,"black"
2.88632842053297e-07,0.666666666666667,0.392983178060704,0.0821895085007639,0.82395610335419,"black"
2.88632842053297e-07,0.333333333333333,0.392983178060704,0.0821895085007639,0.82395610335419,"black"
2.88632842053297e-07,0.333333333333333,0.392983178060704,0.0821895085007639,0.82395610335419,"black"
2.88632842053297e-07,0.333333333333333,0.392983178060704,0.0821895085007639,0.82395610335419,"black"
2.88632842053297e-07,0.666666666666667,0.392983178060704,0.0821895085007639,0.82395610335419,"black"
2.88632842053297e-07,0.333333333333333,0.392983178060704,0.0821895085007639,0.82395610335419,"black"
2.88632842053297e-07,0.333333333333333,0.392983178060704,0.0821895085007639,0.82395610335419,"black"
2.88632842053297e-07,0.333333333333333,0.392983178060704,0.0821895085007639,0.82395610335419,"black"
2.88632842053297e-07,0.666666666666667,0.392983178060704,0.0821895085007639,0.82395610335419,"black"
2.88632842053297e-07,0.333333333333333,0.392983178060704,0.0821895085007639,0.82395610335419,"black"
2.88632842053297e-07,0.666666666666667,0.392983178060704,0.0821895085007639,0.82395610335419,"black"
2.88632842053297e-07,0.333333333333333,0.392983178060704,0.0821895085007639,0.82395610335419,"black"
2.88632842053297e-07,0.666666666666667,0.392983178060704,0.0821895085007639,0.82395610335419,"black"
2.88632842053297e-07,0.666666666666667,0.392983178060704,0.0821895085007639,0.82395610335419,"black"
2.88632842053297e-07,0.333333333333333,0.392983178060704,0.0821895085007639,0.82395610335419,"black"
2.88632842053297e-07,0.333333333333333,0.392983178060704,0.0821895085007639,0.82395610335419,"black"
2.88632842053297e-07,0.333333333333333,0.392983178060704,0.0821895085007639,0.82395610335419,"black"
2.88632842053297e-07,0.666666666666667,0.392983178060704,0.0821895085007639,0.82395610335419,"black"
2.88632842053297e-07,0.666666666666667,0.392983178060704,0.0821895085007639,0.82395610335419,"black"
2.88632842053297e-07,0.666666666666667,0.392983178060704,0.0821895085007639,0.82395610335419,"black"
2.88632842053297e-07,0.333333333333333,0.392983178060704,0.0821895085007639,0.82395610335419,"black"
2.88632842053297e-07,0.666666666666667,0.392983178060704,0.0821895085007639,0.82395610335419,"black"
2.88632842053297e-07,0.333333333333333,0.392983178060704,0.0821895085007639,0.82395610335419,"black"
2.88632842053297e-07,0.333333333333333,0.392983178060704,0.0821895085007639,0.82395610335419,"black"
2.88632842053297e-07,0.333333333333333,0.392983178060704,0.0821895085007639,0.82395610335419,"black"
2.88632842053297e-07,0.333333333333333,0.392983178060704,0.0821895085007639,0.82395610335419,"black"
2.88632842053297e-07,0.666666666666667,0.392983178060704,0.0821895085007639,0.82395610335419,"black"
2.88632842053297e-07,0.333333333333333,0.392983178060704,0.0821895085007639,0.82395610335419,"black"
2.88632842053297e-07,0.333333333333333,0.392983178060704,0.0821895085007639,0.82395610335419,"black"
2.88632842053297e-07,0.333333333333333,0.392983178060704,0.0821895085007639,0.82395610335419,"black"
2.88632842053297e-07,0.333333333333333,0.392983178060704,0.0821895085007639,0.82395610335419,"black"
2.88632842053297e-07,0.666666666666667,0.392983178060704,0.0821895085007639,0.82395610335419,"black"
2.88632842053297e-07,0.333333333333333,0.392983178060704,0.0821895085007639,0.82395610335419,"black"
2.88632842053297e-07,0.333333333333333,0.392983178060704,0.0821895085007639,0.82395610335419,"black"
2.88632842053297e-07,0.666666666666667,0.392983178060704,0.0821895085007639,0.82395610335419,"black"
2.88632842053297e-07,0.333333333333333,0.392983178060704,0.0821895085007639,0.82395610335419,"black"
2.88632842053297e-07,0.333333333333333,0.392983178060704,0.0821895085007639,0.82395610335419,"black"
2.88632842053297e-07,0.333333333333333,0.392983178060704,0.0821895085007639,0.82395610335419,"black"
2.88632842053297e-07,0.333333333333333,0.392983178060704,0.0821895085007639,0.82395610335419,"black"
2.88632842053297e-07,0.333333333333333,0.392983178060704,0.0821895085007639,0.82395610335419,"black"
2.88632842053297e-07,0.333333333333333,0.392983178060704,0.0821895085007639,0.82395610335419,"black"
2.88632842053297e-07,0.333333333333333,0.392983178060704,0.0821895085007639,0.82395610335419,"black"
2.88632842053297e-07,0.333333333333333,0.392983178060704,0.0821895085007639,0.82395610335419,"black"
2.88632842053297e-07,0.333333333333333,0.392983178060704,0.0821895085007639,0.82395610335419,"black"
2.88632842053297e-07,0.333333333333333,0.392983178060704,0.0821895085007639,0.82395610335419,"black"
2.88632842053297e-07,0.333333333333333,0.392983178060704,0.0821895085007639,0.82395610335419,"black"
2.88632842053297e-07,0.333333333333333,0.392983178060704,0.0821895085007639,0.82395610335419,"black"
2.88632842053297e-07,0.333333333333333,0.392983178060704,0.0821895085007639,0.82395610335419,"black"
2.88632842053297e-07,0.333333333333333,0.392983178060704,0.0821895085007639,0.82395610335419,"black"
2.88632842053297e-07,0.333333333333333,0.392983178060704,0.0821895085007639,0.82395610335419,"black"
2.88632842053297e-07,0.666666666666667,0.392983178060704,0.0821895085007639,0.82395610335419,"black"
2.88632842053297e-07,0.333333333333333,0.392983178060704,0.0821895085007639,0.82395610335419,"black"
2.88632842053297e-07,0.333333333333333,0.392983178060704,0.0821895085007639,0.82395610335419,"black"
2.88632842053297e-07,0.333333333333333,0.392983178060704,0.0821895085007639,0.82395610335419,"black"
2.88632842053297e-07,0.666666666666667,0.392983178060704,0.0821895085007639,0.82395610335419,"black"
2.88632842053297e-07,0.333333333333333,0.392983178060704,0.0821895085007639,0.82395610335419,"black"
2.88632842053297e-07,0.333333333333333,0.392983178060704,0.0821895085007639,0.82395610335419,"black"
2.88632842053297e-07,0.333333333333333,0.392983178060704,0.0821895085007639,0.82395610335419,"black"
2.88632842053297e-07,0.333333333333333,0.392983178060704,0.0821895085007639,0.82395610335419,"black"
2.88632842053297e-07,0.333333333333333,0.392983178060704,0.0821895085007639,0.82395610335419,"black"
2.88632842053297e-07,0.333333333333333,0.392983178060704,0.0821895085007639,0.82395610335419,"black"
2.88632842053297e-07,0.333333333333333,0.392983178060704,0.0821895085007639,0.82395610335419,"black"
2.88632842053297e-07,0.333333333333333,0.392983178060704,0.0821895085007639,0.82395610335419,"black"
2.88632842053297e-07,0.333333333333333,0.392983178060704,0.0821895085007639,0.82395610335419,"black"
2.88632842053297e-07,0.333333333333333,0.392983178060704,0.0821895085007639,0.82395610335419,"black"
2.88632842053297e-07,0.333333333333333,0.392983178060704,0.0821895085007639,0.82395610335419,"black"
2.88632842053297e-07,0.333333333333333,0.392983178060704,0.0821895085007639,0.82395610335419,"black"
2.88632842053297e-07,0.333333333333333,0.392983178060704,0.0821895085007639,0.82395610335419,"black"
2.88632842053297e-07,0.333333333333333,0.392983178060704,0.0821895085007639,0.82395610335419,"black"
2.88632842053297e-07,0.333333333333333,0.392983178060704,0.0821895085007639,0.82395610335419,"black"
2.88632842053297e-07,0.666666666666667,0.392983178060704,0.0821895085007639,0.82395610335419,"black"
2.88632842053297e-07,0.333333333333333,0.392983178060704,0.0821895085007639,0.82395610335419,"black"
2.88632842053297e-07,0.333333333333333,0.392983178060704,0.0821895085007639,0.82395610335419,"black"
2.88632842053297e-07,0.333333333333333,0.392983178060704,0.0821895085007639,0.82395610335419,"black"
2.88632842053297e-07,0.333333333333333,0.392983178060704,0.0821895085007639,0.82395610335419,"black"
2.88632842053297e-07,0.333333333333333,0.392983178060704,0.0821895085007639,0.82395610335419,"black"
2.88632842053297e-07,0.333333333333333,0.392983178060704,0.0821895085007639,0.82395610335419,"black"
2.88632842053297e-07,0.333333333333333,0.392983178060704,0.0821895085007639,0.82395610335419,"black"
3.46359410463956e-07,0.333333333333333,0.459495239428963,0.108112489003202,0.856364595519896,"black"
3.46359410463956e-07,0.333333333333333,0.459495239428963,0.108112489003202,0.856364595519896,"black"
3.46359410463956e-07,0.666666666666667,0.459495239428963,0.108112489003202,0.856364595519896,"black"
3.46359410463956e-07,0.333333333333333,0.459495239428963,0.108112489003202,0.856364595519896,"black"
3.46359410463956e-07,0.666666666666667,0.459495239428963,0.108112489003202,0.856364595519896,"black"
3.46359410463956e-07,0.333333333333333,0.459495239428963,0.108112489003202,0.856364595519896,"black"
3.46359410463956e-07,0.666666666666667,0.459495239428963,0.108112489003202,0.856364595519896,"black"
3.46359410463956e-07,0.333333333333333,0.459495239428963,0.108112489003202,0.856364595519896,"black"
3.46359410463956e-07,0.333333333333333,0.459495239428963,0.108112489003202,0.856364595519896,"black"
3.46359410463956e-07,0.666666666666667,0.459495239428963,0.108112489003202,0.856364595519896,"black"
3.46359410463956e-07,0.333333333333333,0.459495239428963,0.108112489003202,0.856364595519896,"black"
3.46359410463956e-07,0.333333333333333,0.459495239428963,0.108112489003202,0.856364595519896,"black"
3.46359410463956e-07,0.333333333333333,0.459495239428963,0.108112489003202,0.856364595519896,"black"
3.46359410463956e-07,0.333333333333333,0.459495239428963,0.108112489003202,0.856364595519896,"black"
3.46359410463956e-07,0.333333333333333,0.459495239428963,0.108112489003202,0.856364595519896,"black"
3.46359410463956e-07,0.666666666666667,0.459495239428963,0.108112489003202,0.856364595519896,"black"
3.46359410463956e-07,0.666666666666667,0.459495239428963,0.108112489003202,0.856364595519896,"black"
3.46359410463956e-07,0.666666666666667,0.459495239428963,0.108112489003202,0.856364595519896,"black"
3.46359410463956e-07,0.666666666666667,0.459495239428963,0.108112489003202,0.856364595519896,"black"
3.46359410463956e-07,0.666666666666667,0.459495239428963,0.108112489003202,0.856364595519896,"black"
3.46359410463956e-07,0.666666666666667,0.459495239428963,0.108112489003202,0.856364595519896,"black"
3.46359410463956e-07,0.666666666666667,0.459495239428963,0.108112489003202,0.856364595519896,"black"
3.46359410463956e-07,0.333333333333333,0.459495239428963,0.108112489003202,0.856364595519896,"black"
3.46359410463956e-07,0.666666666666667,0.459495239428963,0.108112489003202,0.856364595519896,"black"
3.46359410463956e-07,0.666666666666667,0.459495239428963,0.108112489003202,0.856364595519896,"black"
3.46359410463956e-07,0.333333333333333,0.459495239428963,0.108112489003202,0.856364595519896,"black"
3.46359410463956e-07,0.666666666666667,0.459495239428963,0.108112489003202,0.856364595519896,"black"
3.46359410463956e-07,0.333333333333333,0.459495239428963,0.108112489003202,0.856364595519896,"black"
3.46359410463956e-07,0.666666666666667,0.459495239428963,0.108112489003202,0.856364595519896,"black"
3.46359410463956e-07,0.666666666666667,0.459495239428963,0.108112489003202,0.856364595519896,"black"
3.46359410463956e-07,0.666666666666667,0.459495239428963,0.108112489003202,0.856364595519896,"black"
3.46359410463956e-07,0.666666666666667,0.459495239428963,0.108112489003202,0.856364595519896,"black"
3.46359410463956e-07,0.333333333333333,0.459495239428963,0.108112489003202,0.856364595519896,"black"
3.46359410463956e-07,0.666666666666667,0.459495239428963,0.108112489003202,0.856364595519896,"black"
3.46359410463956e-07,0.666666666666667,0.459495239428963,0.108112489003202,0.856364595519896,"black"
3.46359410463956e-07,0.333333333333333,0.459495239428963,0.108112489003202,0.856364595519896,"black"
3.46359410463956e-07,0.333333333333333,0.459495239428963,0.108112489003202,0.856364595519896,"black"
3.46359410463956e-07,0.333333333333333,0.459495239428963,0.108112489003202,0.856364595519896,"black"
3.46359410463956e-07,0.666666666666667,0.459495239428963,0.108112489003202,0.856364595519896,"black"
3.46359410463956e-07,0.666666666666667,0.459495239428963,0.108112489003202,0.856364595519896,"black"
3.46359410463956e-07,0.333333333333333,0.459495239428963,0.108112489003202,0.856364595519896,"black"
3.46359410463956e-07,0.666666666666667,0.459495239428963,0.108112489003202,0.856364595519896,"black"
3.46359410463956e-07,0.666666666666667,0.459495239428963,0.108112489003202,0.856364595519896,"black"
3.46359410463956e-07,0.666666666666667,0.459495239428963,0.108112489003202,0.856364595519896,"black"
3.46359410463956e-07,0.666666666666667,0.459495239428963,0.108112489003202,0.856364595519896,"black"
3.46359410463956e-07,0.333333333333333,0.459495239428963,0.108112489003202,0.856364595519896,"black"
3.46359410463956e-07,0.666666666666667,0.459495239428963,0.108112489003202,0.856364595519896,"black"
3.46359410463956e-07,0.333333333333333,0.459495239428963,0.108112489003202,0.856364595519896,"black"
3.46359410463956e-07,0.333333333333333,0.459495239428963,0.108112489003202,0.856364595519896,"black"
3.46359410463956e-07,0.333333333333333,0.459495239428963,0.108112489003202,0.856364595519896,"black"
3.46359410463956e-07,0.333333333333333,0.459495239428963,0.108112489003202,0.856364595519896,"black"
3.46359410463956e-07,0.666666666666667,0.459495239428963,0.108112489003202,0.856364595519896,"black"
3.46359410463956e-07,0.333333333333333,0.459495239428963,0.108112489003202,0.856364595519896,"black"
3.46359410463956e-07,0.333333333333333,0.459495239428963,0.108112489003202,0.856364595519896,"black"
3.46359410463956e-07,0.666666666666667,0.459495239428963,0.108112489003202,0.856364595519896,"black"
3.46359410463956e-07,0.333333333333333,0.459495239428963,0.108112489003202,0.856364595519896,"black"
3.46359410463956e-07,0.333333333333333,0.459495239428963,0.108112489003202,0.856364595519896,"black"
3.46359410463956e-07,0.333333333333333,0.459495239428963,0.108112489003202,0.856364595519896,"black"
3.46359410463956e-07,0.333333333333333,0.459495239428963,0.108112489003202,0.856364595519896,"black"
3.46359410463956e-07,0.333333333333333,0.459495239428963,0.108112489003202,0.856364595519896,"black"
3.46359410463956e-07,0.666666666666667,0.459495239428963,0.108112489003202,0.856364595519896,"black"
3.46359410463956e-07,0.333333333333333,0.459495239428963,0.108112489003202,0.856364595519896,"black"
3.46359410463956e-07,0.666666666666667,0.459495239428963,0.108112489003202,0.856364595519896,"black"
3.46359410463956e-07,0.666666666666667,0.459495239428963,0.108112489003202,0.856364595519896,"black"
3.46359410463956e-07,0.333333333333333,0.459495239428963,0.108112489003202,0.856364595519896,"black"
3.46359410463956e-07,0.333333333333333,0.459495239428963,0.108112489003202,0.856364595519896,"black"
3.46359410463956e-07,0.333333333333333,0.459495239428963,0.108112489003202,0.856364595519896,"black"
3.46359410463956e-07,0.666666666666667,0.459495239428963,0.108112489003202,0.856364595519896,"black"
3.46359410463956e-07,0.333333333333333,0.459495239428963,0.108112489003202,0.856364595519896,"black"
3.46359410463956e-07,0.333333333333333,0.459495239428963,0.108112489003202,0.856364595519896,"black"
3.46359410463956e-07,1,0.459495239428963,0.108112489003202,0.856364595519896,"#e06a5d"
3.46359410463956e-07,0.666666666666667,0.459495239428963,0.108112489003202,0.856364595519896,"black"
3.46359410463956e-07,0.333333333333333,0.459495239428963,0.108112489003202,0.856364595519896,"black"
3.46359410463956e-07,0.666666666666667,0.459495239428963,0.108112489003202,0.856364595519896,"black"
3.46359410463956e-07,0.666666666666667,0.459495239428963,0.108112489003202,0.856364595519896,"black"
3.46359410463956e-07,0.333333333333333,0.459495239428963,0.108112489003202,0.856364595519896,"black"
3.46359410463956e-07,0.333333333333333,0.459495239428963,0.108112489003202,0.856364595519896,"black"
3.46359410463956e-07,0.666666666666667,0.459495239428963,0.108112489003202,0.856364595519896,"black"
3.46359410463956e-07,0.666666666666667,0.459495239428963,0.108112489003202,0.856364595519896,"black"
3.46359410463956e-07,0.333333333333333,0.459495239428963,0.108112489003202,0.856364595519896,"black"
3.46359410463956e-07,0.333333333333333,0.459495239428963,0.108112489003202,0.856364595519896,"black"
3.46359410463956e-07,0.666666666666667,0.459495239428963,0.108112489003202,0.856364595519896,"black"
3.46359410463956e-07,0.333333333333333,0.459495239428963,0.108112489003202,0.856364595519896,"black"
3.46359410463956e-07,0.333333333333333,0.459495239428963,0.108112489003202,0.856364595519896,"black"
3.46359410463956e-07,0.666666666666667,0.459495239428963,0.108112489003202,0.856364595519896,"black"
3.46359410463956e-07,0.333333333333333,0.459495239428963,0.108112489003202,0.856364595519896,"black"
3.46359410463956e-07,0.666666666666667,0.459495239428963,0.108112489003202,0.856364595519896,"black"
3.46359410463956e-07,0.666666666666667,0.459495239428963,0.108112489003202,0.856364595519896,"black"
3.46359410463956e-07,0.666666666666667,0.459495239428963,0.108112489003202,0.856364595519896,"black"
3.46359410463956e-07,0.666666666666667,0.459495239428963,0.108112489003202,0.856364595519896,"black"
3.46359410463956e-07,0.333333333333333,0.459495239428963,0.108112489003202,0.856364595519896,"black"
3.46359410463956e-07,0.333333333333333,0.459495239428963,0.108112489003202,0.856364595519896,"black"
3.46359410463956e-07,0.666666666666667,0.459495239428963,0.108112489003202,0.856364595519896,"black"
3.46359410463956e-07,0.333333333333333,0.459495239428963,0.108112489003202,0.856364595519896,"black"
3.46359410463956e-07,0.666666666666667,0.459495239428963,0.108112489003202,0.856364595519896,"black"
3.46359410463956e-07,0.333333333333333,0.459495239428963,0.108112489003202,0.856364595519896,"black"
3.46359410463956e-07,0.666666666666667,0.459495239428963,0.108112489003202,0.856364595519896,"black"
3.46359410463956e-07,0.333333333333333,0.459495239428963,0.108112489003202,0.856364595519896,"black"
3.46359410463956e-07,0.333333333333333,0.459495239428963,0.108112489003202,0.856364595519896,"black"
3.46359410463956e-07,0.666666666666667,0.459495239428963,0.108112489003202,0.856364595519896,"black"
3.46359410463956e-07,0.666666666666667,0.459495239428963,0.108112489003202,0.856364595519896,"black"
3.46359410463956e-07,0.666666666666667,0.459495239428963,0.108112489003202,0.856364595519896,"black"
3.46359410463956e-07,0.333333333333333,0.459495239428963,0.108112489003202,0.856364595519896,"black"
3.46359410463956e-07,0.666666666666667,0.459495239428963,0.108112489003202,0.856364595519896,"black"
3.46359410463956e-07,0.666666666666667,0.459495239428963,0.108112489003202,0.856364595519896,"black"
3.46359410463956e-07,0.666666666666667,0.459495239428963,0.108112489003202,0.856364595519896,"black"
3.46359410463956e-07,0.333333333333333,0.459495239428963,0.108112489003202,0.856364595519896,"black"
3.46359410463956e-07,0.333333333333333,0.459495239428963,0.108112489003202,0.856364595519896,"black"
3.46359410463956e-07,0.333333333333333,0.459495239428963,0.108112489003202,0.856364595519896,"black"
3.46359410463956e-07,0.666666666666667,0.459495239428963,0.108112489003202,0.856364595519896,"black"
3.46359410463956e-07,0.333333333333333,0.459495239428963,0.108112489003202,0.856364595519896,"black"
3.46359410463956e-07,0.666666666666667,0.459495239428963,0.108112489003202,0.856364595519896,"black"
3.46359410463956e-07,0.666666666666667,0.459495239428963,0.108112489003202,0.856364595519896,"black"
3.46359410463956e-07,0.333333333333333,0.459495239428963,0.108112489003202,0.856364595519896,"black"
3.46359410463956e-07,0.333333333333333,0.459495239428963,0.108112489003202,0.856364595519896,"black"
3.46359410463956e-07,0.666666666666667,0.459495239428963,0.108112489003202,0.856364595519896,"black"
3.46359410463956e-07,0.333333333333333,0.459495239428963,0.108112489003202,0.856364595519896,"black"
3.46359410463956e-07,0.666666666666667,0.459495239428963,0.108112489003202,0.856364595519896,"black"
3.46359410463956e-07,0.666666666666667,0.459495239428963,0.108112489003202,0.856364595519896,"black"
3.46359410463956e-07,0.666666666666667,0.459495239428963,0.108112489003202,0.856364595519896,"black"
3.46359410463956e-07,0.666666666666667,0.459495239428963,0.108112489003202,0.856364595519896,"black"
3.46359410463956e-07,0.333333333333333,0.459495239428963,0.108112489003202,0.856364595519896,"black"
3.46359410463956e-07,0.333333333333333,0.459495239428963,0.108112489003202,0.856364595519896,"black"
3.46359410463956e-07,0.666666666666667,0.459495239428963,0.108112489003202,0.856364595519896,"black"
3.46359410463956e-07,0.666666666666667,0.459495239428963,0.108112489003202,0.856364595519896,"black"
3.46359410463956e-07,0.666666666666667,0.459495239428963,0.108112489003202,0.856364595519896,"black"
3.46359410463956e-07,0.666666666666667,0.459495239428963,0.108112489003202,0.856364595519896,"black"
3.46359410463956e-07,0.666666666666667,0.459495239428963,0.108112489003202,0.856364595519896,"black"
3.46359410463956e-07,0.333333333333333,0.459495239428963,0.108112489003202,0.856364595519896,"black"
3.46359410463956e-07,0.666666666666667,0.459495239428963,0.108112489003202,0.856364595519896,"black"
3.46359410463956e-07,0.333333333333333,0.459495239428963,0.108112489003202,0.856364595519896,"black"
3.46359410463956e-07,0.666666666666667,0.459495239428963,0.108112489003202,0.856364595519896,"black"
3.46359410463956e-07,0.333333333333333,0.459495239428963,0.108112489003202,0.856364595519896,"black"
3.46359410463956e-07,0.333333333333333,0.459495239428963,0.108112489003202,0.856364595519896,"black"
3.46359410463956e-07,0.666666666666667,0.459495239428963,0.108112489003202,0.856364595519896,"black"
3.46359410463956e-07,0.333333333333333,0.459495239428963,0.108112489003202,0.856364595519896,"black"
3.46359410463956e-07,0.666666666666667,0.459495239428963,0.108112489003202,0.856364595519896,"black"
3.46359410463956e-07,0.333333333333333,0.459495239428963,0.108112489003202,0.856364595519896,"black"
3.46359410463956e-07,0.666666666666667,0.459495239428963,0.108112489003202,0.856364595519896,"black"
3.46359410463956e-07,0.666666666666667,0.459495239428963,0.108112489003202,0.856364595519896,"black"
3.46359410463956e-07,0.333333333333333,0.459495239428963,0.108112489003202,0.856364595519896,"black"
3.46359410463956e-07,0.666666666666667,0.459495239428963,0.108112489003202,0.856364595519896,"black"
3.46359410463956e-07,0.333333333333333,0.459495239428963,0.108112489003202,0.856364595519896,"black"
3.46359410463956e-07,0.666666666666667,0.459495239428963,0.108112489003202,0.856364595519896,"black"
3.46359410463956e-07,0.666666666666667,0.459495239428963,0.108112489003202,0.856364595519896,"black"
3.46359410463956e-07,0.333333333333333,0.459495239428963,0.108112489003202,0.856364595519896,"black"
3.46359410463956e-07,0.666666666666667,0.459495239428963,0.108112489003202,0.856364595519896,"black"
3.46359410463956e-07,0.666666666666667,0.459495239428963,0.108112489003202,0.856364595519896,"black"
3.46359410463956e-07,0.666666666666667,0.459495239428963,0.108112489003202,0.856364595519896,"black"
3.46359410463956e-07,0.333333333333333,0.459495239428963,0.108112489003202,0.856364595519896,"black"
3.46359410463956e-07,0.333333333333333,0.459495239428963,0.108112489003202,0.856364595519896,"black"
3.46359410463956e-07,0.333333333333333,0.459495239428963,0.108112489003202,0.856364595519896,"black"
3.46359410463956e-07,0.333333333333333,0.459495239428963,0.108112489003202,0.856364595519896,"black"
3.46359410463956e-07,0.666666666666667,0.459495239428963,0.108112489003202,0.856364595519896,"black"
3.46359410463956e-07,0.333333333333333,0.459495239428963,0.108112489003202,0.856364595519896,"black"
3.46359410463956e-07,0.666666666666667,0.459495239428963,0.108112489003202,0.856364595519896,"black"
3.46359410463956e-07,0.666666666666667,0.459495239428963,0.108112489003202,0.856364595519896,"black"
3.46359410463956e-07,0.333333333333333,0.459495239428963,0.108112489003202,0.856364595519896,"black"
3.46359410463956e-07,0.333333333333333,0.459495239428963,0.108112489003202,0.856364595519896,"black"
3.46359410463956e-07,0.333333333333333,0.459495239428963,0.108112489003202,0.856364595519896,"black"
3.46359410463956e-07,0.333333333333333,0.459495239428963,0.108112489003202,0.856364595519896,"black"
3.46359410463956e-07,0.333333333333333,0.459495239428963,0.108112489003202,0.856364595519896,"black"
3.46359410463956e-07,0.333333333333333,0.459495239428963,0.108112489003202,0.856364595519896,"black"
3.46359410463956e-07,0.333333333333333,0.459495239428963,0.108112489003202,0.856364595519896,"black"
3.46359410463956e-07,0.666666666666667,0.459495239428963,0.108112489003202,0.856364595519896,"black"
3.46359410463956e-07,0.333333333333333,0.459495239428963,0.108112489003202,0.856364595519896,"black"
3.46359410463956e-07,0.333333333333333,0.459495239428963,0.108112489003202,0.856364595519896,"black"
3.46359410463956e-07,0.666666666666667,0.459495239428963,0.108112489003202,0.856364595519896,"black"
3.46359410463956e-07,0.666666666666667,0.459495239428963,0.108112489003202,0.856364595519896,"black"
3.46359410463956e-07,0.333333333333333,0.459495239428963,0.108112489003202,0.856364595519896,"black"
3.46359410463956e-07,0.333333333333333,0.459495239428963,0.108112489003202,0.856364595519896,"black"
3.46359410463956e-07,0.333333333333333,0.459495239428963,0.108112489003202,0.856364595519896,"black"
3.46359410463956e-07,0.333333333333333,0.459495239428963,0.108112489003202,0.856364595519896,"black"
3.46359410463956e-07,0.333333333333333,0.459495239428963,0.108112489003202,0.856364595519896,"black"
3.46359410463956e-07,0.333333333333333,0.459495239428963,0.108112489003202,0.856364595519896,"black"
3.46359410463956e-07,0.333333333333333,0.459495239428963,0.108112489003202,0.856364595519896,"black"
3.46359410463956e-07,0.666666666666667,0.459495239428963,0.108112489003202,0.856364595519896,"black"
3.46359410463956e-07,0.666666666666667,0.459495239428963,0.108112489003202,0.856364595519896,"black"
3.46359410463956e-07,0.666666666666667,0.459495239428963,0.108112489003202,0.856364595519896,"black"
3.46359410463956e-07,0.333333333333333,0.459495239428963,0.108112489003202,0.856364595519896,"black"
3.46359410463956e-07,0.666666666666667,0.459495239428963,0.108112489003202,0.856364595519896,"black"
3.46359410463956e-07,0.666666666666667,0.459495239428963,0.108112489003202,0.856364595519896,"black"
3.46359410463956e-07,0.333333333333333,0.459495239428963,0.108112489003202,0.856364595519896,"black"
3.46359410463956e-07,0.666666666666667,0.459495239428963,0.108112489003202,0.856364595519896,"black"
3.46359410463956e-07,0.666666666666667,0.459495239428963,0.108112489003202,0.856364595519896,"black"
3.46359410463956e-07,0.333333333333333,0.459495239428963,0.108112489003202,0.856364595519896,"black"
3.46359410463956e-07,0.666666666666667,0.459495239428963,0.108112489003202,0.856364595519896,"black"
3.46359410463956e-07,0.333333333333333,0.459495239428963,0.108112489003202,0.856364595519896,"black"
3.46359410463956e-07,0.333333333333333,0.459495239428963,0.108112489003202,0.856364595519896,"black"
3.46359410463956e-07,0.666666666666667,0.459495239428963,0.108112489003202,0.856364595519896,"black"
3.46359410463956e-07,0.666666666666667,0.459495239428963,0.108112489003202,0.856364595519896,"black"
3.46359410463956e-07,0.333333333333333,0.459495239428963,0.108112489003202,0.856364595519896,"black"
3.46359410463956e-07,0.333333333333333,0.459495239428963,0.108112489003202,0.856364595519896,"black"
3.46359410463956e-07,0.333333333333333,0.459495239428963,0.108112489003202,0.856364595519896,"black"
3.46359410463956e-07,0.333333333333333,0.459495239428963,0.108112489003202,0.856364595519896,"black"
3.46359410463956e-07,0.666666666666667,0.459495239428963,0.108112489003202,0.856364595519896,"black"
3.46359410463956e-07,0.666666666666667,0.459495239428963,0.108112489003202,0.856364595519896,"black"
3.46359410463956e-07,0.666666666666667,0.459495239428963,0.108112489003202,0.856364595519896,"black"
3.46359410463956e-07,0.666666666666667,0.459495239428963,0.108112489003202,0.856364595519896,"black"
3.46359410463956e-07,0.333333333333333,0.459495239428963,0.108112489003202,0.856364595519896,"black"
3.46359410463956e-07,0.333333333333333,0.459495239428963,0.108112489003202,0.856364595519896,"black"
3.46359410463956e-07,0.333333333333333,0.459495239428963,0.108112489003202,0.856364595519896,"black"
3.46359410463956e-07,0.666666666666667,0.459495239428963,0.108112489003202,0.856364595519896,"black"
3.46359410463956e-07,0.333333333333333,0.459495239428963,0.108112489003202,0.856364595519896,"black"
3.46359410463956e-07,0.666666666666667,0.459495239428963,0.108112489003202,0.856364595519896,"black"
3.46359410463956e-07,0.666666666666667,0.459495239428963,0.108112489003202,0.856364595519896,"black"
3.46359410463956e-07,0.333333333333333,0.459495239428963,0.108112489003202,0.856364595519896,"black"
3.46359410463956e-07,0.666666666666667,0.459495239428963,0.108112489003202,0.856364595519896,"black"
3.46359410463956e-07,0.666666666666667,0.459495239428963,0.108112489003202,0.856364595519896,"black"
3.46359410463956e-07,0.333333333333333,0.459495239428963,0.108112489003202,0.856364595519896,"black"
3.46359410463956e-07,0.666666666666667,0.459495239428963,0.108112489003202,0.856364595519896,"black"
3.46359410463956e-07,0.333333333333333,0.459495239428963,0.108112489003202,0.856364595519896,"black"
3.46359410463956e-07,0.333333333333333,0.459495239428963,0.108112489003202,0.856364595519896,"black"
3.46359410463956e-07,0.666666666666667,0.459495239428963,0.108112489003202,0.856364595519896,"black"
3.46359410463956e-07,0.333333333333333,0.459495239428963,0.108112489003202,0.856364595519896,"black"
3.46359410463956e-07,0.333333333333333,0.459495239428963,0.108112489003202,0.856364595519896,"black"
3.46359410463956e-07,0.666666666666667,0.459495239428963,0.108112489003202,0.856364595519896,"black"
3.46359410463956e-07,0.333333333333333,0.459495239428963,0.108112489003202,0.856364595519896,"black"
3.46359410463956e-07,0.333333333333333,0.459495239428963,0.108112489003202,0.856364595519896,"black"
3.46359410463956e-07,0.333333333333333,0.459495239428963,0.108112489003202,0.856364595519896,"black"
3.46359410463956e-07,0.666666666666667,0.459495239428963,0.108112489003202,0.856364595519896,"black"
3.46359410463956e-07,0.666666666666667,0.459495239428963,0.108112489003202,0.856364595519896,"black"
3.46359410463956e-07,0.666666666666667,0.459495239428963,0.108112489003202,0.856364595519896,"black"
3.46359410463956e-07,0.333333333333333,0.459495239428963,0.108112489003202,0.856364595519896,"black"
3.46359410463956e-07,0.333333333333333,0.459495239428963,0.108112489003202,0.856364595519896,"black"
3.46359410463956e-07,0.333333333333333,0.459495239428963,0.108112489003202,0.856364595519896,"black"
3.46359410463956e-07,0.333333333333333,0.459495239428963,0.108112489003202,0.856364595519896,"black"
3.46359410463956e-07,0.333333333333333,0.459495239428963,0.108112489003202,0.856364595519896,"black"
3.46359410463956e-07,0.666666666666667,0.459495239428963,0.108112489003202,0.856364595519896,"black"
3.46359410463956e-07,0.333333333333333,0.459495239428963,0.108112489003202,0.856364595519896,"black"
3.46359410463956e-07,0.333333333333333,0.459495239428963,0.108112489003202,0.856364595519896,"black"
3.46359410463956e-07,0.333333333333333,0.459495239428963,0.108112489003202,0.856364595519896,"black"
3.46359410463956e-07,0.666666666666667,0.459495239428963,0.108112489003202,0.856364595519896,"black"
3.46359410463956e-07,0.666666666666667,0.459495239428963,0.108112489003202,0.856364595519896,"black"
3.46359410463956e-07,0.333333333333333,0.459495239428963,0.108112489003202,0.856364595519896,"black"
3.46359410463956e-07,0.666666666666667,0.459495239428963,0.108112489003202,0.856364595519896,"black"
3.46359410463956e-07,0.333333333333333,0.459495239428963,0.108112489003202,0.856364595519896,"black"
3.46359410463956e-07,0.333333333333333,0.459495239428963,0.108112489003202,0.856364595519896,"black"
3.46359410463956e-07,0.666666666666667,0.459495239428963,0.108112489003202,0.856364595519896,"black"
3.46359410463956e-07,0.333333333333333,0.459495239428963,0.108112489003202,0.856364595519896,"black"
3.46359410463956e-07,0.333333333333333,0.459495239428963,0.108112489003202,0.856364595519896,"black"
3.46359410463956e-07,0.333333333333333,0.459495239428963,0.108112489003202,0.856364595519896,"black"
3.46359410463956e-07,0.333333333333333,0.459495239428963,0.108112489003202,0.856364595519896,"black"
3.46359410463956e-07,0.333333333333333,0.459495239428963,0.108112489003202,0.856364595519896,"black"
3.46359410463956e-07,0.666666666666667,0.459495239428963,0.108112489003202,0.856364595519896,"black"
3.46359410463956e-07,0.666666666666667,0.459495239428963,0.108112489003202,0.856364595519896,"black"
3.46359410463956e-07,0.333333333333333,0.459495239428963,0.108112489003202,0.856364595519896,"black"
3.46359410463956e-07,0.666666666666667,0.459495239428963,0.108112489003202,0.856364595519896,"black"
3.46359410463956e-07,0.333333333333333,0.459495239428963,0.108112489003202,0.856364595519896,"black"
3.46359410463956e-07,0.333333333333333,0.459495239428963,0.108112489003202,0.856364595519896,"black"
3.46359410463956e-07,0.666666666666667,0.459495239428963,0.108112489003202,0.856364595519896,"black"
3.46359410463956e-07,0.333333333333333,0.459495239428963,0.108112489003202,0.856364595519896,"black"
3.46359410463956e-07,0.333333333333333,0.459495239428963,0.108112489003202,0.856364595519896,"black"
3.46359410463956e-07,0.333333333333333,0.459495239428963,0.108112489003202,0.856364595519896,"black"
3.46359410463956e-07,0.333333333333333,0.459495239428963,0.108112489003202,0.856364595519896,"black"
3.46359410463956e-07,0.666666666666667,0.459495239428963,0.108112489003202,0.856364595519896,"black"
3.46359410463956e-07,0.666666666666667,0.459495239428963,0.108112489003202,0.856364595519896,"black"
3.46359410463956e-07,0.333333333333333,0.459495239428963,0.108112489003202,0.856364595519896,"black"
3.46359410463956e-07,0.666666666666667,0.459495239428963,0.108112489003202,0.856364595519896,"black"
3.46359410463956e-07,0.333333333333333,0.459495239428963,0.108112489003202,0.856364595519896,"black"
3.46359410463956e-07,0.333333333333333,0.459495239428963,0.108112489003202,0.856364595519896,"black"
3.46359410463956e-07,0.333333333333333,0.459495239428963,0.108112489003202,0.856364595519896,"black"
3.46359410463956e-07,0.666666666666667,0.459495239428963,0.108112489003202,0.856364595519896,"black"
3.46359410463956e-07,0.333333333333333,0.459495239428963,0.108112489003202,0.856364595519896,"black"
3.46359410463956e-07,0.333333333333333,0.459495239428963,0.108112489003202,0.856364595519896,"black"
3.46359410463956e-07,0.333333333333333,0.459495239428963,0.108112489003202,0.856364595519896,"black"
3.46359410463956e-07,0.666666666666667,0.459495239428963,0.108112489003202,0.856364595519896,"black"
3.46359410463956e-07,0.333333333333333,0.459495239428963,0.108112489003202,0.856364595519896,"black"
3.46359410463956e-07,0.333333333333333,0.459495239428963,0.108112489003202,0.856364595519896,"black"
3.46359410463956e-07,0.333333333333333,0.459495239428963,0.108112489003202,0.856364595519896,"black"
3.46359410463956e-07,0.666666666666667,0.459495239428963,0.108112489003202,0.856364595519896,"black"
3.46359410463956e-07,0.333333333333333,0.459495239428963,0.108112489003202,0.856364595519896,"black"
3.46359410463956e-07,0.333333333333333,0.459495239428963,0.108112489003202,0.856364595519896,"black"
3.46359410463956e-07,0.333333333333333,0.459495239428963,0.108112489003202,0.856364595519896,"black"
3.46359410463956e-07,0.333333333333333,0.459495239428963,0.108112489003202,0.856364595519896,"black"
3.46359410463956e-07,0.333333333333333,0.459495239428963,0.108112489003202,0.856364595519896,"black"
3.46359410463956e-07,0.333333333333333,0.459495239428963,0.108112489003202,0.856364595519896,"black"
3.46359410463956e-07,0.333333333333333,0.459495239428963,0.108112489003202,0.856364595519896,"black"
3.46359410463956e-07,0.333333333333333,0.459495239428963,0.108112489003202,0.856364595519896,"black"
3.46359410463956e-07,0.333333333333333,0.459495239428963,0.108112489003202,0.856364595519896,"black"
3.46359410463956e-07,0.333333333333333,0.459495239428963,0.108112489003202,0.856364595519896,"black"
3.46359410463956e-07,0.333333333333333,0.459495239428963,0.108112489003202,0.856364595519896,"black"
3.46359410463956e-07,0.333333333333333,0.459495239428963,0.108112489003202,0.856364595519896,"black"
3.46359410463956e-07,0.333333333333333,0.459495239428963,0.108112489003202,0.856364595519896,"black"
3.46359410463956e-07,0.333333333333333,0.459495239428963,0.108112489003202,0.856364595519896,"black"
3.46359410463956e-07,0.333333333333333,0.459495239428963,0.108112489003202,0.856364595519896,"black"
3.46359410463956e-07,0.666666666666667,0.459495239428963,0.108112489003202,0.856364595519896,"black"
3.46359410463956e-07,0.333333333333333,0.459495239428963,0.108112489003202,0.856364595519896,"black"
4.04085978874616e-07,0.666666666666667,0.520962171028203,0.134670857865264,0.883713090568186,"black"
4.04085978874616e-07,0.666666666666667,0.520962171028203,0.134670857865264,0.883713090568186,"black"
4.04085978874616e-07,0.666666666666667,0.520962171028203,0.134670857865264,0.883713090568186,"black"
4.04085978874616e-07,0.666666666666667,0.520962171028203,0.134670857865264,0.883713090568186,"black"
4.04085978874616e-07,0.666666666666667,0.520962171028203,0.134670857865264,0.883713090568186,"black"
4.04085978874616e-07,0.333333333333333,0.520962171028203,0.134670857865264,0.883713090568186,"black"
4.04085978874616e-07,0.333333333333333,0.520962171028203,0.134670857865264,0.883713090568186,"black"
4.04085978874616e-07,0.333333333333333,0.520962171028203,0.134670857865264,0.883713090568186,"black"
4.04085978874616e-07,0.666666666666667,0.520962171028203,0.134670857865264,0.883713090568186,"black"
4.04085978874616e-07,0.333333333333333,0.520962171028203,0.134670857865264,0.883713090568186,"black"
4.04085978874616e-07,0.666666666666667,0.520962171028203,0.134670857865264,0.883713090568186,"black"
4.04085978874616e-07,0.333333333333333,0.520962171028203,0.134670857865264,0.883713090568186,"black"
4.04085978874616e-07,0.666666666666667,0.520962171028203,0.134670857865264,0.883713090568186,"black"
4.04085978874616e-07,0.666666666666667,0.520962171028203,0.134670857865264,0.883713090568186,"black"
4.04085978874616e-07,0.666666666666667,0.520962171028203,0.134670857865264,0.883713090568186,"black"
4.04085978874616e-07,0.666666666666667,0.520962171028203,0.134670857865264,0.883713090568186,"black"
4.04085978874616e-07,0.666666666666667,0.520962171028203,0.134670857865264,0.883713090568186,"black"
4.04085978874616e-07,0.666666666666667,0.520962171028203,0.134670857865264,0.883713090568186,"black"
4.04085978874616e-07,0.333333333333333,0.520962171028203,0.134670857865264,0.883713090568186,"black"
4.04085978874616e-07,0.666666666666667,0.520962171028203,0.134670857865264,0.883713090568186,"black"
4.04085978874616e-07,0.666666666666667,0.520962171028203,0.134670857865264,0.883713090568186,"black"
4.04085978874616e-07,0.666666666666667,0.520962171028203,0.134670857865264,0.883713090568186,"black"
4.04085978874616e-07,0.333333333333333,0.520962171028203,0.134670857865264,0.883713090568186,"black"
4.04085978874616e-07,1,0.520962171028203,0.134670857865264,0.883713090568186,"#e06a5d"
4.04085978874616e-07,0.666666666666667,0.520962171028203,0.134670857865264,0.883713090568186,"black"
4.04085978874616e-07,0.333333333333333,0.520962171028203,0.134670857865264,0.883713090568186,"black"
4.04085978874616e-07,0.666666666666667,0.520962171028203,0.134670857865264,0.883713090568186,"black"
4.04085978874616e-07,0.333333333333333,0.520962171028203,0.134670857865264,0.883713090568186,"black"
4.04085978874616e-07,0.666666666666667,0.520962171028203,0.134670857865264,0.883713090568186,"black"
4.04085978874616e-07,0.666666666666667,0.520962171028203,0.134670857865264,0.883713090568186,"black"
4.04085978874616e-07,0.333333333333333,0.520962171028203,0.134670857865264,0.883713090568186,"black"
4.04085978874616e-07,0.666666666666667,0.520962171028203,0.134670857865264,0.883713090568186,"black"
4.04085978874616e-07,0.666666666666667,0.520962171028203,0.134670857865264,0.883713090568186,"black"
4.04085978874616e-07,0.333333333333333,0.520962171028203,0.134670857865264,0.883713090568186,"black"
4.04085978874616e-07,0.333333333333333,0.520962171028203,0.134670857865264,0.883713090568186,"black"
4.04085978874616e-07,0.666666666666667,0.520962171028203,0.134670857865264,0.883713090568186,"black"
4.04085978874616e-07,0.333333333333333,0.520962171028203,0.134670857865264,0.883713090568186,"black"
4.04085978874616e-07,0.666666666666667,0.520962171028203,0.134670857865264,0.883713090568186,"black"
4.04085978874616e-07,1,0.520962171028203,0.134670857865264,0.883713090568186,"#e06a5d"
4.04085978874616e-07,0.666666666666667,0.520962171028203,0.134670857865264,0.883713090568186,"black"
4.04085978874616e-07,0.333333333333333,0.520962171028203,0.134670857865264,0.883713090568186,"black"
4.04085978874616e-07,0.666666666666667,0.520962171028203,0.134670857865264,0.883713090568186,"black"
4.04085978874616e-07,0.333333333333333,0.520962171028203,0.134670857865264,0.883713090568186,"black"
4.04085978874616e-07,0.333333333333333,0.520962171028203,0.134670857865264,0.883713090568186,"black"
4.04085978874616e-07,0.666666666666667,0.520962171028203,0.134670857865264,0.883713090568186,"black"
4.04085978874616e-07,0.666666666666667,0.520962171028203,0.134670857865264,0.883713090568186,"black"
4.04085978874616e-07,0.666666666666667,0.520962171028203,0.134670857865264,0.883713090568186,"black"
4.04085978874616e-07,0.333333333333333,0.520962171028203,0.134670857865264,0.883713090568186,"black"
4.04085978874616e-07,0.333333333333333,0.520962171028203,0.134670857865264,0.883713090568186,"black"
4.04085978874616e-07,0.666666666666667,0.520962171028203,0.134670857865264,0.883713090568186,"black"
4.04085978874616e-07,0.666666666666667,0.520962171028203,0.134670857865264,0.883713090568186,"black"
4.04085978874616e-07,1,0.520962171028203,0.134670857865264,0.883713090568186,"#e06a5d"
4.04085978874616e-07,0.666666666666667,0.520962171028203,0.134670857865264,0.883713090568186,"black"
4.04085978874616e-07,0.666666666666667,0.520962171028203,0.134670857865264,0.883713090568186,"black"
4.04085978874616e-07,0.333333333333333,0.520962171028203,0.134670857865264,0.883713090568186,"black"
4.04085978874616e-07,1,0.520962171028203,0.134670857865264,0.883713090568186,"#e06a5d"
4.04085978874616e-07,0.333333333333333,0.520962171028203,0.134670857865264,0.883713090568186,"black"
4.04085978874616e-07,0.333333333333333,0.520962171028203,0.134670857865264,0.883713090568186,"black"
4.04085978874616e-07,1,0.520962171028203,0.134670857865264,0.883713090568186,"#e06a5d"
4.04085978874616e-07,0.333333333333333,0.520962171028203,0.134670857865264,0.883713090568186,"black"
4.04085978874616e-07,0.666666666666667,0.520962171028203,0.134670857865264,0.883713090568186,"black"
4.04085978874616e-07,1,0.520962171028203,0.134670857865264,0.883713090568186,"#e06a5d"
4.04085978874616e-07,0.666666666666667,0.520962171028203,0.134670857865264,0.883713090568186,"black"
4.04085978874616e-07,0.333333333333333,0.520962171028203,0.134670857865264,0.883713090568186,"black"
4.04085978874616e-07,0.666666666666667,0.520962171028203,0.134670857865264,0.883713090568186,"black"
4.04085978874616e-07,0.666666666666667,0.520962171028203,0.134670857865264,0.883713090568186,"black"
4.04085978874616e-07,0.333333333333333,0.520962171028203,0.134670857865264,0.883713090568186,"black"
4.04085978874616e-07,0.666666666666667,0.520962171028203,0.134670857865264,0.883713090568186,"black"
4.04085978874616e-07,0.333333333333333,0.520962171028203,0.134670857865264,0.883713090568186,"black"
4.04085978874616e-07,0.666666666666667,0.520962171028203,0.134670857865264,0.883713090568186,"black"
4.04085978874616e-07,0.666666666666667,0.520962171028203,0.134670857865264,0.883713090568186,"black"
4.04085978874616e-07,0.333333333333333,0.520962171028203,0.134670857865264,0.883713090568186,"black"
4.04085978874616e-07,0.666666666666667,0.520962171028203,0.134670857865264,0.883713090568186,"black"
4.04085978874616e-07,0.666666666666667,0.520962171028203,0.134670857865264,0.883713090568186,"black"
4.04085978874616e-07,0.333333333333333,0.520962171028203,0.134670857865264,0.883713090568186,"black"
4.04085978874616e-07,1,0.520962171028203,0.134670857865264,0.883713090568186,"#e06a5d"
4.04085978874616e-07,0.666666666666667,0.520962171028203,0.134670857865264,0.883713090568186,"black"
4.04085978874616e-07,0.666666666666667,0.520962171028203,0.134670857865264,0.883713090568186,"black"
4.04085978874616e-07,0.666666666666667,0.520962171028203,0.134670857865264,0.883713090568186,"black"
4.04085978874616e-07,0.666666666666667,0.520962171028203,0.134670857865264,0.883713090568186,"black"
4.04085978874616e-07,0.666666666666667,0.520962171028203,0.134670857865264,0.883713090568186,"black"
4.04085978874616e-07,0.666666666666667,0.520962171028203,0.134670857865264,0.883713090568186,"black"
4.04085978874616e-07,0.333333333333333,0.520962171028203,0.134670857865264,0.883713090568186,"black"
4.04085978874616e-07,0.333333333333333,0.520962171028203,0.134670857865264,0.883713090568186,"black"
4.04085978874616e-07,0.666666666666667,0.520962171028203,0.134670857865264,0.883713090568186,"black"
4.04085978874616e-07,0.333333333333333,0.520962171028203,0.134670857865264,0.883713090568186,"black"
4.04085978874616e-07,0.666666666666667,0.520962171028203,0.134670857865264,0.883713090568186,"black"
4.04085978874616e-07,0.333333333333333,0.520962171028203,0.134670857865264,0.883713090568186,"black"
4.04085978874616e-07,0.333333333333333,0.520962171028203,0.134670857865264,0.883713090568186,"black"
4.04085978874616e-07,0.666666666666667,0.520962171028203,0.134670857865264,0.883713090568186,"black"
4.04085978874616e-07,0.333333333333333,0.520962171028203,0.134670857865264,0.883713090568186,"black"
4.04085978874616e-07,0.333333333333333,0.520962171028203,0.134670857865264,0.883713090568186,"black"
4.04085978874616e-07,0.333333333333333,0.520962171028203,0.134670857865264,0.883713090568186,"black"
4.04085978874616e-07,0.333333333333333,0.520962171028203,0.134670857865264,0.883713090568186,"black"
4.04085978874616e-07,0.666666666666667,0.520962171028203,0.134670857865264,0.883713090568186,"black"
4.04085978874616e-07,0.666666666666667,0.520962171028203,0.134670857865264,0.883713090568186,"black"
4.04085978874616e-07,0.666666666666667,0.520962171028203,0.134670857865264,0.883713090568186,"black"
4.04085978874616e-07,1,0.520962171028203,0.134670857865264,0.883713090568186,"#e06a5d"
4.04085978874616e-07,0.333333333333333,0.520962171028203,0.134670857865264,0.883713090568186,"black"
4.04085978874616e-07,0.333333333333333,0.520962171028203,0.134670857865264,0.883713090568186,"black"
4.04085978874616e-07,0.666666666666667,0.520962171028203,0.134670857865264,0.883713090568186,"black"
4.04085978874616e-07,0.666666666666667,0.520962171028203,0.134670857865264,0.883713090568186,"black"
4.04085978874616e-07,0.333333333333333,0.520962171028203,0.134670857865264,0.883713090568186,"black"
4.04085978874616e-07,0.333333333333333,0.520962171028203,0.134670857865264,0.883713090568186,"black"
4.04085978874616e-07,0.666666666666667,0.520962171028203,0.134670857865264,0.883713090568186,"black"
4.04085978874616e-07,0.333333333333333,0.520962171028203,0.134670857865264,0.883713090568186,"black"
4.04085978874616e-07,0.333333333333333,0.520962171028203,0.134670857865264,0.883713090568186,"black"
4.04085978874616e-07,0.333333333333333,0.520962171028203,0.134670857865264,0.883713090568186,"black"
4.04085978874616e-07,0.666666666666667,0.520962171028203,0.134670857865264,0.883713090568186,"black"
4.04085978874616e-07,0.333333333333333,0.520962171028203,0.134670857865264,0.883713090568186,"black"
4.04085978874616e-07,1,0.520962171028203,0.134670857865264,0.883713090568186,"#e06a5d"
4.04085978874616e-07,0.666666666666667,0.520962171028203,0.134670857865264,0.883713090568186,"black"
4.04085978874616e-07,0.333333333333333,0.520962171028203,0.134670857865264,0.883713090568186,"black"
4.04085978874616e-07,0.333333333333333,0.520962171028203,0.134670857865264,0.883713090568186,"black"
4.04085978874616e-07,0.666666666666667,0.520962171028203,0.134670857865264,0.883713090568186,"black"
4.04085978874616e-07,0.666666666666667,0.520962171028203,0.134670857865264,0.883713090568186,"black"
4.04085978874616e-07,1,0.520962171028203,0.134670857865264,0.883713090568186,"#e06a5d"
4.04085978874616e-07,0.333333333333333,0.520962171028203,0.134670857865264,0.883713090568186,"black"
4.04085978874616e-07,0.666666666666667,0.520962171028203,0.134670857865264,0.883713090568186,"black"
4.04085978874616e-07,0.333333333333333,0.520962171028203,0.134670857865264,0.883713090568186,"black"
4.04085978874616e-07,0.666666666666667,0.520962171028203,0.134670857865264,0.883713090568186,"black"
4.04085978874616e-07,0.333333333333333,0.520962171028203,0.134670857865264,0.883713090568186,"black"
4.04085978874616e-07,0.666666666666667,0.520962171028203,0.134670857865264,0.883713090568186,"black"
4.04085978874616e-07,0.666666666666667,0.520962171028203,0.134670857865264,0.883713090568186,"black"
4.04085978874616e-07,1,0.520962171028203,0.134670857865264,0.883713090568186,"#e06a5d"
4.04085978874616e-07,0.666666666666667,0.520962171028203,0.134670857865264,0.883713090568186,"black"
4.04085978874616e-07,0.333333333333333,0.520962171028203,0.134670857865264,0.883713090568186,"black"
4.04085978874616e-07,1,0.520962171028203,0.134670857865264,0.883713090568186,"#e06a5d"
4.04085978874616e-07,0.666666666666667,0.520962171028203,0.134670857865264,0.883713090568186,"black"
4.04085978874616e-07,0.666666666666667,0.520962171028203,0.134670857865264,0.883713090568186,"black"
4.04085978874616e-07,0.666666666666667,0.520962171028203,0.134670857865264,0.883713090568186,"black"
4.04085978874616e-07,0.333333333333333,0.520962171028203,0.134670857865264,0.883713090568186,"black"
4.04085978874616e-07,0.333333333333333,0.520962171028203,0.134670857865264,0.883713090568186,"black"
4.04085978874616e-07,0.333333333333333,0.520962171028203,0.134670857865264,0.883713090568186,"black"
4.04085978874616e-07,0.666666666666667,0.520962171028203,0.134670857865264,0.883713090568186,"black"
4.04085978874616e-07,0.666666666666667,0.520962171028203,0.134670857865264,0.883713090568186,"black"
4.04085978874616e-07,0.666666666666667,0.520962171028203,0.134670857865264,0.883713090568186,"black"
4.04085978874616e-07,0.333333333333333,0.520962171028203,0.134670857865264,0.883713090568186,"black"
4.04085978874616e-07,0.333333333333333,0.520962171028203,0.134670857865264,0.883713090568186,"black"
4.04085978874616e-07,0.333333333333333,0.520962171028203,0.134670857865264,0.883713090568186,"black"
4.04085978874616e-07,0.666666666666667,0.520962171028203,0.134670857865264,0.883713090568186,"black"
4.04085978874616e-07,0.666666666666667,0.520962171028203,0.134670857865264,0.883713090568186,"black"
4.04085978874616e-07,0.666666666666667,0.520962171028203,0.134670857865264,0.883713090568186,"black"
4.04085978874616e-07,0.666666666666667,0.520962171028203,0.134670857865264,0.883713090568186,"black"
4.04085978874616e-07,0.333333333333333,0.520962171028203,0.134670857865264,0.883713090568186,"black"
4.04085978874616e-07,0.666666666666667,0.520962171028203,0.134670857865264,0.883713090568186,"black"
4.04085978874616e-07,0.333333333333333,0.520962171028203,0.134670857865264,0.883713090568186,"black"
4.04085978874616e-07,0.333333333333333,0.520962171028203,0.134670857865264,0.883713090568186,"black"
4.04085978874616e-07,0.333333333333333,0.520962171028203,0.134670857865264,0.883713090568186,"black"
4.04085978874616e-07,0.666666666666667,0.520962171028203,0.134670857865264,0.883713090568186,"black"
4.04085978874616e-07,0.666666666666667,0.520962171028203,0.134670857865264,0.883713090568186,"black"
4.04085978874616e-07,0.666666666666667,0.520962171028203,0.134670857865264,0.883713090568186,"black"
4.04085978874616e-07,0.333333333333333,0.520962171028203,0.134670857865264,0.883713090568186,"black"
4.04085978874616e-07,0.666666666666667,0.520962171028203,0.134670857865264,0.883713090568186,"black"
4.04085978874616e-07,0.333333333333333,0.520962171028203,0.134670857865264,0.883713090568186,"black"
4.04085978874616e-07,0.666666666666667,0.520962171028203,0.134670857865264,0.883713090568186,"black"
4.04085978874616e-07,0.666666666666667,0.520962171028203,0.134670857865264,0.883713090568186,"black"
4.04085978874616e-07,0.666666666666667,0.520962171028203,0.134670857865264,0.883713090568186,"black"
4.04085978874616e-07,0.666666666666667,0.520962171028203,0.134670857865264,0.883713090568186,"black"
4.04085978874616e-07,0.666666666666667,0.520962171028203,0.134670857865264,0.883713090568186,"black"
4.04085978874616e-07,0.333333333333333,0.520962171028203,0.134670857865264,0.883713090568186,"black"
4.04085978874616e-07,0.666666666666667,0.520962171028203,0.134670857865264,0.883713090568186,"black"
4.04085978874616e-07,0.666666666666667,0.520962171028203,0.134670857865264,0.883713090568186,"black"
4.04085978874616e-07,0.666666666666667,0.520962171028203,0.134670857865264,0.883713090568186,"black"
4.04085978874616e-07,0.333333333333333,0.520962171028203,0.134670857865264,0.883713090568186,"black"
4.04085978874616e-07,0.333333333333333,0.520962171028203,0.134670857865264,0.883713090568186,"black"
4.04085978874616e-07,0.333333333333333,0.520962171028203,0.134670857865264,0.883713090568186,"black"
4.04085978874616e-07,0.333333333333333,0.520962171028203,0.134670857865264,0.883713090568186,"black"
4.04085978874616e-07,0.333333333333333,0.520962171028203,0.134670857865264,0.883713090568186,"black"
4.04085978874616e-07,1,0.520962171028203,0.134670857865264,0.883713090568186,"#e06a5d"
4.04085978874616e-07,0.333333333333333,0.520962171028203,0.134670857865264,0.883713090568186,"black"
4.04085978874616e-07,0.666666666666667,0.520962171028203,0.134670857865264,0.883713090568186,"black"
4.04085978874616e-07,0.333333333333333,0.520962171028203,0.134670857865264,0.883713090568186,"black"
4.04085978874616e-07,0.666666666666667,0.520962171028203,0.134670857865264,0.883713090568186,"black"
4.04085978874616e-07,0.333333333333333,0.520962171028203,0.134670857865264,0.883713090568186,"black"
4.04085978874616e-07,0.666666666666667,0.520962171028203,0.134670857865264,0.883713090568186,"black"
4.04085978874616e-07,0.666666666666667,0.520962171028203,0.134670857865264,0.883713090568186,"black"
4.04085978874616e-07,0.666666666666667,0.520962171028203,0.134670857865264,0.883713090568186,"black"
4.04085978874616e-07,0.666666666666667,0.520962171028203,0.134670857865264,0.883713090568186,"black"
4.04085978874616e-07,0.333333333333333,0.520962171028203,0.134670857865264,0.883713090568186,"black"
4.04085978874616e-07,0.666666666666667,0.520962171028203,0.134670857865264,0.883713090568186,"black"
4.04085978874616e-07,0.333333333333333,0.520962171028203,0.134670857865264,0.883713090568186,"black"
4.04085978874616e-07,0.666666666666667,0.520962171028203,0.134670857865264,0.883713090568186,"black"
4.04085978874616e-07,0.333333333333333,0.520962171028203,0.134670857865264,0.883713090568186,"black"
4.04085978874616e-07,0.333333333333333,0.520962171028203,0.134670857865264,0.883713090568186,"black"
4.04085978874616e-07,0.666666666666667,0.520962171028203,0.134670857865264,0.883713090568186,"black"
4.04085978874616e-07,0.666666666666667,0.520962171028203,0.134670857865264,0.883713090568186,"black"
4.04085978874616e-07,0.666666666666667,0.520962171028203,0.134670857865264,0.883713090568186,"black"
4.04085978874616e-07,0.333333333333333,0.520962171028203,0.134670857865264,0.883713090568186,"black"
4.04085978874616e-07,0.666666666666667,0.520962171028203,0.134670857865264,0.883713090568186,"black"
4.04085978874616e-07,0.666666666666667,0.520962171028203,0.134670857865264,0.883713090568186,"black"
4.04085978874616e-07,0.666666666666667,0.520962171028203,0.134670857865264,0.883713090568186,"black"
4.04085978874616e-07,0.666666666666667,0.520962171028203,0.134670857865264,0.883713090568186,"black"
4.04085978874616e-07,0.666666666666667,0.520962171028203,0.134670857865264,0.883713090568186,"black"
4.04085978874616e-07,0.666666666666667,0.520962171028203,0.134670857865264,0.883713090568186,"black"
4.04085978874616e-07,0.666666666666667,0.520962171028203,0.134670857865264,0.883713090568186,"black"
4.04085978874616e-07,0.666666666666667,0.520962171028203,0.134670857865264,0.883713090568186,"black"
4.04085978874616e-07,0.666666666666667,0.520962171028203,0.134670857865264,0.883713090568186,"black"
4.04085978874616e-07,0.333333333333333,0.520962171028203,0.134670857865264,0.883713090568186,"black"
4.04085978874616e-07,0.333333333333333,0.520962171028203,0.134670857865264,0.883713090568186,"black"
4.04085978874616e-07,0.666666666666667,0.520962171028203,0.134670857865264,0.883713090568186,"black"
4.04085978874616e-07,0.333333333333333,0.520962171028203,0.134670857865264,0.883713090568186,"black"
4.04085978874616e-07,0.333333333333333,0.520962171028203,0.134670857865264,0.883713090568186,"black"
4.04085978874616e-07,0.666666666666667,0.520962171028203,0.134670857865264,0.883713090568186,"black"
4.04085978874616e-07,0.333333333333333,0.520962171028203,0.134670857865264,0.883713090568186,"black"
4.04085978874616e-07,0.666666666666667,0.520962171028203,0.134670857865264,0.883713090568186,"black"
4.04085978874616e-07,0.333333333333333,0.520962171028203,0.134670857865264,0.883713090568186,"black"
4.04085978874616e-07,0.666666666666667,0.520962171028203,0.134670857865264,0.883713090568186,"black"
4.04085978874616e-07,0.333333333333333,0.520962171028203,0.134670857865264,0.883713090568186,"black"
4.04085978874616e-07,0.666666666666667,0.520962171028203,0.134670857865264,0.883713090568186,"black"
4.04085978874616e-07,0.666666666666667,0.520962171028203,0.134670857865264,0.883713090568186,"black"
4.04085978874616e-07,0.333333333333333,0.520962171028203,0.134670857865264,0.883713090568186,"black"
4.04085978874616e-07,0.333333333333333,0.520962171028203,0.134670857865264,0.883713090568186,"black"
4.04085978874616e-07,0.333333333333333,0.520962171028203,0.134670857865264,0.883713090568186,"black"
4.04085978874616e-07,0.333333333333333,0.520962171028203,0.134670857865264,0.883713090568186,"black"
4.04085978874616e-07,0.333333333333333,0.520962171028203,0.134670857865264,0.883713090568186,"black"
4.04085978874616e-07,0.333333333333333,0.520962171028203,0.134670857865264,0.883713090568186,"black"
4.04085978874616e-07,0.333333333333333,0.520962171028203,0.134670857865264,0.883713090568186,"black"
4.04085978874616e-07,0.666666666666667,0.520962171028203,0.134670857865264,0.883713090568186,"black"
4.04085978874616e-07,0.333333333333333,0.520962171028203,0.134670857865264,0.883713090568186,"black"
4.04085978874616e-07,0.333333333333333,0.520962171028203,0.134670857865264,0.883713090568186,"black"
4.04085978874616e-07,0.333333333333333,0.520962171028203,0.134670857865264,0.883713090568186,"black"
4.04085978874616e-07,0.333333333333333,0.520962171028203,0.134670857865264,0.883713090568186,"black"
4.04085978874616e-07,0.333333333333333,0.520962171028203,0.134670857865264,0.883713090568186,"black"
4.04085978874616e-07,0.333333333333333,0.520962171028203,0.134670857865264,0.883713090568186,"black"
4.04085978874616e-07,0.666666666666667,0.520962171028203,0.134670857865264,0.883713090568186,"black"
4.04085978874616e-07,0.666666666666667,0.520962171028203,0.134670857865264,0.883713090568186,"black"
4.04085978874616e-07,0.333333333333333,0.520962171028203,0.134670857865264,0.883713090568186,"black"
4.04085978874616e-07,0.666666666666667,0.520962171028203,0.134670857865264,0.883713090568186,"black"
4.04085978874616e-07,0.333333333333333,0.520962171028203,0.134670857865264,0.883713090568186,"black"
4.04085978874616e-07,0.333333333333333,0.520962171028203,0.134670857865264,0.883713090568186,"black"
4.04085978874616e-07,0.333333333333333,0.520962171028203,0.134670857865264,0.883713090568186,"black"
4.04085978874616e-07,0.333333333333333,0.520962171028203,0.134670857865264,0.883713090568186,"black"
4.04085978874616e-07,0.666666666666667,0.520962171028203,0.134670857865264,0.883713090568186,"black"
4.04085978874616e-07,0.666666666666667,0.520962171028203,0.134670857865264,0.883713090568186,"black"
4.04085978874616e-07,0.333333333333333,0.520962171028203,0.134670857865264,0.883713090568186,"black"
4.04085978874616e-07,0.333333333333333,0.520962171028203,0.134670857865264,0.883713090568186,"black"
4.04085978874616e-07,0.333333333333333,0.520962171028203,0.134670857865264,0.883713090568186,"black"
4.04085978874616e-07,0.666666666666667,0.520962171028203,0.134670857865264,0.883713090568186,"black"
4.04085978874616e-07,0.666666666666667,0.520962171028203,0.134670857865264,0.883713090568186,"black"
4.61812547285275e-07,0.333333333333333,0.577311801474056,0.161205084660828,0.906597824192648,"black"
4.61812547285275e-07,0.666666666666667,0.577311801474056,0.161205084660828,0.906597824192648,"black"
4.61812547285275e-07,0.666666666666667,0.577311801474056,0.161205084660828,0.906597824192648,"black"
4.61812547285275e-07,0.666666666666667,0.577311801474056,0.161205084660828,0.906597824192648,"black"
4.61812547285275e-07,0.666666666666667,0.577311801474056,0.161205084660828,0.906597824192648,"black"
4.61812547285275e-07,0.666666666666667,0.577311801474056,0.161205084660828,0.906597824192648,"black"
4.61812547285275e-07,1,0.577311801474056,0.161205084660828,0.906597824192648,"#e06a5d"
4.61812547285275e-07,0.666666666666667,0.577311801474056,0.161205084660828,0.906597824192648,"black"
4.61812547285275e-07,0.333333333333333,0.577311801474056,0.161205084660828,0.906597824192648,"black"
4.61812547285275e-07,0.666666666666667,0.577311801474056,0.161205084660828,0.906597824192648,"black"
4.61812547285275e-07,0.666666666666667,0.577311801474056,0.161205084660828,0.906597824192648,"black"
4.61812547285275e-07,0.666666666666667,0.577311801474056,0.161205084660828,0.906597824192648,"black"
4.61812547285275e-07,1,0.577311801474056,0.161205084660828,0.906597824192648,"#e06a5d"
4.61812547285275e-07,0.666666666666667,0.577311801474056,0.161205084660828,0.906597824192648,"black"
4.61812547285275e-07,0.666666666666667,0.577311801474056,0.161205084660828,0.906597824192648,"black"
4.61812547285275e-07,0.666666666666667,0.577311801474056,0.161205084660828,0.906597824192648,"black"
4.61812547285275e-07,0.666666666666667,0.577311801474056,0.161205084660828,0.906597824192648,"black"
4.61812547285275e-07,0.666666666666667,0.577311801474056,0.161205084660828,0.906597824192648,"black"
4.61812547285275e-07,0.333333333333333,0.577311801474056,0.161205084660828,0.906597824192648,"black"
4.61812547285275e-07,0.666666666666667,0.577311801474056,0.161205084660828,0.906597824192648,"black"
4.61812547285275e-07,0.333333333333333,0.577311801474056,0.161205084660828,0.906597824192648,"black"
4.61812547285275e-07,0.333333333333333,0.577311801474056,0.161205084660828,0.906597824192648,"black"
4.61812547285275e-07,0.333333333333333,0.577311801474056,0.161205084660828,0.906597824192648,"black"
4.61812547285275e-07,0.666666666666667,0.577311801474056,0.161205084660828,0.906597824192648,"black"
4.61812547285275e-07,0.333333333333333,0.577311801474056,0.161205084660828,0.906597824192648,"black"
4.61812547285275e-07,0.666666666666667,0.577311801474056,0.161205084660828,0.906597824192648,"black"
4.61812547285275e-07,0.333333333333333,0.577311801474056,0.161205084660828,0.906597824192648,"black"
4.61812547285275e-07,0.666666666666667,0.577311801474056,0.161205084660828,0.906597824192648,"black"
4.61812547285275e-07,0.666666666666667,0.577311801474056,0.161205084660828,0.906597824192648,"black"
4.61812547285275e-07,1,0.577311801474056,0.161205084660828,0.906597824192648,"#e06a5d"
4.61812547285275e-07,0.333333333333333,0.577311801474056,0.161205084660828,0.906597824192648,"black"
4.61812547285275e-07,0.666666666666667,0.577311801474056,0.161205084660828,0.906597824192648,"black"
4.61812547285275e-07,0.666666666666667,0.577311801474056,0.161205084660828,0.906597824192648,"black"
4.61812547285275e-07,0.333333333333333,0.577311801474056,0.161205084660828,0.906597824192648,"black"
4.61812547285275e-07,1,0.577311801474056,0.161205084660828,0.906597824192648,"#e06a5d"
4.61812547285275e-07,0.333333333333333,0.577311801474056,0.161205084660828,0.906597824192648,"black"
4.61812547285275e-07,0.666666666666667,0.577311801474056,0.161205084660828,0.906597824192648,"black"
4.61812547285275e-07,0.666666666666667,0.577311801474056,0.161205084660828,0.906597824192648,"black"
4.61812547285275e-07,0.666666666666667,0.577311801474056,0.161205084660828,0.906597824192648,"black"
4.61812547285275e-07,0.333333333333333,0.577311801474056,0.161205084660828,0.906597824192648,"black"
4.61812547285275e-07,0.333333333333333,0.577311801474056,0.161205084660828,0.906597824192648,"black"
4.61812547285275e-07,0.666666666666667,0.577311801474056,0.161205084660828,0.906597824192648,"black"
4.61812547285275e-07,0.666666666666667,0.577311801474056,0.161205084660828,0.906597824192648,"black"
4.61812547285275e-07,0.666666666666667,0.577311801474056,0.161205084660828,0.906597824192648,"black"
4.61812547285275e-07,0.333333333333333,0.577311801474056,0.161205084660828,0.906597824192648,"black"
4.61812547285275e-07,0.666666666666667,0.577311801474056,0.161205084660828,0.906597824192648,"black"
4.61812547285275e-07,0.666666666666667,0.577311801474056,0.161205084660828,0.906597824192648,"black"
4.61812547285275e-07,0.333333333333333,0.577311801474056,0.161205084660828,0.906597824192648,"black"
4.61812547285275e-07,0.666666666666667,0.577311801474056,0.161205084660828,0.906597824192648,"black"
4.61812547285275e-07,0.666666666666667,0.577311801474056,0.161205084660828,0.906597824192648,"black"
4.61812547285275e-07,0.333333333333333,0.577311801474056,0.161205084660828,0.906597824192648,"black"
4.61812547285275e-07,0.666666666666667,0.577311801474056,0.161205084660828,0.906597824192648,"black"
4.61812547285275e-07,0.333333333333333,0.577311801474056,0.161205084660828,0.906597824192648,"black"
4.61812547285275e-07,0.666666666666667,0.577311801474056,0.161205084660828,0.906597824192648,"black"
4.61812547285275e-07,0.333333333333333,0.577311801474056,0.161205084660828,0.906597824192648,"black"
4.61812547285275e-07,0.333333333333333,0.577311801474056,0.161205084660828,0.906597824192648,"black"
4.61812547285275e-07,0.666666666666667,0.577311801474056,0.161205084660828,0.906597824192648,"black"
4.61812547285275e-07,0.333333333333333,0.577311801474056,0.161205084660828,0.906597824192648,"black"
4.61812547285275e-07,0.333333333333333,0.577311801474056,0.161205084660828,0.906597824192648,"black"
4.61812547285275e-07,0.666666666666667,0.577311801474056,0.161205084660828,0.906597824192648,"black"
4.61812547285275e-07,0.666666666666667,0.577311801474056,0.161205084660828,0.906597824192648,"black"
4.61812547285275e-07,0.333333333333333,0.577311801474056,0.161205084660828,0.906597824192648,"black"
4.61812547285275e-07,0.666666666666667,0.577311801474056,0.161205084660828,0.906597824192648,"black"
4.61812547285275e-07,0.666666666666667,0.577311801474056,0.161205084660828,0.906597824192648,"black"
4.61812547285275e-07,0.333333333333333,0.577311801474056,0.161205084660828,0.906597824192648,"black"
4.61812547285275e-07,0.333333333333333,0.577311801474056,0.161205084660828,0.906597824192648,"black"
4.61812547285275e-07,0.666666666666667,0.577311801474056,0.161205084660828,0.906597824192648,"black"
4.61812547285275e-07,0.333333333333333,0.577311801474056,0.161205084660828,0.906597824192648,"black"
4.61812547285275e-07,0.666666666666667,0.577311801474056,0.161205084660828,0.906597824192648,"black"
4.61812547285275e-07,0.333333333333333,0.577311801474056,0.161205084660828,0.906597824192648,"black"
4.61812547285275e-07,0.666666666666667,0.577311801474056,0.161205084660828,0.906597824192648,"black"
4.61812547285275e-07,0.333333333333333,0.577311801474056,0.161205084660828,0.906597824192648,"black"
4.61812547285275e-07,1,0.577311801474056,0.161205084660828,0.906597824192648,"#e06a5d"
4.61812547285275e-07,1,0.577311801474056,0.161205084660828,0.906597824192648,"#e06a5d"
4.61812547285275e-07,0.666666666666667,0.577311801474056,0.161205084660828,0.906597824192648,"black"
4.61812547285275e-07,1,0.577311801474056,0.161205084660828,0.906597824192648,"#e06a5d"
4.61812547285275e-07,0.666666666666667,0.577311801474056,0.161205084660828,0.906597824192648,"black"
4.61812547285275e-07,0.333333333333333,0.577311801474056,0.161205084660828,0.906597824192648,"black"
4.61812547285275e-07,0.666666666666667,0.577311801474056,0.161205084660828,0.906597824192648,"black"
4.61812547285275e-07,0.333333333333333,0.577311801474056,0.161205084660828,0.906597824192648,"black"
4.61812547285275e-07,0.666666666666667,0.577311801474056,0.161205084660828,0.906597824192648,"black"
4.61812547285275e-07,0.666666666666667,0.577311801474056,0.161205084660828,0.906597824192648,"black"
4.61812547285275e-07,0.666666666666667,0.577311801474056,0.161205084660828,0.906597824192648,"black"
4.61812547285275e-07,0.666666666666667,0.577311801474056,0.161205084660828,0.906597824192648,"black"
4.61812547285275e-07,0.666666666666667,0.577311801474056,0.161205084660828,0.906597824192648,"black"
4.61812547285275e-07,0.666666666666667,0.577311801474056,0.161205084660828,0.906597824192648,"black"
4.61812547285275e-07,0.666666666666667,0.577311801474056,0.161205084660828,0.906597824192648,"black"
4.61812547285275e-07,0.666666666666667,0.577311801474056,0.161205084660828,0.906597824192648,"black"
4.61812547285275e-07,0.666666666666667,0.577311801474056,0.161205084660828,0.906597824192648,"black"
4.61812547285275e-07,0.333333333333333,0.577311801474056,0.161205084660828,0.906597824192648,"black"
4.61812547285275e-07,0.333333333333333,0.577311801474056,0.161205084660828,0.906597824192648,"black"
4.61812547285275e-07,0.666666666666667,0.577311801474056,0.161205084660828,0.906597824192648,"black"
4.61812547285275e-07,0.666666666666667,0.577311801474056,0.161205084660828,0.906597824192648,"black"
4.61812547285275e-07,0.666666666666667,0.577311801474056,0.161205084660828,0.906597824192648,"black"
4.61812547285275e-07,0.666666666666667,0.577311801474056,0.161205084660828,0.906597824192648,"black"
4.61812547285275e-07,0.666666666666667,0.577311801474056,0.161205084660828,0.906597824192648,"black"
4.61812547285275e-07,0.666666666666667,0.577311801474056,0.161205084660828,0.906597824192648,"black"
4.61812547285275e-07,1,0.577311801474056,0.161205084660828,0.906597824192648,"#e06a5d"
4.61812547285275e-07,0.666666666666667,0.577311801474056,0.161205084660828,0.906597824192648,"black"
4.61812547285275e-07,0.333333333333333,0.577311801474056,0.161205084660828,0.906597824192648,"black"
4.61812547285275e-07,0.666666666666667,0.577311801474056,0.161205084660828,0.906597824192648,"black"
4.61812547285275e-07,0.333333333333333,0.577311801474056,0.161205084660828,0.906597824192648,"black"
4.61812547285275e-07,0.666666666666667,0.577311801474056,0.161205084660828,0.906597824192648,"black"
4.61812547285275e-07,0.666666666666667,0.577311801474056,0.161205084660828,0.906597824192648,"black"
4.61812547285275e-07,0.666666666666667,0.577311801474056,0.161205084660828,0.906597824192648,"black"
4.61812547285275e-07,0.333333333333333,0.577311801474056,0.161205084660828,0.906597824192648,"black"
4.61812547285275e-07,0.333333333333333,0.577311801474056,0.161205084660828,0.906597824192648,"black"
4.61812547285275e-07,0.666666666666667,0.577311801474056,0.161205084660828,0.906597824192648,"black"
4.61812547285275e-07,0.333333333333333,0.577311801474056,0.161205084660828,0.906597824192648,"black"
4.61812547285275e-07,0.666666666666667,0.577311801474056,0.161205084660828,0.906597824192648,"black"
4.61812547285275e-07,0.666666666666667,0.577311801474056,0.161205084660828,0.906597824192648,"black"
4.61812547285275e-07,0.333333333333333,0.577311801474056,0.161205084660828,0.906597824192648,"black"
4.61812547285275e-07,0.666666666666667,0.577311801474056,0.161205084660828,0.906597824192648,"black"
4.61812547285275e-07,0.666666666666667,0.577311801474056,0.161205084660828,0.906597824192648,"black"
4.61812547285275e-07,0.666666666666667,0.577311801474056,0.161205084660828,0.906597824192648,"black"
4.61812547285275e-07,0.333333333333333,0.577311801474056,0.161205084660828,0.906597824192648,"black"
4.61812547285275e-07,0.333333333333333,0.577311801474056,0.161205084660828,0.906597824192648,"black"
4.61812547285275e-07,0.666666666666667,0.577311801474056,0.161205084660828,0.906597824192648,"black"
4.61812547285275e-07,0.333333333333333,0.577311801474056,0.161205084660828,0.906597824192648,"black"
4.61812547285275e-07,0.333333333333333,0.577311801474056,0.161205084660828,0.906597824192648,"black"
4.61812547285275e-07,0.666666666666667,0.577311801474056,0.161205084660828,0.906597824192648,"black"
4.61812547285275e-07,0.333333333333333,0.577311801474056,0.161205084660828,0.906597824192648,"black"
4.61812547285275e-07,0.666666666666667,0.577311801474056,0.161205084660828,0.906597824192648,"black"
4.61812547285275e-07,0.666666666666667,0.577311801474056,0.161205084660828,0.906597824192648,"black"
4.61812547285275e-07,0.666666666666667,0.577311801474056,0.161205084660828,0.906597824192648,"black"
4.61812547285275e-07,0.666666666666667,0.577311801474056,0.161205084660828,0.906597824192648,"black"
4.61812547285275e-07,0.666666666666667,0.577311801474056,0.161205084660828,0.906597824192648,"black"
4.61812547285275e-07,0.666666666666667,0.577311801474056,0.161205084660828,0.906597824192648,"black"
4.61812547285275e-07,0.666666666666667,0.577311801474056,0.161205084660828,0.906597824192648,"black"
4.61812547285275e-07,0.333333333333333,0.577311801474056,0.161205084660828,0.906597824192648,"black"
4.61812547285275e-07,0.666666666666667,0.577311801474056,0.161205084660828,0.906597824192648,"black"
4.61812547285275e-07,0.666666666666667,0.577311801474056,0.161205084660828,0.906597824192648,"black"
4.61812547285275e-07,0.666666666666667,0.577311801474056,0.161205084660828,0.906597824192648,"black"
4.61812547285275e-07,0.666666666666667,0.577311801474056,0.161205084660828,0.906597824192648,"black"
4.61812547285275e-07,0.666666666666667,0.577311801474056,0.161205084660828,0.906597824192648,"black"
4.61812547285275e-07,0.333333333333333,0.577311801474056,0.161205084660828,0.906597824192648,"black"
4.61812547285275e-07,0.333333333333333,0.577311801474056,0.161205084660828,0.906597824192648,"black"
4.61812547285275e-07,0.666666666666667,0.577311801474056,0.161205084660828,0.906597824192648,"black"
4.61812547285275e-07,0.333333333333333,0.577311801474056,0.161205084660828,0.906597824192648,"black"
4.61812547285275e-07,0.333333333333333,0.577311801474056,0.161205084660828,0.906597824192648,"black"
4.61812547285275e-07,0.666666666666667,0.577311801474056,0.161205084660828,0.906597824192648,"black"
4.61812547285275e-07,0.333333333333333,0.577311801474056,0.161205084660828,0.906597824192648,"black"
4.61812547285275e-07,0.666666666666667,0.577311801474056,0.161205084660828,0.906597824192648,"black"
4.61812547285275e-07,1,0.577311801474056,0.161205084660828,0.906597824192648,"#e06a5d"
4.61812547285275e-07,0.333333333333333,0.577311801474056,0.161205084660828,0.906597824192648,"black"
4.61812547285275e-07,0.666666666666667,0.577311801474056,0.161205084660828,0.906597824192648,"black"
4.61812547285275e-07,0.666666666666667,0.577311801474056,0.161205084660828,0.906597824192648,"black"
4.61812547285275e-07,0.333333333333333,0.577311801474056,0.161205084660828,0.906597824192648,"black"
4.61812547285275e-07,0.333333333333333,0.577311801474056,0.161205084660828,0.906597824192648,"black"
4.61812547285275e-07,0.666666666666667,0.577311801474056,0.161205084660828,0.906597824192648,"black"
4.61812547285275e-07,0.666666666666667,0.577311801474056,0.161205084660828,0.906597824192648,"black"
4.61812547285275e-07,0.666666666666667,0.577311801474056,0.161205084660828,0.906597824192648,"black"
4.61812547285275e-07,0.666666666666667,0.577311801474056,0.161205084660828,0.906597824192648,"black"
4.61812547285275e-07,0.666666666666667,0.577311801474056,0.161205084660828,0.906597824192648,"black"
4.61812547285275e-07,0.666666666666667,0.577311801474056,0.161205084660828,0.906597824192648,"black"
4.61812547285275e-07,0.666666666666667,0.577311801474056,0.161205084660828,0.906597824192648,"black"
4.61812547285275e-07,0.333333333333333,0.577311801474056,0.161205084660828,0.906597824192648,"black"
4.61812547285275e-07,0.666666666666667,0.577311801474056,0.161205084660828,0.906597824192648,"black"
4.61812547285275e-07,0.666666666666667,0.577311801474056,0.161205084660828,0.906597824192648,"black"
4.61812547285275e-07,0.666666666666667,0.577311801474056,0.161205084660828,0.906597824192648,"black"
4.61812547285275e-07,0.666666666666667,0.577311801474056,0.161205084660828,0.906597824192648,"black"
4.61812547285275e-07,0.666666666666667,0.577311801474056,0.161205084660828,0.906597824192648,"black"
4.61812547285275e-07,0.666666666666667,0.577311801474056,0.161205084660828,0.906597824192648,"black"
4.61812547285275e-07,0.666666666666667,0.577311801474056,0.161205084660828,0.906597824192648,"black"
4.61812547285275e-07,0.666666666666667,0.577311801474056,0.161205084660828,0.906597824192648,"black"
4.61812547285275e-07,0.666666666666667,0.577311801474056,0.161205084660828,0.906597824192648,"black"
4.61812547285275e-07,0.666666666666667,0.577311801474056,0.161205084660828,0.906597824192648,"black"
4.61812547285275e-07,0.666666666666667,0.577311801474056,0.161205084660828,0.906597824192648,"black"
4.61812547285275e-07,0.666666666666667,0.577311801474056,0.161205084660828,0.906597824192648,"black"
4.61812547285275e-07,0.333333333333333,0.577311801474056,0.161205084660828,0.906597824192648,"black"
4.61812547285275e-07,0.333333333333333,0.577311801474056,0.161205084660828,0.906597824192648,"black"
4.61812547285275e-07,0.666666666666667,0.577311801474056,0.161205084660828,0.906597824192648,"black"
4.61812547285275e-07,0.666666666666667,0.577311801474056,0.161205084660828,0.906597824192648,"black"
4.61812547285275e-07,0.333333333333333,0.577311801474056,0.161205084660828,0.906597824192648,"black"
4.61812547285275e-07,0.666666666666667,0.577311801474056,0.161205084660828,0.906597824192648,"black"
4.61812547285275e-07,0.666666666666667,0.577311801474056,0.161205084660828,0.906597824192648,"black"
4.61812547285275e-07,0.666666666666667,0.577311801474056,0.161205084660828,0.906597824192648,"black"
4.61812547285275e-07,0.666666666666667,0.577311801474056,0.161205084660828,0.906597824192648,"black"
4.61812547285275e-07,0.333333333333333,0.577311801474056,0.161205084660828,0.906597824192648,"black"
4.61812547285275e-07,0.666666666666667,0.577311801474056,0.161205084660828,0.906597824192648,"black"
4.61812547285275e-07,1,0.577311801474056,0.161205084660828,0.906597824192648,"#e06a5d"
4.61812547285275e-07,0.333333333333333,0.577311801474056,0.161205084660828,0.906597824192648,"black"
4.61812547285275e-07,0.666666666666667,0.577311801474056,0.161205084660828,0.906597824192648,"black"
4.61812547285275e-07,0.333333333333333,0.577311801474056,0.161205084660828,0.906597824192648,"black"
4.61812547285275e-07,0.666666666666667,0.577311801474056,0.161205084660828,0.906597824192648,"black"
4.61812547285275e-07,0.333333333333333,0.577311801474056,0.161205084660828,0.906597824192648,"black"
4.61812547285275e-07,0.333333333333333,0.577311801474056,0.161205084660828,0.906597824192648,"black"
4.61812547285275e-07,1,0.577311801474056,0.161205084660828,0.906597824192648,"#e06a5d"
4.61812547285275e-07,0.333333333333333,0.577311801474056,0.161205084660828,0.906597824192648,"black"
4.61812547285275e-07,0.666666666666667,0.577311801474056,0.161205084660828,0.906597824192648,"black"
4.61812547285275e-07,0.333333333333333,0.577311801474056,0.161205084660828,0.906597824192648,"black"
4.61812547285275e-07,1,0.577311801474056,0.161205084660828,0.906597824192648,"#e06a5d"
4.61812547285275e-07,0.333333333333333,0.577311801474056,0.161205084660828,0.906597824192648,"black"
4.61812547285275e-07,0.333333333333333,0.577311801474056,0.161205084660828,0.906597824192648,"black"
4.61812547285275e-07,0.333333333333333,0.577311801474056,0.161205084660828,0.906597824192648,"black"
4.61812547285275e-07,0.333333333333333,0.577311801474056,0.161205084660828,0.906597824192648,"black"
4.61812547285275e-07,0.333333333333333,0.577311801474056,0.161205084660828,0.906597824192648,"black"
4.61812547285275e-07,0.333333333333333,0.577311801474056,0.161205084660828,0.906597824192648,"black"
4.61812547285275e-07,0.333333333333333,0.577311801474056,0.161205084660828,0.906597824192648,"black"
4.61812547285275e-07,0.666666666666667,0.577311801474056,0.161205084660828,0.906597824192648,"black"
4.61812547285275e-07,0.666666666666667,0.577311801474056,0.161205084660828,0.906597824192648,"black"
4.61812547285275e-07,0.333333333333333,0.577311801474056,0.161205084660828,0.906597824192648,"black"
4.61812547285275e-07,0.333333333333333,0.577311801474056,0.161205084660828,0.906597824192648,"black"
4.61812547285275e-07,0.666666666666667,0.577311801474056,0.161205084660828,0.906597824192648,"black"
4.61812547285275e-07,0.666666666666667,0.577311801474056,0.161205084660828,0.906597824192648,"black"
4.61812547285275e-07,0.666666666666667,0.577311801474056,0.161205084660828,0.906597824192648,"black"
4.61812547285275e-07,0.666666666666667,0.577311801474056,0.161205084660828,0.906597824192648,"black"
4.61812547285275e-07,0.333333333333333,0.577311801474056,0.161205084660828,0.906597824192648,"black"
4.61812547285275e-07,0.333333333333333,0.577311801474056,0.161205084660828,0.906597824192648,"black"
4.61812547285275e-07,0.333333333333333,0.577311801474056,0.161205084660828,0.906597824192648,"black"
5.19539115695935e-07,0.666666666666667,0.628594323491763,0.187197074884172,0.925580910217007,"black"
5.19539115695935e-07,0.333333333333333,0.628594323491763,0.187197074884172,0.925580910217007,"black"
5.19539115695935e-07,0.666666666666667,0.628594323491763,0.187197074884172,0.925580910217007,"black"
5.19539115695935e-07,0.666666666666667,0.628594323491763,0.187197074884172,0.925580910217007,"black"
5.19539115695935e-07,0.333333333333333,0.628594323491763,0.187197074884172,0.925580910217007,"black"
5.19539115695935e-07,1,0.628594323491763,0.187197074884172,0.925580910217007,"#e06a5d"
5.19539115695935e-07,0.666666666666667,0.628594323491763,0.187197074884172,0.925580910217007,"black"
5.19539115695935e-07,0.666666666666667,0.628594323491763,0.187197074884172,0.925580910217007,"black"
5.19539115695935e-07,1,0.628594323491763,0.187197074884172,0.925580910217007,"#e06a5d"
5.19539115695935e-07,0.666666666666667,0.628594323491763,0.187197074884172,0.925580910217007,"black"
5.19539115695935e-07,0.666666666666667,0.628594323491763,0.187197074884172,0.925580910217007,"black"
5.19539115695935e-07,0.666666666666667,0.628594323491763,0.187197074884172,0.925580910217007,"black"
5.19539115695935e-07,0.666666666666667,0.628594323491763,0.187197074884172,0.925580910217007,"black"
5.19539115695935e-07,1,0.628594323491763,0.187197074884172,0.925580910217007,"#e06a5d"
5.19539115695935e-07,1,0.628594323491763,0.187197074884172,0.925580910217007,"#e06a5d"
5.19539115695935e-07,0.666666666666667,0.628594323491763,0.187197074884172,0.925580910217007,"black"
5.19539115695935e-07,0.333333333333333,0.628594323491763,0.187197074884172,0.925580910217007,"black"
5.19539115695935e-07,0.666666666666667,0.628594323491763,0.187197074884172,0.925580910217007,"black"
5.19539115695935e-07,1,0.628594323491763,0.187197074884172,0.925580910217007,"#e06a5d"
5.19539115695935e-07,0.333333333333333,0.628594323491763,0.187197074884172,0.925580910217007,"black"
5.19539115695935e-07,1,0.628594323491763,0.187197074884172,0.925580910217007,"#e06a5d"
5.19539115695935e-07,0.666666666666667,0.628594323491763,0.187197074884172,0.925580910217007,"black"
5.19539115695935e-07,0.333333333333333,0.628594323491763,0.187197074884172,0.925580910217007,"black"
5.19539115695935e-07,1,0.628594323491763,0.187197074884172,0.925580910217007,"#e06a5d"
5.19539115695935e-07,0.333333333333333,0.628594323491763,0.187197074884172,0.925580910217007,"black"
5.19539115695935e-07,0.666666666666667,0.628594323491763,0.187197074884172,0.925580910217007,"black"
5.19539115695935e-07,0.666666666666667,0.628594323491763,0.187197074884172,0.925580910217007,"black"
5.19539115695935e-07,0.666666666666667,0.628594323491763,0.187197074884172,0.925580910217007,"black"
5.19539115695935e-07,0.666666666666667,0.628594323491763,0.187197074884172,0.925580910217007,"black"
5.19539115695935e-07,0.666666666666667,0.628594323491763,0.187197074884172,0.925580910217007,"black"
5.19539115695935e-07,0.666666666666667,0.628594323491763,0.187197074884172,0.925580910217007,"black"
5.19539115695935e-07,0.333333333333333,0.628594323491763,0.187197074884172,0.925580910217007,"black"
5.19539115695935e-07,0.666666666666667,0.628594323491763,0.187197074884172,0.925580910217007,"black"
5.19539115695935e-07,0.666666666666667,0.628594323491763,0.187197074884172,0.925580910217007,"black"
5.19539115695935e-07,1,0.628594323491763,0.187197074884172,0.925580910217007,"#e06a5d"
5.19539115695935e-07,0.666666666666667,0.628594323491763,0.187197074884172,0.925580910217007,"black"
5.19539115695935e-07,0.333333333333333,0.628594323491763,0.187197074884172,0.925580910217007,"black"
5.19539115695935e-07,0.666666666666667,0.628594323491763,0.187197074884172,0.925580910217007,"black"
5.19539115695935e-07,0.666666666666667,0.628594323491763,0.187197074884172,0.925580910217007,"black"
5.19539115695935e-07,0.666666666666667,0.628594323491763,0.187197074884172,0.925580910217007,"black"
5.19539115695935e-07,0.666666666666667,0.628594323491763,0.187197074884172,0.925580910217007,"black"
5.19539115695935e-07,1,0.628594323491763,0.187197074884172,0.925580910217007,"#e06a5d"
5.19539115695935e-07,1,0.628594323491763,0.187197074884172,0.925580910217007,"#e06a5d"
5.19539115695935e-07,0.333333333333333,0.628594323491763,0.187197074884172,0.925580910217007,"black"
5.19539115695935e-07,0.666666666666667,0.628594323491763,0.187197074884172,0.925580910217007,"black"
5.19539115695935e-07,0.666666666666667,0.628594323491763,0.187197074884172,0.925580910217007,"black"
5.19539115695935e-07,0.666666666666667,0.628594323491763,0.187197074884172,0.925580910217007,"black"
5.19539115695935e-07,1,0.628594323491763,0.187197074884172,0.925580910217007,"#e06a5d"
5.19539115695935e-07,1,0.628594323491763,0.187197074884172,0.925580910217007,"#e06a5d"
5.19539115695935e-07,0.666666666666667,0.628594323491763,0.187197074884172,0.925580910217007,"black"
5.19539115695935e-07,1,0.628594323491763,0.187197074884172,0.925580910217007,"#e06a5d"
5.19539115695935e-07,0.666666666666667,0.628594323491763,0.187197074884172,0.925580910217007,"black"
5.19539115695935e-07,0.666666666666667,0.628594323491763,0.187197074884172,0.925580910217007,"black"
5.19539115695935e-07,0.666666666666667,0.628594323491763,0.187197074884172,0.925580910217007,"black"
5.19539115695935e-07,1,0.628594323491763,0.187197074884172,0.925580910217007,"#e06a5d"
5.19539115695935e-07,0.666666666666667,0.628594323491763,0.187197074884172,0.925580910217007,"black"
5.19539115695935e-07,0.666666666666667,0.628594323491763,0.187197074884172,0.925580910217007,"black"
5.19539115695935e-07,0.333333333333333,0.628594323491763,0.187197074884172,0.925580910217007,"black"
5.19539115695935e-07,0.666666666666667,0.628594323491763,0.187197074884172,0.925580910217007,"black"
5.19539115695935e-07,0.666666666666667,0.628594323491763,0.187197074884172,0.925580910217007,"black"
5.19539115695935e-07,0.666666666666667,0.628594323491763,0.187197074884172,0.925580910217007,"black"
5.19539115695935e-07,0.666666666666667,0.628594323491763,0.187197074884172,0.925580910217007,"black"
5.19539115695935e-07,0.333333333333333,0.628594323491763,0.187197074884172,0.925580910217007,"black"
5.19539115695935e-07,1,0.628594323491763,0.187197074884172,0.925580910217007,"#e06a5d"
5.19539115695935e-07,1,0.628594323491763,0.187197074884172,0.925580910217007,"#e06a5d"
5.19539115695935e-07,0.666666666666667,0.628594323491763,0.187197074884172,0.925580910217007,"black"
5.19539115695935e-07,0.666666666666667,0.628594323491763,0.187197074884172,0.925580910217007,"black"
5.19539115695935e-07,0.666666666666667,0.628594323491763,0.187197074884172,0.925580910217007,"black"
5.19539115695935e-07,1,0.628594323491763,0.187197074884172,0.925580910217007,"#e06a5d"
5.19539115695935e-07,0.666666666666667,0.628594323491763,0.187197074884172,0.925580910217007,"black"
5.19539115695935e-07,1,0.628594323491763,0.187197074884172,0.925580910217007,"#e06a5d"
5.19539115695935e-07,0.666666666666667,0.628594323491763,0.187197074884172,0.925580910217007,"black"
5.19539115695935e-07,0.666666666666667,0.628594323491763,0.187197074884172,0.925580910217007,"black"
5.19539115695935e-07,0.333333333333333,0.628594323491763,0.187197074884172,0.925580910217007,"black"
5.19539115695935e-07,0.666666666666667,0.628594323491763,0.187197074884172,0.925580910217007,"black"
5.19539115695935e-07,0.666666666666667,0.628594323491763,0.187197074884172,0.925580910217007,"black"
5.19539115695935e-07,0.666666666666667,0.628594323491763,0.187197074884172,0.925580910217007,"black"
5.19539115695935e-07,0.333333333333333,0.628594323491763,0.187197074884172,0.925580910217007,"black"
5.19539115695935e-07,0.666666666666667,0.628594323491763,0.187197074884172,0.925580910217007,"black"
5.19539115695935e-07,0.666666666666667,0.628594323491763,0.187197074884172,0.925580910217007,"black"
5.19539115695935e-07,0.666666666666667,0.628594323491763,0.187197074884172,0.925580910217007,"black"
5.19539115695935e-07,0.666666666666667,0.628594323491763,0.187197074884172,0.925580910217007,"black"
5.19539115695935e-07,1,0.628594323491763,0.187197074884172,0.925580910217007,"#e06a5d"
5.19539115695935e-07,0.666666666666667,0.628594323491763,0.187197074884172,0.925580910217007,"black"
5.19539115695935e-07,0.666666666666667,0.628594323491763,0.187197074884172,0.925580910217007,"black"
5.19539115695935e-07,0.666666666666667,0.628594323491763,0.187197074884172,0.925580910217007,"black"
5.19539115695935e-07,0.666666666666667,0.628594323491763,0.187197074884172,0.925580910217007,"black"
5.19539115695935e-07,0.333333333333333,0.628594323491763,0.187197074884172,0.925580910217007,"black"
5.19539115695935e-07,0.666666666666667,0.628594323491763,0.187197074884172,0.925580910217007,"black"
5.19539115695935e-07,0.666666666666667,0.628594323491763,0.187197074884172,0.925580910217007,"black"
5.19539115695935e-07,0.333333333333333,0.628594323491763,0.187197074884172,0.925580910217007,"black"
5.19539115695935e-07,1,0.628594323491763,0.187197074884172,0.925580910217007,"#e06a5d"
5.19539115695935e-07,0.666666666666667,0.628594323491763,0.187197074884172,0.925580910217007,"black"
5.19539115695935e-07,0.666666666666667,0.628594323491763,0.187197074884172,0.925580910217007,"black"
5.19539115695935e-07,0.333333333333333,0.628594323491763,0.187197074884172,0.925580910217007,"black"
5.19539115695935e-07,1,0.628594323491763,0.187197074884172,0.925580910217007,"#e06a5d"
5.19539115695935e-07,0.666666666666667,0.628594323491763,0.187197074884172,0.925580910217007,"black"
5.19539115695935e-07,0.666666666666667,0.628594323491763,0.187197074884172,0.925580910217007,"black"
5.19539115695935e-07,0.666666666666667,0.628594323491763,0.187197074884172,0.925580910217007,"black"
5.19539115695935e-07,0.666666666666667,0.628594323491763,0.187197074884172,0.925580910217007,"black"
5.19539115695935e-07,0.666666666666667,0.628594323491763,0.187197074884172,0.925580910217007,"black"
5.19539115695935e-07,0.666666666666667,0.628594323491763,0.187197074884172,0.925580910217007,"black"
5.19539115695935e-07,0.666666666666667,0.628594323491763,0.187197074884172,0.925580910217007,"black"
5.19539115695935e-07,0.333333333333333,0.628594323491763,0.187197074884172,0.925580910217007,"black"
5.19539115695935e-07,0.666666666666667,0.628594323491763,0.187197074884172,0.925580910217007,"black"
5.19539115695935e-07,0.666666666666667,0.628594323491763,0.187197074884172,0.925580910217007,"black"
5.19539115695935e-07,0.333333333333333,0.628594323491763,0.187197074884172,0.925580910217007,"black"
5.19539115695935e-07,0.333333333333333,0.628594323491763,0.187197074884172,0.925580910217007,"black"
5.19539115695935e-07,0.333333333333333,0.628594323491763,0.187197074884172,0.925580910217007,"black"
5.19539115695935e-07,0.333333333333333,0.628594323491763,0.187197074884172,0.925580910217007,"black"
5.19539115695935e-07,0.666666666666667,0.628594323491763,0.187197074884172,0.925580910217007,"black"
5.19539115695935e-07,0.666666666666667,0.628594323491763,0.187197074884172,0.925580910217007,"black"
5.19539115695935e-07,0.666666666666667,0.628594323491763,0.187197074884172,0.925580910217007,"black"
5.19539115695935e-07,0.666666666666667,0.628594323491763,0.187197074884172,0.925580910217007,"black"
5.19539115695935e-07,0.666666666666667,0.628594323491763,0.187197074884172,0.925580910217007,"black"
5.19539115695935e-07,0.666666666666667,0.628594323491763,0.187197074884172,0.925580910217007,"black"
5.19539115695935e-07,0.666666666666667,0.628594323491763,0.187197074884172,0.925580910217007,"black"
5.19539115695935e-07,1,0.628594323491763,0.187197074884172,0.925580910217007,"#e06a5d"
5.19539115695935e-07,0.666666666666667,0.628594323491763,0.187197074884172,0.925580910217007,"black"
5.19539115695935e-07,1,0.628594323491763,0.187197074884172,0.925580910217007,"#e06a5d"
5.19539115695935e-07,1,0.628594323491763,0.187197074884172,0.925580910217007,"#e06a5d"
5.19539115695935e-07,0.666666666666667,0.628594323491763,0.187197074884172,0.925580910217007,"black"
5.19539115695935e-07,0.333333333333333,0.628594323491763,0.187197074884172,0.925580910217007,"black"
5.19539115695935e-07,1,0.628594323491763,0.187197074884172,0.925580910217007,"#e06a5d"
5.19539115695935e-07,0.666666666666667,0.628594323491763,0.187197074884172,0.925580910217007,"black"
5.19539115695935e-07,1,0.628594323491763,0.187197074884172,0.925580910217007,"#e06a5d"
5.19539115695935e-07,0.666666666666667,0.628594323491763,0.187197074884172,0.925580910217007,"black"
5.19539115695935e-07,0.666666666666667,0.628594323491763,0.187197074884172,0.925580910217007,"black"
5.19539115695935e-07,0.333333333333333,0.628594323491763,0.187197074884172,0.925580910217007,"black"
5.19539115695935e-07,0.666666666666667,0.628594323491763,0.187197074884172,0.925580910217007,"black"
5.19539115695935e-07,0.666666666666667,0.628594323491763,0.187197074884172,0.925580910217007,"black"
5.19539115695935e-07,0.666666666666667,0.628594323491763,0.187197074884172,0.925580910217007,"black"
5.19539115695935e-07,0.333333333333333,0.628594323491763,0.187197074884172,0.925580910217007,"black"
5.19539115695935e-07,0.666666666666667,0.628594323491763,0.187197074884172,0.925580910217007,"black"
5.19539115695935e-07,0.666666666666667,0.628594323491763,0.187197074884172,0.925580910217007,"black"
5.19539115695935e-07,0.666666666666667,0.628594323491763,0.187197074884172,0.925580910217007,"black"
5.19539115695935e-07,0.333333333333333,0.628594323491763,0.187197074884172,0.925580910217007,"black"
5.19539115695935e-07,0.333333333333333,0.628594323491763,0.187197074884172,0.925580910217007,"black"
5.19539115695935e-07,1,0.628594323491763,0.187197074884172,0.925580910217007,"#e06a5d"
5.19539115695935e-07,1,0.628594323491763,0.187197074884172,0.925580910217007,"#e06a5d"
5.19539115695935e-07,0.666666666666667,0.628594323491763,0.187197074884172,0.925580910217007,"black"
5.19539115695935e-07,0.666666666666667,0.628594323491763,0.187197074884172,0.925580910217007,"black"
5.19539115695935e-07,0.333333333333333,0.628594323491763,0.187197074884172,0.925580910217007,"black"
5.19539115695935e-07,0.666666666666667,0.628594323491763,0.187197074884172,0.925580910217007,"black"
5.19539115695935e-07,0.666666666666667,0.628594323491763,0.187197074884172,0.925580910217007,"black"
5.19539115695935e-07,0.333333333333333,0.628594323491763,0.187197074884172,0.925580910217007,"black"
5.19539115695935e-07,0.666666666666667,0.628594323491763,0.187197074884172,0.925580910217007,"black"
5.19539115695935e-07,0.666666666666667,0.628594323491763,0.187197074884172,0.925580910217007,"black"
5.19539115695935e-07,1,0.628594323491763,0.187197074884172,0.925580910217007,"#e06a5d"
5.19539115695935e-07,0.666666666666667,0.628594323491763,0.187197074884172,0.925580910217007,"black"
5.19539115695935e-07,0.666666666666667,0.628594323491763,0.187197074884172,0.925580910217007,"black"
5.19539115695935e-07,0.666666666666667,0.628594323491763,0.187197074884172,0.925580910217007,"black"
5.19539115695935e-07,0.666666666666667,0.628594323491763,0.187197074884172,0.925580910217007,"black"
5.19539115695935e-07,0.666666666666667,0.628594323491763,0.187197074884172,0.925580910217007,"black"
5.19539115695935e-07,0.666666666666667,0.628594323491763,0.187197074884172,0.925580910217007,"black"
5.19539115695935e-07,0.333333333333333,0.628594323491763,0.187197074884172,0.925580910217007,"black"
5.19539115695935e-07,0.666666666666667,0.628594323491763,0.187197074884172,0.925580910217007,"black"
5.19539115695935e-07,0.666666666666667,0.628594323491763,0.187197074884172,0.925580910217007,"black"
5.19539115695935e-07,0.333333333333333,0.628594323491763,0.187197074884172,0.925580910217007,"black"
5.19539115695935e-07,0.666666666666667,0.628594323491763,0.187197074884172,0.925580910217007,"black"
5.19539115695935e-07,0.666666666666667,0.628594323491763,0.187197074884172,0.925580910217007,"black"
5.19539115695935e-07,0.333333333333333,0.628594323491763,0.187197074884172,0.925580910217007,"black"
5.19539115695935e-07,0.333333333333333,0.628594323491763,0.187197074884172,0.925580910217007,"black"
5.19539115695935e-07,0.666666666666667,0.628594323491763,0.187197074884172,0.925580910217007,"black"
5.19539115695935e-07,0.333333333333333,0.628594323491763,0.187197074884172,0.925580910217007,"black"
5.19539115695935e-07,0.666666666666667,0.628594323491763,0.187197074884172,0.925580910217007,"black"
5.19539115695935e-07,0.666666666666667,0.628594323491763,0.187197074884172,0.925580910217007,"black"
5.19539115695935e-07,0.666666666666667,0.628594323491763,0.187197074884172,0.925580910217007,"black"
5.19539115695935e-07,0.333333333333333,0.628594323491763,0.187197074884172,0.925580910217007,"black"
5.19539115695935e-07,0.666666666666667,0.628594323491763,0.187197074884172,0.925580910217007,"black"
5.19539115695935e-07,0.666666666666667,0.628594323491763,0.187197074884172,0.925580910217007,"black"
5.19539115695935e-07,1,0.628594323491763,0.187197074884172,0.925580910217007,"#e06a5d"
5.19539115695935e-07,0.666666666666667,0.628594323491763,0.187197074884172,0.925580910217007,"black"
5.19539115695935e-07,0.666666666666667,0.628594323491763,0.187197074884172,0.925580910217007,"black"
5.19539115695935e-07,0.666666666666667,0.628594323491763,0.187197074884172,0.925580910217007,"black"
5.19539115695935e-07,0.666666666666667,0.628594323491763,0.187197074884172,0.925580910217007,"black"
5.19539115695935e-07,0.666666666666667,0.628594323491763,0.187197074884172,0.925580910217007,"black"
5.19539115695935e-07,0.333333333333333,0.628594323491763,0.187197074884172,0.925580910217007,"black"
5.19539115695935e-07,0.333333333333333,0.628594323491763,0.187197074884172,0.925580910217007,"black"
5.19539115695935e-07,0.666666666666667,0.628594323491763,0.187197074884172,0.925580910217007,"black"
5.19539115695935e-07,0.333333333333333,0.628594323491763,0.187197074884172,0.925580910217007,"black"
5.19539115695935e-07,0.333333333333333,0.628594323491763,0.187197074884172,0.925580910217007,"black"
5.19539115695935e-07,0.333333333333333,0.628594323491763,0.187197074884172,0.925580910217007,"black"
5.19539115695935e-07,0.666666666666667,0.628594323491763,0.187197074884172,0.925580910217007,"black"
5.19539115695935e-07,0.333333333333333,0.628594323491763,0.187197074884172,0.925580910217007,"black"
5.19539115695935e-07,0.333333333333333,0.628594323491763,0.187197074884172,0.925580910217007,"black"
5.19539115695935e-07,1,0.628594323491763,0.187197074884172,0.925580910217007,"#e06a5d"
5.19539115695935e-07,0.666666666666667,0.628594323491763,0.187197074884172,0.925580910217007,"black"
5.19539115695935e-07,0.666666666666667,0.628594323491763,0.187197074884172,0.925580910217007,"black"
5.19539115695935e-07,0.333333333333333,0.628594323491763,0.187197074884172,0.925580910217007,"black"
5.19539115695935e-07,0.666666666666667,0.628594323491763,0.187197074884172,0.925580910217007,"black"
5.19539115695935e-07,0.333333333333333,0.628594323491763,0.187197074884172,0.925580910217007,"black"
5.19539115695935e-07,0.333333333333333,0.628594323491763,0.187197074884172,0.925580910217007,"black"
5.19539115695935e-07,0.333333333333333,0.628594323491763,0.187197074884172,0.925580910217007,"black"
5.19539115695935e-07,0.666666666666667,0.628594323491763,0.187197074884172,0.925580910217007,"black"
5.19539115695935e-07,0.666666666666667,0.628594323491763,0.187197074884172,0.925580910217007,"black"
5.19539115695935e-07,0.333333333333333,0.628594323491763,0.187197074884172,0.925580910217007,"black"
5.19539115695935e-07,0.666666666666667,0.628594323491763,0.187197074884172,0.925580910217007,"black"
5.77265684106594e-07,0.666666666666667,0.674954564945319,0.212248971030406,0.941187221042648,"black"
5.77265684106594e-07,1,0.674954564945319,0.212248971030406,0.941187221042648,"#e06a5d"
5.77265684106594e-07,0.666666666666667,0.674954564945319,0.212248971030406,0.941187221042648,"black"
5.77265684106594e-07,1,0.674954564945319,0.212248971030406,0.941187221042648,"#e06a5d"
5.77265684106594e-07,1,0.674954564945319,0.212248971030406,0.941187221042648,"#e06a5d"
5.77265684106594e-07,0.666666666666667,0.674954564945319,0.212248971030406,0.941187221042648,"black"
5.77265684106594e-07,0.333333333333333,0.674954564945319,0.212248971030406,0.941187221042648,"black"
5.77265684106594e-07,0.666666666666667,0.674954564945319,0.212248971030406,0.941187221042648,"black"
5.77265684106594e-07,0.666666666666667,0.674954564945319,0.212248971030406,0.941187221042648,"black"
5.77265684106594e-07,1,0.674954564945319,0.212248971030406,0.941187221042648,"#e06a5d"
5.77265684106594e-07,0.666666666666667,0.674954564945319,0.212248971030406,0.941187221042648,"black"
5.77265684106594e-07,1,0.674954564945319,0.212248971030406,0.941187221042648,"#e06a5d"
5.77265684106594e-07,1,0.674954564945319,0.212248971030406,0.941187221042648,"#e06a5d"
5.77265684106594e-07,1,0.674954564945319,0.212248971030406,0.941187221042648,"#e06a5d"
5.77265684106594e-07,0.666666666666667,0.674954564945319,0.212248971030406,0.941187221042648,"black"
5.77265684106594e-07,1,0.674954564945319,0.212248971030406,0.941187221042648,"#e06a5d"
5.77265684106594e-07,0.333333333333333,0.674954564945319,0.212248971030406,0.941187221042648,"black"
5.77265684106594e-07,0.333333333333333,0.674954564945319,0.212248971030406,0.941187221042648,"black"
5.77265684106594e-07,0.666666666666667,0.674954564945319,0.212248971030406,0.941187221042648,"black"
5.77265684106594e-07,0.666666666666667,0.674954564945319,0.212248971030406,0.941187221042648,"black"
5.77265684106594e-07,0.666666666666667,0.674954564945319,0.212248971030406,0.941187221042648,"black"
5.77265684106594e-07,0.333333333333333,0.674954564945319,0.212248971030406,0.941187221042648,"black"
5.77265684106594e-07,0.666666666666667,0.674954564945319,0.212248971030406,0.941187221042648,"black"
5.77265684106594e-07,0.333333333333333,0.674954564945319,0.212248971030406,0.941187221042648,"black"
5.77265684106594e-07,0.666666666666667,0.674954564945319,0.212248971030406,0.941187221042648,"black"
5.77265684106594e-07,1,0.674954564945319,0.212248971030406,0.941187221042648,"#e06a5d"
5.77265684106594e-07,1,0.674954564945319,0.212248971030406,0.941187221042648,"#e06a5d"
5.77265684106594e-07,0.666666666666667,0.674954564945319,0.212248971030406,0.941187221042648,"black"
5.77265684106594e-07,0.666666666666667,0.674954564945319,0.212248971030406,0.941187221042648,"black"
5.77265684106594e-07,0.666666666666667,0.674954564945319,0.212248971030406,0.941187221042648,"black"
5.77265684106594e-07,0.333333333333333,0.674954564945319,0.212248971030406,0.941187221042648,"black"
5.77265684106594e-07,0.666666666666667,0.674954564945319,0.212248971030406,0.941187221042648,"black"
5.77265684106594e-07,1,0.674954564945319,0.212248971030406,0.941187221042648,"#e06a5d"
5.77265684106594e-07,0.666666666666667,0.674954564945319,0.212248971030406,0.941187221042648,"black"
5.77265684106594e-07,0.666666666666667,0.674954564945319,0.212248971030406,0.941187221042648,"black"
5.77265684106594e-07,0.333333333333333,0.674954564945319,0.212248971030406,0.941187221042648,"black"
5.77265684106594e-07,0.666666666666667,0.674954564945319,0.212248971030406,0.941187221042648,"black"
5.77265684106594e-07,0.666666666666667,0.674954564945319,0.212248971030406,0.941187221042648,"black"
5.77265684106594e-07,0.666666666666667,0.674954564945319,0.212248971030406,0.941187221042648,"black"
5.77265684106594e-07,1,0.674954564945319,0.212248971030406,0.941187221042648,"#e06a5d"
5.77265684106594e-07,0.666666666666667,0.674954564945319,0.212248971030406,0.941187221042648,"black"
5.77265684106594e-07,0.666666666666667,0.674954564945319,0.212248971030406,0.941187221042648,"black"
5.77265684106594e-07,0.666666666666667,0.674954564945319,0.212248971030406,0.941187221042648,"black"
5.77265684106594e-07,0.666666666666667,0.674954564945319,0.212248971030406,0.941187221042648,"black"
5.77265684106594e-07,0.333333333333333,0.674954564945319,0.212248971030406,0.941187221042648,"black"
5.77265684106594e-07,0.666666666666667,0.674954564945319,0.212248971030406,0.941187221042648,"black"
5.77265684106594e-07,0.333333333333333,0.674954564945319,0.212248971030406,0.941187221042648,"black"
5.77265684106594e-07,0.666666666666667,0.674954564945319,0.212248971030406,0.941187221042648,"black"
5.77265684106594e-07,1,0.674954564945319,0.212248971030406,0.941187221042648,"#e06a5d"
5.77265684106594e-07,0.666666666666667,0.674954564945319,0.212248971030406,0.941187221042648,"black"
5.77265684106594e-07,0.666666666666667,0.674954564945319,0.212248971030406,0.941187221042648,"black"
5.77265684106594e-07,0.666666666666667,0.674954564945319,0.212248971030406,0.941187221042648,"black"
5.77265684106594e-07,1,0.674954564945319,0.212248971030406,0.941187221042648,"#e06a5d"
5.77265684106594e-07,0.666666666666667,0.674954564945319,0.212248971030406,0.941187221042648,"black"
5.77265684106594e-07,0.666666666666667,0.674954564945319,0.212248971030406,0.941187221042648,"black"
5.77265684106594e-07,1,0.674954564945319,0.212248971030406,0.941187221042648,"#e06a5d"
5.77265684106594e-07,0.666666666666667,0.674954564945319,0.212248971030406,0.941187221042648,"black"
5.77265684106594e-07,0.666666666666667,0.674954564945319,0.212248971030406,0.941187221042648,"black"
5.77265684106594e-07,0.666666666666667,0.674954564945319,0.212248971030406,0.941187221042648,"black"
5.77265684106594e-07,0.333333333333333,0.674954564945319,0.212248971030406,0.941187221042648,"black"
5.77265684106594e-07,0.333333333333333,0.674954564945319,0.212248971030406,0.941187221042648,"black"
5.77265684106594e-07,0.666666666666667,0.674954564945319,0.212248971030406,0.941187221042648,"black"
5.77265684106594e-07,1,0.674954564945319,0.212248971030406,0.941187221042648,"#e06a5d"
5.77265684106594e-07,1,0.674954564945319,0.212248971030406,0.941187221042648,"#e06a5d"
5.77265684106594e-07,0.666666666666667,0.674954564945319,0.212248971030406,0.941187221042648,"black"
5.77265684106594e-07,0.666666666666667,0.674954564945319,0.212248971030406,0.941187221042648,"black"
5.77265684106594e-07,0.666666666666667,0.674954564945319,0.212248971030406,0.941187221042648,"black"
5.77265684106594e-07,0.666666666666667,0.674954564945319,0.212248971030406,0.941187221042648,"black"
5.77265684106594e-07,0.666666666666667,0.674954564945319,0.212248971030406,0.941187221042648,"black"
5.77265684106594e-07,0.666666666666667,0.674954564945319,0.212248971030406,0.941187221042648,"black"
5.77265684106594e-07,0.666666666666667,0.674954564945319,0.212248971030406,0.941187221042648,"black"
5.77265684106594e-07,0.666666666666667,0.674954564945319,0.212248971030406,0.941187221042648,"black"
5.77265684106594e-07,0.666666666666667,0.674954564945319,0.212248971030406,0.941187221042648,"black"
5.77265684106594e-07,1,0.674954564945319,0.212248971030406,0.941187221042648,"#e06a5d"
5.77265684106594e-07,0.666666666666667,0.674954564945319,0.212248971030406,0.941187221042648,"black"
5.77265684106594e-07,0.666666666666667,0.674954564945319,0.212248971030406,0.941187221042648,"black"
5.77265684106594e-07,1,0.674954564945319,0.212248971030406,0.941187221042648,"#e06a5d"
5.77265684106594e-07,1,0.674954564945319,0.212248971030406,0.941187221042648,"#e06a5d"
5.77265684106594e-07,0.666666666666667,0.674954564945319,0.212248971030406,0.941187221042648,"black"
5.77265684106594e-07,0.666666666666667,0.674954564945319,0.212248971030406,0.941187221042648,"black"
5.77265684106594e-07,0.333333333333333,0.674954564945319,0.212248971030406,0.941187221042648,"black"
5.77265684106594e-07,0.666666666666667,0.674954564945319,0.212248971030406,0.941187221042648,"black"
5.77265684106594e-07,0.666666666666667,0.674954564945319,0.212248971030406,0.941187221042648,"black"
5.77265684106594e-07,0.666666666666667,0.674954564945319,0.212248971030406,0.941187221042648,"black"
5.77265684106594e-07,0.666666666666667,0.674954564945319,0.212248971030406,0.941187221042648,"black"
5.77265684106594e-07,1,0.674954564945319,0.212248971030406,0.941187221042648,"#e06a5d"
5.77265684106594e-07,0.666666666666667,0.674954564945319,0.212248971030406,0.941187221042648,"black"
5.77265684106594e-07,0.666666666666667,0.674954564945319,0.212248971030406,0.941187221042648,"black"
5.77265684106594e-07,1,0.674954564945319,0.212248971030406,0.941187221042648,"#e06a5d"
5.77265684106594e-07,0.333333333333333,0.674954564945319,0.212248971030406,0.941187221042648,"black"
5.77265684106594e-07,0.333333333333333,0.674954564945319,0.212248971030406,0.941187221042648,"black"
5.77265684106594e-07,0.666666666666667,0.674954564945319,0.212248971030406,0.941187221042648,"black"
5.77265684106594e-07,0.666666666666667,0.674954564945319,0.212248971030406,0.941187221042648,"black"
5.77265684106594e-07,0.666666666666667,0.674954564945319,0.212248971030406,0.941187221042648,"black"
5.77265684106594e-07,0.666666666666667,0.674954564945319,0.212248971030406,0.941187221042648,"black"
5.77265684106594e-07,0.666666666666667,0.674954564945319,0.212248971030406,0.941187221042648,"black"
5.77265684106594e-07,0.666666666666667,0.674954564945319,0.212248971030406,0.941187221042648,"black"
5.77265684106594e-07,0.666666666666667,0.674954564945319,0.212248971030406,0.941187221042648,"black"
5.77265684106594e-07,0.333333333333333,0.674954564945319,0.212248971030406,0.941187221042648,"black"
5.77265684106594e-07,1,0.674954564945319,0.212248971030406,0.941187221042648,"#e06a5d"
5.77265684106594e-07,1,0.674954564945319,0.212248971030406,0.941187221042648,"#e06a5d"
5.77265684106594e-07,0.666666666666667,0.674954564945319,0.212248971030406,0.941187221042648,"black"
5.77265684106594e-07,0.666666666666667,0.674954564945319,0.212248971030406,0.941187221042648,"black"
5.77265684106594e-07,0.666666666666667,0.674954564945319,0.212248971030406,0.941187221042648,"black"
5.77265684106594e-07,0.666666666666667,0.674954564945319,0.212248971030406,0.941187221042648,"black"
5.77265684106594e-07,0.666666666666667,0.674954564945319,0.212248971030406,0.941187221042648,"black"
5.77265684106594e-07,1,0.674954564945319,0.212248971030406,0.941187221042648,"#e06a5d"
5.77265684106594e-07,0.666666666666667,0.674954564945319,0.212248971030406,0.941187221042648,"black"
5.77265684106594e-07,0.666666666666667,0.674954564945319,0.212248971030406,0.941187221042648,"black"
5.77265684106594e-07,0.666666666666667,0.674954564945319,0.212248971030406,0.941187221042648,"black"
5.77265684106594e-07,0.666666666666667,0.674954564945319,0.212248971030406,0.941187221042648,"black"
5.77265684106594e-07,0.666666666666667,0.674954564945319,0.212248971030406,0.941187221042648,"black"
5.77265684106594e-07,0.333333333333333,0.674954564945319,0.212248971030406,0.941187221042648,"black"
5.77265684106594e-07,0.666666666666667,0.674954564945319,0.212248971030406,0.941187221042648,"black"
5.77265684106594e-07,0.333333333333333,0.674954564945319,0.212248971030406,0.941187221042648,"black"
5.77265684106594e-07,0.333333333333333,0.674954564945319,0.212248971030406,0.941187221042648,"black"
5.77265684106594e-07,0.666666666666667,0.674954564945319,0.212248971030406,0.941187221042648,"black"
5.77265684106594e-07,0.666666666666667,0.674954564945319,0.212248971030406,0.941187221042648,"black"
5.77265684106594e-07,0.666666666666667,0.674954564945319,0.212248971030406,0.941187221042648,"black"
5.77265684106594e-07,0.666666666666667,0.674954564945319,0.212248971030406,0.941187221042648,"black"
5.77265684106594e-07,0.666666666666667,0.674954564945319,0.212248971030406,0.941187221042648,"black"
5.77265684106594e-07,0.333333333333333,0.674954564945319,0.212248971030406,0.941187221042648,"black"
5.77265684106594e-07,1,0.674954564945319,0.212248971030406,0.941187221042648,"#e06a5d"
5.77265684106594e-07,0.666666666666667,0.674954564945319,0.212248971030406,0.941187221042648,"black"
5.77265684106594e-07,0.666666666666667,0.674954564945319,0.212248971030406,0.941187221042648,"black"
5.77265684106594e-07,0.333333333333333,0.674954564945319,0.212248971030406,0.941187221042648,"black"
5.77265684106594e-07,0.666666666666667,0.674954564945319,0.212248971030406,0.941187221042648,"black"
5.77265684106594e-07,0.666666666666667,0.674954564945319,0.212248971030406,0.941187221042648,"black"
5.77265684106594e-07,1,0.674954564945319,0.212248971030406,0.941187221042648,"#e06a5d"
5.77265684106594e-07,0.666666666666667,0.674954564945319,0.212248971030406,0.941187221042648,"black"
5.77265684106594e-07,0.666666666666667,0.674954564945319,0.212248971030406,0.941187221042648,"black"
5.77265684106594e-07,1,0.674954564945319,0.212248971030406,0.941187221042648,"#e06a5d"
5.77265684106594e-07,0.666666666666667,0.674954564945319,0.212248971030406,0.941187221042648,"black"
5.77265684106594e-07,0.666666666666667,0.674954564945319,0.212248971030406,0.941187221042648,"black"
5.77265684106594e-07,0.666666666666667,0.674954564945319,0.212248971030406,0.941187221042648,"black"
5.77265684106594e-07,0.666666666666667,0.674954564945319,0.212248971030406,0.941187221042648,"black"
5.77265684106594e-07,1,0.674954564945319,0.212248971030406,0.941187221042648,"#e06a5d"
5.77265684106594e-07,0.666666666666667,0.674954564945319,0.212248971030406,0.941187221042648,"black"
5.77265684106594e-07,0.666666666666667,0.674954564945319,0.212248971030406,0.941187221042648,"black"
5.77265684106594e-07,0.666666666666667,0.674954564945319,0.212248971030406,0.941187221042648,"black"
5.77265684106594e-07,0.333333333333333,0.674954564945319,0.212248971030406,0.941187221042648,"black"
5.77265684106594e-07,0.666666666666667,0.674954564945319,0.212248971030406,0.941187221042648,"black"
5.77265684106594e-07,0.666666666666667,0.674954564945319,0.212248971030406,0.941187221042648,"black"
5.77265684106594e-07,0.333333333333333,0.674954564945319,0.212248971030406,0.941187221042648,"black"
5.77265684106594e-07,0.666666666666667,0.674954564945319,0.212248971030406,0.941187221042648,"black"
5.77265684106594e-07,1,0.674954564945319,0.212248971030406,0.941187221042648,"#e06a5d"
5.77265684106594e-07,0.666666666666667,0.674954564945319,0.212248971030406,0.941187221042648,"black"
5.77265684106594e-07,0.666666666666667,0.674954564945319,0.212248971030406,0.941187221042648,"black"
5.77265684106594e-07,0.666666666666667,0.674954564945319,0.212248971030406,0.941187221042648,"black"
5.77265684106594e-07,0.333333333333333,0.674954564945319,0.212248971030406,0.941187221042648,"black"
5.77265684106594e-07,0.333333333333333,0.674954564945319,0.212248971030406,0.941187221042648,"black"
5.77265684106594e-07,0.666666666666667,0.674954564945319,0.212248971030406,0.941187221042648,"black"
5.77265684106594e-07,0.666666666666667,0.674954564945319,0.212248971030406,0.941187221042648,"black"
5.77265684106594e-07,0.333333333333333,0.674954564945319,0.212248971030406,0.941187221042648,"black"
5.77265684106594e-07,0.333333333333333,0.674954564945319,0.212248971030406,0.941187221042648,"black"
5.77265684106594e-07,0.666666666666667,0.674954564945319,0.212248971030406,0.941187221042648,"black"
5.77265684106594e-07,0.666666666666667,0.674954564945319,0.212248971030406,0.941187221042648,"black"
5.77265684106594e-07,0.333333333333333,0.674954564945319,0.212248971030406,0.941187221042648,"black"
5.77265684106594e-07,0.333333333333333,0.674954564945319,0.212248971030406,0.941187221042648,"black"
5.77265684106594e-07,0.333333333333333,0.674954564945319,0.212248971030406,0.941187221042648,"black"
5.77265684106594e-07,0.666666666666667,0.674954564945319,0.212248971030406,0.941187221042648,"black"
5.77265684106594e-07,0.333333333333333,0.674954564945319,0.212248971030406,0.941187221042648,"black"
5.77265684106594e-07,0.333333333333333,0.674954564945319,0.212248971030406,0.941187221042648,"black"
6.34992252517253e-07,0.666666666666667,0.716607831864869,0.236065412524648,0.95390094191105,"black"
6.34992252517253e-07,0.666666666666667,0.716607831864869,0.236065412524648,0.95390094191105,"black"
6.34992252517253e-07,0.666666666666667,0.716607831864869,0.236065412524648,0.95390094191105,"black"
6.34992252517253e-07,0.666666666666667,0.716607831864869,0.236065412524648,0.95390094191105,"black"
6.34992252517253e-07,0.666666666666667,0.716607831864869,0.236065412524648,0.95390094191105,"black"
6.34992252517253e-07,1,0.716607831864869,0.236065412524648,0.95390094191105,"#e06a5d"
6.34992252517253e-07,0.666666666666667,0.716607831864869,0.236065412524648,0.95390094191105,"black"
6.34992252517253e-07,1,0.716607831864869,0.236065412524648,0.95390094191105,"#e06a5d"
6.34992252517253e-07,1,0.716607831864869,0.236065412524648,0.95390094191105,"#e06a5d"
6.34992252517253e-07,1,0.716607831864869,0.236065412524648,0.95390094191105,"#e06a5d"
6.34992252517253e-07,0.666666666666667,0.716607831864869,0.236065412524648,0.95390094191105,"black"
6.34992252517253e-07,0.666666666666667,0.716607831864869,0.236065412524648,0.95390094191105,"black"
6.34992252517253e-07,0.666666666666667,0.716607831864869,0.236065412524648,0.95390094191105,"black"
6.34992252517253e-07,1,0.716607831864869,0.236065412524648,0.95390094191105,"#e06a5d"
6.34992252517253e-07,0.666666666666667,0.716607831864869,0.236065412524648,0.95390094191105,"black"
6.34992252517253e-07,0.666666666666667,0.716607831864869,0.236065412524648,0.95390094191105,"black"
6.34992252517253e-07,1,0.716607831864869,0.236065412524648,0.95390094191105,"#e06a5d"
6.34992252517253e-07,1,0.716607831864869,0.236065412524648,0.95390094191105,"#e06a5d"
6.34992252517253e-07,0.666666666666667,0.716607831864869,0.236065412524648,0.95390094191105,"black"
6.34992252517253e-07,0.666666666666667,0.716607831864869,0.236065412524648,0.95390094191105,"black"
6.34992252517253e-07,1,0.716607831864869,0.236065412524648,0.95390094191105,"#e06a5d"
6.34992252517253e-07,1,0.716607831864869,0.236065412524648,0.95390094191105,"#e06a5d"
6.34992252517253e-07,0.666666666666667,0.716607831864869,0.236065412524648,0.95390094191105,"black"
6.34992252517253e-07,0.666666666666667,0.716607831864869,0.236065412524648,0.95390094191105,"black"
6.34992252517253e-07,0.666666666666667,0.716607831864869,0.236065412524648,0.95390094191105,"black"
6.34992252517253e-07,0.666666666666667,0.716607831864869,0.236065412524648,0.95390094191105,"black"
6.34992252517253e-07,0.333333333333333,0.716607831864869,0.236065412524648,0.95390094191105,"black"
6.34992252517253e-07,0.666666666666667,0.716607831864869,0.236065412524648,0.95390094191105,"black"
6.34992252517253e-07,1,0.716607831864869,0.236065412524648,0.95390094191105,"#e06a5d"
6.34992252517253e-07,0.666666666666667,0.716607831864869,0.236065412524648,0.95390094191105,"black"
6.34992252517253e-07,0.666666666666667,0.716607831864869,0.236065412524648,0.95390094191105,"black"
6.34992252517253e-07,0.666666666666667,0.716607831864869,0.236065412524648,0.95390094191105,"black"
6.34992252517253e-07,0.666666666666667,0.716607831864869,0.236065412524648,0.95390094191105,"black"
6.34992252517253e-07,1,0.716607831864869,0.236065412524648,0.95390094191105,"#e06a5d"
6.34992252517253e-07,0.666666666666667,0.716607831864869,0.236065412524648,0.95390094191105,"black"
6.34992252517253e-07,0.666666666666667,0.716607831864869,0.236065412524648,0.95390094191105,"black"
6.34992252517253e-07,0.666666666666667,0.716607831864869,0.236065412524648,0.95390094191105,"black"
6.34992252517253e-07,0.666666666666667,0.716607831864869,0.236065412524648,0.95390094191105,"black"
6.34992252517253e-07,1,0.716607831864869,0.236065412524648,0.95390094191105,"#e06a5d"
6.34992252517253e-07,0.666666666666667,0.716607831864869,0.236065412524648,0.95390094191105,"black"
6.34992252517253e-07,0.666666666666667,0.716607831864869,0.236065412524648,0.95390094191105,"black"
6.34992252517253e-07,1,0.716607831864869,0.236065412524648,0.95390094191105,"#e06a5d"
6.34992252517253e-07,0.666666666666667,0.716607831864869,0.236065412524648,0.95390094191105,"black"
6.34992252517253e-07,0.666666666666667,0.716607831864869,0.236065412524648,0.95390094191105,"black"
6.34992252517253e-07,1,0.716607831864869,0.236065412524648,0.95390094191105,"#e06a5d"
6.34992252517253e-07,0.666666666666667,0.716607831864869,0.236065412524648,0.95390094191105,"black"
6.34992252517253e-07,0.333333333333333,0.716607831864869,0.236065412524648,0.95390094191105,"black"
6.34992252517253e-07,0.666666666666667,0.716607831864869,0.236065412524648,0.95390094191105,"black"
6.34992252517253e-07,0.666666666666667,0.716607831864869,0.236065412524648,0.95390094191105,"black"
6.34992252517253e-07,0.666666666666667,0.716607831864869,0.236065412524648,0.95390094191105,"black"
6.34992252517253e-07,0.666666666666667,0.716607831864869,0.236065412524648,0.95390094191105,"black"
6.34992252517253e-07,0.666666666666667,0.716607831864869,0.236065412524648,0.95390094191105,"black"
6.34992252517253e-07,0.666666666666667,0.716607831864869,0.236065412524648,0.95390094191105,"black"
6.34992252517253e-07,0.666666666666667,0.716607831864869,0.236065412524648,0.95390094191105,"black"
6.34992252517253e-07,0.666666666666667,0.716607831864869,0.236065412524648,0.95390094191105,"black"
6.34992252517253e-07,1,0.716607831864869,0.236065412524648,0.95390094191105,"#e06a5d"
6.34992252517253e-07,0.666666666666667,0.716607831864869,0.236065412524648,0.95390094191105,"black"
6.34992252517253e-07,0.666666666666667,0.716607831864869,0.236065412524648,0.95390094191105,"black"
6.34992252517253e-07,0.333333333333333,0.716607831864869,0.236065412524648,0.95390094191105,"black"
6.34992252517253e-07,1,0.716607831864869,0.236065412524648,0.95390094191105,"#e06a5d"
6.34992252517253e-07,1,0.716607831864869,0.236065412524648,0.95390094191105,"#e06a5d"
6.34992252517253e-07,0.666666666666667,0.716607831864869,0.236065412524648,0.95390094191105,"black"
6.34992252517253e-07,1,0.716607831864869,0.236065412524648,0.95390094191105,"#e06a5d"
6.34992252517253e-07,0.666666666666667,0.716607831864869,0.236065412524648,0.95390094191105,"black"
6.34992252517253e-07,1,0.716607831864869,0.236065412524648,0.95390094191105,"#e06a5d"
6.34992252517253e-07,1,0.716607831864869,0.236065412524648,0.95390094191105,"#e06a5d"
6.34992252517253e-07,0.666666666666667,0.716607831864869,0.236065412524648,0.95390094191105,"black"
6.34992252517253e-07,1,0.716607831864869,0.236065412524648,0.95390094191105,"#e06a5d"
6.34992252517253e-07,0.666666666666667,0.716607831864869,0.236065412524648,0.95390094191105,"black"
6.34992252517253e-07,0.666666666666667,0.716607831864869,0.236065412524648,0.95390094191105,"black"
6.34992252517253e-07,0.333333333333333,0.716607831864869,0.236065412524648,0.95390094191105,"black"
6.34992252517253e-07,1,0.716607831864869,0.236065412524648,0.95390094191105,"#e06a5d"
6.34992252517253e-07,0.333333333333333,0.716607831864869,0.236065412524648,0.95390094191105,"black"
6.34992252517253e-07,1,0.716607831864869,0.236065412524648,0.95390094191105,"#e06a5d"
6.34992252517253e-07,0.666666666666667,0.716607831864869,0.236065412524648,0.95390094191105,"black"
6.34992252517253e-07,0.666666666666667,0.716607831864869,0.236065412524648,0.95390094191105,"black"
6.34992252517253e-07,0.666666666666667,0.716607831864869,0.236065412524648,0.95390094191105,"black"
6.34992252517253e-07,0.666666666666667,0.716607831864869,0.236065412524648,0.95390094191105,"black"
6.34992252517253e-07,1,0.716607831864869,0.236065412524648,0.95390094191105,"#e06a5d"
6.34992252517253e-07,1,0.716607831864869,0.236065412524648,0.95390094191105,"#e06a5d"
6.34992252517253e-07,0.666666666666667,0.716607831864869,0.236065412524648,0.95390094191105,"black"
6.34992252517253e-07,0.666666666666667,0.716607831864869,0.236065412524648,0.95390094191105,"black"
6.34992252517253e-07,1,0.716607831864869,0.236065412524648,0.95390094191105,"#e06a5d"
6.34992252517253e-07,0.666666666666667,0.716607831864869,0.236065412524648,0.95390094191105,"black"
6.34992252517253e-07,0.666666666666667,0.716607831864869,0.236065412524648,0.95390094191105,"black"
6.34992252517253e-07,1,0.716607831864869,0.236065412524648,0.95390094191105,"#e06a5d"
6.34992252517253e-07,1,0.716607831864869,0.236065412524648,0.95390094191105,"#e06a5d"
6.34992252517253e-07,0.666666666666667,0.716607831864869,0.236065412524648,0.95390094191105,"black"
6.34992252517253e-07,0.666666666666667,0.716607831864869,0.236065412524648,0.95390094191105,"black"
6.34992252517253e-07,1,0.716607831864869,0.236065412524648,0.95390094191105,"#e06a5d"
6.34992252517253e-07,1,0.716607831864869,0.236065412524648,0.95390094191105,"#e06a5d"
6.34992252517253e-07,0.333333333333333,0.716607831864869,0.236065412524648,0.95390094191105,"black"
6.34992252517253e-07,0.666666666666667,0.716607831864869,0.236065412524648,0.95390094191105,"black"
6.34992252517253e-07,0.666666666666667,0.716607831864869,0.236065412524648,0.95390094191105,"black"
6.34992252517253e-07,0.666666666666667,0.716607831864869,0.236065412524648,0.95390094191105,"black"
6.34992252517253e-07,0.333333333333333,0.716607831864869,0.236065412524648,0.95390094191105,"black"
6.34992252517253e-07,0.666666666666667,0.716607831864869,0.236065412524648,0.95390094191105,"black"
6.34992252517253e-07,0.666666666666667,0.716607831864869,0.236065412524648,0.95390094191105,"black"
6.34992252517253e-07,0.666666666666667,0.716607831864869,0.236065412524648,0.95390094191105,"black"
6.34992252517253e-07,0.666666666666667,0.716607831864869,0.236065412524648,0.95390094191105,"black"
6.34992252517253e-07,0.666666666666667,0.716607831864869,0.236065412524648,0.95390094191105,"black"
6.34992252517253e-07,1,0.716607831864869,0.236065412524648,0.95390094191105,"#e06a5d"
6.34992252517253e-07,1,0.716607831864869,0.236065412524648,0.95390094191105,"#e06a5d"
6.34992252517253e-07,1,0.716607831864869,0.236065412524648,0.95390094191105,"#e06a5d"
6.34992252517253e-07,0.666666666666667,0.716607831864869,0.236065412524648,0.95390094191105,"black"
6.34992252517253e-07,1,0.716607831864869,0.236065412524648,0.95390094191105,"#e06a5d"
6.34992252517253e-07,0.666666666666667,0.716607831864869,0.236065412524648,0.95390094191105,"black"
6.34992252517253e-07,1,0.716607831864869,0.236065412524648,0.95390094191105,"#e06a5d"
6.34992252517253e-07,0.666666666666667,0.716607831864869,0.236065412524648,0.95390094191105,"black"
6.34992252517253e-07,1,0.716607831864869,0.236065412524648,0.95390094191105,"#e06a5d"
6.34992252517253e-07,1,0.716607831864869,0.236065412524648,0.95390094191105,"#e06a5d"
6.34992252517253e-07,1,0.716607831864869,0.236065412524648,0.95390094191105,"#e06a5d"
6.34992252517253e-07,0.666666666666667,0.716607831864869,0.236065412524648,0.95390094191105,"black"
6.34992252517253e-07,0.666666666666667,0.716607831864869,0.236065412524648,0.95390094191105,"black"
6.34992252517253e-07,0.666666666666667,0.716607831864869,0.236065412524648,0.95390094191105,"black"
6.34992252517253e-07,0.666666666666667,0.716607831864869,0.236065412524648,0.95390094191105,"black"
6.34992252517253e-07,1,0.716607831864869,0.236065412524648,0.95390094191105,"#e06a5d"
6.34992252517253e-07,0.666666666666667,0.716607831864869,0.236065412524648,0.95390094191105,"black"
6.34992252517253e-07,0.666666666666667,0.716607831864869,0.236065412524648,0.95390094191105,"black"
6.34992252517253e-07,0.666666666666667,0.716607831864869,0.236065412524648,0.95390094191105,"black"
6.34992252517253e-07,0.666666666666667,0.716607831864869,0.236065412524648,0.95390094191105,"black"
6.34992252517253e-07,0.333333333333333,0.716607831864869,0.236065412524648,0.95390094191105,"black"
6.34992252517253e-07,1,0.716607831864869,0.236065412524648,0.95390094191105,"#e06a5d"
6.34992252517253e-07,0.666666666666667,0.716607831864869,0.236065412524648,0.95390094191105,"black"
6.34992252517253e-07,0.666666666666667,0.716607831864869,0.236065412524648,0.95390094191105,"black"
6.34992252517253e-07,0.666666666666667,0.716607831864869,0.236065412524648,0.95390094191105,"black"
6.34992252517253e-07,1,0.716607831864869,0.236065412524648,0.95390094191105,"#e06a5d"
6.34992252517253e-07,0.666666666666667,0.716607831864869,0.236065412524648,0.95390094191105,"black"
6.34992252517253e-07,0.666666666666667,0.716607831864869,0.236065412524648,0.95390094191105,"black"
6.34992252517253e-07,0.666666666666667,0.716607831864869,0.236065412524648,0.95390094191105,"black"
6.34992252517253e-07,0.666666666666667,0.716607831864869,0.236065412524648,0.95390094191105,"black"
6.34992252517253e-07,0.666666666666667,0.716607831864869,0.236065412524648,0.95390094191105,"black"
6.34992252517253e-07,0.333333333333333,0.716607831864869,0.236065412524648,0.95390094191105,"black"
6.34992252517253e-07,0.666666666666667,0.716607831864869,0.236065412524648,0.95390094191105,"black"
6.34992252517253e-07,0.666666666666667,0.716607831864869,0.236065412524648,0.95390094191105,"black"
6.34992252517253e-07,0.333333333333333,0.716607831864869,0.236065412524648,0.95390094191105,"black"
6.34992252517253e-07,0.666666666666667,0.716607831864869,0.236065412524648,0.95390094191105,"black"
6.34992252517253e-07,0.333333333333333,0.716607831864869,0.236065412524648,0.95390094191105,"black"
6.34992252517253e-07,0.333333333333333,0.716607831864869,0.236065412524648,0.95390094191105,"black"
6.34992252517253e-07,1,0.716607831864869,0.236065412524648,0.95390094191105,"#e06a5d"
6.34992252517253e-07,0.333333333333333,0.716607831864869,0.236065412524648,0.95390094191105,"black"
6.34992252517253e-07,0.666666666666667,0.716607831864869,0.236065412524648,0.95390094191105,"black"
6.34992252517253e-07,0.333333333333333,0.716607831864869,0.236065412524648,0.95390094191105,"black"
6.34992252517253e-07,0.666666666666667,0.716607831864869,0.236065412524648,0.95390094191105,"black"
6.34992252517253e-07,0.333333333333333,0.716607831864869,0.236065412524648,0.95390094191105,"black"
6.34992252517253e-07,0.666666666666667,0.716607831864869,0.236065412524648,0.95390094191105,"black"
6.34992252517253e-07,0.333333333333333,0.716607831864869,0.236065412524648,0.95390094191105,"black"
6.34992252517253e-07,0.333333333333333,0.716607831864869,0.236065412524648,0.95390094191105,"black"
6.34992252517253e-07,0.333333333333333,0.716607831864869,0.236065412524648,0.95390094191105,"black"
6.92718820927913e-07,0.666666666666667,0.753819271090836,0.258438140604898,0.964162866937307,"black"
6.92718820927913e-07,1,0.753819271090836,0.258438140604898,0.964162866937307,"#e06a5d"
6.92718820927913e-07,0.666666666666667,0.753819271090836,0.258438140604898,0.964162866937307,"black"
6.92718820927913e-07,1,0.753819271090836,0.258438140604898,0.964162866937307,"#e06a5d"
6.92718820927913e-07,1,0.753819271090836,0.258438140604898,0.964162866937307,"#e06a5d"
6.92718820927913e-07,1,0.753819271090836,0.258438140604898,0.964162866937307,"#e06a5d"
6.92718820927913e-07,1,0.753819271090836,0.258438140604898,0.964162866937307,"#e06a5d"
6.92718820927913e-07,1,0.753819271090836,0.258438140604898,0.964162866937307,"#e06a5d"
6.92718820927913e-07,1,0.753819271090836,0.258438140604898,0.964162866937307,"#e06a5d"
6.92718820927913e-07,0.666666666666667,0.753819271090836,0.258438140604898,0.964162866937307,"black"
6.92718820927913e-07,0.666666666666667,0.753819271090836,0.258438140604898,0.964162866937307,"black"
6.92718820927913e-07,0.666666666666667,0.753819271090836,0.258438140604898,0.964162866937307,"black"
6.92718820927913e-07,0.333333333333333,0.753819271090836,0.258438140604898,0.964162866937307,"black"
6.92718820927913e-07,0.666666666666667,0.753819271090836,0.258438140604898,0.964162866937307,"black"
6.92718820927913e-07,0.666666666666667,0.753819271090836,0.258438140604898,0.964162866937307,"black"
6.92718820927913e-07,1,0.753819271090836,0.258438140604898,0.964162866937307,"#e06a5d"
6.92718820927913e-07,1,0.753819271090836,0.258438140604898,0.964162866937307,"#e06a5d"
6.92718820927913e-07,1,0.753819271090836,0.258438140604898,0.964162866937307,"#e06a5d"
6.92718820927913e-07,0.666666666666667,0.753819271090836,0.258438140604898,0.964162866937307,"black"
6.92718820927913e-07,0.333333333333333,0.753819271090836,0.258438140604898,0.964162866937307,"black"
6.92718820927913e-07,0.666666666666667,0.753819271090836,0.258438140604898,0.964162866937307,"black"
6.92718820927913e-07,0.666666666666667,0.753819271090836,0.258438140604898,0.964162866937307,"black"
6.92718820927913e-07,0.333333333333333,0.753819271090836,0.258438140604898,0.964162866937307,"black"
6.92718820927913e-07,0.666666666666667,0.753819271090836,0.258438140604898,0.964162866937307,"black"
6.92718820927913e-07,0.666666666666667,0.753819271090836,0.258438140604898,0.964162866937307,"black"
6.92718820927913e-07,0.666666666666667,0.753819271090836,0.258438140604898,0.964162866937307,"black"
6.92718820927913e-07,1,0.753819271090836,0.258438140604898,0.964162866937307,"#e06a5d"
6.92718820927913e-07,1,0.753819271090836,0.258438140604898,0.964162866937307,"#e06a5d"
6.92718820927913e-07,0.666666666666667,0.753819271090836,0.258438140604898,0.964162866937307,"black"
6.92718820927913e-07,1,0.753819271090836,0.258438140604898,0.964162866937307,"#e06a5d"
6.92718820927913e-07,0.666666666666667,0.753819271090836,0.258438140604898,0.964162866937307,"black"
6.92718820927913e-07,1,0.753819271090836,0.258438140604898,0.964162866937307,"#e06a5d"
6.92718820927913e-07,1,0.753819271090836,0.258438140604898,0.964162866937307,"#e06a5d"
6.92718820927913e-07,0.666666666666667,0.753819271090836,0.258438140604898,0.964162866937307,"black"
6.92718820927913e-07,0.666666666666667,0.753819271090836,0.258438140604898,0.964162866937307,"black"
6.92718820927913e-07,1,0.753819271090836,0.258438140604898,0.964162866937307,"#e06a5d"
6.92718820927913e-07,0.666666666666667,0.753819271090836,0.258438140604898,0.964162866937307,"black"
6.92718820927913e-07,0.666666666666667,0.753819271090836,0.258438140604898,0.964162866937307,"black"
6.92718820927913e-07,0.666666666666667,0.753819271090836,0.258438140604898,0.964162866937307,"black"
6.92718820927913e-07,0.666666666666667,0.753819271090836,0.258438140604898,0.964162866937307,"black"
6.92718820927913e-07,0.666666666666667,0.753819271090836,0.258438140604898,0.964162866937307,"black"
6.92718820927913e-07,1,0.753819271090836,0.258438140604898,0.964162866937307,"#e06a5d"
6.92718820927913e-07,1,0.753819271090836,0.258438140604898,0.964162866937307,"#e06a5d"
6.92718820927913e-07,0.666666666666667,0.753819271090836,0.258438140604898,0.964162866937307,"black"
6.92718820927913e-07,0.666666666666667,0.753819271090836,0.258438140604898,0.964162866937307,"black"
6.92718820927913e-07,0.666666666666667,0.753819271090836,0.258438140604898,0.964162866937307,"black"
6.92718820927913e-07,0.666666666666667,0.753819271090836,0.258438140604898,0.964162866937307,"black"
6.92718820927913e-07,0.666666666666667,0.753819271090836,0.258438140604898,0.964162866937307,"black"
6.92718820927913e-07,0.666666666666667,0.753819271090836,0.258438140604898,0.964162866937307,"black"
6.92718820927913e-07,0.666666666666667,0.753819271090836,0.258438140604898,0.964162866937307,"black"
6.92718820927913e-07,1,0.753819271090836,0.258438140604898,0.964162866937307,"#e06a5d"
6.92718820927913e-07,1,0.753819271090836,0.258438140604898,0.964162866937307,"#e06a5d"
6.92718820927913e-07,0.666666666666667,0.753819271090836,0.258438140604898,0.964162866937307,"black"
6.92718820927913e-07,1,0.753819271090836,0.258438140604898,0.964162866937307,"#e06a5d"
6.92718820927913e-07,0.666666666666667,0.753819271090836,0.258438140604898,0.964162866937307,"black"
6.92718820927913e-07,1,0.753819271090836,0.258438140604898,0.964162866937307,"#e06a5d"
6.92718820927913e-07,0.666666666666667,0.753819271090836,0.258438140604898,0.964162866937307,"black"
6.92718820927913e-07,0.666666666666667,0.753819271090836,0.258438140604898,0.964162866937307,"black"
6.92718820927913e-07,0.666666666666667,0.753819271090836,0.258438140604898,0.964162866937307,"black"
6.92718820927913e-07,0.666666666666667,0.753819271090836,0.258438140604898,0.964162866937307,"black"
6.92718820927913e-07,0.666666666666667,0.753819271090836,0.258438140604898,0.964162866937307,"black"
6.92718820927913e-07,0.666666666666667,0.753819271090836,0.258438140604898,0.964162866937307,"black"
6.92718820927913e-07,0.666666666666667,0.753819271090836,0.258438140604898,0.964162866937307,"black"
6.92718820927913e-07,0.666666666666667,0.753819271090836,0.258438140604898,0.964162866937307,"black"
6.92718820927913e-07,0.666666666666667,0.753819271090836,0.258438140604898,0.964162866937307,"black"
6.92718820927913e-07,1,0.753819271090836,0.258438140604898,0.964162866937307,"#e06a5d"
6.92718820927913e-07,1,0.753819271090836,0.258438140604898,0.964162866937307,"#e06a5d"
6.92718820927913e-07,1,0.753819271090836,0.258438140604898,0.964162866937307,"#e06a5d"
6.92718820927913e-07,0.666666666666667,0.753819271090836,0.258438140604898,0.964162866937307,"black"
6.92718820927913e-07,0.333333333333333,0.753819271090836,0.258438140604898,0.964162866937307,"black"
6.92718820927913e-07,0.666666666666667,0.753819271090836,0.258438140604898,0.964162866937307,"black"
6.92718820927913e-07,0.333333333333333,0.753819271090836,0.258438140604898,0.964162866937307,"black"
6.92718820927913e-07,0.666666666666667,0.753819271090836,0.258438140604898,0.964162866937307,"black"
6.92718820927913e-07,0.666666666666667,0.753819271090836,0.258438140604898,0.964162866937307,"black"
6.92718820927913e-07,0.666666666666667,0.753819271090836,0.258438140604898,0.964162866937307,"black"
6.92718820927913e-07,0.666666666666667,0.753819271090836,0.258438140604898,0.964162866937307,"black"
6.92718820927913e-07,1,0.753819271090836,0.258438140604898,0.964162866937307,"#e06a5d"
6.92718820927913e-07,0.333333333333333,0.753819271090836,0.258438140604898,0.964162866937307,"black"
6.92718820927913e-07,0.666666666666667,0.753819271090836,0.258438140604898,0.964162866937307,"black"
6.92718820927913e-07,0.666666666666667,0.753819271090836,0.258438140604898,0.964162866937307,"black"
6.92718820927913e-07,0.666666666666667,0.753819271090836,0.258438140604898,0.964162866937307,"black"
6.92718820927913e-07,0.666666666666667,0.753819271090836,0.258438140604898,0.964162866937307,"black"
6.92718820927913e-07,0.666666666666667,0.753819271090836,0.258438140604898,0.964162866937307,"black"
6.92718820927913e-07,0.333333333333333,0.753819271090836,0.258438140604898,0.964162866937307,"black"
6.92718820927913e-07,1,0.753819271090836,0.258438140604898,0.964162866937307,"#e06a5d"
6.92718820927913e-07,1,0.753819271090836,0.258438140604898,0.964162866937307,"#e06a5d"
6.92718820927913e-07,1,0.753819271090836,0.258438140604898,0.964162866937307,"#e06a5d"
6.92718820927913e-07,0.666666666666667,0.753819271090836,0.258438140604898,0.964162866937307,"black"
6.92718820927913e-07,0.666666666666667,0.753819271090836,0.258438140604898,0.964162866937307,"black"
6.92718820927913e-07,0.666666666666667,0.753819271090836,0.258438140604898,0.964162866937307,"black"
6.92718820927913e-07,0.666666666666667,0.753819271090836,0.258438140604898,0.964162866937307,"black"
6.92718820927913e-07,1,0.753819271090836,0.258438140604898,0.964162866937307,"#e06a5d"
6.92718820927913e-07,0.666666666666667,0.753819271090836,0.258438140604898,0.964162866937307,"black"
6.92718820927913e-07,0.666666666666667,0.753819271090836,0.258438140604898,0.964162866937307,"black"
6.92718820927913e-07,0.666666666666667,0.753819271090836,0.258438140604898,0.964162866937307,"black"
6.92718820927913e-07,1,0.753819271090836,0.258438140604898,0.964162866937307,"#e06a5d"
6.92718820927913e-07,0.666666666666667,0.753819271090836,0.258438140604898,0.964162866937307,"black"
6.92718820927913e-07,0.333333333333333,0.753819271090836,0.258438140604898,0.964162866937307,"black"
6.92718820927913e-07,1,0.753819271090836,0.258438140604898,0.964162866937307,"#e06a5d"
6.92718820927913e-07,0.666666666666667,0.753819271090836,0.258438140604898,0.964162866937307,"black"
6.92718820927913e-07,0.666666666666667,0.753819271090836,0.258438140604898,0.964162866937307,"black"
6.92718820927913e-07,1,0.753819271090836,0.258438140604898,0.964162866937307,"#e06a5d"
6.92718820927913e-07,0.666666666666667,0.753819271090836,0.258438140604898,0.964162866937307,"black"
6.92718820927913e-07,0.666666666666667,0.753819271090836,0.258438140604898,0.964162866937307,"black"
6.92718820927913e-07,1,0.753819271090836,0.258438140604898,0.964162866937307,"#e06a5d"
6.92718820927913e-07,0.666666666666667,0.753819271090836,0.258438140604898,0.964162866937307,"black"
6.92718820927913e-07,0.666666666666667,0.753819271090836,0.258438140604898,0.964162866937307,"black"
6.92718820927913e-07,0.666666666666667,0.753819271090836,0.258438140604898,0.964162866937307,"black"
6.92718820927913e-07,0.333333333333333,0.753819271090836,0.258438140604898,0.964162866937307,"black"
6.92718820927913e-07,1,0.753819271090836,0.258438140604898,0.964162866937307,"#e06a5d"
6.92718820927913e-07,0.666666666666667,0.753819271090836,0.258438140604898,0.964162866937307,"black"
6.92718820927913e-07,1,0.753819271090836,0.258438140604898,0.964162866937307,"#e06a5d"
6.92718820927913e-07,0.666666666666667,0.753819271090836,0.258438140604898,0.964162866937307,"black"
6.92718820927913e-07,0.666666666666667,0.753819271090836,0.258438140604898,0.964162866937307,"black"
6.92718820927913e-07,0.333333333333333,0.753819271090836,0.258438140604898,0.964162866937307,"black"
6.92718820927913e-07,0.666666666666667,0.753819271090836,0.258438140604898,0.964162866937307,"black"
6.92718820927913e-07,1,0.753819271090836,0.258438140604898,0.964162866937307,"#e06a5d"
6.92718820927913e-07,0.666666666666667,0.753819271090836,0.258438140604898,0.964162866937307,"black"
6.92718820927913e-07,0.333333333333333,0.753819271090836,0.258438140604898,0.964162866937307,"black"
6.92718820927913e-07,1,0.753819271090836,0.258438140604898,0.964162866937307,"#e06a5d"
6.92718820927913e-07,1,0.753819271090836,0.258438140604898,0.964162866937307,"#e06a5d"
6.92718820927913e-07,0.666666666666667,0.753819271090836,0.258438140604898,0.964162866937307,"black"
6.92718820927913e-07,0.333333333333333,0.753819271090836,0.258438140604898,0.964162866937307,"black"
6.92718820927913e-07,0.666666666666667,0.753819271090836,0.258438140604898,0.964162866937307,"black"
6.92718820927913e-07,0.666666666666667,0.753819271090836,0.258438140604898,0.964162866937307,"black"
6.92718820927913e-07,0.333333333333333,0.753819271090836,0.258438140604898,0.964162866937307,"black"
6.92718820927913e-07,0.666666666666667,0.753819271090836,0.258438140604898,0.964162866937307,"black"
6.92718820927913e-07,0.666666666666667,0.753819271090836,0.258438140604898,0.964162866937307,"black"
6.92718820927913e-07,1,0.753819271090836,0.258438140604898,0.964162866937307,"#e06a5d"
6.92718820927913e-07,0.666666666666667,0.753819271090836,0.258438140604898,0.964162866937307,"black"
6.92718820927913e-07,0.333333333333333,0.753819271090836,0.258438140604898,0.964162866937307,"black"
6.92718820927913e-07,0.666666666666667,0.753819271090836,0.258438140604898,0.964162866937307,"black"
6.92718820927913e-07,1,0.753819271090836,0.258438140604898,0.964162866937307,"#e06a5d"
7.50445389338572e-07,0.666666666666667,0.786886578843313,0.279232376957771,0.972368855787094,"black"
7.50445389338572e-07,1,0.786886578843313,0.279232376957771,0.972368855787094,"#e06a5d"
7.50445389338572e-07,0.666666666666667,0.786886578843313,0.279232376957771,0.972368855787094,"black"
7.50445389338572e-07,0.666666666666667,0.786886578843313,0.279232376957771,0.972368855787094,"black"
7.50445389338572e-07,0.666666666666667,0.786886578843313,0.279232376957771,0.972368855787094,"black"
7.50445389338572e-07,1,0.786886578843313,0.279232376957771,0.972368855787094,"#e06a5d"
7.50445389338572e-07,0.666666666666667,0.786886578843313,0.279232376957771,0.972368855787094,"black"
7.50445389338572e-07,0.666666666666667,0.786886578843313,0.279232376957771,0.972368855787094,"black"
7.50445389338572e-07,0.666666666666667,0.786886578843313,0.279232376957771,0.972368855787094,"black"
7.50445389338572e-07,1,0.786886578843313,0.279232376957771,0.972368855787094,"#e06a5d"
7.50445389338572e-07,1,0.786886578843313,0.279232376957771,0.972368855787094,"#e06a5d"
7.50445389338572e-07,0.666666666666667,0.786886578843313,0.279232376957771,0.972368855787094,"black"
7.50445389338572e-07,1,0.786886578843313,0.279232376957771,0.972368855787094,"#e06a5d"
7.50445389338572e-07,1,0.786886578843313,0.279232376957771,0.972368855787094,"#e06a5d"
7.50445389338572e-07,1,0.786886578843313,0.279232376957771,0.972368855787094,"#e06a5d"
7.50445389338572e-07,1,0.786886578843313,0.279232376957771,0.972368855787094,"#e06a5d"
7.50445389338572e-07,0.333333333333333,0.786886578843313,0.279232376957771,0.972368855787094,"black"
7.50445389338572e-07,0.666666666666667,0.786886578843313,0.279232376957771,0.972368855787094,"black"
7.50445389338572e-07,1,0.786886578843313,0.279232376957771,0.972368855787094,"#e06a5d"
7.50445389338572e-07,0.666666666666667,0.786886578843313,0.279232376957771,0.972368855787094,"black"
7.50445389338572e-07,0.666666666666667,0.786886578843313,0.279232376957771,0.972368855787094,"black"
7.50445389338572e-07,1,0.786886578843313,0.279232376957771,0.972368855787094,"#e06a5d"
7.50445389338572e-07,1,0.786886578843313,0.279232376957771,0.972368855787094,"#e06a5d"
7.50445389338572e-07,0.333333333333333,0.786886578843313,0.279232376957771,0.972368855787094,"black"
7.50445389338572e-07,1,0.786886578843313,0.279232376957771,0.972368855787094,"#e06a5d"
7.50445389338572e-07,0.666666666666667,0.786886578843313,0.279232376957771,0.972368855787094,"black"
7.50445389338572e-07,0.666666666666667,0.786886578843313,0.279232376957771,0.972368855787094,"black"
7.50445389338572e-07,1,0.786886578843313,0.279232376957771,0.972368855787094,"#e06a5d"
7.50445389338572e-07,0.666666666666667,0.786886578843313,0.279232376957771,0.972368855787094,"black"
7.50445389338572e-07,0.333333333333333,0.786886578843313,0.279232376957771,0.972368855787094,"black"
7.50445389338572e-07,1,0.786886578843313,0.279232376957771,0.972368855787094,"#e06a5d"
7.50445389338572e-07,1,0.786886578843313,0.279232376957771,0.972368855787094,"#e06a5d"
7.50445389338572e-07,0.333333333333333,0.786886578843313,0.279232376957771,0.972368855787094,"black"
7.50445389338572e-07,0.666666666666667,0.786886578843313,0.279232376957771,0.972368855787094,"black"
7.50445389338572e-07,1,0.786886578843313,0.279232376957771,0.972368855787094,"#e06a5d"
7.50445389338572e-07,0.666666666666667,0.786886578843313,0.279232376957771,0.972368855787094,"black"
7.50445389338572e-07,0.666666666666667,0.786886578843313,0.279232376957771,0.972368855787094,"black"
7.50445389338572e-07,0.666666666666667,0.786886578843313,0.279232376957771,0.972368855787094,"black"
7.50445389338572e-07,1,0.786886578843313,0.279232376957771,0.972368855787094,"#e06a5d"
7.50445389338572e-07,0.666666666666667,0.786886578843313,0.279232376957771,0.972368855787094,"black"
7.50445389338572e-07,0.333333333333333,0.786886578843313,0.279232376957771,0.972368855787094,"black"
7.50445389338572e-07,0.666666666666667,0.786886578843313,0.279232376957771,0.972368855787094,"black"
7.50445389338572e-07,0.666666666666667,0.786886578843313,0.279232376957771,0.972368855787094,"black"
7.50445389338572e-07,0.666666666666667,0.786886578843313,0.279232376957771,0.972368855787094,"black"
7.50445389338572e-07,0.666666666666667,0.786886578843313,0.279232376957771,0.972368855787094,"black"
7.50445389338572e-07,1,0.786886578843313,0.279232376957771,0.972368855787094,"#e06a5d"
7.50445389338572e-07,1,0.786886578843313,0.279232376957771,0.972368855787094,"#e06a5d"
7.50445389338572e-07,0.666666666666667,0.786886578843313,0.279232376957771,0.972368855787094,"black"
7.50445389338572e-07,0.666666666666667,0.786886578843313,0.279232376957771,0.972368855787094,"black"
7.50445389338572e-07,0.666666666666667,0.786886578843313,0.279232376957771,0.972368855787094,"black"
7.50445389338572e-07,1,0.786886578843313,0.279232376957771,0.972368855787094,"#e06a5d"
7.50445389338572e-07,0.666666666666667,0.786886578843313,0.279232376957771,0.972368855787094,"black"
7.50445389338572e-07,0.666666666666667,0.786886578843313,0.279232376957771,0.972368855787094,"black"
7.50445389338572e-07,0.666666666666667,0.786886578843313,0.279232376957771,0.972368855787094,"black"
7.50445389338572e-07,0.666666666666667,0.786886578843313,0.279232376957771,0.972368855787094,"black"
7.50445389338572e-07,0.666666666666667,0.786886578843313,0.279232376957771,0.972368855787094,"black"
7.50445389338572e-07,0.666666666666667,0.786886578843313,0.279232376957771,0.972368855787094,"black"
7.50445389338572e-07,1,0.786886578843313,0.279232376957771,0.972368855787094,"#e06a5d"
7.50445389338572e-07,0.666666666666667,0.786886578843313,0.279232376957771,0.972368855787094,"black"
7.50445389338572e-07,1,0.786886578843313,0.279232376957771,0.972368855787094,"#e06a5d"
7.50445389338572e-07,0.666666666666667,0.786886578843313,0.279232376957771,0.972368855787094,"black"
7.50445389338572e-07,0.666666666666667,0.786886578843313,0.279232376957771,0.972368855787094,"black"
7.50445389338572e-07,1,0.786886578843313,0.279232376957771,0.972368855787094,"#e06a5d"
7.50445389338572e-07,1,0.786886578843313,0.279232376957771,0.972368855787094,"#e06a5d"
7.50445389338572e-07,1,0.786886578843313,0.279232376957771,0.972368855787094,"#e06a5d"
7.50445389338572e-07,0.666666666666667,0.786886578843313,0.279232376957771,0.972368855787094,"black"
7.50445389338572e-07,0.666666666666667,0.786886578843313,0.279232376957771,0.972368855787094,"black"
7.50445389338572e-07,0.666666666666667,0.786886578843313,0.279232376957771,0.972368855787094,"black"
7.50445389338572e-07,0.666666666666667,0.786886578843313,0.279232376957771,0.972368855787094,"black"
7.50445389338572e-07,0.666666666666667,0.786886578843313,0.279232376957771,0.972368855787094,"black"
7.50445389338572e-07,1,0.786886578843313,0.279232376957771,0.972368855787094,"#e06a5d"
7.50445389338572e-07,0.333333333333333,0.786886578843313,0.279232376957771,0.972368855787094,"black"
7.50445389338572e-07,0.333333333333333,0.786886578843313,0.279232376957771,0.972368855787094,"black"
7.50445389338572e-07,1,0.786886578843313,0.279232376957771,0.972368855787094,"#e06a5d"
7.50445389338572e-07,1,0.786886578843313,0.279232376957771,0.972368855787094,"#e06a5d"
7.50445389338572e-07,1,0.786886578843313,0.279232376957771,0.972368855787094,"#e06a5d"
7.50445389338572e-07,0.666666666666667,0.786886578843313,0.279232376957771,0.972368855787094,"black"
7.50445389338572e-07,0.666666666666667,0.786886578843313,0.279232376957771,0.972368855787094,"black"
7.50445389338572e-07,1,0.786886578843313,0.279232376957771,0.972368855787094,"#e06a5d"
7.50445389338572e-07,1,0.786886578843313,0.279232376957771,0.972368855787094,"#e06a5d"
7.50445389338572e-07,1,0.786886578843313,0.279232376957771,0.972368855787094,"#e06a5d"
7.50445389338572e-07,1,0.786886578843313,0.279232376957771,0.972368855787094,"#e06a5d"
7.50445389338572e-07,0.666666666666667,0.786886578843313,0.279232376957771,0.972368855787094,"black"
7.50445389338572e-07,1,0.786886578843313,0.279232376957771,0.972368855787094,"#e06a5d"
7.50445389338572e-07,0.666666666666667,0.786886578843313,0.279232376957771,0.972368855787094,"black"
7.50445389338572e-07,0.666666666666667,0.786886578843313,0.279232376957771,0.972368855787094,"black"
7.50445389338572e-07,0.333333333333333,0.786886578843313,0.279232376957771,0.972368855787094,"black"
7.50445389338572e-07,1,0.786886578843313,0.279232376957771,0.972368855787094,"#e06a5d"
7.50445389338572e-07,1,0.786886578843313,0.279232376957771,0.972368855787094,"#e06a5d"
7.50445389338572e-07,0.666666666666667,0.786886578843313,0.279232376957771,0.972368855787094,"black"
7.50445389338572e-07,1,0.786886578843313,0.279232376957771,0.972368855787094,"#e06a5d"
7.50445389338572e-07,1,0.786886578843313,0.279232376957771,0.972368855787094,"#e06a5d"
7.50445389338572e-07,1,0.786886578843313,0.279232376957771,0.972368855787094,"#e06a5d"
7.50445389338572e-07,1,0.786886578843313,0.279232376957771,0.972368855787094,"#e06a5d"
7.50445389338572e-07,1,0.786886578843313,0.279232376957771,0.972368855787094,"#e06a5d"
7.50445389338572e-07,0.666666666666667,0.786886578843313,0.279232376957771,0.972368855787094,"black"
7.50445389338572e-07,1,0.786886578843313,0.279232376957771,0.972368855787094,"#e06a5d"
7.50445389338572e-07,0.666666666666667,0.786886578843313,0.279232376957771,0.972368855787094,"black"
7.50445389338572e-07,0.666666666666667,0.786886578843313,0.279232376957771,0.972368855787094,"black"
7.50445389338572e-07,0.666666666666667,0.786886578843313,0.279232376957771,0.972368855787094,"black"
7.50445389338572e-07,1,0.786886578843313,0.279232376957771,0.972368855787094,"#e06a5d"
7.50445389338572e-07,0.666666666666667,0.786886578843313,0.279232376957771,0.972368855787094,"black"
7.50445389338572e-07,1,0.786886578843313,0.279232376957771,0.972368855787094,"#e06a5d"
7.50445389338572e-07,0.666666666666667,0.786886578843313,0.279232376957771,0.972368855787094,"black"
7.50445389338572e-07,0.666666666666667,0.786886578843313,0.279232376957771,0.972368855787094,"black"
7.50445389338572e-07,0.666666666666667,0.786886578843313,0.279232376957771,0.972368855787094,"black"
7.50445389338572e-07,0.666666666666667,0.786886578843313,0.279232376957771,0.972368855787094,"black"
7.50445389338572e-07,1,0.786886578843313,0.279232376957771,0.972368855787094,"#e06a5d"
7.50445389338572e-07,1,0.786886578843313,0.279232376957771,0.972368855787094,"#e06a5d"
7.50445389338572e-07,1,0.786886578843313,0.279232376957771,0.972368855787094,"#e06a5d"
7.50445389338572e-07,1,0.786886578843313,0.279232376957771,0.972368855787094,"#e06a5d"
7.50445389338572e-07,0.666666666666667,0.786886578843313,0.279232376957771,0.972368855787094,"black"
7.50445389338572e-07,0.666666666666667,0.786886578843313,0.279232376957771,0.972368855787094,"black"
7.50445389338572e-07,0.666666666666667,0.786886578843313,0.279232376957771,0.972368855787094,"black"
7.50445389338572e-07,0.666666666666667,0.786886578843313,0.279232376957771,0.972368855787094,"black"
7.50445389338572e-07,1,0.786886578843313,0.279232376957771,0.972368855787094,"#e06a5d"
7.50445389338572e-07,1,0.786886578843313,0.279232376957771,0.972368855787094,"#e06a5d"
7.50445389338572e-07,0.333333333333333,0.786886578843313,0.279232376957771,0.972368855787094,"black"
7.50445389338572e-07,0.666666666666667,0.786886578843313,0.279232376957771,0.972368855787094,"black"
7.50445389338572e-07,0.333333333333333,0.786886578843313,0.279232376957771,0.972368855787094,"black"
7.50445389338572e-07,0.333333333333333,0.786886578843313,0.279232376957771,0.972368855787094,"black"
8.08171957749232e-07,0.666666666666667,0.816125801184109,0.298374659788615,0.978869544527477,"black"
8.08171957749232e-07,0.666666666666667,0.816125801184109,0.298374659788615,0.978869544527477,"black"
8.08171957749232e-07,1,0.816125801184109,0.298374659788615,0.978869544527477,"#e06a5d"
8.08171957749232e-07,0.666666666666667,0.816125801184109,0.298374659788615,0.978869544527477,"black"
8.08171957749232e-07,1,0.816125801184109,0.298374659788615,0.978869544527477,"#e06a5d"
8.08171957749232e-07,1,0.816125801184109,0.298374659788615,0.978869544527477,"#e06a5d"
8.08171957749232e-07,1,0.816125801184109,0.298374659788615,0.978869544527477,"#e06a5d"
8.08171957749232e-07,1,0.816125801184109,0.298374659788615,0.978869544527477,"#e06a5d"
8.08171957749232e-07,0.666666666666667,0.816125801184109,0.298374659788615,0.978869544527477,"black"
8.08171957749232e-07,1,0.816125801184109,0.298374659788615,0.978869544527477,"#e06a5d"
8.08171957749232e-07,1,0.816125801184109,0.298374659788615,0.978869544527477,"#e06a5d"
8.08171957749232e-07,0.666666666666667,0.816125801184109,0.298374659788615,0.978869544527477,"black"
8.08171957749232e-07,1,0.816125801184109,0.298374659788615,0.978869544527477,"#e06a5d"
8.08171957749232e-07,0.666666666666667,0.816125801184109,0.298374659788615,0.978869544527477,"black"
8.08171957749232e-07,1,0.816125801184109,0.298374659788615,0.978869544527477,"#e06a5d"
8.08171957749232e-07,0.666666666666667,0.816125801184109,0.298374659788615,0.978869544527477,"black"
8.08171957749232e-07,0.666666666666667,0.816125801184109,0.298374659788615,0.978869544527477,"black"
8.08171957749232e-07,0.333333333333333,0.816125801184109,0.298374659788615,0.978869544527477,"black"
8.08171957749232e-07,1,0.816125801184109,0.298374659788615,0.978869544527477,"#e06a5d"
8.08171957749232e-07,0.666666666666667,0.816125801184109,0.298374659788615,0.978869544527477,"black"
8.08171957749232e-07,1,0.816125801184109,0.298374659788615,0.978869544527477,"#e06a5d"
8.08171957749232e-07,1,0.816125801184109,0.298374659788615,0.978869544527477,"#e06a5d"
8.08171957749232e-07,0.666666666666667,0.816125801184109,0.298374659788615,0.978869544527477,"black"
8.08171957749232e-07,1,0.816125801184109,0.298374659788615,0.978869544527477,"#e06a5d"
8.08171957749232e-07,1,0.816125801184109,0.298374659788615,0.978869544527477,"#e06a5d"
8.08171957749232e-07,1,0.816125801184109,0.298374659788615,0.978869544527477,"#e06a5d"
8.08171957749232e-07,0.666666666666667,0.816125801184109,0.298374659788615,0.978869544527477,"black"
8.08171957749232e-07,0.666666666666667,0.816125801184109,0.298374659788615,0.978869544527477,"black"
8.08171957749232e-07,0.666666666666667,0.816125801184109,0.298374659788615,0.978869544527477,"black"
8.08171957749232e-07,1,0.816125801184109,0.298374659788615,0.978869544527477,"#e06a5d"
8.08171957749232e-07,0.333333333333333,0.816125801184109,0.298374659788615,0.978869544527477,"black"
8.08171957749232e-07,1,0.816125801184109,0.298374659788615,0.978869544527477,"#e06a5d"
8.08171957749232e-07,1,0.816125801184109,0.298374659788615,0.978869544527477,"#e06a5d"
8.08171957749232e-07,0.666666666666667,0.816125801184109,0.298374659788615,0.978869544527477,"black"
8.08171957749232e-07,1,0.816125801184109,0.298374659788615,0.978869544527477,"#e06a5d"
8.08171957749232e-07,0.666666666666667,0.816125801184109,0.298374659788615,0.978869544527477,"black"
8.08171957749232e-07,1,0.816125801184109,0.298374659788615,0.978869544527477,"#e06a5d"
8.08171957749232e-07,1,0.816125801184109,0.298374659788615,0.978869544527477,"#e06a5d"
8.08171957749232e-07,1,0.816125801184109,0.298374659788615,0.978869544527477,"#e06a5d"
8.08171957749232e-07,1,0.816125801184109,0.298374659788615,0.978869544527477,"#e06a5d"
8.08171957749232e-07,1,0.816125801184109,0.298374659788615,0.978869544527477,"#e06a5d"
8.08171957749232e-07,0.666666666666667,0.816125801184109,0.298374659788615,0.978869544527477,"black"
8.08171957749232e-07,0.666666666666667,0.816125801184109,0.298374659788615,0.978869544527477,"black"
8.08171957749232e-07,0.333333333333333,0.816125801184109,0.298374659788615,0.978869544527477,"black"
8.08171957749232e-07,0.666666666666667,0.816125801184109,0.298374659788615,0.978869544527477,"black"
8.08171957749232e-07,0.666666666666667,0.816125801184109,0.298374659788615,0.978869544527477,"black"
8.08171957749232e-07,1,0.816125801184109,0.298374659788615,0.978869544527477,"#e06a5d"
8.08171957749232e-07,1,0.816125801184109,0.298374659788615,0.978869544527477,"#e06a5d"
8.08171957749232e-07,0.666666666666667,0.816125801184109,0.298374659788615,0.978869544527477,"black"
8.08171957749232e-07,0.666666666666667,0.816125801184109,0.298374659788615,0.978869544527477,"black"
8.08171957749232e-07,0.666666666666667,0.816125801184109,0.298374659788615,0.978869544527477,"black"
8.08171957749232e-07,0.666666666666667,0.816125801184109,0.298374659788615,0.978869544527477,"black"
8.08171957749232e-07,1,0.816125801184109,0.298374659788615,0.978869544527477,"#e06a5d"
8.08171957749232e-07,1,0.816125801184109,0.298374659788615,0.978869544527477,"#e06a5d"
8.08171957749232e-07,0.666666666666667,0.816125801184109,0.298374659788615,0.978869544527477,"black"
8.08171957749232e-07,1,0.816125801184109,0.298374659788615,0.978869544527477,"#e06a5d"
8.08171957749232e-07,1,0.816125801184109,0.298374659788615,0.978869544527477,"#e06a5d"
8.08171957749232e-07,0.666666666666667,0.816125801184109,0.298374659788615,0.978869544527477,"black"
8.08171957749232e-07,0.666666666666667,0.816125801184109,0.298374659788615,0.978869544527477,"black"
8.08171957749232e-07,1,0.816125801184109,0.298374659788615,0.978869544527477,"#e06a5d"
8.08171957749232e-07,1,0.816125801184109,0.298374659788615,0.978869544527477,"#e06a5d"
8.08171957749232e-07,1,0.816125801184109,0.298374659788615,0.978869544527477,"#e06a5d"
8.08171957749232e-07,1,0.816125801184109,0.298374659788615,0.978869544527477,"#e06a5d"
8.08171957749232e-07,1,0.816125801184109,0.298374659788615,0.978869544527477,"#e06a5d"
8.08171957749232e-07,0.666666666666667,0.816125801184109,0.298374659788615,0.978869544527477,"black"
8.08171957749232e-07,1,0.816125801184109,0.298374659788615,0.978869544527477,"#e06a5d"
8.08171957749232e-07,0.333333333333333,0.816125801184109,0.298374659788615,0.978869544527477,"black"
8.08171957749232e-07,1,0.816125801184109,0.298374659788615,0.978869544527477,"#e06a5d"
8.08171957749232e-07,0.666666666666667,0.816125801184109,0.298374659788615,0.978869544527477,"black"
8.08171957749232e-07,1,0.816125801184109,0.298374659788615,0.978869544527477,"#e06a5d"
8.08171957749232e-07,1,0.816125801184109,0.298374659788615,0.978869544527477,"#e06a5d"
8.08171957749232e-07,0.666666666666667,0.816125801184109,0.298374659788615,0.978869544527477,"black"
8.08171957749232e-07,1,0.816125801184109,0.298374659788615,0.978869544527477,"#e06a5d"
8.08171957749232e-07,0.666666666666667,0.816125801184109,0.298374659788615,0.978869544527477,"black"
8.08171957749232e-07,0.666666666666667,0.816125801184109,0.298374659788615,0.978869544527477,"black"
8.08171957749232e-07,1,0.816125801184109,0.298374659788615,0.978869544527477,"#e06a5d"
8.08171957749232e-07,1,0.816125801184109,0.298374659788615,0.978869544527477,"#e06a5d"
8.08171957749232e-07,1,0.816125801184109,0.298374659788615,0.978869544527477,"#e06a5d"
8.08171957749232e-07,1,0.816125801184109,0.298374659788615,0.978869544527477,"#e06a5d"
8.08171957749232e-07,1,0.816125801184109,0.298374659788615,0.978869544527477,"#e06a5d"
8.08171957749232e-07,1,0.816125801184109,0.298374659788615,0.978869544527477,"#e06a5d"
8.08171957749232e-07,1,0.816125801184109,0.298374659788615,0.978869544527477,"#e06a5d"
8.08171957749232e-07,1,0.816125801184109,0.298374659788615,0.978869544527477,"#e06a5d"
8.08171957749232e-07,1,0.816125801184109,0.298374659788615,0.978869544527477,"#e06a5d"
8.08171957749232e-07,1,0.816125801184109,0.298374659788615,0.978869544527477,"#e06a5d"
8.08171957749232e-07,1,0.816125801184109,0.298374659788615,0.978869544527477,"#e06a5d"
8.08171957749232e-07,1,0.816125801184109,0.298374659788615,0.978869544527477,"#e06a5d"
8.08171957749232e-07,0.666666666666667,0.816125801184109,0.298374659788615,0.978869544527477,"black"
8.08171957749232e-07,1,0.816125801184109,0.298374659788615,0.978869544527477,"#e06a5d"
8.08171957749232e-07,0.666666666666667,0.816125801184109,0.298374659788615,0.978869544527477,"black"
8.08171957749232e-07,1,0.816125801184109,0.298374659788615,0.978869544527477,"#e06a5d"
8.08171957749232e-07,1,0.816125801184109,0.298374659788615,0.978869544527477,"#e06a5d"
8.08171957749232e-07,1,0.816125801184109,0.298374659788615,0.978869544527477,"#e06a5d"
8.08171957749232e-07,0.666666666666667,0.816125801184109,0.298374659788615,0.978869544527477,"black"
8.08171957749232e-07,0.666666666666667,0.816125801184109,0.298374659788615,0.978869544527477,"black"
8.08171957749232e-07,1,0.816125801184109,0.298374659788615,0.978869544527477,"#e06a5d"
8.08171957749232e-07,0.666666666666667,0.816125801184109,0.298374659788615,0.978869544527477,"black"
8.08171957749232e-07,0.666666666666667,0.816125801184109,0.298374659788615,0.978869544527477,"black"
8.08171957749232e-07,0.666666666666667,0.816125801184109,0.298374659788615,0.978869544527477,"black"
8.08171957749232e-07,0.666666666666667,0.816125801184109,0.298374659788615,0.978869544527477,"black"
8.08171957749232e-07,0.666666666666667,0.816125801184109,0.298374659788615,0.978869544527477,"black"
8.08171957749232e-07,1,0.816125801184109,0.298374659788615,0.978869544527477,"#e06a5d"
8.08171957749232e-07,1,0.816125801184109,0.298374659788615,0.978869544527477,"#e06a5d"
8.08171957749232e-07,0.666666666666667,0.816125801184109,0.298374659788615,0.978869544527477,"black"
8.08171957749232e-07,0.666666666666667,0.816125801184109,0.298374659788615,0.978869544527477,"black"
8.08171957749232e-07,1,0.816125801184109,0.298374659788615,0.978869544527477,"#e06a5d"
8.08171957749232e-07,0.666666666666667,0.816125801184109,0.298374659788615,0.978869544527477,"black"
8.08171957749232e-07,1,0.816125801184109,0.298374659788615,0.978869544527477,"#e06a5d"
8.08171957749232e-07,0.666666666666667,0.816125801184109,0.298374659788615,0.978869544527477,"black"
8.08171957749232e-07,0.666666666666667,0.816125801184109,0.298374659788615,0.978869544527477,"black"
8.08171957749232e-07,1,0.816125801184109,0.298374659788615,0.978869544527477,"#e06a5d"
8.08171957749232e-07,0.666666666666667,0.816125801184109,0.298374659788615,0.978869544527477,"black"
8.08171957749232e-07,0.666666666666667,0.816125801184109,0.298374659788615,0.978869544527477,"black"
8.08171957749232e-07,1,0.816125801184109,0.298374659788615,0.978869544527477,"#e06a5d"
8.08171957749232e-07,0.666666666666667,0.816125801184109,0.298374659788615,0.978869544527477,"black"
8.08171957749232e-07,0.666666666666667,0.816125801184109,0.298374659788615,0.978869544527477,"black"
8.08171957749232e-07,1,0.816125801184109,0.298374659788615,0.978869544527477,"#e06a5d"
8.08171957749232e-07,0.666666666666667,0.816125801184109,0.298374659788615,0.978869544527477,"black"
8.08171957749232e-07,0.666666666666667,0.816125801184109,0.298374659788615,0.978869544527477,"black"
8.08171957749232e-07,0.666666666666667,0.816125801184109,0.298374659788615,0.978869544527477,"black"
8.08171957749232e-07,0.666666666666667,0.816125801184109,0.298374659788615,0.978869544527477,"black"
8.08171957749232e-07,0.333333333333333,0.816125801184109,0.298374659788615,0.978869544527477,"black"
8.08171957749232e-07,0.666666666666667,0.816125801184109,0.298374659788615,0.978869544527477,"black"
8.08171957749232e-07,0.666666666666667,0.816125801184109,0.298374659788615,0.978869544527477,"black"
8.08171957749232e-07,0.666666666666667,0.816125801184109,0.298374659788615,0.978869544527477,"black"
8.08171957749232e-07,0.333333333333333,0.816125801184109,0.298374659788615,0.978869544527477,"black"
8.08171957749232e-07,0.333333333333333,0.816125801184109,0.298374659788615,0.978869544527477,"black"
8.08171957749232e-07,0.333333333333333,0.816125801184109,0.298374659788615,0.978869544527477,"black"
8.65898526159891e-07,1,0.841859924640702,0.315841945191096,0.983971238166792,"#e06a5d"
8.65898526159891e-07,0.666666666666667,0.841859924640702,0.315841945191096,0.983971238166792,"black"
8.65898526159891e-07,0.666666666666667,0.841859924640702,0.315841945191096,0.983971238166792,"black"
8.65898526159891e-07,1,0.841859924640702,0.315841945191096,0.983971238166792,"#e06a5d"
8.65898526159891e-07,1,0.841859924640702,0.315841945191096,0.983971238166792,"#e06a5d"
8.65898526159891e-07,1,0.841859924640702,0.315841945191096,0.983971238166792,"#e06a5d"
8.65898526159891e-07,1,0.841859924640702,0.315841945191096,0.983971238166792,"#e06a5d"
8.65898526159891e-07,0.666666666666667,0.841859924640702,0.315841945191096,0.983971238166792,"black"
8.65898526159891e-07,1,0.841859924640702,0.315841945191096,0.983971238166792,"#e06a5d"
8.65898526159891e-07,1,0.841859924640702,0.315841945191096,0.983971238166792,"#e06a5d"
8.65898526159891e-07,1,0.841859924640702,0.315841945191096,0.983971238166792,"#e06a5d"
8.65898526159891e-07,0.666666666666667,0.841859924640702,0.315841945191096,0.983971238166792,"black"
8.65898526159891e-07,0.666666666666667,0.841859924640702,0.315841945191096,0.983971238166792,"black"
8.65898526159891e-07,1,0.841859924640702,0.315841945191096,0.983971238166792,"#e06a5d"
8.65898526159891e-07,1,0.841859924640702,0.315841945191096,0.983971238166792,"#e06a5d"
8.65898526159891e-07,1,0.841859924640702,0.315841945191096,0.983971238166792,"#e06a5d"
8.65898526159891e-07,1,0.841859924640702,0.315841945191096,0.983971238166792,"#e06a5d"
8.65898526159891e-07,1,0.841859924640702,0.315841945191096,0.983971238166792,"#e06a5d"
8.65898526159891e-07,0.666666666666667,0.841859924640702,0.315841945191096,0.983971238166792,"black"
8.65898526159891e-07,1,0.841859924640702,0.315841945191096,0.983971238166792,"#e06a5d"
8.65898526159891e-07,0.666666666666667,0.841859924640702,0.315841945191096,0.983971238166792,"black"
8.65898526159891e-07,0.666666666666667,0.841859924640702,0.315841945191096,0.983971238166792,"black"
8.65898526159891e-07,1,0.841859924640702,0.315841945191096,0.983971238166792,"#e06a5d"
8.65898526159891e-07,0.666666666666667,0.841859924640702,0.315841945191096,0.983971238166792,"black"
8.65898526159891e-07,0.666666666666667,0.841859924640702,0.315841945191096,0.983971238166792,"black"
8.65898526159891e-07,1,0.841859924640702,0.315841945191096,0.983971238166792,"#e06a5d"
8.65898526159891e-07,1,0.841859924640702,0.315841945191096,0.983971238166792,"#e06a5d"
8.65898526159891e-07,1,0.841859924640702,0.315841945191096,0.983971238166792,"#e06a5d"
8.65898526159891e-07,1,0.841859924640702,0.315841945191096,0.983971238166792,"#e06a5d"
8.65898526159891e-07,1,0.841859924640702,0.315841945191096,0.983971238166792,"#e06a5d"
8.65898526159891e-07,1,0.841859924640702,0.315841945191096,0.983971238166792,"#e06a5d"
8.65898526159891e-07,1,0.841859924640702,0.315841945191096,0.983971238166792,"#e06a5d"
8.65898526159891e-07,1,0.841859924640702,0.315841945191096,0.983971238166792,"#e06a5d"
8.65898526159891e-07,1,0.841859924640702,0.315841945191096,0.983971238166792,"#e06a5d"
8.65898526159891e-07,1,0.841859924640702,0.315841945191096,0.983971238166792,"#e06a5d"
8.65898526159891e-07,1,0.841859924640702,0.315841945191096,0.983971238166792,"#e06a5d"
8.65898526159891e-07,1,0.841859924640702,0.315841945191096,0.983971238166792,"#e06a5d"
8.65898526159891e-07,0.666666666666667,0.841859924640702,0.315841945191096,0.983971238166792,"black"
8.65898526159891e-07,0.666666666666667,0.841859924640702,0.315841945191096,0.983971238166792,"black"
8.65898526159891e-07,0.666666666666667,0.841859924640702,0.315841945191096,0.983971238166792,"black"
8.65898526159891e-07,1,0.841859924640702,0.315841945191096,0.983971238166792,"#e06a5d"
8.65898526159891e-07,1,0.841859924640702,0.315841945191096,0.983971238166792,"#e06a5d"
8.65898526159891e-07,0.666666666666667,0.841859924640702,0.315841945191096,0.983971238166792,"black"
8.65898526159891e-07,1,0.841859924640702,0.315841945191096,0.983971238166792,"#e06a5d"
8.65898526159891e-07,0.666666666666667,0.841859924640702,0.315841945191096,0.983971238166792,"black"
8.65898526159891e-07,1,0.841859924640702,0.315841945191096,0.983971238166792,"#e06a5d"
8.65898526159891e-07,0.666666666666667,0.841859924640702,0.315841945191096,0.983971238166792,"black"
8.65898526159891e-07,0.666666666666667,0.841859924640702,0.315841945191096,0.983971238166792,"black"
8.65898526159891e-07,1,0.841859924640702,0.315841945191096,0.983971238166792,"#e06a5d"
8.65898526159891e-07,0.333333333333333,0.841859924640702,0.315841945191096,0.983971238166792,"black"
8.65898526159891e-07,1,0.841859924640702,0.315841945191096,0.983971238166792,"#e06a5d"
8.65898526159891e-07,0.666666666666667,0.841859924640702,0.315841945191096,0.983971238166792,"black"
8.65898526159891e-07,1,0.841859924640702,0.315841945191096,0.983971238166792,"#e06a5d"
8.65898526159891e-07,0.666666666666667,0.841859924640702,0.315841945191096,0.983971238166792,"black"
8.65898526159891e-07,1,0.841859924640702,0.315841945191096,0.983971238166792,"#e06a5d"
8.65898526159891e-07,1,0.841859924640702,0.315841945191096,0.983971238166792,"#e06a5d"
8.65898526159891e-07,0.666666666666667,0.841859924640702,0.315841945191096,0.983971238166792,"black"
8.65898526159891e-07,0.666666666666667,0.841859924640702,0.315841945191096,0.983971238166792,"black"
8.65898526159891e-07,1,0.841859924640702,0.315841945191096,0.983971238166792,"#e06a5d"
8.65898526159891e-07,1,0.841859924640702,0.315841945191096,0.983971238166792,"#e06a5d"
8.65898526159891e-07,1,0.841859924640702,0.315841945191096,0.983971238166792,"#e06a5d"
8.65898526159891e-07,1,0.841859924640702,0.315841945191096,0.983971238166792,"#e06a5d"
8.65898526159891e-07,1,0.841859924640702,0.315841945191096,0.983971238166792,"#e06a5d"
8.65898526159891e-07,0.666666666666667,0.841859924640702,0.315841945191096,0.983971238166792,"black"
8.65898526159891e-07,0.666666666666667,0.841859924640702,0.315841945191096,0.983971238166792,"black"
8.65898526159891e-07,0.666666666666667,0.841859924640702,0.315841945191096,0.983971238166792,"black"
8.65898526159891e-07,1,0.841859924640702,0.315841945191096,0.983971238166792,"#e06a5d"
8.65898526159891e-07,0.666666666666667,0.841859924640702,0.315841945191096,0.983971238166792,"black"
8.65898526159891e-07,0.666666666666667,0.841859924640702,0.315841945191096,0.983971238166792,"black"
8.65898526159891e-07,1,0.841859924640702,0.315841945191096,0.983971238166792,"#e06a5d"
8.65898526159891e-07,0.666666666666667,0.841859924640702,0.315841945191096,0.983971238166792,"black"
8.65898526159891e-07,1,0.841859924640702,0.315841945191096,0.983971238166792,"#e06a5d"
8.65898526159891e-07,1,0.841859924640702,0.315841945191096,0.983971238166792,"#e06a5d"
8.65898526159891e-07,1,0.841859924640702,0.315841945191096,0.983971238166792,"#e06a5d"
8.65898526159891e-07,1,0.841859924640702,0.315841945191096,0.983971238166792,"#e06a5d"
8.65898526159891e-07,1,0.841859924640702,0.315841945191096,0.983971238166792,"#e06a5d"
8.65898526159891e-07,1,0.841859924640702,0.315841945191096,0.983971238166792,"#e06a5d"
8.65898526159891e-07,0.666666666666667,0.841859924640702,0.315841945191096,0.983971238166792,"black"
8.65898526159891e-07,1,0.841859924640702,0.315841945191096,0.983971238166792,"#e06a5d"
8.65898526159891e-07,0.666666666666667,0.841859924640702,0.315841945191096,0.983971238166792,"black"
8.65898526159891e-07,0.666666666666667,0.841859924640702,0.315841945191096,0.983971238166792,"black"
8.65898526159891e-07,1,0.841859924640702,0.315841945191096,0.983971238166792,"#e06a5d"
8.65898526159891e-07,1,0.841859924640702,0.315841945191096,0.983971238166792,"#e06a5d"
8.65898526159891e-07,0.666666666666667,0.841859924640702,0.315841945191096,0.983971238166792,"black"
8.65898526159891e-07,1,0.841859924640702,0.315841945191096,0.983971238166792,"#e06a5d"
8.65898526159891e-07,1,0.841859924640702,0.315841945191096,0.983971238166792,"#e06a5d"
8.65898526159891e-07,0.666666666666667,0.841859924640702,0.315841945191096,0.983971238166792,"black"
8.65898526159891e-07,0.666666666666667,0.841859924640702,0.315841945191096,0.983971238166792,"black"
8.65898526159891e-07,1,0.841859924640702,0.315841945191096,0.983971238166792,"#e06a5d"
8.65898526159891e-07,1,0.841859924640702,0.315841945191096,0.983971238166792,"#e06a5d"
8.65898526159891e-07,1,0.841859924640702,0.315841945191096,0.983971238166792,"#e06a5d"
8.65898526159891e-07,1,0.841859924640702,0.315841945191096,0.983971238166792,"#e06a5d"
8.65898526159891e-07,1,0.841859924640702,0.315841945191096,0.983971238166792,"#e06a5d"
8.65898526159891e-07,1,0.841859924640702,0.315841945191096,0.983971238166792,"#e06a5d"
8.65898526159891e-07,0.666666666666667,0.841859924640702,0.315841945191096,0.983971238166792,"black"
8.65898526159891e-07,0.666666666666667,0.841859924640702,0.315841945191096,0.983971238166792,"black"
8.65898526159891e-07,0.666666666666667,0.841859924640702,0.315841945191096,0.983971238166792,"black"
8.65898526159891e-07,1,0.841859924640702,0.315841945191096,0.983971238166792,"#e06a5d"
8.65898526159891e-07,1,0.841859924640702,0.315841945191096,0.983971238166792,"#e06a5d"
8.65898526159891e-07,0.666666666666667,0.841859924640702,0.315841945191096,0.983971238166792,"black"
8.65898526159891e-07,1,0.841859924640702,0.315841945191096,0.983971238166792,"#e06a5d"
8.65898526159891e-07,0.666666666666667,0.841859924640702,0.315841945191096,0.983971238166792,"black"
8.65898526159891e-07,0.333333333333333,0.841859924640702,0.315841945191096,0.983971238166792,"black"
8.65898526159891e-07,0.666666666666667,0.841859924640702,0.315841945191096,0.983971238166792,"black"
8.65898526159891e-07,0.666666666666667,0.841859924640702,0.315841945191096,0.983971238166792,"black"
8.65898526159891e-07,1,0.841859924640702,0.315841945191096,0.983971238166792,"#e06a5d"
8.65898526159891e-07,0.666666666666667,0.841859924640702,0.315841945191096,0.983971238166792,"black"
8.65898526159891e-07,0.333333333333333,0.841859924640702,0.315841945191096,0.983971238166792,"black"
8.65898526159891e-07,0.333333333333333,0.841859924640702,0.315841945191096,0.983971238166792,"black"
9.23625094570551e-07,0.333333333333333,0.864409932861097,0.331651846985917,0.987937827449154,"black"
9.23625094570551e-07,0.666666666666667,0.864409932861097,0.331651846985917,0.987937827449154,"black"
9.23625094570551e-07,1,0.864409932861097,0.331651846985917,0.987937827449154,"#e06a5d"
9.23625094570551e-07,1,0.864409932861097,0.331651846985917,0.987937827449154,"#e06a5d"
9.23625094570551e-07,1,0.864409932861097,0.331651846985917,0.987937827449154,"#e06a5d"
9.23625094570551e-07,0.666666666666667,0.864409932861097,0.331651846985917,0.987937827449154,"black"
9.23625094570551e-07,1,0.864409932861097,0.331651846985917,0.987937827449154,"#e06a5d"
9.23625094570551e-07,1,0.864409932861097,0.331651846985917,0.987937827449154,"#e06a5d"
9.23625094570551e-07,1,0.864409932861097,0.331651846985917,0.987937827449154,"#e06a5d"
9.23625094570551e-07,0.666666666666667,0.864409932861097,0.331651846985917,0.987937827449154,"black"
9.23625094570551e-07,0.666666666666667,0.864409932861097,0.331651846985917,0.987937827449154,"black"
9.23625094570551e-07,0.666666666666667,0.864409932861097,0.331651846985917,0.987937827449154,"black"
9.23625094570551e-07,0.666666666666667,0.864409932861097,0.331651846985917,0.987937827449154,"black"
9.23625094570551e-07,1,0.864409932861097,0.331651846985917,0.987937827449154,"#e06a5d"
9.23625094570551e-07,1,0.864409932861097,0.331651846985917,0.987937827449154,"#e06a5d"
9.23625094570551e-07,0.666666666666667,0.864409932861097,0.331651846985917,0.987937827449154,"black"
9.23625094570551e-07,0.666666666666667,0.864409932861097,0.331651846985917,0.987937827449154,"black"
9.23625094570551e-07,1,0.864409932861097,0.331651846985917,0.987937827449154,"#e06a5d"
9.23625094570551e-07,1,0.864409932861097,0.331651846985917,0.987937827449154,"#e06a5d"
9.23625094570551e-07,0.333333333333333,0.864409932861097,0.331651846985917,0.987937827449154,"black"
9.23625094570551e-07,1,0.864409932861097,0.331651846985917,0.987937827449154,"#e06a5d"
9.23625094570551e-07,1,0.864409932861097,0.331651846985917,0.987937827449154,"#e06a5d"
9.23625094570551e-07,1,0.864409932861097,0.331651846985917,0.987937827449154,"#e06a5d"
9.23625094570551e-07,1,0.864409932861097,0.331651846985917,0.987937827449154,"#e06a5d"
9.23625094570551e-07,0.666666666666667,0.864409932861097,0.331651846985917,0.987937827449154,"black"
9.23625094570551e-07,1,0.864409932861097,0.331651846985917,0.987937827449154,"#e06a5d"
9.23625094570551e-07,1,0.864409932861097,0.331651846985917,0.987937827449154,"#e06a5d"
9.23625094570551e-07,0.666666666666667,0.864409932861097,0.331651846985917,0.987937827449154,"black"
9.23625094570551e-07,1,0.864409932861097,0.331651846985917,0.987937827449154,"#e06a5d"
9.23625094570551e-07,0.333333333333333,0.864409932861097,0.331651846985917,0.987937827449154,"black"
9.23625094570551e-07,1,0.864409932861097,0.331651846985917,0.987937827449154,"#e06a5d"
9.23625094570551e-07,0.666666666666667,0.864409932861097,0.331651846985917,0.987937827449154,"black"
9.23625094570551e-07,1,0.864409932861097,0.331651846985917,0.987937827449154,"#e06a5d"
9.23625094570551e-07,0.666666666666667,0.864409932861097,0.331651846985917,0.987937827449154,"black"
9.23625094570551e-07,1,0.864409932861097,0.331651846985917,0.987937827449154,"#e06a5d"
9.23625094570551e-07,0.666666666666667,0.864409932861097,0.331651846985917,0.987937827449154,"black"
9.23625094570551e-07,1,0.864409932861097,0.331651846985917,0.987937827449154,"#e06a5d"
9.23625094570551e-07,1,0.864409932861097,0.331651846985917,0.987937827449154,"#e06a5d"
9.23625094570551e-07,0.666666666666667,0.864409932861097,0.331651846985917,0.987937827449154,"black"
9.23625094570551e-07,1,0.864409932861097,0.331651846985917,0.987937827449154,"#e06a5d"
9.23625094570551e-07,0.333333333333333,0.864409932861097,0.331651846985917,0.987937827449154,"black"
9.23625094570551e-07,1,0.864409932861097,0.331651846985917,0.987937827449154,"#e06a5d"
9.23625094570551e-07,0.666666666666667,0.864409932861097,0.331651846985917,0.987937827449154,"black"
9.23625094570551e-07,1,0.864409932861097,0.331651846985917,0.987937827449154,"#e06a5d"
9.23625094570551e-07,0.666666666666667,0.864409932861097,0.331651846985917,0.987937827449154,"black"
9.23625094570551e-07,0.666666666666667,0.864409932861097,0.331651846985917,0.987937827449154,"black"
9.23625094570551e-07,0.666666666666667,0.864409932861097,0.331651846985917,0.987937827449154,"black"
9.23625094570551e-07,1,0.864409932861097,0.331651846985917,0.987937827449154,"#e06a5d"
9.23625094570551e-07,0.666666666666667,0.864409932861097,0.331651846985917,0.987937827449154,"black"
9.23625094570551e-07,1,0.864409932861097,0.331651846985917,0.987937827449154,"#e06a5d"
9.23625094570551e-07,1,0.864409932861097,0.331651846985917,0.987937827449154,"#e06a5d"
9.23625094570551e-07,0.666666666666667,0.864409932861097,0.331651846985917,0.987937827449154,"black"
9.23625094570551e-07,1,0.864409932861097,0.331651846985917,0.987937827449154,"#e06a5d"
9.23625094570551e-07,1,0.864409932861097,0.331651846985917,0.987937827449154,"#e06a5d"
9.23625094570551e-07,0.666666666666667,0.864409932861097,0.331651846985917,0.987937827449154,"black"
9.23625094570551e-07,0.666666666666667,0.864409932861097,0.331651846985917,0.987937827449154,"black"
9.23625094570551e-07,1,0.864409932861097,0.331651846985917,0.987937827449154,"#e06a5d"
9.23625094570551e-07,0.666666666666667,0.864409932861097,0.331651846985917,0.987937827449154,"black"
9.23625094570551e-07,1,0.864409932861097,0.331651846985917,0.987937827449154,"#e06a5d"
9.23625094570551e-07,0.666666666666667,0.864409932861097,0.331651846985917,0.987937827449154,"black"
9.23625094570551e-07,0.666666666666667,0.864409932861097,0.331651846985917,0.987937827449154,"black"
9.23625094570551e-07,1,0.864409932861097,0.331651846985917,0.987937827449154,"#e06a5d"
9.23625094570551e-07,0.666666666666667,0.864409932861097,0.331651846985917,0.987937827449154,"black"
9.23625094570551e-07,0.666666666666667,0.864409932861097,0.331651846985917,0.987937827449154,"black"
9.23625094570551e-07,1,0.864409932861097,0.331651846985917,0.987937827449154,"#e06a5d"
9.23625094570551e-07,1,0.864409932861097,0.331651846985917,0.987937827449154,"#e06a5d"
9.23625094570551e-07,1,0.864409932861097,0.331651846985917,0.987937827449154,"#e06a5d"
9.23625094570551e-07,1,0.864409932861097,0.331651846985917,0.987937827449154,"#e06a5d"
9.23625094570551e-07,1,0.864409932861097,0.331651846985917,0.987937827449154,"#e06a5d"
9.23625094570551e-07,0.666666666666667,0.864409932861097,0.331651846985917,0.987937827449154,"black"
9.23625094570551e-07,1,0.864409932861097,0.331651846985917,0.987937827449154,"#e06a5d"
9.23625094570551e-07,1,0.864409932861097,0.331651846985917,0.987937827449154,"#e06a5d"
9.23625094570551e-07,1,0.864409932861097,0.331651846985917,0.987937827449154,"#e06a5d"
9.23625094570551e-07,1,0.864409932861097,0.331651846985917,0.987937827449154,"#e06a5d"
9.23625094570551e-07,1,0.864409932861097,0.331651846985917,0.987937827449154,"#e06a5d"
9.23625094570551e-07,1,0.864409932861097,0.331651846985917,0.987937827449154,"#e06a5d"
9.23625094570551e-07,0.666666666666667,0.864409932861097,0.331651846985917,0.987937827449154,"black"
9.23625094570551e-07,0.333333333333333,0.864409932861097,0.331651846985917,0.987937827449154,"black"
9.23625094570551e-07,1,0.864409932861097,0.331651846985917,0.987937827449154,"#e06a5d"
9.23625094570551e-07,1,0.864409932861097,0.331651846985917,0.987937827449154,"#e06a5d"
9.23625094570551e-07,1,0.864409932861097,0.331651846985917,0.987937827449154,"#e06a5d"
9.23625094570551e-07,0.666666666666667,0.864409932861097,0.331651846985917,0.987937827449154,"black"
9.23625094570551e-07,1,0.864409932861097,0.331651846985917,0.987937827449154,"#e06a5d"
9.23625094570551e-07,1,0.864409932861097,0.331651846985917,0.987937827449154,"#e06a5d"
9.23625094570551e-07,0.333333333333333,0.864409932861097,0.331651846985917,0.987937827449154,"black"
9.23625094570551e-07,0.333333333333333,0.864409932861097,0.331651846985917,0.987937827449154,"black"
9.23625094570551e-07,1,0.864409932861097,0.331651846985917,0.987937827449154,"#e06a5d"
9.23625094570551e-07,1,0.864409932861097,0.331651846985917,0.987937827449154,"#e06a5d"
9.23625094570551e-07,0.666666666666667,0.864409932861097,0.331651846985917,0.987937827449154,"black"
9.23625094570551e-07,1,0.864409932861097,0.331651846985917,0.987937827449154,"#e06a5d"
9.23625094570551e-07,1,0.864409932861097,0.331651846985917,0.987937827449154,"#e06a5d"
9.23625094570551e-07,1,0.864409932861097,0.331651846985917,0.987937827449154,"#e06a5d"
9.23625094570551e-07,1,0.864409932861097,0.331651846985917,0.987937827449154,"#e06a5d"
9.23625094570551e-07,1,0.864409932861097,0.331651846985917,0.987937827449154,"#e06a5d"
9.23625094570551e-07,0.666666666666667,0.864409932861097,0.331651846985917,0.987937827449154,"black"
9.23625094570551e-07,0.666666666666667,0.864409932861097,0.331651846985917,0.987937827449154,"black"
9.23625094570551e-07,0.666666666666667,0.864409932861097,0.331651846985917,0.987937827449154,"black"
9.23625094570551e-07,0.666666666666667,0.864409932861097,0.331651846985917,0.987937827449154,"black"
9.23625094570551e-07,0.666666666666667,0.864409932861097,0.331651846985917,0.987937827449154,"black"
9.23625094570551e-07,0.666666666666667,0.864409932861097,0.331651846985917,0.987937827449154,"black"
9.23625094570551e-07,0.333333333333333,0.864409932861097,0.331651846985917,0.987937827449154,"black"
9.8135166298121e-07,1,0.884088001754914,0.345853927217037,0.990993530456569,"#e06a5d"
9.8135166298121e-07,0.666666666666667,0.884088001754914,0.345853927217037,0.990993530456569,"black"
9.8135166298121e-07,1,0.884088001754914,0.345853927217037,0.990993530456569,"#e06a5d"
9.8135166298121e-07,1,0.884088001754914,0.345853927217037,0.990993530456569,"#e06a5d"
9.8135166298121e-07,1,0.884088001754914,0.345853927217037,0.990993530456569,"#e06a5d"
9.8135166298121e-07,1,0.884088001754914,0.345853927217037,0.990993530456569,"#e06a5d"
9.8135166298121e-07,1,0.884088001754914,0.345853927217037,0.990993530456569,"#e06a5d"
9.8135166298121e-07,0.333333333333333,0.884088001754914,0.345853927217037,0.990993530456569,"#00a4ac"
9.8135166298121e-07,1,0.884088001754914,0.345853927217037,0.990993530456569,"#e06a5d"
9.8135166298121e-07,1,0.884088001754914,0.345853927217037,0.990993530456569,"#e06a5d"
9.8135166298121e-07,1,0.884088001754914,0.345853927217037,0.990993530456569,"#e06a5d"
9.8135166298121e-07,1,0.884088001754914,0.345853927217037,0.990993530456569,"#e06a5d"
9.8135166298121e-07,0.333333333333333,0.884088001754914,0.345853927217037,0.990993530456569,"#00a4ac"
9.8135166298121e-07,1,0.884088001754914,0.345853927217037,0.990993530456569,"#e06a5d"
9.8135166298121e-07,1,0.884088001754914,0.345853927217037,0.990993530456569,"#e06a5d"
9.8135166298121e-07,0.666666666666667,0.884088001754914,0.345853927217037,0.990993530456569,"black"
9.8135166298121e-07,1,0.884088001754914,0.345853927217037,0.990993530456569,"#e06a5d"
9.8135166298121e-07,1,0.884088001754914,0.345853927217037,0.990993530456569,"#e06a5d"
9.8135166298121e-07,1,0.884088001754914,0.345853927217037,0.990993530456569,"#e06a5d"
9.8135166298121e-07,0.666666666666667,0.884088001754914,0.345853927217037,0.990993530456569,"black"
9.8135166298121e-07,1,0.884088001754914,0.345853927217037,0.990993530456569,"#e06a5d"
9.8135166298121e-07,1,0.884088001754914,0.345853927217037,0.990993530456569,"#e06a5d"
9.8135166298121e-07,1,0.884088001754914,0.345853927217037,0.990993530456569,"#e06a5d"
9.8135166298121e-07,0.333333333333333,0.884088001754914,0.345853927217037,0.990993530456569,"#00a4ac"
9.8135166298121e-07,1,0.884088001754914,0.345853927217037,0.990993530456569,"#e06a5d"
9.8135166298121e-07,1,0.884088001754914,0.345853927217037,0.990993530456569,"#e06a5d"
9.8135166298121e-07,1,0.884088001754914,0.345853927217037,0.990993530456569,"#e06a5d"
9.8135166298121e-07,0.666666666666667,0.884088001754914,0.345853927217037,0.990993530456569,"black"
9.8135166298121e-07,1,0.884088001754914,0.345853927217037,0.990993530456569,"#e06a5d"
9.8135166298121e-07,1,0.884088001754914,0.345853927217037,0.990993530456569,"#e06a5d"
9.8135166298121e-07,0.333333333333333,0.884088001754914,0.345853927217037,0.990993530456569,"#00a4ac"
9.8135166298121e-07,1,0.884088001754914,0.345853927217037,0.990993530456569,"#e06a5d"
9.8135166298121e-07,1,0.884088001754914,0.345853927217037,0.990993530456569,"#e06a5d"
9.8135166298121e-07,0.666666666666667,0.884088001754914,0.345853927217037,0.990993530456569,"black"
9.8135166298121e-07,0.666666666666667,0.884088001754914,0.345853927217037,0.990993530456569,"black"
9.8135166298121e-07,0.666666666666667,0.884088001754914,0.345853927217037,0.990993530456569,"black"
9.8135166298121e-07,1,0.884088001754914,0.345853927217037,0.990993530456569,"#e06a5d"
9.8135166298121e-07,1,0.884088001754914,0.345853927217037,0.990993530456569,"#e06a5d"
9.8135166298121e-07,0.666666666666667,0.884088001754914,0.345853927217037,0.990993530456569,"black"
9.8135166298121e-07,0.666666666666667,0.884088001754914,0.345853927217037,0.990993530456569,"black"
9.8135166298121e-07,1,0.884088001754914,0.345853927217037,0.990993530456569,"#e06a5d"
9.8135166298121e-07,1,0.884088001754914,0.345853927217037,0.990993530456569,"#e06a5d"
9.8135166298121e-07,1,0.884088001754914,0.345853927217037,0.990993530456569,"#e06a5d"
9.8135166298121e-07,0.666666666666667,0.884088001754914,0.345853927217037,0.990993530456569,"black"
9.8135166298121e-07,0.666666666666667,0.884088001754914,0.345853927217037,0.990993530456569,"black"
9.8135166298121e-07,1,0.884088001754914,0.345853927217037,0.990993530456569,"#e06a5d"
9.8135166298121e-07,0.666666666666667,0.884088001754914,0.345853927217037,0.990993530456569,"black"
9.8135166298121e-07,1,0.884088001754914,0.345853927217037,0.990993530456569,"#e06a5d"
9.8135166298121e-07,1,0.884088001754914,0.345853927217037,0.990993530456569,"#e06a5d"
9.8135166298121e-07,0.666666666666667,0.884088001754914,0.345853927217037,0.990993530456569,"black"
9.8135166298121e-07,1,0.884088001754914,0.345853927217037,0.990993530456569,"#e06a5d"
9.8135166298121e-07,1,0.884088001754914,0.345853927217037,0.990993530456569,"#e06a5d"
9.8135166298121e-07,0.666666666666667,0.884088001754914,0.345853927217037,0.990993530456569,"black"
9.8135166298121e-07,1,0.884088001754914,0.345853927217037,0.990993530456569,"#e06a5d"
9.8135166298121e-07,0.666666666666667,0.884088001754914,0.345853927217037,0.990993530456569,"black"
9.8135166298121e-07,0.333333333333333,0.884088001754914,0.345853927217037,0.990993530456569,"#00a4ac"
9.8135166298121e-07,0.666666666666667,0.884088001754914,0.345853927217037,0.990993530456569,"black"
9.8135166298121e-07,1,0.884088001754914,0.345853927217037,0.990993530456569,"#e06a5d"
9.8135166298121e-07,0.666666666666667,0.884088001754914,0.345853927217037,0.990993530456569,"black"
9.8135166298121e-07,1,0.884088001754914,0.345853927217037,0.990993530456569,"#e06a5d"
9.8135166298121e-07,1,0.884088001754914,0.345853927217037,0.990993530456569,"#e06a5d"
9.8135166298121e-07,0.666666666666667,0.884088001754914,0.345853927217037,0.990993530456569,"black"
9.8135166298121e-07,0.666666666666667,0.884088001754914,0.345853927217037,0.990993530456569,"black"
9.8135166298121e-07,1,0.884088001754914,0.345853927217037,0.990993530456569,"#e06a5d"
9.8135166298121e-07,1,0.884088001754914,0.345853927217037,0.990993530456569,"#e06a5d"
9.8135166298121e-07,0.666666666666667,0.884088001754914,0.345853927217037,0.990993530456569,"black"
9.8135166298121e-07,1,0.884088001754914,0.345853927217037,0.990993530456569,"#e06a5d"
9.8135166298121e-07,0.666666666666667,0.884088001754914,0.345853927217037,0.990993530456569,"black"
9.8135166298121e-07,0.666666666666667,0.884088001754914,0.345853927217037,0.990993530456569,"black"
9.8135166298121e-07,0.666666666666667,0.884088001754914,0.345853927217037,0.990993530456569,"black"
9.8135166298121e-07,0.666666666666667,0.884088001754914,0.345853927217037,0.990993530456569,"black"
9.8135166298121e-07,0.666666666666667,0.884088001754914,0.345853927217037,0.990993530456569,"black"
9.8135166298121e-07,1,0.884088001754914,0.345853927217037,0.990993530456569,"#e06a5d"
9.8135166298121e-07,1,0.884088001754914,0.345853927217037,0.990993530456569,"#e06a5d"
9.8135166298121e-07,0.666666666666667,0.884088001754914,0.345853927217037,0.990993530456569,"black"
9.8135166298121e-07,1,0.884088001754914,0.345853927217037,0.990993530456569,"#e06a5d"
9.8135166298121e-07,1,0.884088001754914,0.345853927217037,0.990993530456569,"#e06a5d"
9.8135166298121e-07,1,0.884088001754914,0.345853927217037,0.990993530456569,"#e06a5d"
9.8135166298121e-07,0.666666666666667,0.884088001754914,0.345853927217037,0.990993530456569,"black"
9.8135166298121e-07,0.666666666666667,0.884088001754914,0.345853927217037,0.990993530456569,"black"
9.8135166298121e-07,1,0.884088001754914,0.345853927217037,0.990993530456569,"#e06a5d"
9.8135166298121e-07,0.333333333333333,0.884088001754914,0.345853927217037,0.990993530456569,"#00a4ac"
9.8135166298121e-07,1,0.884088001754914,0.345853927217037,0.990993530456569,"#e06a5d"
9.8135166298121e-07,1,0.884088001754914,0.345853927217037,0.990993530456569,"#e06a5d"
9.8135166298121e-07,0.666666666666667,0.884088001754914,0.345853927217037,0.990993530456569,"black"
9.8135166298121e-07,1,0.884088001754914,0.345853927217037,0.990993530456569,"#e06a5d"
9.8135166298121e-07,0.333333333333333,0.884088001754914,0.345853927217037,0.990993530456569,"#00a4ac"
9.8135166298121e-07,1,0.884088001754914,0.345853927217037,0.990993530456569,"#e06a5d"
9.8135166298121e-07,0.333333333333333,0.884088001754914,0.345853927217037,0.990993530456569,"#00a4ac"
9.8135166298121e-07,1,0.884088001754914,0.345853927217037,0.990993530456569,"#e06a5d"
9.8135166298121e-07,1,0.884088001754914,0.345853927217037,0.990993530456569,"#e06a5d"
9.8135166298121e-07,0.666666666666667,0.884088001754914,0.345853927217037,0.990993530456569,"black"
9.8135166298121e-07,0.666666666666667,0.884088001754914,0.345853927217037,0.990993530456569,"black"
9.8135166298121e-07,1,0.884088001754914,0.345853927217037,0.990993530456569,"#e06a5d"
9.8135166298121e-07,0.666666666666667,0.884088001754914,0.345853927217037,0.990993530456569,"black"
9.8135166298121e-07,1,0.884088001754914,0.345853927217037,0.990993530456569,"#e06a5d"
1.03907823139187e-06,1,0.901192515854912,0.358521975816292,0.993326242263788,"#e06a5d"
1.03907823139187e-06,0.666666666666667,0.901192515854912,0.358521975816292,0.993326242263788,"black"
1.03907823139187e-06,1,0.901192515854912,0.358521975816292,0.993326242263788,"#e06a5d"
1.03907823139187e-06,1,0.901192515854912,0.358521975816292,0.993326242263788,"#e06a5d"
1.03907823139187e-06,1,0.901192515854912,0.358521975816292,0.993326242263788,"#e06a5d"
1.03907823139187e-06,1,0.901192515854912,0.358521975816292,0.993326242263788,"#e06a5d"
1.03907823139187e-06,0.666666666666667,0.901192515854912,0.358521975816292,0.993326242263788,"black"
1.03907823139187e-06,1,0.901192515854912,0.358521975816292,0.993326242263788,"#e06a5d"
1.03907823139187e-06,0.666666666666667,0.901192515854912,0.358521975816292,0.993326242263788,"black"
1.03907823139187e-06,0.666666666666667,0.901192515854912,0.358521975816292,0.993326242263788,"black"
1.03907823139187e-06,1,0.901192515854912,0.358521975816292,0.993326242263788,"#e06a5d"
1.03907823139187e-06,1,0.901192515854912,0.358521975816292,0.993326242263788,"#e06a5d"
1.03907823139187e-06,1,0.901192515854912,0.358521975816292,0.993326242263788,"#e06a5d"
1.03907823139187e-06,1,0.901192515854912,0.358521975816292,0.993326242263788,"#e06a5d"
1.03907823139187e-06,0.666666666666667,0.901192515854912,0.358521975816292,0.993326242263788,"black"
1.03907823139187e-06,1,0.901192515854912,0.358521975816292,0.993326242263788,"#e06a5d"
1.03907823139187e-06,1,0.901192515854912,0.358521975816292,0.993326242263788,"#e06a5d"
1.03907823139187e-06,1,0.901192515854912,0.358521975816292,0.993326242263788,"#e06a5d"
1.03907823139187e-06,0.666666666666667,0.901192515854912,0.358521975816292,0.993326242263788,"black"
1.03907823139187e-06,1,0.901192515854912,0.358521975816292,0.993326242263788,"#e06a5d"
1.03907823139187e-06,1,0.901192515854912,0.358521975816292,0.993326242263788,"#e06a5d"
1.03907823139187e-06,1,0.901192515854912,0.358521975816292,0.993326242263788,"#e06a5d"
1.03907823139187e-06,0.333333333333333,0.901192515854912,0.358521975816292,0.993326242263788,"#00a4ac"
1.03907823139187e-06,1,0.901192515854912,0.358521975816292,0.993326242263788,"#e06a5d"
1.03907823139187e-06,0.333333333333333,0.901192515854912,0.358521975816292,0.993326242263788,"#00a4ac"
1.03907823139187e-06,1,0.901192515854912,0.358521975816292,0.993326242263788,"#e06a5d"
1.03907823139187e-06,0.333333333333333,0.901192515854912,0.358521975816292,0.993326242263788,"#00a4ac"
1.03907823139187e-06,1,0.901192515854912,0.358521975816292,0.993326242263788,"#e06a5d"
1.03907823139187e-06,1,0.901192515854912,0.358521975816292,0.993326242263788,"#e06a5d"
1.03907823139187e-06,1,0.901192515854912,0.358521975816292,0.993326242263788,"#e06a5d"
1.03907823139187e-06,0.666666666666667,0.901192515854912,0.358521975816292,0.993326242263788,"black"
1.03907823139187e-06,1,0.901192515854912,0.358521975816292,0.993326242263788,"#e06a5d"
1.03907823139187e-06,1,0.901192515854912,0.358521975816292,0.993326242263788,"#e06a5d"
1.03907823139187e-06,0.666666666666667,0.901192515854912,0.358521975816292,0.993326242263788,"black"
1.03907823139187e-06,0.666666666666667,0.901192515854912,0.358521975816292,0.993326242263788,"black"
1.03907823139187e-06,0.666666666666667,0.901192515854912,0.358521975816292,0.993326242263788,"black"
1.03907823139187e-06,0.333333333333333,0.901192515854912,0.358521975816292,0.993326242263788,"#00a4ac"
1.03907823139187e-06,1,0.901192515854912,0.358521975816292,0.993326242263788,"#e06a5d"
1.03907823139187e-06,1,0.901192515854912,0.358521975816292,0.993326242263788,"#e06a5d"
1.03907823139187e-06,1,0.901192515854912,0.358521975816292,0.993326242263788,"#e06a5d"
1.03907823139187e-06,1,0.901192515854912,0.358521975816292,0.993326242263788,"#e06a5d"
1.03907823139187e-06,1,0.901192515854912,0.358521975816292,0.993326242263788,"#e06a5d"
1.03907823139187e-06,1,0.901192515854912,0.358521975816292,0.993326242263788,"#e06a5d"
1.03907823139187e-06,1,0.901192515854912,0.358521975816292,0.993326242263788,"#e06a5d"
1.03907823139187e-06,0.666666666666667,0.901192515854912,0.358521975816292,0.993326242263788,"black"
1.03907823139187e-06,0.666666666666667,0.901192515854912,0.358521975816292,0.993326242263788,"black"
1.03907823139187e-06,1,0.901192515854912,0.358521975816292,0.993326242263788,"#e06a5d"
1.03907823139187e-06,0.666666666666667,0.901192515854912,0.358521975816292,0.993326242263788,"black"
1.03907823139187e-06,1,0.901192515854912,0.358521975816292,0.993326242263788,"#e06a5d"
1.03907823139187e-06,0.666666666666667,0.901192515854912,0.358521975816292,0.993326242263788,"black"
1.03907823139187e-06,0.666666666666667,0.901192515854912,0.358521975816292,0.993326242263788,"black"
1.03907823139187e-06,0.666666666666667,0.901192515854912,0.358521975816292,0.993326242263788,"black"
1.03907823139187e-06,0.333333333333333,0.901192515854912,0.358521975816292,0.993326242263788,"#00a4ac"
1.03907823139187e-06,0.666666666666667,0.901192515854912,0.358521975816292,0.993326242263788,"black"
1.03907823139187e-06,1,0.901192515854912,0.358521975816292,0.993326242263788,"#e06a5d"
1.03907823139187e-06,1,0.901192515854912,0.358521975816292,0.993326242263788,"#e06a5d"
1.03907823139187e-06,0.666666666666667,0.901192515854912,0.358521975816292,0.993326242263788,"black"
1.03907823139187e-06,1,0.901192515854912,0.358521975816292,0.993326242263788,"#e06a5d"
1.03907823139187e-06,1,0.901192515854912,0.358521975816292,0.993326242263788,"#e06a5d"
1.03907823139187e-06,1,0.901192515854912,0.358521975816292,0.993326242263788,"#e06a5d"
1.03907823139187e-06,1,0.901192515854912,0.358521975816292,0.993326242263788,"#e06a5d"
1.03907823139187e-06,0.666666666666667,0.901192515854912,0.358521975816292,0.993326242263788,"black"
1.03907823139187e-06,1,0.901192515854912,0.358521975816292,0.993326242263788,"#e06a5d"
1.03907823139187e-06,0.666666666666667,0.901192515854912,0.358521975816292,0.993326242263788,"black"
1.03907823139187e-06,1,0.901192515854912,0.358521975816292,0.993326242263788,"#e06a5d"
1.03907823139187e-06,0.666666666666667,0.901192515854912,0.358521975816292,0.993326242263788,"black"
1.03907823139187e-06,0.666666666666667,0.901192515854912,0.358521975816292,0.993326242263788,"black"
1.03907823139187e-06,1,0.901192515854912,0.358521975816292,0.993326242263788,"#e06a5d"
1.03907823139187e-06,1,0.901192515854912,0.358521975816292,0.993326242263788,"#e06a5d"
1.03907823139187e-06,0.666666666666667,0.901192515854912,0.358521975816292,0.993326242263788,"black"
1.03907823139187e-06,1,0.901192515854912,0.358521975816292,0.993326242263788,"#e06a5d"
1.03907823139187e-06,0.333333333333333,0.901192515854912,0.358521975816292,0.993326242263788,"#00a4ac"
1.03907823139187e-06,1,0.901192515854912,0.358521975816292,0.993326242263788,"#e06a5d"
1.03907823139187e-06,1,0.901192515854912,0.358521975816292,0.993326242263788,"#e06a5d"
1.03907823139187e-06,0.666666666666667,0.901192515854912,0.358521975816292,0.993326242263788,"black"
1.03907823139187e-06,1,0.901192515854912,0.358521975816292,0.993326242263788,"#e06a5d"
1.03907823139187e-06,0.666666666666667,0.901192515854912,0.358521975816292,0.993326242263788,"black"
1.03907823139187e-06,0.333333333333333,0.901192515854912,0.358521975816292,0.993326242263788,"#00a4ac"
1.09680479980253e-06,1,0.916004608267589,0.369747236010519,0.995091275047315,"#e06a5d"
1.09680479980253e-06,1,0.916004608267589,0.369747236010519,0.995091275047315,"#e06a5d"
1.09680479980253e-06,1,0.916004608267589,0.369747236010519,0.995091275047315,"#e06a5d"
1.09680479980253e-06,0.666666666666667,0.916004608267589,0.369747236010519,0.995091275047315,"black"
1.09680479980253e-06,1,0.916004608267589,0.369747236010519,0.995091275047315,"#e06a5d"
1.09680479980253e-06,1,0.916004608267589,0.369747236010519,0.995091275047315,"#e06a5d"
1.09680479980253e-06,1,0.916004608267589,0.369747236010519,0.995091275047315,"#e06a5d"
1.09680479980253e-06,1,0.916004608267589,0.369747236010519,0.995091275047315,"#e06a5d"
1.09680479980253e-06,1,0.916004608267589,0.369747236010519,0.995091275047315,"#e06a5d"
1.09680479980253e-06,0.666666666666667,0.916004608267589,0.369747236010519,0.995091275047315,"black"
1.09680479980253e-06,0.666666666666667,0.916004608267589,0.369747236010519,0.995091275047315,"black"
1.09680479980253e-06,1,0.916004608267589,0.369747236010519,0.995091275047315,"#e06a5d"
1.09680479980253e-06,0.333333333333333,0.916004608267589,0.369747236010519,0.995091275047315,"#00a4ac"
1.09680479980253e-06,1,0.916004608267589,0.369747236010519,0.995091275047315,"#e06a5d"
1.09680479980253e-06,0.666666666666667,0.916004608267589,0.369747236010519,0.995091275047315,"black"
1.09680479980253e-06,1,0.916004608267589,0.369747236010519,0.995091275047315,"#e06a5d"
1.09680479980253e-06,1,0.916004608267589,0.369747236010519,0.995091275047315,"#e06a5d"
1.09680479980253e-06,1,0.916004608267589,0.369747236010519,0.995091275047315,"#e06a5d"
1.09680479980253e-06,0.666666666666667,0.916004608267589,0.369747236010519,0.995091275047315,"black"
1.09680479980253e-06,1,0.916004608267589,0.369747236010519,0.995091275047315,"#e06a5d"
1.09680479980253e-06,0.666666666666667,0.916004608267589,0.369747236010519,0.995091275047315,"black"
1.09680479980253e-06,1,0.916004608267589,0.369747236010519,0.995091275047315,"#e06a5d"
1.09680479980253e-06,1,0.916004608267589,0.369747236010519,0.995091275047315,"#e06a5d"
1.09680479980253e-06,1,0.916004608267589,0.369747236010519,0.995091275047315,"#e06a5d"
1.09680479980253e-06,1,0.916004608267589,0.369747236010519,0.995091275047315,"#e06a5d"
1.09680479980253e-06,0.666666666666667,0.916004608267589,0.369747236010519,0.995091275047315,"black"
1.09680479980253e-06,1,0.916004608267589,0.369747236010519,0.995091275047315,"#e06a5d"
1.09680479980253e-06,1,0.916004608267589,0.369747236010519,0.995091275047315,"#e06a5d"
1.09680479980253e-06,0.666666666666667,0.916004608267589,0.369747236010519,0.995091275047315,"black"
1.09680479980253e-06,0.666666666666667,0.916004608267589,0.369747236010519,0.995091275047315,"black"
1.09680479980253e-06,1,0.916004608267589,0.369747236010519,0.995091275047315,"#e06a5d"
1.09680479980253e-06,0.666666666666667,0.916004608267589,0.369747236010519,0.995091275047315,"black"
1.09680479980253e-06,1,0.916004608267589,0.369747236010519,0.995091275047315,"#e06a5d"
1.09680479980253e-06,1,0.916004608267589,0.369747236010519,0.995091275047315,"#e06a5d"
1.09680479980253e-06,1,0.916004608267589,0.369747236010519,0.995091275047315,"#e06a5d"
1.09680479980253e-06,0.666666666666667,0.916004608267589,0.369747236010519,0.995091275047315,"black"
1.09680479980253e-06,0.666666666666667,0.916004608267589,0.369747236010519,0.995091275047315,"black"
1.09680479980253e-06,1,0.916004608267589,0.369747236010519,0.995091275047315,"#e06a5d"
1.09680479980253e-06,1,0.916004608267589,0.369747236010519,0.995091275047315,"#e06a5d"
1.09680479980253e-06,0.333333333333333,0.916004608267589,0.369747236010519,0.995091275047315,"#00a4ac"
1.09680479980253e-06,0.666666666666667,0.916004608267589,0.369747236010519,0.995091275047315,"black"
1.09680479980253e-06,0.666666666666667,0.916004608267589,0.369747236010519,0.995091275047315,"black"
1.09680479980253e-06,0.666666666666667,0.916004608267589,0.369747236010519,0.995091275047315,"black"
1.09680479980253e-06,1,0.916004608267589,0.369747236010519,0.995091275047315,"#e06a5d"
1.09680479980253e-06,0.666666666666667,0.916004608267589,0.369747236010519,0.995091275047315,"black"
1.09680479980253e-06,1,0.916004608267589,0.369747236010519,0.995091275047315,"#e06a5d"
1.09680479980253e-06,1,0.916004608267589,0.369747236010519,0.995091275047315,"#e06a5d"
1.09680479980253e-06,1,0.916004608267589,0.369747236010519,0.995091275047315,"#e06a5d"
1.09680479980253e-06,1,0.916004608267589,0.369747236010519,0.995091275047315,"#e06a5d"
1.09680479980253e-06,1,0.916004608267589,0.369747236010519,0.995091275047315,"#e06a5d"
1.09680479980253e-06,0.666666666666667,0.916004608267589,0.369747236010519,0.995091275047315,"black"
1.09680479980253e-06,0.666666666666667,0.916004608267589,0.369747236010519,0.995091275047315,"black"
1.09680479980253e-06,1,0.916004608267589,0.369747236010519,0.995091275047315,"#e06a5d"
1.09680479980253e-06,0.666666666666667,0.916004608267589,0.369747236010519,0.995091275047315,"black"
1.09680479980253e-06,0.666666666666667,0.916004608267589,0.369747236010519,0.995091275047315,"black"
1.09680479980253e-06,1,0.916004608267589,0.369747236010519,0.995091275047315,"#e06a5d"
1.09680479980253e-06,1,0.916004608267589,0.369747236010519,0.995091275047315,"#e06a5d"
1.09680479980253e-06,1,0.916004608267589,0.369747236010519,0.995091275047315,"#e06a5d"
1.09680479980253e-06,0.666666666666667,0.916004608267589,0.369747236010519,0.995091275047315,"black"
1.09680479980253e-06,0.666666666666667,0.916004608267589,0.369747236010519,0.995091275047315,"black"
1.09680479980253e-06,1,0.916004608267589,0.369747236010519,0.995091275047315,"#e06a5d"
1.09680479980253e-06,0.666666666666667,0.916004608267589,0.369747236010519,0.995091275047315,"black"
1.09680479980253e-06,1,0.916004608267589,0.369747236010519,0.995091275047315,"#e06a5d"
1.09680479980253e-06,1,0.916004608267589,0.369747236010519,0.995091275047315,"#e06a5d"
1.09680479980253e-06,1,0.916004608267589,0.369747236010519,0.995091275047315,"#e06a5d"
1.09680479980253e-06,1,0.916004608267589,0.369747236010519,0.995091275047315,"#e06a5d"
1.09680479980253e-06,1,0.916004608267589,0.369747236010519,0.995091275047315,"#e06a5d"
1.09680479980253e-06,1,0.916004608267589,0.369747236010519,0.995091275047315,"#e06a5d"
1.09680479980253e-06,1,0.916004608267589,0.369747236010519,0.995091275047315,"#e06a5d"
1.09680479980253e-06,1,0.916004608267589,0.369747236010519,0.995091275047315,"#e06a5d"
1.09680479980253e-06,1,0.916004608267589,0.369747236010519,0.995091275047315,"#e06a5d"
1.09680479980253e-06,1,0.916004608267589,0.369747236010519,0.995091275047315,"#e06a5d"
1.09680479980253e-06,1,0.916004608267589,0.369747236010519,0.995091275047315,"#e06a5d"
1.09680479980253e-06,1,0.916004608267589,0.369747236010519,0.995091275047315,"#e06a5d"
1.09680479980253e-06,1,0.916004608267589,0.369747236010519,0.995091275047315,"#e06a5d"
1.09680479980253e-06,1,0.916004608267589,0.369747236010519,0.995091275047315,"#e06a5d"
1.09680479980253e-06,1,0.916004608267589,0.369747236010519,0.995091275047315,"#e06a5d"
1.09680479980253e-06,1,0.916004608267589,0.369747236010519,0.995091275047315,"#e06a5d"
1.09680479980253e-06,1,0.916004608267589,0.369747236010519,0.995091275047315,"#e06a5d"
1.09680479980253e-06,0.666666666666667,0.916004608267589,0.369747236010519,0.995091275047315,"black"
1.09680479980253e-06,1,0.916004608267589,0.369747236010519,0.995091275047315,"#e06a5d"
1.09680479980253e-06,1,0.916004608267589,0.369747236010519,0.995091275047315,"#e06a5d"
1.09680479980253e-06,0.333333333333333,0.916004608267589,0.369747236010519,0.995091275047315,"#00a4ac"
1.09680479980253e-06,0.333333333333333,0.916004608267589,0.369747236010519,0.995091275047315,"#00a4ac"
1.09680479980253e-06,0.666666666666667,0.916004608267589,0.369747236010519,0.995091275047315,"black"
1.15453136821319e-06,1,0.928785952101924,0.379632542465603,0.996415283011261,"#e06a5d"
1.15453136821319e-06,1,0.928785952101924,0.379632542465603,0.996415283011261,"#e06a5d"
1.15453136821319e-06,1,0.928785952101924,0.379632542465603,0.996415283011261,"#e06a5d"
1.15453136821319e-06,0.666666666666667,0.928785952101924,0.379632542465603,0.996415283011261,"black"
1.15453136821319e-06,0.666666666666667,0.928785952101924,0.379632542465603,0.996415283011261,"black"
1.15453136821319e-06,1,0.928785952101924,0.379632542465603,0.996415283011261,"#e06a5d"
1.15453136821319e-06,0.666666666666667,0.928785952101924,0.379632542465603,0.996415283011261,"black"
1.15453136821319e-06,1,0.928785952101924,0.379632542465603,0.996415283011261,"#e06a5d"
1.15453136821319e-06,1,0.928785952101924,0.379632542465603,0.996415283011261,"#e06a5d"
1.15453136821319e-06,1,0.928785952101924,0.379632542465603,0.996415283011261,"#e06a5d"
1.15453136821319e-06,0.666666666666667,0.928785952101924,0.379632542465603,0.996415283011261,"black"
1.15453136821319e-06,0.666666666666667,0.928785952101924,0.379632542465603,0.996415283011261,"black"
1.15453136821319e-06,1,0.928785952101924,0.379632542465603,0.996415283011261,"#e06a5d"
1.15453136821319e-06,1,0.928785952101924,0.379632542465603,0.996415283011261,"#e06a5d"
1.15453136821319e-06,0.666666666666667,0.928785952101924,0.379632542465603,0.996415283011261,"black"
1.15453136821319e-06,1,0.928785952101924,0.379632542465603,0.996415283011261,"#e06a5d"
1.15453136821319e-06,1,0.928785952101924,0.379632542465603,0.996415283011261,"#e06a5d"
1.15453136821319e-06,0.666666666666667,0.928785952101924,0.379632542465603,0.996415283011261,"black"
1.15453136821319e-06,0.666666666666667,0.928785952101924,0.379632542465603,0.996415283011261,"black"
1.15453136821319e-06,0.666666666666667,0.928785952101924,0.379632542465603,0.996415283011261,"black"
1.15453136821319e-06,0.666666666666667,0.928785952101924,0.379632542465603,0.996415283011261,"black"
1.15453136821319e-06,1,0.928785952101924,0.379632542465603,0.996415283011261,"#e06a5d"
1.15453136821319e-06,0.666666666666667,0.928785952101924,0.379632542465603,0.996415283011261,"black"
1.15453136821319e-06,1,0.928785952101924,0.379632542465603,0.996415283011261,"#e06a5d"
1.15453136821319e-06,0.666666666666667,0.928785952101924,0.379632542465603,0.996415283011261,"black"
1.15453136821319e-06,0.333333333333333,0.928785952101924,0.379632542465603,0.996415283011261,"#00a4ac"
1.15453136821319e-06,0.666666666666667,0.928785952101924,0.379632542465603,0.996415283011261,"black"
1.15453136821319e-06,1,0.928785952101924,0.379632542465603,0.996415283011261,"#e06a5d"
1.15453136821319e-06,1,0.928785952101924,0.379632542465603,0.996415283011261,"#e06a5d"
1.15453136821319e-06,0.666666666666667,0.928785952101924,0.379632542465603,0.996415283011261,"black"
1.15453136821319e-06,1,0.928785952101924,0.379632542465603,0.996415283011261,"#e06a5d"
1.15453136821319e-06,1,0.928785952101924,0.379632542465603,0.996415283011261,"#e06a5d"
1.15453136821319e-06,1,0.928785952101924,0.379632542465603,0.996415283011261,"#e06a5d"
1.15453136821319e-06,1,0.928785952101924,0.379632542465603,0.996415283011261,"#e06a5d"
1.15453136821319e-06,1,0.928785952101924,0.379632542465603,0.996415283011261,"#e06a5d"
1.15453136821319e-06,1,0.928785952101924,0.379632542465603,0.996415283011261,"#e06a5d"
1.15453136821319e-06,0.666666666666667,0.928785952101924,0.379632542465603,0.996415283011261,"black"
1.15453136821319e-06,1,0.928785952101924,0.379632542465603,0.996415283011261,"#e06a5d"
1.15453136821319e-06,1,0.928785952101924,0.379632542465603,0.996415283011261,"#e06a5d"
1.15453136821319e-06,0.666666666666667,0.928785952101924,0.379632542465603,0.996415283011261,"black"
1.15453136821319e-06,1,0.928785952101924,0.379632542465603,0.996415283011261,"#e06a5d"
1.15453136821319e-06,0.333333333333333,0.928785952101924,0.379632542465603,0.996415283011261,"#00a4ac"
1.15453136821319e-06,1,0.928785952101924,0.379632542465603,0.996415283011261,"#e06a5d"
1.15453136821319e-06,0.666666666666667,0.928785952101924,0.379632542465603,0.996415283011261,"black"
1.15453136821319e-06,1,0.928785952101924,0.379632542465603,0.996415283011261,"#e06a5d"
1.15453136821319e-06,1,0.928785952101924,0.379632542465603,0.996415283011261,"#e06a5d"
1.15453136821319e-06,1,0.928785952101924,0.379632542465603,0.996415283011261,"#e06a5d"
1.15453136821319e-06,1,0.928785952101924,0.379632542465603,0.996415283011261,"#e06a5d"
1.15453136821319e-06,1,0.928785952101924,0.379632542465603,0.996415283011261,"#e06a5d"
1.15453136821319e-06,0.666666666666667,0.928785952101924,0.379632542465603,0.996415283011261,"black"
1.15453136821319e-06,1,0.928785952101924,0.379632542465603,0.996415283011261,"#e06a5d"
1.15453136821319e-06,1,0.928785952101924,0.379632542465603,0.996415283011261,"#e06a5d"
1.15453136821319e-06,1,0.928785952101924,0.379632542465603,0.996415283011261,"#e06a5d"
1.15453136821319e-06,1,0.928785952101924,0.379632542465603,0.996415283011261,"#e06a5d"
1.15453136821319e-06,1,0.928785952101924,0.379632542465603,0.996415283011261,"#e06a5d"
1.15453136821319e-06,0.666666666666667,0.928785952101924,0.379632542465603,0.996415283011261,"black"
1.15453136821319e-06,0.666666666666667,0.928785952101924,0.379632542465603,0.996415283011261,"black"
1.15453136821319e-06,1,0.928785952101924,0.379632542465603,0.996415283011261,"#e06a5d"
1.15453136821319e-06,0.666666666666667,0.928785952101924,0.379632542465603,0.996415283011261,"black"
1.15453136821319e-06,0.666666666666667,0.928785952101924,0.379632542465603,0.996415283011261,"black"
1.15453136821319e-06,0.666666666666667,0.928785952101924,0.379632542465603,0.996415283011261,"black"
1.15453136821319e-06,1,0.928785952101924,0.379632542465603,0.996415283011261,"#e06a5d"
1.15453136821319e-06,1,0.928785952101924,0.379632542465603,0.996415283011261,"#e06a5d"
1.15453136821319e-06,0.666666666666667,0.928785952101924,0.379632542465603,0.996415283011261,"black"
1.15453136821319e-06,0.666666666666667,0.928785952101924,0.379632542465603,0.996415283011261,"black"
1.15453136821319e-06,1,0.928785952101924,0.379632542465603,0.996415283011261,"#e06a5d"
1.15453136821319e-06,1,0.928785952101924,0.379632542465603,0.996415283011261,"#e06a5d"
1.15453136821319e-06,1,0.928785952101924,0.379632542465603,0.996415283011261,"#e06a5d"
1.15453136821319e-06,0.666666666666667,0.928785952101924,0.379632542465603,0.996415283011261,"black"
1.15453136821319e-06,0.666666666666667,0.928785952101924,0.379632542465603,0.996415283011261,"black"
1.15453136821319e-06,1,0.928785952101924,0.379632542465603,0.996415283011261,"#e06a5d"
1.15453136821319e-06,1,0.928785952101924,0.379632542465603,0.996415283011261,"#e06a5d"
1.15453136821319e-06,0.333333333333333,0.928785952101924,0.379632542465603,0.996415283011261,"#00a4ac"
1.15453136821319e-06,1,0.928785952101924,0.379632542465603,0.996415283011261,"#e06a5d"
1.15453136821319e-06,1,0.928785952101924,0.379632542465603,0.996415283011261,"#e06a5d"
1.15453136821319e-06,1,0.928785952101924,0.379632542465603,0.996415283011261,"#e06a5d"
1.15453136821319e-06,1,0.928785952101924,0.379632542465603,0.996415283011261,"#e06a5d"
1.15453136821319e-06,1,0.928785952101924,0.379632542465603,0.996415283011261,"#e06a5d"
1.15453136821319e-06,1,0.928785952101924,0.379632542465603,0.996415283011261,"#e06a5d"
1.15453136821319e-06,0.333333333333333,0.928785952101924,0.379632542465603,0.996415283011261,"#00a4ac"
1.15453136821319e-06,0.666666666666667,0.928785952101924,0.379632542465603,0.996415283011261,"black"
1.15453136821319e-06,1,0.928785952101924,0.379632542465603,0.996415283011261,"#e06a5d"
1.15453136821319e-06,0.666666666666667,0.928785952101924,0.379632542465603,0.996415283011261,"black"
1.21225793662385e-06,0.666666666666667,0.939777559966989,0.388287341758502,0.997400189067594,"black"
1.21225793662385e-06,1,0.939777559966989,0.388287341758502,0.997400189067594,"#e06a5d"
1.21225793662385e-06,1,0.939777559966989,0.388287341758502,0.997400189067594,"#e06a5d"
1.21225793662385e-06,1,0.939777559966989,0.388287341758502,0.997400189067594,"#e06a5d"
1.21225793662385e-06,1,0.939777559966989,0.388287341758502,0.997400189067594,"#e06a5d"
1.21225793662385e-06,1,0.939777559966989,0.388287341758502,0.997400189067594,"#e06a5d"
1.21225793662385e-06,0.666666666666667,0.939777559966989,0.388287341758502,0.997400189067594,"black"
1.21225793662385e-06,1,0.939777559966989,0.388287341758502,0.997400189067594,"#e06a5d"
1.21225793662385e-06,1,0.939777559966989,0.388287341758502,0.997400189067594,"#e06a5d"
1.21225793662385e-06,1,0.939777559966989,0.388287341758502,0.997400189067594,"#e06a5d"
1.21225793662385e-06,1,0.939777559966989,0.388287341758502,0.997400189067594,"#e06a5d"
1.21225793662385e-06,1,0.939777559966989,0.388287341758502,0.997400189067594,"#e06a5d"
1.21225793662385e-06,0.666666666666667,0.939777559966989,0.388287341758502,0.997400189067594,"black"
1.21225793662385e-06,1,0.939777559966989,0.388287341758502,0.997400189067594,"#e06a5d"
1.21225793662385e-06,0.666666666666667,0.939777559966989,0.388287341758502,0.997400189067594,"black"
1.21225793662385e-06,0.333333333333333,0.939777559966989,0.388287341758502,0.997400189067594,"#00a4ac"
1.21225793662385e-06,1,0.939777559966989,0.388287341758502,0.997400189067594,"#e06a5d"
1.21225793662385e-06,1,0.939777559966989,0.388287341758502,0.997400189067594,"#e06a5d"
1.21225793662385e-06,1,0.939777559966989,0.388287341758502,0.997400189067594,"#e06a5d"
1.21225793662385e-06,1,0.939777559966989,0.388287341758502,0.997400189067594,"#e06a5d"
1.21225793662385e-06,1,0.939777559966989,0.388287341758502,0.997400189067594,"#e06a5d"
1.21225793662385e-06,1,0.939777559966989,0.388287341758502,0.997400189067594,"#e06a5d"
1.21225793662385e-06,0.666666666666667,0.939777559966989,0.388287341758502,0.997400189067594,"black"
1.21225793662385e-06,1,0.939777559966989,0.388287341758502,0.997400189067594,"#e06a5d"
1.21225793662385e-06,1,0.939777559966989,0.388287341758502,0.997400189067594,"#e06a5d"
1.21225793662385e-06,1,0.939777559966989,0.388287341758502,0.997400189067594,"#e06a5d"
1.21225793662385e-06,1,0.939777559966989,0.388287341758502,0.997400189067594,"#e06a5d"
1.21225793662385e-06,1,0.939777559966989,0.388287341758502,0.997400189067594,"#e06a5d"
1.21225793662385e-06,1,0.939777559966989,0.388287341758502,0.997400189067594,"#e06a5d"
1.21225793662385e-06,1,0.939777559966989,0.388287341758502,0.997400189067594,"#e06a5d"
1.21225793662385e-06,1,0.939777559966989,0.388287341758502,0.997400189067594,"#e06a5d"
1.21225793662385e-06,1,0.939777559966989,0.388287341758502,0.997400189067594,"#e06a5d"
1.21225793662385e-06,1,0.939777559966989,0.388287341758502,0.997400189067594,"#e06a5d"
1.21225793662385e-06,1,0.939777559966989,0.388287341758502,0.997400189067594,"#e06a5d"
1.21225793662385e-06,0.666666666666667,0.939777559966989,0.388287341758502,0.997400189067594,"black"
1.21225793662385e-06,1,0.939777559966989,0.388287341758502,0.997400189067594,"#e06a5d"
1.21225793662385e-06,0.666666666666667,0.939777559966989,0.388287341758502,0.997400189067594,"black"
1.21225793662385e-06,1,0.939777559966989,0.388287341758502,0.997400189067594,"#e06a5d"
1.21225793662385e-06,0.333333333333333,0.939777559966989,0.388287341758502,0.997400189067594,"#00a4ac"
1.21225793662385e-06,1,0.939777559966989,0.388287341758502,0.997400189067594,"#e06a5d"
1.21225793662385e-06,1,0.939777559966989,0.388287341758502,0.997400189067594,"#e06a5d"
1.21225793662385e-06,1,0.939777559966989,0.388287341758502,0.997400189067594,"#e06a5d"
1.21225793662385e-06,1,0.939777559966989,0.388287341758502,0.997400189067594,"#e06a5d"
1.21225793662385e-06,1,0.939777559966989,0.388287341758502,0.997400189067594,"#e06a5d"
1.21225793662385e-06,1,0.939777559966989,0.388287341758502,0.997400189067594,"#e06a5d"
1.21225793662385e-06,1,0.939777559966989,0.388287341758502,0.997400189067594,"#e06a5d"
1.21225793662385e-06,1,0.939777559966989,0.388287341758502,0.997400189067594,"#e06a5d"
1.21225793662385e-06,0.666666666666667,0.939777559966989,0.388287341758502,0.997400189067594,"black"
1.21225793662385e-06,1,0.939777559966989,0.388287341758502,0.997400189067594,"#e06a5d"
1.21225793662385e-06,0.666666666666667,0.939777559966989,0.388287341758502,0.997400189067594,"black"
1.21225793662385e-06,1,0.939777559966989,0.388287341758502,0.997400189067594,"#e06a5d"
1.21225793662385e-06,0.666666666666667,0.939777559966989,0.388287341758502,0.997400189067594,"black"
1.21225793662385e-06,1,0.939777559966989,0.388287341758502,0.997400189067594,"#e06a5d"
1.21225793662385e-06,1,0.939777559966989,0.388287341758502,0.997400189067594,"#e06a5d"
1.21225793662385e-06,1,0.939777559966989,0.388287341758502,0.997400189067594,"#e06a5d"
1.21225793662385e-06,1,0.939777559966989,0.388287341758502,0.997400189067594,"#e06a5d"
1.21225793662385e-06,1,0.939777559966989,0.388287341758502,0.997400189067594,"#e06a5d"
1.21225793662385e-06,1,0.939777559966989,0.388287341758502,0.997400189067594,"#e06a5d"
1.21225793662385e-06,1,0.939777559966989,0.388287341758502,0.997400189067594,"#e06a5d"
1.21225793662385e-06,0.666666666666667,0.939777559966989,0.388287341758502,0.997400189067594,"black"
1.21225793662385e-06,0.666666666666667,0.939777559966989,0.388287341758502,0.997400189067594,"black"
1.21225793662385e-06,1,0.939777559966989,0.388287341758502,0.997400189067594,"#e06a5d"
1.21225793662385e-06,0.666666666666667,0.939777559966989,0.388287341758502,0.997400189067594,"black"
1.21225793662385e-06,0.666666666666667,0.939777559966989,0.388287341758502,0.997400189067594,"black"
1.21225793662385e-06,1,0.939777559966989,0.388287341758502,0.997400189067594,"#e06a5d"
1.26998450503451e-06,1,0.949199377963823,0.395823560105819,0.998126961036028,"#e06a5d"
1.26998450503451e-06,1,0.949199377963823,0.395823560105819,0.998126961036028,"#e06a5d"
1.26998450503451e-06,1,0.949199377963823,0.395823560105819,0.998126961036028,"#e06a5d"
1.26998450503451e-06,0.666666666666667,0.949199377963823,0.395823560105819,0.998126961036028,"black"
1.26998450503451e-06,1,0.949199377963823,0.395823560105819,0.998126961036028,"#e06a5d"
1.26998450503451e-06,1,0.949199377963823,0.395823560105819,0.998126961036028,"#e06a5d"
1.26998450503451e-06,1,0.949199377963823,0.395823560105819,0.998126961036028,"#e06a5d"
1.26998450503451e-06,1,0.949199377963823,0.395823560105819,0.998126961036028,"#e06a5d"
1.26998450503451e-06,1,0.949199377963823,0.395823560105819,0.998126961036028,"#e06a5d"
1.26998450503451e-06,0.333333333333333,0.949199377963823,0.395823560105819,0.998126961036028,"#00a4ac"
1.26998450503451e-06,1,0.949199377963823,0.395823560105819,0.998126961036028,"#e06a5d"
1.26998450503451e-06,1,0.949199377963823,0.395823560105819,0.998126961036028,"#e06a5d"
1.26998450503451e-06,1,0.949199377963823,0.395823560105819,0.998126961036028,"#e06a5d"
1.26998450503451e-06,1,0.949199377963823,0.395823560105819,0.998126961036028,"#e06a5d"
1.26998450503451e-06,1,0.949199377963823,0.395823560105819,0.998126961036028,"#e06a5d"
1.26998450503451e-06,1,0.949199377963823,0.395823560105819,0.998126961036028,"#e06a5d"
1.26998450503451e-06,1,0.949199377963823,0.395823560105819,0.998126961036028,"#e06a5d"
1.26998450503451e-06,0.333333333333333,0.949199377963823,0.395823560105819,0.998126961036028,"#00a4ac"
1.26998450503451e-06,1,0.949199377963823,0.395823560105819,0.998126961036028,"#e06a5d"
1.26998450503451e-06,1,0.949199377963823,0.395823560105819,0.998126961036028,"#e06a5d"
1.26998450503451e-06,1,0.949199377963823,0.395823560105819,0.998126961036028,"#e06a5d"
1.26998450503451e-06,1,0.949199377963823,0.395823560105819,0.998126961036028,"#e06a5d"
1.26998450503451e-06,0.666666666666667,0.949199377963823,0.395823560105819,0.998126961036028,"black"
1.26998450503451e-06,1,0.949199377963823,0.395823560105819,0.998126961036028,"#e06a5d"
1.26998450503451e-06,0.666666666666667,0.949199377963823,0.395823560105819,0.998126961036028,"black"
1.26998450503451e-06,1,0.949199377963823,0.395823560105819,0.998126961036028,"#e06a5d"
1.26998450503451e-06,1,0.949199377963823,0.395823560105819,0.998126961036028,"#e06a5d"
1.26998450503451e-06,1,0.949199377963823,0.395823560105819,0.998126961036028,"#e06a5d"
1.26998450503451e-06,0.666666666666667,0.949199377963823,0.395823560105819,0.998126961036028,"black"
1.26998450503451e-06,1,0.949199377963823,0.395823560105819,0.998126961036028,"#e06a5d"
1.26998450503451e-06,1,0.949199377963823,0.395823560105819,0.998126961036028,"#e06a5d"
1.26998450503451e-06,1,0.949199377963823,0.395823560105819,0.998126961036028,"#e06a5d"
1.26998450503451e-06,1,0.949199377963823,0.395823560105819,0.998126961036028,"#e06a5d"
1.26998450503451e-06,1,0.949199377963823,0.395823560105819,0.998126961036028,"#e06a5d"
1.26998450503451e-06,0.333333333333333,0.949199377963823,0.395823560105819,0.998126961036028,"#00a4ac"
1.26998450503451e-06,1,0.949199377963823,0.395823560105819,0.998126961036028,"#e06a5d"
1.26998450503451e-06,1,0.949199377963823,0.395823560105819,0.998126961036028,"#e06a5d"
1.26998450503451e-06,1,0.949199377963823,0.395823560105819,0.998126961036028,"#e06a5d"
1.26998450503451e-06,0.666666666666667,0.949199377963823,0.395823560105819,0.998126961036028,"black"
1.26998450503451e-06,1,0.949199377963823,0.395823560105819,0.998126961036028,"#e06a5d"
1.26998450503451e-06,1,0.949199377963823,0.395823560105819,0.998126961036028,"#e06a5d"
1.26998450503451e-06,1,0.949199377963823,0.395823560105819,0.998126961036028,"#e06a5d"
1.26998450503451e-06,0.666666666666667,0.949199377963823,0.395823560105819,0.998126961036028,"black"
1.26998450503451e-06,0.666666666666667,0.949199377963823,0.395823560105819,0.998126961036028,"black"
1.26998450503451e-06,0.666666666666667,0.949199377963823,0.395823560105819,0.998126961036028,"black"
1.26998450503451e-06,1,0.949199377963823,0.395823560105819,0.998126961036028,"#e06a5d"
1.26998450503451e-06,1,0.949199377963823,0.395823560105819,0.998126961036028,"#e06a5d"
1.26998450503451e-06,1,0.949199377963823,0.395823560105819,0.998126961036028,"#e06a5d"
1.26998450503451e-06,1,0.949199377963823,0.395823560105819,0.998126961036028,"#e06a5d"
1.26998450503451e-06,1,0.949199377963823,0.395823560105819,0.998126961036028,"#e06a5d"
1.26998450503451e-06,1,0.949199377963823,0.395823560105819,0.998126961036028,"#e06a5d"
1.26998450503451e-06,1,0.949199377963823,0.395823560105819,0.998126961036028,"#e06a5d"
1.26998450503451e-06,1,0.949199377963823,0.395823560105819,0.998126961036028,"#e06a5d"
1.26998450503451e-06,1,0.949199377963823,0.395823560105819,0.998126961036028,"#e06a5d"
1.26998450503451e-06,1,0.949199377963823,0.395823560105819,0.998126961036028,"#e06a5d"
1.26998450503451e-06,1,0.949199377963823,0.395823560105819,0.998126961036028,"#e06a5d"
1.26998450503451e-06,1,0.949199377963823,0.395823560105819,0.998126961036028,"#e06a5d"
1.26998450503451e-06,0.666666666666667,0.949199377963823,0.395823560105819,0.998126961036028,"black"
1.26998450503451e-06,1,0.949199377963823,0.395823560105819,0.998126961036028,"#e06a5d"
1.26998450503451e-06,1,0.949199377963823,0.395823560105819,0.998126961036028,"#e06a5d"
1.26998450503451e-06,1,0.949199377963823,0.395823560105819,0.998126961036028,"#e06a5d"
1.26998450503451e-06,1,0.949199377963823,0.395823560105819,0.998126961036028,"#e06a5d"
1.26998450503451e-06,1,0.949199377963823,0.395823560105819,0.998126961036028,"#e06a5d"
1.26998450503451e-06,1,0.949199377963823,0.395823560105819,0.998126961036028,"#e06a5d"
1.26998450503451e-06,1,0.949199377963823,0.395823560105819,0.998126961036028,"#e06a5d"
1.26998450503451e-06,1,0.949199377963823,0.395823560105819,0.998126961036028,"#e06a5d"
1.26998450503451e-06,1,0.949199377963823,0.395823560105819,0.998126961036028,"#e06a5d"
1.26998450503451e-06,1,0.949199377963823,0.395823560105819,0.998126961036028,"#e06a5d"
1.26998450503451e-06,0.666666666666667,0.949199377963823,0.395823560105819,0.998126961036028,"black"
1.26998450503451e-06,1,0.949199377963823,0.395823560105819,0.998126961036028,"#e06a5d"
1.26998450503451e-06,0.666666666666667,0.949199377963823,0.395823560105819,0.998126961036028,"black"
1.26998450503451e-06,0.666666666666667,0.949199377963823,0.395823560105819,0.998126961036028,"black"
1.26998450503451e-06,1,0.949199377963823,0.395823560105819,0.998126961036028,"#e06a5d"
1.26998450503451e-06,0.333333333333333,0.949199377963823,0.395823560105819,0.998126961036028,"#00a4ac"
1.26998450503451e-06,0.333333333333333,0.949199377963823,0.395823560105819,0.998126961036028,"#00a4ac"
1.32771107344517e-06,1,0.957250490067331,0.402352273119836,0.998659121132133,"#e06a5d"
1.32771107344517e-06,1,0.957250490067331,0.402352273119836,0.998659121132133,"#e06a5d"
1.32771107344517e-06,0.666666666666667,0.957250490067331,0.402352273119836,0.998659121132133,"black"
1.32771107344517e-06,1,0.957250490067331,0.402352273119836,0.998659121132133,"#e06a5d"
1.32771107344517e-06,0.666666666666667,0.957250490067331,0.402352273119836,0.998659121132133,"black"
1.32771107344517e-06,0.666666666666667,0.957250490067331,0.402352273119836,0.998659121132133,"black"
1.32771107344517e-06,1,0.957250490067331,0.402352273119836,0.998659121132133,"#e06a5d"
1.32771107344517e-06,0.666666666666667,0.957250490067331,0.402352273119836,0.998659121132133,"black"
1.32771107344517e-06,1,0.957250490067331,0.402352273119836,0.998659121132133,"#e06a5d"
1.32771107344517e-06,1,0.957250490067331,0.402352273119836,0.998659121132133,"#e06a5d"
1.32771107344517e-06,1,0.957250490067331,0.402352273119836,0.998659121132133,"#e06a5d"
1.32771107344517e-06,0.666666666666667,0.957250490067331,0.402352273119836,0.998659121132133,"black"
1.32771107344517e-06,0.666666666666667,0.957250490067331,0.402352273119836,0.998659121132133,"black"
1.32771107344517e-06,1,0.957250490067331,0.402352273119836,0.998659121132133,"#e06a5d"
1.32771107344517e-06,1,0.957250490067331,0.402352273119836,0.998659121132133,"#e06a5d"
1.32771107344517e-06,1,0.957250490067331,0.402352273119836,0.998659121132133,"#e06a5d"
1.32771107344517e-06,1,0.957250490067331,0.402352273119836,0.998659121132133,"#e06a5d"
1.32771107344517e-06,0.666666666666667,0.957250490067331,0.402352273119836,0.998659121132133,"black"
1.32771107344517e-06,0.666666666666667,0.957250490067331,0.402352273119836,0.998659121132133,"black"
1.32771107344517e-06,0.666666666666667,0.957250490067331,0.402352273119836,0.998659121132133,"black"
1.32771107344517e-06,1,0.957250490067331,0.402352273119836,0.998659121132133,"#e06a5d"
1.32771107344517e-06,0.666666666666667,0.957250490067331,0.402352273119836,0.998659121132133,"black"
1.32771107344517e-06,0.666666666666667,0.957250490067331,0.402352273119836,0.998659121132133,"black"
1.32771107344517e-06,1,0.957250490067331,0.402352273119836,0.998659121132133,"#e06a5d"
1.32771107344517e-06,1,0.957250490067331,0.402352273119836,0.998659121132133,"#e06a5d"
1.32771107344517e-06,0.666666666666667,0.957250490067331,0.402352273119836,0.998659121132133,"black"
1.32771107344517e-06,1,0.957250490067331,0.402352273119836,0.998659121132133,"#e06a5d"
1.32771107344517e-06,0.333333333333333,0.957250490067331,0.402352273119836,0.998659121132133,"#00a4ac"
1.32771107344517e-06,1,0.957250490067331,0.402352273119836,0.998659121132133,"#e06a5d"
1.32771107344517e-06,1,0.957250490067331,0.402352273119836,0.998659121132133,"#e06a5d"
1.32771107344517e-06,1,0.957250490067331,0.402352273119836,0.998659121132133,"#e06a5d"
1.32771107344517e-06,0.666666666666667,0.957250490067331,0.402352273119836,0.998659121132133,"black"
1.32771107344517e-06,1,0.957250490067331,0.402352273119836,0.998659121132133,"#e06a5d"
1.32771107344517e-06,1,0.957250490067331,0.402352273119836,0.998659121132133,"#e06a5d"
1.32771107344517e-06,1,0.957250490067331,0.402352273119836,0.998659121132133,"#e06a5d"
1.32771107344517e-06,1,0.957250490067331,0.402352273119836,0.998659121132133,"#e06a5d"
1.32771107344517e-06,1,0.957250490067331,0.402352273119836,0.998659121132133,"#e06a5d"
1.32771107344517e-06,1,0.957250490067331,0.402352273119836,0.998659121132133,"#e06a5d"
1.32771107344517e-06,1,0.957250490067331,0.402352273119836,0.998659121132133,"#e06a5d"
1.32771107344517e-06,1,0.957250490067331,0.402352273119836,0.998659121132133,"#e06a5d"
1.32771107344517e-06,1,0.957250490067331,0.402352273119836,0.998659121132133,"#e06a5d"
1.32771107344517e-06,0.333333333333333,0.957250490067331,0.402352273119836,0.998659121132133,"#00a4ac"
1.32771107344517e-06,0.666666666666667,0.957250490067331,0.402352273119836,0.998659121132133,"black"
1.32771107344517e-06,0.666666666666667,0.957250490067331,0.402352273119836,0.998659121132133,"black"
1.32771107344517e-06,1,0.957250490067331,0.402352273119836,0.998659121132133,"#e06a5d"
1.32771107344517e-06,1,0.957250490067331,0.402352273119836,0.998659121132133,"#e06a5d"
1.32771107344517e-06,1,0.957250490067331,0.402352273119836,0.998659121132133,"#e06a5d"
1.32771107344517e-06,1,0.957250490067331,0.402352273119836,0.998659121132133,"#e06a5d"
1.32771107344517e-06,0.666666666666667,0.957250490067331,0.402352273119836,0.998659121132133,"black"
1.32771107344517e-06,1,0.957250490067331,0.402352273119836,0.998659121132133,"#e06a5d"
1.32771107344517e-06,1,0.957250490067331,0.402352273119836,0.998659121132133,"#e06a5d"
1.32771107344517e-06,0.666666666666667,0.957250490067331,0.402352273119836,0.998659121132133,"black"
1.32771107344517e-06,0.666666666666667,0.957250490067331,0.402352273119836,0.998659121132133,"black"
1.32771107344517e-06,1,0.957250490067331,0.402352273119836,0.998659121132133,"#e06a5d"
1.32771107344517e-06,0.333333333333333,0.957250490067331,0.402352273119836,0.998659121132133,"#00a4ac"
1.32771107344517e-06,0.333333333333333,0.957250490067331,0.402352273119836,0.998659121132133,"#00a4ac"
1.32771107344517e-06,0.666666666666667,0.957250490067331,0.402352273119836,0.998659121132133,"black"
1.32771107344517e-06,0.666666666666667,0.957250490067331,0.402352273119836,0.998659121132133,"black"
1.32771107344517e-06,1,0.957250490067331,0.402352273119836,0.998659121132133,"#e06a5d"
1.32771107344517e-06,0.666666666666667,0.957250490067331,0.402352273119836,0.998659121132133,"black"
1.32771107344517e-06,1,0.957250490067331,0.402352273119836,0.998659121132133,"#e06a5d"
1.32771107344517e-06,1,0.957250490067331,0.402352273119836,0.998659121132133,"#e06a5d"
1.32771107344517e-06,1,0.957250490067331,0.402352273119836,0.998659121132133,"#e06a5d"
1.32771107344517e-06,1,0.957250490067331,0.402352273119836,0.998659121132133,"#e06a5d"
1.32771107344517e-06,1,0.957250490067331,0.402352273119836,0.998659121132133,"#e06a5d"
1.32771107344517e-06,1,0.957250490067331,0.402352273119836,0.998659121132133,"#e06a5d"
1.32771107344517e-06,1,0.957250490067331,0.402352273119836,0.998659121132133,"#e06a5d"
1.38543764185583e-06,1,0.964109776855001,0.407981119381958,0.999045910102884,"#e06a5d"
1.38543764185583e-06,1,0.964109776855001,0.407981119381958,0.999045910102884,"#e06a5d"
1.38543764185583e-06,1,0.964109776855001,0.407981119381958,0.999045910102884,"#e06a5d"
1.38543764185583e-06,1,0.964109776855001,0.407981119381958,0.999045910102884,"#e06a5d"
1.38543764185583e-06,1,0.964109776855001,0.407981119381958,0.999045910102884,"#e06a5d"
1.38543764185583e-06,1,0.964109776855001,0.407981119381958,0.999045910102884,"#e06a5d"
1.38543764185583e-06,1,0.964109776855001,0.407981119381958,0.999045910102884,"#e06a5d"
1.38543764185583e-06,0.666666666666667,0.964109776855001,0.407981119381958,0.999045910102884,"black"
1.38543764185583e-06,1,0.964109776855001,0.407981119381958,0.999045910102884,"#e06a5d"
1.38543764185583e-06,1,0.964109776855001,0.407981119381958,0.999045910102884,"#e06a5d"
1.38543764185583e-06,1,0.964109776855001,0.407981119381958,0.999045910102884,"#e06a5d"
1.38543764185583e-06,1,0.964109776855001,0.407981119381958,0.999045910102884,"#e06a5d"
1.38543764185583e-06,1,0.964109776855001,0.407981119381958,0.999045910102884,"#e06a5d"
1.38543764185583e-06,0.666666666666667,0.964109776855001,0.407981119381958,0.999045910102884,"black"
1.38543764185583e-06,1,0.964109776855001,0.407981119381958,0.999045910102884,"#e06a5d"
1.38543764185583e-06,1,0.964109776855001,0.407981119381958,0.999045910102884,"#e06a5d"
1.38543764185583e-06,1,0.964109776855001,0.407981119381958,0.999045910102884,"#e06a5d"
1.38543764185583e-06,0.666666666666667,0.964109776855001,0.407981119381958,0.999045910102884,"black"
1.38543764185583e-06,1,0.964109776855001,0.407981119381958,0.999045910102884,"#e06a5d"
1.38543764185583e-06,0.666666666666667,0.964109776855001,0.407981119381958,0.999045910102884,"black"
1.38543764185583e-06,1,0.964109776855001,0.407981119381958,0.999045910102884,"#e06a5d"
1.38543764185583e-06,0.666666666666667,0.964109776855001,0.407981119381958,0.999045910102884,"black"
1.38543764185583e-06,0.666666666666667,0.964109776855001,0.407981119381958,0.999045910102884,"black"
1.38543764185583e-06,1,0.964109776855001,0.407981119381958,0.999045910102884,"#e06a5d"
1.38543764185583e-06,1,0.964109776855001,0.407981119381958,0.999045910102884,"#e06a5d"
1.38543764185583e-06,0.666666666666667,0.964109776855001,0.407981119381958,0.999045910102884,"black"
1.38543764185583e-06,0.666666666666667,0.964109776855001,0.407981119381958,0.999045910102884,"black"
1.38543764185583e-06,1,0.964109776855001,0.407981119381958,0.999045910102884,"#e06a5d"
1.38543764185583e-06,1,0.964109776855001,0.407981119381958,0.999045910102884,"#e06a5d"
1.38543764185583e-06,0.666666666666667,0.964109776855001,0.407981119381958,0.999045910102884,"black"
1.38543764185583e-06,1,0.964109776855001,0.407981119381958,0.999045910102884,"#e06a5d"
1.38543764185583e-06,1,0.964109776855001,0.407981119381958,0.999045910102884,"#e06a5d"
1.38543764185583e-06,1,0.964109776855001,0.407981119381958,0.999045910102884,"#e06a5d"
1.38543764185583e-06,1,0.964109776855001,0.407981119381958,0.999045910102884,"#e06a5d"
1.38543764185583e-06,1,0.964109776855001,0.407981119381958,0.999045910102884,"#e06a5d"
1.38543764185583e-06,1,0.964109776855001,0.407981119381958,0.999045910102884,"#e06a5d"
1.38543764185583e-06,1,0.964109776855001,0.407981119381958,0.999045910102884,"#e06a5d"
1.38543764185583e-06,0.666666666666667,0.964109776855001,0.407981119381958,0.999045910102884,"black"
1.38543764185583e-06,1,0.964109776855001,0.407981119381958,0.999045910102884,"#e06a5d"
1.38543764185583e-06,0.666666666666667,0.964109776855001,0.407981119381958,0.999045910102884,"black"
1.38543764185583e-06,1,0.964109776855001,0.407981119381958,0.999045910102884,"#e06a5d"
1.38543764185583e-06,1,0.964109776855001,0.407981119381958,0.999045910102884,"#e06a5d"
1.38543764185583e-06,0.666666666666667,0.964109776855001,0.407981119381958,0.999045910102884,"black"
1.38543764185583e-06,1,0.964109776855001,0.407981119381958,0.999045910102884,"#e06a5d"
1.38543764185583e-06,1,0.964109776855001,0.407981119381958,0.999045910102884,"#e06a5d"
1.38543764185583e-06,1,0.964109776855001,0.407981119381958,0.999045910102884,"#e06a5d"
1.38543764185583e-06,1,0.964109776855001,0.407981119381958,0.999045910102884,"#e06a5d"
1.38543764185583e-06,0.666666666666667,0.964109776855001,0.407981119381958,0.999045910102884,"black"
1.38543764185583e-06,1,0.964109776855001,0.407981119381958,0.999045910102884,"#e06a5d"
1.38543764185583e-06,0.666666666666667,0.964109776855001,0.407981119381958,0.999045910102884,"black"
1.38543764185583e-06,1,0.964109776855001,0.407981119381958,0.999045910102884,"#e06a5d"
1.38543764185583e-06,1,0.964109776855001,0.407981119381958,0.999045910102884,"#e06a5d"
1.38543764185583e-06,1,0.964109776855001,0.407981119381958,0.999045910102884,"#e06a5d"
1.38543764185583e-06,0.666666666666667,0.964109776855001,0.407981119381958,0.999045910102884,"black"
1.38543764185583e-06,1,0.964109776855001,0.407981119381958,0.999045910102884,"#e06a5d"
1.38543764185583e-06,1,0.964109776855001,0.407981119381958,0.999045910102884,"#e06a5d"
1.38543764185583e-06,1,0.964109776855001,0.407981119381958,0.999045910102884,"#e06a5d"
1.38543764185583e-06,1,0.964109776855001,0.407981119381958,0.999045910102884,"#e06a5d"
1.38543764185583e-06,1,0.964109776855001,0.407981119381958,0.999045910102884,"#e06a5d"
1.38543764185583e-06,1,0.964109776855001,0.407981119381958,0.999045910102884,"#e06a5d"
1.38543764185583e-06,1,0.964109776855001,0.407981119381958,0.999045910102884,"#e06a5d"
1.38543764185583e-06,1,0.964109776855001,0.407981119381958,0.999045910102884,"#e06a5d"
1.38543764185583e-06,1,0.964109776855001,0.407981119381958,0.999045910102884,"#e06a5d"
1.38543764185583e-06,1,0.964109776855001,0.407981119381958,0.999045910102884,"#e06a5d"
1.38543764185583e-06,0.666666666666667,0.964109776855001,0.407981119381958,0.999045910102884,"black"
1.38543764185583e-06,0.333333333333333,0.964109776855001,0.407981119381958,0.999045910102884,"#00a4ac"
1.44316421026649e-06,1,0.9699368985081,0.412812386737982,0.999325063029277,"#e06a5d"
1.44316421026649e-06,1,0.9699368985081,0.412812386737982,0.999325063029277,"#e06a5d"
1.44316421026649e-06,1,0.9699368985081,0.412812386737982,0.999325063029277,"#e06a5d"
1.44316421026649e-06,0.333333333333333,0.9699368985081,0.412812386737982,0.999325063029277,"#00a4ac"
1.44316421026649e-06,0.666666666666667,0.9699368985081,0.412812386737982,0.999325063029277,"black"
1.44316421026649e-06,1,0.9699368985081,0.412812386737982,0.999325063029277,"#e06a5d"
1.44316421026649e-06,0.333333333333333,0.9699368985081,0.412812386737982,0.999325063029277,"#00a4ac"
1.44316421026649e-06,1,0.9699368985081,0.412812386737982,0.999325063029277,"#e06a5d"
1.44316421026649e-06,0.666666666666667,0.9699368985081,0.412812386737982,0.999325063029277,"black"
1.44316421026649e-06,1,0.9699368985081,0.412812386737982,0.999325063029277,"#e06a5d"
1.44316421026649e-06,0.666666666666667,0.9699368985081,0.412812386737982,0.999325063029277,"black"
1.44316421026649e-06,1,0.9699368985081,0.412812386737982,0.999325063029277,"#e06a5d"
1.44316421026649e-06,1,0.9699368985081,0.412812386737982,0.999325063029277,"#e06a5d"
1.44316421026649e-06,0.666666666666667,0.9699368985081,0.412812386737982,0.999325063029277,"black"
1.44316421026649e-06,1,0.9699368985081,0.412812386737982,0.999325063029277,"#e06a5d"
1.44316421026649e-06,1,0.9699368985081,0.412812386737982,0.999325063029277,"#e06a5d"
1.44316421026649e-06,1,0.9699368985081,0.412812386737982,0.999325063029277,"#e06a5d"
1.44316421026649e-06,0.666666666666667,0.9699368985081,0.412812386737982,0.999325063029277,"black"
1.44316421026649e-06,1,0.9699368985081,0.412812386737982,0.999325063029277,"#e06a5d"
1.44316421026649e-06,1,0.9699368985081,0.412812386737982,0.999325063029277,"#e06a5d"
1.44316421026649e-06,1,0.9699368985081,0.412812386737982,0.999325063029277,"#e06a5d"
1.44316421026649e-06,1,0.9699368985081,0.412812386737982,0.999325063029277,"#e06a5d"
1.44316421026649e-06,1,0.9699368985081,0.412812386737982,0.999325063029277,"#e06a5d"
1.44316421026649e-06,1,0.9699368985081,0.412812386737982,0.999325063029277,"#e06a5d"
1.44316421026649e-06,1,0.9699368985081,0.412812386737982,0.999325063029277,"#e06a5d"
1.44316421026649e-06,1,0.9699368985081,0.412812386737982,0.999325063029277,"#e06a5d"
1.44316421026649e-06,1,0.9699368985081,0.412812386737982,0.999325063029277,"#e06a5d"
1.44316421026649e-06,1,0.9699368985081,0.412812386737982,0.999325063029277,"#e06a5d"
1.44316421026649e-06,1,0.9699368985081,0.412812386737982,0.999325063029277,"#e06a5d"
1.44316421026649e-06,1,0.9699368985081,0.412812386737982,0.999325063029277,"#e06a5d"
1.44316421026649e-06,1,0.9699368985081,0.412812386737982,0.999325063029277,"#e06a5d"
1.44316421026649e-06,1,0.9699368985081,0.412812386737982,0.999325063029277,"#e06a5d"
1.44316421026649e-06,1,0.9699368985081,0.412812386737982,0.999325063029277,"#e06a5d"
1.44316421026649e-06,1,0.9699368985081,0.412812386737982,0.999325063029277,"#e06a5d"
1.44316421026649e-06,1,0.9699368985081,0.412812386737982,0.999325063029277,"#e06a5d"
1.44316421026649e-06,1,0.9699368985081,0.412812386737982,0.999325063029277,"#e06a5d"
1.44316421026649e-06,1,0.9699368985081,0.412812386737982,0.999325063029277,"#e06a5d"
1.44316421026649e-06,1,0.9699368985081,0.412812386737982,0.999325063029277,"#e06a5d"
1.44316421026649e-06,1,0.9699368985081,0.412812386737982,0.999325063029277,"#e06a5d"
1.44316421026649e-06,1,0.9699368985081,0.412812386737982,0.999325063029277,"#e06a5d"
1.44316421026649e-06,0.666666666666667,0.9699368985081,0.412812386737982,0.999325063029277,"black"
1.44316421026649e-06,1,0.9699368985081,0.412812386737982,0.999325063029277,"#e06a5d"
1.44316421026649e-06,1,0.9699368985081,0.412812386737982,0.999325063029277,"#e06a5d"
1.44316421026649e-06,1,0.9699368985081,0.412812386737982,0.999325063029277,"#e06a5d"
1.44316421026649e-06,0.666666666666667,0.9699368985081,0.412812386737982,0.999325063029277,"black"
1.44316421026649e-06,1,0.9699368985081,0.412812386737982,0.999325063029277,"#e06a5d"
1.44316421026649e-06,1,0.9699368985081,0.412812386737982,0.999325063029277,"#e06a5d"
1.44316421026649e-06,1,0.9699368985081,0.412812386737982,0.999325063029277,"#e06a5d"
1.44316421026649e-06,1,0.9699368985081,0.412812386737982,0.999325063029277,"#e06a5d"
1.44316421026649e-06,1,0.9699368985081,0.412812386737982,0.999325063029277,"#e06a5d"
1.44316421026649e-06,1,0.9699368985081,0.412812386737982,0.999325063029277,"#e06a5d"
1.44316421026649e-06,0.666666666666667,0.9699368985081,0.412812386737982,0.999325063029277,"black"
1.44316421026649e-06,0.666666666666667,0.9699368985081,0.412812386737982,0.999325063029277,"black"
1.44316421026649e-06,1,0.9699368985081,0.412812386737982,0.999325063029277,"#e06a5d"
1.44316421026649e-06,1,0.9699368985081,0.412812386737982,0.999325063029277,"#e06a5d"
1.50089077867714e-06,1,0.974873495488952,0.416941689919434,0.99952518470609,"#e06a5d"
1.50089077867714e-06,1,0.974873495488952,0.416941689919434,0.99952518470609,"#e06a5d"
1.50089077867714e-06,1,0.974873495488952,0.416941689919434,0.99952518470609,"#e06a5d"
1.50089077867714e-06,1,0.974873495488952,0.416941689919434,0.99952518470609,"#e06a5d"
1.50089077867714e-06,1,0.974873495488952,0.416941689919434,0.99952518470609,"#e06a5d"
1.50089077867714e-06,1,0.974873495488952,0.416941689919434,0.99952518470609,"#e06a5d"
1.50089077867714e-06,0.666666666666667,0.974873495488952,0.416941689919434,0.99952518470609,"black"
1.50089077867714e-06,0.666666666666667,0.974873495488952,0.416941689919434,0.99952518470609,"black"
1.50089077867714e-06,0.666666666666667,0.974873495488952,0.416941689919434,0.99952518470609,"black"
1.50089077867714e-06,1,0.974873495488952,0.416941689919434,0.99952518470609,"#e06a5d"
1.50089077867714e-06,1,0.974873495488952,0.416941689919434,0.99952518470609,"#e06a5d"
1.50089077867714e-06,1,0.974873495488952,0.416941689919434,0.99952518470609,"#e06a5d"
1.50089077867714e-06,1,0.974873495488952,0.416941689919434,0.99952518470609,"#e06a5d"
1.50089077867714e-06,1,0.974873495488952,0.416941689919434,0.99952518470609,"#e06a5d"
1.50089077867714e-06,1,0.974873495488952,0.416941689919434,0.99952518470609,"#e06a5d"
1.50089077867714e-06,0.666666666666667,0.974873495488952,0.416941689919434,0.99952518470609,"black"
1.50089077867714e-06,1,0.974873495488952,0.416941689919434,0.99952518470609,"#e06a5d"
1.50089077867714e-06,1,0.974873495488952,0.416941689919434,0.99952518470609,"#e06a5d"
1.50089077867714e-06,1,0.974873495488952,0.416941689919434,0.99952518470609,"#e06a5d"
1.50089077867714e-06,1,0.974873495488952,0.416941689919434,0.99952518470609,"#e06a5d"
1.50089077867714e-06,1,0.974873495488952,0.416941689919434,0.99952518470609,"#e06a5d"
1.50089077867714e-06,1,0.974873495488952,0.416941689919434,0.99952518470609,"#e06a5d"
1.50089077867714e-06,0.666666666666667,0.974873495488952,0.416941689919434,0.99952518470609,"black"
1.50089077867714e-06,1,0.974873495488952,0.416941689919434,0.99952518470609,"#e06a5d"
1.50089077867714e-06,1,0.974873495488952,0.416941689919434,0.99952518470609,"#e06a5d"
1.50089077867714e-06,1,0.974873495488952,0.416941689919434,0.99952518470609,"#e06a5d"
1.50089077867714e-06,1,0.974873495488952,0.416941689919434,0.99952518470609,"#e06a5d"
1.50089077867714e-06,0.666666666666667,0.974873495488952,0.416941689919434,0.99952518470609,"black"
1.50089077867714e-06,1,0.974873495488952,0.416941689919434,0.99952518470609,"#e06a5d"
1.50089077867714e-06,1,0.974873495488952,0.416941689919434,0.99952518470609,"#e06a5d"
1.50089077867714e-06,1,0.974873495488952,0.416941689919434,0.99952518470609,"#e06a5d"
1.50089077867714e-06,1,0.974873495488952,0.416941689919434,0.99952518470609,"#e06a5d"
1.50089077867714e-06,1,0.974873495488952,0.416941689919434,0.99952518470609,"#e06a5d"
1.50089077867714e-06,1,0.974873495488952,0.416941689919434,0.99952518470609,"#e06a5d"
1.50089077867714e-06,0.666666666666667,0.974873495488952,0.416941689919434,0.99952518470609,"black"
1.50089077867714e-06,1,0.974873495488952,0.416941689919434,0.99952518470609,"#e06a5d"
1.50089077867714e-06,0.666666666666667,0.974873495488952,0.416941689919434,0.99952518470609,"black"
1.50089077867714e-06,0.333333333333333,0.974873495488952,0.416941689919434,0.99952518470609,"#00a4ac"
1.50089077867714e-06,0.666666666666667,0.974873495488952,0.416941689919434,0.99952518470609,"black"
1.50089077867714e-06,1,0.974873495488952,0.416941689919434,0.99952518470609,"#e06a5d"
1.50089077867714e-06,1,0.974873495488952,0.416941689919434,0.99952518470609,"#e06a5d"
1.50089077867714e-06,1,0.974873495488952,0.416941689919434,0.99952518470609,"#e06a5d"
1.50089077867714e-06,1,0.974873495488952,0.416941689919434,0.99952518470609,"#e06a5d"
1.50089077867714e-06,0.333333333333333,0.974873495488952,0.416941689919434,0.99952518470609,"#00a4ac"
1.50089077867714e-06,1,0.974873495488952,0.416941689919434,0.99952518470609,"#e06a5d"
1.50089077867714e-06,0.666666666666667,0.974873495488952,0.416941689919434,0.99952518470609,"black"
1.50089077867714e-06,0.666666666666667,0.974873495488952,0.416941689919434,0.99952518470609,"black"
1.50089077867714e-06,0.666666666666667,0.974873495488952,0.416941689919434,0.99952518470609,"black"
1.5586173470878e-06,1,0.979044521102311,0.420457151991469,0.999667736858223,"#e06a5d"
1.5586173470878e-06,1,0.979044521102311,0.420457151991469,0.999667736858223,"#e06a5d"
1.5586173470878e-06,1,0.979044521102311,0.420457151991469,0.999667736858223,"#e06a5d"
1.5586173470878e-06,1,0.979044521102311,0.420457151991469,0.999667736858223,"#e06a5d"
1.5586173470878e-06,1,0.979044521102311,0.420457151991469,0.999667736858223,"#e06a5d"
1.5586173470878e-06,1,0.979044521102311,0.420457151991469,0.999667736858223,"#e06a5d"
1.5586173470878e-06,1,0.979044521102311,0.420457151991469,0.999667736858223,"#e06a5d"
1.5586173470878e-06,1,0.979044521102311,0.420457151991469,0.999667736858223,"#e06a5d"
1.5586173470878e-06,1,0.979044521102311,0.420457151991469,0.999667736858223,"#e06a5d"
1.5586173470878e-06,0.666666666666667,0.979044521102311,0.420457151991469,0.999667736858223,"black"
1.5586173470878e-06,1,0.979044521102311,0.420457151991469,0.999667736858223,"#e06a5d"
1.5586173470878e-06,1,0.979044521102311,0.420457151991469,0.999667736858223,"#e06a5d"
1.5586173470878e-06,0.666666666666667,0.979044521102311,0.420457151991469,0.999667736858223,"black"
1.5586173470878e-06,1,0.979044521102311,0.420457151991469,0.999667736858223,"#e06a5d"
1.5586173470878e-06,1,0.979044521102311,0.420457151991469,0.999667736858223,"#e06a5d"
1.5586173470878e-06,1,0.979044521102311,0.420457151991469,0.999667736858223,"#e06a5d"
1.5586173470878e-06,1,0.979044521102311,0.420457151991469,0.999667736858223,"#e06a5d"
1.5586173470878e-06,0.666666666666667,0.979044521102311,0.420457151991469,0.999667736858223,"black"
1.5586173470878e-06,1,0.979044521102311,0.420457151991469,0.999667736858223,"#e06a5d"
1.5586173470878e-06,1,0.979044521102311,0.420457151991469,0.999667736858223,"#e06a5d"
1.5586173470878e-06,1,0.979044521102311,0.420457151991469,0.999667736858223,"#e06a5d"
1.5586173470878e-06,1,0.979044521102311,0.420457151991469,0.999667736858223,"#e06a5d"
1.5586173470878e-06,1,0.979044521102311,0.420457151991469,0.999667736858223,"#e06a5d"
1.5586173470878e-06,1,0.979044521102311,0.420457151991469,0.999667736858223,"#e06a5d"
1.5586173470878e-06,1,0.979044521102311,0.420457151991469,0.999667736858223,"#e06a5d"
1.5586173470878e-06,0.666666666666667,0.979044521102311,0.420457151991469,0.999667736858223,"black"
1.5586173470878e-06,1,0.979044521102311,0.420457151991469,0.999667736858223,"#e06a5d"
1.5586173470878e-06,0.666666666666667,0.979044521102311,0.420457151991469,0.999667736858223,"black"
1.5586173470878e-06,1,0.979044521102311,0.420457151991469,0.999667736858223,"#e06a5d"
1.5586173470878e-06,1,0.979044521102311,0.420457151991469,0.999667736858223,"#e06a5d"
1.5586173470878e-06,0.666666666666667,0.979044521102311,0.420457151991469,0.999667736858223,"black"
1.5586173470878e-06,1,0.979044521102311,0.420457151991469,0.999667736858223,"#e06a5d"
1.5586173470878e-06,0.666666666666667,0.979044521102311,0.420457151991469,0.999667736858223,"black"
1.5586173470878e-06,0.666666666666667,0.979044521102311,0.420457151991469,0.999667736858223,"black"
1.5586173470878e-06,1,0.979044521102311,0.420457151991469,0.999667736858223,"#e06a5d"
1.5586173470878e-06,1,0.979044521102311,0.420457151991469,0.999667736858223,"#e06a5d"
1.5586173470878e-06,1,0.979044521102311,0.420457151991469,0.999667736858223,"#e06a5d"
1.5586173470878e-06,1,0.979044521102311,0.420457151991469,0.999667736858223,"#e06a5d"
1.5586173470878e-06,0.666666666666667,0.979044521102311,0.420457151991469,0.999667736858223,"black"
1.5586173470878e-06,1,0.979044521102311,0.420457151991469,0.999667736858223,"#e06a5d"
1.5586173470878e-06,1,0.979044521102311,0.420457151991469,0.999667736858223,"#e06a5d"
1.5586173470878e-06,1,0.979044521102311,0.420457151991469,0.999667736858223,"#e06a5d"
1.5586173470878e-06,1,0.979044521102311,0.420457151991469,0.999667736858223,"#e06a5d"
1.5586173470878e-06,1,0.979044521102311,0.420457151991469,0.999667736858223,"#e06a5d"
1.5586173470878e-06,1,0.979044521102311,0.420457151991469,0.999667736858223,"#e06a5d"
1.5586173470878e-06,1,0.979044521102311,0.420457151991469,0.999667736858223,"#e06a5d"
1.5586173470878e-06,1,0.979044521102311,0.420457151991469,0.999667736858223,"#e06a5d"
1.5586173470878e-06,1,0.979044521102311,0.420457151991469,0.999667736858223,"#e06a5d"
1.5586173470878e-06,1,0.979044521102311,0.420457151991469,0.999667736858223,"#e06a5d"
1.5586173470878e-06,1,0.979044521102311,0.420457151991469,0.999667736858223,"#e06a5d"
1.5586173470878e-06,1,0.979044521102311,0.420457151991469,0.999667736858223,"#e06a5d"
1.5586173470878e-06,1,0.979044521102311,0.420457151991469,0.999667736858223,"#e06a5d"
1.5586173470878e-06,1,0.979044521102311,0.420457151991469,0.999667736858223,"#e06a5d"
1.5586173470878e-06,1,0.979044521102311,0.420457151991469,0.999667736858223,"#e06a5d"
1.5586173470878e-06,1,0.979044521102311,0.420457151991469,0.999667736858223,"#e06a5d"
1.5586173470878e-06,1,0.979044521102311,0.420457151991469,0.999667736858223,"#e06a5d"
1.5586173470878e-06,0.666666666666667,0.979044521102311,0.420457151991469,0.999667736858223,"black"
1.5586173470878e-06,1,0.979044521102311,0.420457151991469,0.999667736858223,"#e06a5d"
1.5586173470878e-06,1,0.979044521102311,0.420457151991469,0.999667736858223,"#e06a5d"
1.5586173470878e-06,1,0.979044521102311,0.420457151991469,0.999667736858223,"#e06a5d"
1.61634391549846e-06,1,0.982559638256748,0.423439000814879,0.999768666646711,"#e06a5d"
1.61634391549846e-06,1,0.982559638256748,0.423439000814879,0.999768666646711,"#e06a5d"
1.61634391549846e-06,1,0.982559638256748,0.423439000814879,0.999768666646711,"#e06a5d"
1.61634391549846e-06,1,0.982559638256748,0.423439000814879,0.999768666646711,"#e06a5d"
1.61634391549846e-06,0.666666666666667,0.982559638256748,0.423439000814879,0.999768666646711,"black"
1.61634391549846e-06,1,0.982559638256748,0.423439000814879,0.999768666646711,"#e06a5d"
1.61634391549846e-06,1,0.982559638256748,0.423439000814879,0.999768666646711,"#e06a5d"
1.61634391549846e-06,0.666666666666667,0.982559638256748,0.423439000814879,0.999768666646711,"black"
1.61634391549846e-06,1,0.982559638256748,0.423439000814879,0.999768666646711,"#e06a5d"
1.61634391549846e-06,0.666666666666667,0.982559638256748,0.423439000814879,0.999768666646711,"black"
1.61634391549846e-06,0.666666666666667,0.982559638256748,0.423439000814879,0.999768666646711,"black"
1.61634391549846e-06,1,0.982559638256748,0.423439000814879,0.999768666646711,"#e06a5d"
1.61634391549846e-06,1,0.982559638256748,0.423439000814879,0.999768666646711,"#e06a5d"
1.61634391549846e-06,1,0.982559638256748,0.423439000814879,0.999768666646711,"#e06a5d"
1.61634391549846e-06,1,0.982559638256748,0.423439000814879,0.999768666646711,"#e06a5d"
1.61634391549846e-06,1,0.982559638256748,0.423439000814879,0.999768666646711,"#e06a5d"
1.61634391549846e-06,1,0.982559638256748,0.423439000814879,0.999768666646711,"#e06a5d"
1.61634391549846e-06,1,0.982559638256748,0.423439000814879,0.999768666646711,"#e06a5d"
1.61634391549846e-06,1,0.982559638256748,0.423439000814879,0.999768666646711,"#e06a5d"
1.61634391549846e-06,1,0.982559638256748,0.423439000814879,0.999768666646711,"#e06a5d"
1.61634391549846e-06,0.666666666666667,0.982559638256748,0.423439000814879,0.999768666646711,"black"
1.61634391549846e-06,0.333333333333333,0.982559638256748,0.423439000814879,0.999768666646711,"#00a4ac"
1.61634391549846e-06,0.666666666666667,0.982559638256748,0.423439000814879,0.999768666646711,"black"
1.61634391549846e-06,0.666666666666667,0.982559638256748,0.423439000814879,0.999768666646711,"black"
1.61634391549846e-06,1,0.982559638256748,0.423439000814879,0.999768666646711,"#e06a5d"
1.61634391549846e-06,1,0.982559638256748,0.423439000814879,0.999768666646711,"#e06a5d"
1.61634391549846e-06,1,0.982559638256748,0.423439000814879,0.999768666646711,"#e06a5d"
1.61634391549846e-06,1,0.982559638256748,0.423439000814879,0.999768666646711,"#e06a5d"
1.61634391549846e-06,1,0.982559638256748,0.423439000814879,0.999768666646711,"#e06a5d"
1.61634391549846e-06,0.333333333333333,0.982559638256748,0.423439000814879,0.999768666646711,"#00a4ac"
1.61634391549846e-06,1,0.982559638256748,0.423439000814879,0.999768666646711,"#e06a5d"
1.61634391549846e-06,1,0.982559638256748,0.423439000814879,0.999768666646711,"#e06a5d"
1.61634391549846e-06,1,0.982559638256748,0.423439000814879,0.999768666646711,"#e06a5d"
1.61634391549846e-06,1,0.982559638256748,0.423439000814879,0.999768666646711,"#e06a5d"
1.61634391549846e-06,1,0.982559638256748,0.423439000814879,0.999768666646711,"#e06a5d"
1.61634391549846e-06,1,0.982559638256748,0.423439000814879,0.999768666646711,"#e06a5d"
1.61634391549846e-06,1,0.982559638256748,0.423439000814879,0.999768666646711,"#e06a5d"
1.61634391549846e-06,1,0.982559638256748,0.423439000814879,0.999768666646711,"#e06a5d"
1.61634391549846e-06,0.666666666666667,0.982559638256748,0.423439000814879,0.999768666646711,"black"
1.61634391549846e-06,1,0.982559638256748,0.423439000814879,0.999768666646711,"#e06a5d"
1.61634391549846e-06,1,0.982559638256748,0.423439000814879,0.999768666646711,"#e06a5d"
1.61634391549846e-06,1,0.982559638256748,0.423439000814879,0.999768666646711,"#e06a5d"
1.61634391549846e-06,1,0.982559638256748,0.423439000814879,0.999768666646711,"#e06a5d"
1.61634391549846e-06,1,0.982559638256748,0.423439000814879,0.999768666646711,"#e06a5d"
1.61634391549846e-06,1,0.982559638256748,0.423439000814879,0.999768666646711,"#e06a5d"
1.61634391549846e-06,1,0.982559638256748,0.423439000814879,0.999768666646711,"#e06a5d"
1.61634391549846e-06,1,0.982559638256748,0.423439000814879,0.999768666646711,"#e06a5d"
1.61634391549846e-06,1,0.982559638256748,0.423439000814879,0.999768666646711,"#e06a5d"
1.61634391549846e-06,1,0.982559638256748,0.423439000814879,0.999768666646711,"#e06a5d"
1.61634391549846e-06,1,0.982559638256748,0.423439000814879,0.999768666646711,"#e06a5d"
1.61634391549846e-06,0.333333333333333,0.982559638256748,0.423439000814879,0.999768666646711,"#00a4ac"
1.67407048390912e-06,1,0.98551462824363,0.42595949489706,0.999839716325295,"#e06a5d"
1.67407048390912e-06,1,0.98551462824363,0.42595949489706,0.999839716325295,"#e06a5d"
1.67407048390912e-06,1,0.98551462824363,0.42595949489706,0.999839716325295,"#e06a5d"
1.67407048390912e-06,1,0.98551462824363,0.42595949489706,0.999839716325295,"#e06a5d"
1.67407048390912e-06,1,0.98551462824363,0.42595949489706,0.999839716325295,"#e06a5d"
1.67407048390912e-06,1,0.98551462824363,0.42595949489706,0.999839716325295,"#e06a5d"
1.67407048390912e-06,1,0.98551462824363,0.42595949489706,0.999839716325295,"#e06a5d"
1.67407048390912e-06,1,0.98551462824363,0.42595949489706,0.999839716325295,"#e06a5d"
1.67407048390912e-06,1,0.98551462824363,0.42595949489706,0.999839716325295,"#e06a5d"
1.67407048390912e-06,0.666666666666667,0.98551462824363,0.42595949489706,0.999839716325295,"black"
1.67407048390912e-06,1,0.98551462824363,0.42595949489706,0.999839716325295,"#e06a5d"
1.67407048390912e-06,0.666666666666667,0.98551462824363,0.42595949489706,0.999839716325295,"black"
1.67407048390912e-06,1,0.98551462824363,0.42595949489706,0.999839716325295,"#e06a5d"
1.67407048390912e-06,1,0.98551462824363,0.42595949489706,0.999839716325295,"#e06a5d"
1.67407048390912e-06,1,0.98551462824363,0.42595949489706,0.999839716325295,"#e06a5d"
1.67407048390912e-06,1,0.98551462824363,0.42595949489706,0.999839716325295,"#e06a5d"
1.67407048390912e-06,1,0.98551462824363,0.42595949489706,0.999839716325295,"#e06a5d"
1.67407048390912e-06,1,0.98551462824363,0.42595949489706,0.999839716325295,"#e06a5d"
1.67407048390912e-06,1,0.98551462824363,0.42595949489706,0.999839716325295,"#e06a5d"
1.67407048390912e-06,1,0.98551462824363,0.42595949489706,0.999839716325295,"#e06a5d"
1.67407048390912e-06,0.333333333333333,0.98551462824363,0.42595949489706,0.999839716325295,"#00a4ac"
1.67407048390912e-06,1,0.98551462824363,0.42595949489706,0.999839716325295,"#e06a5d"
1.67407048390912e-06,1,0.98551462824363,0.42595949489706,0.999839716325295,"#e06a5d"
1.67407048390912e-06,1,0.98551462824363,0.42595949489706,0.999839716325295,"#e06a5d"
1.67407048390912e-06,0.666666666666667,0.98551462824363,0.42595949489706,0.999839716325295,"black"
1.67407048390912e-06,0.333333333333333,0.98551462824363,0.42595949489706,0.999839716325295,"#00a4ac"
1.67407048390912e-06,1,0.98551462824363,0.42595949489706,0.999839716325295,"#e06a5d"
1.67407048390912e-06,1,0.98551462824363,0.42595949489706,0.999839716325295,"#e06a5d"
1.67407048390912e-06,1,0.98551462824363,0.42595949489706,0.999839716325295,"#e06a5d"
1.67407048390912e-06,1,0.98551462824363,0.42595949489706,0.999839716325295,"#e06a5d"
1.67407048390912e-06,0.333333333333333,0.98551462824363,0.42595949489706,0.999839716325295,"#00a4ac"
1.67407048390912e-06,1,0.98551462824363,0.42595949489706,0.999839716325295,"#e06a5d"
1.67407048390912e-06,1,0.98551462824363,0.42595949489706,0.999839716325295,"#e06a5d"
1.67407048390912e-06,1,0.98551462824363,0.42595949489706,0.999839716325295,"#e06a5d"
1.67407048390912e-06,1,0.98551462824363,0.42595949489706,0.999839716325295,"#e06a5d"
1.67407048390912e-06,1,0.98551462824363,0.42595949489706,0.999839716325295,"#e06a5d"
1.67407048390912e-06,1,0.98551462824363,0.42595949489706,0.999839716325295,"#e06a5d"
1.67407048390912e-06,1,0.98551462824363,0.42595949489706,0.999839716325295,"#e06a5d"
1.67407048390912e-06,0.666666666666667,0.98551462824363,0.42595949489706,0.999839716325295,"black"
1.67407048390912e-06,0.666666666666667,0.98551462824363,0.42595949489706,0.999839716325295,"black"
1.67407048390912e-06,1,0.98551462824363,0.42595949489706,0.999839716325295,"#e06a5d"
1.67407048390912e-06,1,0.98551462824363,0.42595949489706,0.999839716325295,"#e06a5d"
1.67407048390912e-06,1,0.98551462824363,0.42595949489706,0.999839716325295,"#e06a5d"
1.67407048390912e-06,1,0.98551462824363,0.42595949489706,0.999839716325295,"#e06a5d"
1.67407048390912e-06,1,0.98551462824363,0.42595949489706,0.999839716325295,"#e06a5d"
1.67407048390912e-06,0.333333333333333,0.98551462824363,0.42595949489706,0.999839716325295,"#00a4ac"
1.67407048390912e-06,1,0.98551462824363,0.42595949489706,0.999839716325295,"#e06a5d"
1.67407048390912e-06,1,0.98551462824363,0.42595949489706,0.999839716325295,"#e06a5d"
1.67407048390912e-06,1,0.98551462824363,0.42595949489706,0.999839716325295,"#e06a5d"
1.67407048390912e-06,0.666666666666667,0.98551462824363,0.42595949489706,0.999839716325295,"black"
1.67407048390912e-06,0.666666666666667,0.98551462824363,0.42595949489706,0.999839716325295,"black"
1.67407048390912e-06,0.666666666666667,0.98551462824363,0.42595949489706,0.999839716325295,"black"
1.67407048390912e-06,0.333333333333333,0.98551462824363,0.42595949489706,0.999839716325295,"#00a4ac"
1.67407048390912e-06,0.333333333333333,0.98551462824363,0.42595949489706,0.999839716325295,"#00a4ac"
1.73179705231978e-06,1,0.987992772412692,0.428083099803578,0.999889458566523,"#e06a5d"
1.73179705231978e-06,1,0.987992772412692,0.428083099803578,0.999889458566523,"#e06a5d"
1.73179705231978e-06,1,0.987992772412692,0.428083099803578,0.999889458566523,"#e06a5d"
1.73179705231978e-06,1,0.987992772412692,0.428083099803578,0.999889458566523,"#e06a5d"
1.73179705231978e-06,1,0.987992772412692,0.428083099803578,0.999889458566523,"#e06a5d"
1.73179705231978e-06,0.666666666666667,0.987992772412692,0.428083099803578,0.999889458566523,"black"
1.73179705231978e-06,1,0.987992772412692,0.428083099803578,0.999889458566523,"#e06a5d"
1.73179705231978e-06,1,0.987992772412692,0.428083099803578,0.999889458566523,"#e06a5d"
1.73179705231978e-06,1,0.987992772412692,0.428083099803578,0.999889458566523,"#e06a5d"
1.73179705231978e-06,0.666666666666667,0.987992772412692,0.428083099803578,0.999889458566523,"black"
1.73179705231978e-06,0.666666666666667,0.987992772412692,0.428083099803578,0.999889458566523,"black"
1.73179705231978e-06,1,0.987992772412692,0.428083099803578,0.999889458566523,"#e06a5d"
1.73179705231978e-06,1,0.987992772412692,0.428083099803578,0.999889458566523,"#e06a5d"
1.73179705231978e-06,1,0.987992772412692,0.428083099803578,0.999889458566523,"#e06a5d"
1.73179705231978e-06,0.333333333333333,0.987992772412692,0.428083099803578,0.999889458566523,"#00a4ac"
1.73179705231978e-06,1,0.987992772412692,0.428083099803578,0.999889458566523,"#e06a5d"
1.73179705231978e-06,1,0.987992772412692,0.428083099803578,0.999889458566523,"#e06a5d"
1.73179705231978e-06,1,0.987992772412692,0.428083099803578,0.999889458566523,"#e06a5d"
1.73179705231978e-06,1,0.987992772412692,0.428083099803578,0.999889458566523,"#e06a5d"
1.73179705231978e-06,1,0.987992772412692,0.428083099803578,0.999889458566523,"#e06a5d"
1.73179705231978e-06,1,0.987992772412692,0.428083099803578,0.999889458566523,"#e06a5d"
1.73179705231978e-06,0.666666666666667,0.987992772412692,0.428083099803578,0.999889458566523,"black"
1.73179705231978e-06,1,0.987992772412692,0.428083099803578,0.999889458566523,"#e06a5d"
1.73179705231978e-06,1,0.987992772412692,0.428083099803578,0.999889458566523,"#e06a5d"
1.73179705231978e-06,1,0.987992772412692,0.428083099803578,0.999889458566523,"#e06a5d"
1.73179705231978e-06,1,0.987992772412692,0.428083099803578,0.999889458566523,"#e06a5d"
1.73179705231978e-06,1,0.987992772412692,0.428083099803578,0.999889458566523,"#e06a5d"
1.73179705231978e-06,0.333333333333333,0.987992772412692,0.428083099803578,0.999889458566523,"#00a4ac"
1.73179705231978e-06,1,0.987992772412692,0.428083099803578,0.999889458566523,"#e06a5d"
1.73179705231978e-06,1,0.987992772412692,0.428083099803578,0.999889458566523,"#e06a5d"
1.73179705231978e-06,0.666666666666667,0.987992772412692,0.428083099803578,0.999889458566523,"black"
1.73179705231978e-06,0.666666666666667,0.987992772412692,0.428083099803578,0.999889458566523,"black"
1.73179705231978e-06,1,0.987992772412692,0.428083099803578,0.999889458566523,"#e06a5d"
1.73179705231978e-06,1,0.987992772412692,0.428083099803578,0.999889458566523,"#e06a5d"
1.73179705231978e-06,1,0.987992772412692,0.428083099803578,0.999889458566523,"#e06a5d"
1.73179705231978e-06,1,0.987992772412692,0.428083099803578,0.999889458566523,"#e06a5d"
1.73179705231978e-06,1,0.987992772412692,0.428083099803578,0.999889458566523,"#e06a5d"
1.73179705231978e-06,0.666666666666667,0.987992772412692,0.428083099803578,0.999889458566523,"black"
1.73179705231978e-06,0.666666666666667,0.987992772412692,0.428083099803578,0.999889458566523,"black"
1.73179705231978e-06,1,0.987992772412692,0.428083099803578,0.999889458566523,"#e06a5d"
1.73179705231978e-06,0.666666666666667,0.987992772412692,0.428083099803578,0.999889458566523,"black"
1.73179705231978e-06,1,0.987992772412692,0.428083099803578,0.999889458566523,"#e06a5d"
1.73179705231978e-06,1,0.987992772412692,0.428083099803578,0.999889458566523,"#e06a5d"
1.73179705231978e-06,1,0.987992772412692,0.428083099803578,0.999889458566523,"#e06a5d"
1.73179705231978e-06,1,0.987992772412692,0.428083099803578,0.999889458566523,"#e06a5d"
1.73179705231978e-06,1,0.987992772412692,0.428083099803578,0.999889458566523,"#e06a5d"
1.73179705231978e-06,1,0.987992772412692,0.428083099803578,0.999889458566523,"#e06a5d"
1.73179705231978e-06,1,0.987992772412692,0.428083099803578,0.999889458566523,"#e06a5d"
1.73179705231978e-06,1,0.987992772412692,0.428083099803578,0.999889458566523,"#e06a5d"
1.73179705231978e-06,0.333333333333333,0.987992772412692,0.428083099803578,0.999889458566523,"#00a4ac"
1.73179705231978e-06,1,0.987992772412692,0.428083099803578,0.999889458566523,"#e06a5d"
1.73179705231978e-06,1,0.987992772412692,0.428083099803578,0.999889458566523,"#e06a5d"
1.73179705231978e-06,1,0.987992772412692,0.428083099803578,0.999889458566523,"#e06a5d"
1.73179705231978e-06,0.666666666666667,0.987992772412692,0.428083099803578,0.999889458566523,"black"
1.73179705231978e-06,0.666666666666667,0.987992772412692,0.428083099803578,0.999889458566523,"black"
1.73179705231978e-06,1,0.987992772412692,0.428083099803578,0.999889458566523,"#e06a5d"
1.73179705231978e-06,1,0.987992772412692,0.428083099803578,0.999889458566523,"#e06a5d"
1.73179705231978e-06,1,0.987992772412692,0.428083099803578,0.999889458566523,"#e06a5d"
1.78952362073044e-06,1,0.990066178456911,0.42986684553782,0.999924102241814,"#e06a5d"
1.78952362073044e-06,1,0.990066178456911,0.42986684553782,0.999924102241814,"#e06a5d"
1.78952362073044e-06,1,0.990066178456911,0.42986684553782,0.999924102241814,"#e06a5d"
1.78952362073044e-06,1,0.990066178456911,0.42986684553782,0.999924102241814,"#e06a5d"
1.78952362073044e-06,1,0.990066178456911,0.42986684553782,0.999924102241814,"#e06a5d"
1.78952362073044e-06,1,0.990066178456911,0.42986684553782,0.999924102241814,"#e06a5d"
1.78952362073044e-06,1,0.990066178456911,0.42986684553782,0.999924102241814,"#e06a5d"
1.78952362073044e-06,1,0.990066178456911,0.42986684553782,0.999924102241814,"#e06a5d"
1.78952362073044e-06,1,0.990066178456911,0.42986684553782,0.999924102241814,"#e06a5d"
1.78952362073044e-06,0.666666666666667,0.990066178456911,0.42986684553782,0.999924102241814,"black"
1.78952362073044e-06,0.333333333333333,0.990066178456911,0.42986684553782,0.999924102241814,"#00a4ac"
1.78952362073044e-06,0.333333333333333,0.990066178456911,0.42986684553782,0.999924102241814,"#00a4ac"
1.78952362073044e-06,1,0.990066178456911,0.42986684553782,0.999924102241814,"#e06a5d"
1.78952362073044e-06,0.666666666666667,0.990066178456911,0.42986684553782,0.999924102241814,"black"
1.78952362073044e-06,1,0.990066178456911,0.42986684553782,0.999924102241814,"#e06a5d"
1.78952362073044e-06,1,0.990066178456911,0.42986684553782,0.999924102241814,"#e06a5d"
1.78952362073044e-06,1,0.990066178456911,0.42986684553782,0.999924102241814,"#e06a5d"
1.78952362073044e-06,1,0.990066178456911,0.42986684553782,0.999924102241814,"#e06a5d"
1.78952362073044e-06,1,0.990066178456911,0.42986684553782,0.999924102241814,"#e06a5d"
1.78952362073044e-06,1,0.990066178456911,0.42986684553782,0.999924102241814,"#e06a5d"
1.78952362073044e-06,0.666666666666667,0.990066178456911,0.42986684553782,0.999924102241814,"black"
1.78952362073044e-06,1,0.990066178456911,0.42986684553782,0.999924102241814,"#e06a5d"
1.78952362073044e-06,0.666666666666667,0.990066178456911,0.42986684553782,0.999924102241814,"black"
1.78952362073044e-06,1,0.990066178456911,0.42986684553782,0.999924102241814,"#e06a5d"
1.78952362073044e-06,1,0.990066178456911,0.42986684553782,0.999924102241814,"#e06a5d"
1.78952362073044e-06,0.666666666666667,0.990066178456911,0.42986684553782,0.999924102241814,"black"
1.78952362073044e-06,1,0.990066178456911,0.42986684553782,0.999924102241814,"#e06a5d"
1.78952362073044e-06,1,0.990066178456911,0.42986684553782,0.999924102241814,"#e06a5d"
1.78952362073044e-06,1,0.990066178456911,0.42986684553782,0.999924102241814,"#e06a5d"
1.78952362073044e-06,1,0.990066178456911,0.42986684553782,0.999924102241814,"#e06a5d"
1.78952362073044e-06,1,0.990066178456911,0.42986684553782,0.999924102241814,"#e06a5d"
1.78952362073044e-06,1,0.990066178456911,0.42986684553782,0.999924102241814,"#e06a5d"
1.78952362073044e-06,1,0.990066178456911,0.42986684553782,0.999924102241814,"#e06a5d"
1.78952362073044e-06,1,0.990066178456911,0.42986684553782,0.999924102241814,"#e06a5d"
1.78952362073044e-06,0.666666666666667,0.990066178456911,0.42986684553782,0.999924102241814,"black"
1.78952362073044e-06,1,0.990066178456911,0.42986684553782,0.999924102241814,"#e06a5d"
1.78952362073044e-06,1,0.990066178456911,0.42986684553782,0.999924102241814,"#e06a5d"
1.78952362073044e-06,0.666666666666667,0.990066178456911,0.42986684553782,0.999924102241814,"black"
1.78952362073044e-06,0.666666666666667,0.990066178456911,0.42986684553782,0.999924102241814,"black"
1.78952362073044e-06,0.666666666666667,0.990066178456911,0.42986684553782,0.999924102241814,"black"
1.78952362073044e-06,1,0.990066178456911,0.42986684553782,0.999924102241814,"#e06a5d"
1.78952362073044e-06,1,0.990066178456911,0.42986684553782,0.999924102241814,"#e06a5d"
1.78952362073044e-06,0.333333333333333,0.990066178456911,0.42986684553782,0.999924102241814,"#00a4ac"
1.78952362073044e-06,0.333333333333333,0.990066178456911,0.42986684553782,0.999924102241814,"#00a4ac"
1.78952362073044e-06,1,0.990066178456911,0.42986684553782,0.999924102241814,"#e06a5d"
1.78952362073044e-06,1,0.990066178456911,0.42986684553782,0.999924102241814,"#e06a5d"
1.78952362073044e-06,1,0.990066178456911,0.42986684553782,0.999924102241814,"#e06a5d"
1.78952362073044e-06,0.666666666666667,0.990066178456911,0.42986684553782,0.999924102241814,"black"
1.78952362073044e-06,0.333333333333333,0.990066178456911,0.42986684553782,0.999924102241814,"#00a4ac"
1.78952362073044e-06,0.333333333333333,0.990066178456911,0.42986684553782,0.999924102241814,"#00a4ac"
1.78952362073044e-06,1,0.990066178456911,0.42986684553782,0.999924102241814,"#e06a5d"
1.78952362073044e-06,1,0.990066178456911,0.42986684553782,0.999924102241814,"#e06a5d"
1.78952362073044e-06,0.333333333333333,0.990066178456911,0.42986684553782,0.999924102241814,"#00a4ac"
1.8472501891411e-06,1,0.991797031862034,0.431360805789221,0.9999481107019,"#e06a5d"
1.8472501891411e-06,1,0.991797031862034,0.431360805789221,0.9999481107019,"#e06a5d"
1.8472501891411e-06,1,0.991797031862034,0.431360805789221,0.9999481107019,"#e06a5d"
1.8472501891411e-06,1,0.991797031862034,0.431360805789221,0.9999481107019,"#e06a5d"
1.8472501891411e-06,1,0.991797031862034,0.431360805789221,0.9999481107019,"#e06a5d"
1.8472501891411e-06,1,0.991797031862034,0.431360805789221,0.9999481107019,"#e06a5d"
1.8472501891411e-06,1,0.991797031862034,0.431360805789221,0.9999481107019,"#e06a5d"
1.8472501891411e-06,0.666666666666667,0.991797031862034,0.431360805789221,0.9999481107019,"black"
1.8472501891411e-06,1,0.991797031862034,0.431360805789221,0.9999481107019,"#e06a5d"
1.8472501891411e-06,1,0.991797031862034,0.431360805789221,0.9999481107019,"#e06a5d"
1.8472501891411e-06,1,0.991797031862034,0.431360805789221,0.9999481107019,"#e06a5d"
1.8472501891411e-06,1,0.991797031862034,0.431360805789221,0.9999481107019,"#e06a5d"
1.8472501891411e-06,0.666666666666667,0.991797031862034,0.431360805789221,0.9999481107019,"black"
1.8472501891411e-06,1,0.991797031862034,0.431360805789221,0.9999481107019,"#e06a5d"
1.8472501891411e-06,1,0.991797031862034,0.431360805789221,0.9999481107019,"#e06a5d"
1.8472501891411e-06,1,0.991797031862034,0.431360805789221,0.9999481107019,"#e06a5d"
1.8472501891411e-06,0.666666666666667,0.991797031862034,0.431360805789221,0.9999481107019,"black"
1.8472501891411e-06,1,0.991797031862034,0.431360805789221,0.9999481107019,"#e06a5d"
1.8472501891411e-06,0.666666666666667,0.991797031862034,0.431360805789221,0.9999481107019,"black"
1.8472501891411e-06,1,0.991797031862034,0.431360805789221,0.9999481107019,"#e06a5d"
1.8472501891411e-06,1,0.991797031862034,0.431360805789221,0.9999481107019,"#e06a5d"
1.8472501891411e-06,0.666666666666667,0.991797031862034,0.431360805789221,0.9999481107019,"black"
1.8472501891411e-06,1,0.991797031862034,0.431360805789221,0.9999481107019,"#e06a5d"
1.8472501891411e-06,1,0.991797031862034,0.431360805789221,0.9999481107019,"#e06a5d"
1.8472501891411e-06,1,0.991797031862034,0.431360805789221,0.9999481107019,"#e06a5d"
1.8472501891411e-06,1,0.991797031862034,0.431360805789221,0.9999481107019,"#e06a5d"
1.8472501891411e-06,1,0.991797031862034,0.431360805789221,0.9999481107019,"#e06a5d"
1.8472501891411e-06,1,0.991797031862034,0.431360805789221,0.9999481107019,"#e06a5d"
1.8472501891411e-06,1,0.991797031862034,0.431360805789221,0.9999481107019,"#e06a5d"
1.8472501891411e-06,1,0.991797031862034,0.431360805789221,0.9999481107019,"#e06a5d"
1.8472501891411e-06,1,0.991797031862034,0.431360805789221,0.9999481107019,"#e06a5d"
1.8472501891411e-06,1,0.991797031862034,0.431360805789221,0.9999481107019,"#e06a5d"
1.8472501891411e-06,0.666666666666667,0.991797031862034,0.431360805789221,0.9999481107019,"black"
1.8472501891411e-06,1,0.991797031862034,0.431360805789221,0.9999481107019,"#e06a5d"
1.8472501891411e-06,1,0.991797031862034,0.431360805789221,0.9999481107019,"#e06a5d"
1.8472501891411e-06,1,0.991797031862034,0.431360805789221,0.9999481107019,"#e06a5d"
1.8472501891411e-06,1,0.991797031862034,0.431360805789221,0.9999481107019,"#e06a5d"
1.8472501891411e-06,1,0.991797031862034,0.431360805789221,0.9999481107019,"#e06a5d"
1.8472501891411e-06,1,0.991797031862034,0.431360805789221,0.9999481107019,"#e06a5d"
1.8472501891411e-06,1,0.991797031862034,0.431360805789221,0.9999481107019,"#e06a5d"
1.8472501891411e-06,1,0.991797031862034,0.431360805789221,0.9999481107019,"#e06a5d"
1.8472501891411e-06,1,0.991797031862034,0.431360805789221,0.9999481107019,"#e06a5d"
1.8472501891411e-06,1,0.991797031862034,0.431360805789221,0.9999481107019,"#e06a5d"
1.90497675755176e-06,1,0.993238760171663,0.43260865068572,0.999964670091751,"#e06a5d"
1.90497675755176e-06,1,0.993238760171663,0.43260865068572,0.999964670091751,"#e06a5d"
1.90497675755176e-06,1,0.993238760171663,0.43260865068572,0.999964670091751,"#e06a5d"
1.90497675755176e-06,1,0.993238760171663,0.43260865068572,0.999964670091751,"#e06a5d"
1.90497675755176e-06,1,0.993238760171663,0.43260865068572,0.999964670091751,"#e06a5d"
1.90497675755176e-06,1,0.993238760171663,0.43260865068572,0.999964670091751,"#e06a5d"
1.90497675755176e-06,1,0.993238760171663,0.43260865068572,0.999964670091751,"#e06a5d"
1.90497675755176e-06,1,0.993238760171663,0.43260865068572,0.999964670091751,"#e06a5d"
1.90497675755176e-06,1,0.993238760171663,0.43260865068572,0.999964670091751,"#e06a5d"
1.90497675755176e-06,1,0.993238760171663,0.43260865068572,0.999964670091751,"#e06a5d"
1.90497675755176e-06,1,0.993238760171663,0.43260865068572,0.999964670091751,"#e06a5d"
1.90497675755176e-06,1,0.993238760171663,0.43260865068572,0.999964670091751,"#e06a5d"
1.90497675755176e-06,1,0.993238760171663,0.43260865068572,0.999964670091751,"#e06a5d"
1.90497675755176e-06,1,0.993238760171663,0.43260865068572,0.999964670091751,"#e06a5d"
1.90497675755176e-06,0.666666666666667,0.993238760171663,0.43260865068572,0.999964670091751,"black"
1.90497675755176e-06,1,0.993238760171663,0.43260865068572,0.999964670091751,"#e06a5d"
1.90497675755176e-06,0.666666666666667,0.993238760171663,0.43260865068572,0.999964670091751,"black"
1.90497675755176e-06,1,0.993238760171663,0.43260865068572,0.999964670091751,"#e06a5d"
1.90497675755176e-06,0.666666666666667,0.993238760171663,0.43260865068572,0.999964670091751,"black"
1.90497675755176e-06,0.666666666666667,0.993238760171663,0.43260865068572,0.999964670091751,"black"
1.90497675755176e-06,1,0.993238760171663,0.43260865068572,0.999964670091751,"#e06a5d"
1.90497675755176e-06,1,0.993238760171663,0.43260865068572,0.999964670091751,"#e06a5d"
1.90497675755176e-06,1,0.993238760171663,0.43260865068572,0.999964670091751,"#e06a5d"
1.90497675755176e-06,1,0.993238760171663,0.43260865068572,0.999964670091751,"#e06a5d"
1.90497675755176e-06,1,0.993238760171663,0.43260865068572,0.999964670091751,"#e06a5d"
1.90497675755176e-06,1,0.993238760171663,0.43260865068572,0.999964670091751,"#e06a5d"
1.90497675755176e-06,1,0.993238760171663,0.43260865068572,0.999964670091751,"#e06a5d"
1.90497675755176e-06,1,0.993238760171663,0.43260865068572,0.999964670091751,"#e06a5d"
1.90497675755176e-06,1,0.993238760171663,0.43260865068572,0.999964670091751,"#e06a5d"
1.90497675755176e-06,0.666666666666667,0.993238760171663,0.43260865068572,0.999964670091751,"black"
1.90497675755176e-06,1,0.993238760171663,0.43260865068572,0.999964670091751,"#e06a5d"
1.90497675755176e-06,1,0.993238760171663,0.43260865068572,0.999964670091751,"#e06a5d"
1.90497675755176e-06,1,0.993238760171663,0.43260865068572,0.999964670091751,"#e06a5d"
1.90497675755176e-06,1,0.993238760171663,0.43260865068572,0.999964670091751,"#e06a5d"
1.90497675755176e-06,0.333333333333333,0.993238760171663,0.43260865068572,0.999964670091751,"#00a4ac"
1.90497675755176e-06,1,0.993238760171663,0.43260865068572,0.999964670091751,"#e06a5d"
1.90497675755176e-06,1,0.993238760171663,0.43260865068572,0.999964670091751,"#e06a5d"
1.90497675755176e-06,1,0.993238760171663,0.43260865068572,0.999964670091751,"#e06a5d"
1.90497675755176e-06,1,0.993238760171663,0.43260865068572,0.999964670091751,"#e06a5d"
1.90497675755176e-06,0.666666666666667,0.993238760171663,0.43260865068572,0.999964670091751,"black"
1.90497675755176e-06,1,0.993238760171663,0.43260865068572,0.999964670091751,"#e06a5d"
1.90497675755176e-06,0.666666666666667,0.993238760171663,0.43260865068572,0.999964670091751,"black"
1.96270332596242e-06,1,0.994437103306684,0.433648234901116,0.99997603991972,"#e06a5d"
1.96270332596242e-06,1,0.994437103306684,0.433648234901116,0.99997603991972,"#e06a5d"
1.96270332596242e-06,1,0.994437103306684,0.433648234901116,0.99997603991972,"#e06a5d"
1.96270332596242e-06,1,0.994437103306684,0.433648234901116,0.99997603991972,"#e06a5d"
1.96270332596242e-06,0.666666666666667,0.994437103306684,0.433648234901116,0.99997603991972,"black"
1.96270332596242e-06,1,0.994437103306684,0.433648234901116,0.99997603991972,"#e06a5d"
1.96270332596242e-06,0.666666666666667,0.994437103306684,0.433648234901116,0.99997603991972,"black"
1.96270332596242e-06,1,0.994437103306684,0.433648234901116,0.99997603991972,"#e06a5d"
1.96270332596242e-06,1,0.994437103306684,0.433648234901116,0.99997603991972,"#e06a5d"
1.96270332596242e-06,1,0.994437103306684,0.433648234901116,0.99997603991972,"#e06a5d"
1.96270332596242e-06,1,0.994437103306684,0.433648234901116,0.99997603991972,"#e06a5d"
1.96270332596242e-06,1,0.994437103306684,0.433648234901116,0.99997603991972,"#e06a5d"
1.96270332596242e-06,1,0.994437103306684,0.433648234901116,0.99997603991972,"#e06a5d"
1.96270332596242e-06,1,0.994437103306684,0.433648234901116,0.99997603991972,"#e06a5d"
1.96270332596242e-06,0.666666666666667,0.994437103306684,0.433648234901116,0.99997603991972,"black"
1.96270332596242e-06,1,0.994437103306684,0.433648234901116,0.99997603991972,"#e06a5d"
1.96270332596242e-06,1,0.994437103306684,0.433648234901116,0.99997603991972,"#e06a5d"
1.96270332596242e-06,0.666666666666667,0.994437103306684,0.433648234901116,0.99997603991972,"black"
1.96270332596242e-06,1,0.994437103306684,0.433648234901116,0.99997603991972,"#e06a5d"
1.96270332596242e-06,0.666666666666667,0.994437103306684,0.433648234901116,0.99997603991972,"black"
1.96270332596242e-06,1,0.994437103306684,0.433648234901116,0.99997603991972,"#e06a5d"
1.96270332596242e-06,1,0.994437103306684,0.433648234901116,0.99997603991972,"#e06a5d"
1.96270332596242e-06,0.333333333333333,0.994437103306684,0.433648234901116,0.99997603991972,"#00a4ac"
1.96270332596242e-06,1,0.994437103306684,0.433648234901116,0.99997603991972,"#e06a5d"
1.96270332596242e-06,0.666666666666667,0.994437103306684,0.433648234901116,0.99997603991972,"black"
1.96270332596242e-06,1,0.994437103306684,0.433648234901116,0.99997603991972,"#e06a5d"
1.96270332596242e-06,1,0.994437103306684,0.433648234901116,0.99997603991972,"#e06a5d"
1.96270332596242e-06,1,0.994437103306684,0.433648234901116,0.99997603991972,"#e06a5d"
1.96270332596242e-06,1,0.994437103306684,0.433648234901116,0.99997603991972,"#e06a5d"
1.96270332596242e-06,1,0.994437103306684,0.433648234901116,0.99997603991972,"#e06a5d"
1.96270332596242e-06,0.666666666666667,0.994437103306684,0.433648234901116,0.99997603991972,"black"
1.96270332596242e-06,1,0.994437103306684,0.433648234901116,0.99997603991972,"#e06a5d"
1.96270332596242e-06,1,0.994437103306684,0.433648234901116,0.99997603991972,"#e06a5d"
1.96270332596242e-06,1,0.994437103306684,0.433648234901116,0.99997603991972,"#e06a5d"
1.96270332596242e-06,1,0.994437103306684,0.433648234901116,0.99997603991972,"#e06a5d"
1.96270332596242e-06,1,0.994437103306684,0.433648234901116,0.99997603991972,"#e06a5d"
1.96270332596242e-06,1,0.994437103306684,0.433648234901116,0.99997603991972,"#e06a5d"
1.96270332596242e-06,1,0.994437103306684,0.433648234901116,0.99997603991972,"#e06a5d"
1.96270332596242e-06,1,0.994437103306684,0.433648234901116,0.99997603991972,"#e06a5d"
1.96270332596242e-06,1,0.994437103306684,0.433648234901116,0.99997603991972,"#e06a5d"
1.96270332596242e-06,0.666666666666667,0.994437103306684,0.433648234901116,0.99997603991972,"black"
1.96270332596242e-06,1,0.994437103306684,0.433648234901116,0.99997603991972,"#e06a5d"
1.96270332596242e-06,1,0.994437103306684,0.433648234901116,0.99997603991972,"#e06a5d"
1.96270332596242e-06,1,0.994437103306684,0.433648234901116,0.99997603991972,"#e06a5d"
1.96270332596242e-06,1,0.994437103306684,0.433648234901116,0.99997603991972,"#e06a5d"
1.96270332596242e-06,0.333333333333333,0.994437103306684,0.433648234901116,0.99997603991972,"#00a4ac"
1.96270332596242e-06,1,0.994437103306684,0.433648234901116,0.99997603991972,"#e06a5d"
1.96270332596242e-06,1,0.994437103306684,0.433648234901116,0.99997603991972,"#e06a5d"
1.96270332596242e-06,1,0.994437103306684,0.433648234901116,0.99997603991972,"#e06a5d"
1.96270332596242e-06,1,0.994437103306684,0.433648234901116,0.99997603991972,"#e06a5d"
1.96270332596242e-06,1,0.994437103306684,0.433648234901116,0.99997603991972,"#e06a5d"
1.96270332596242e-06,1,0.994437103306684,0.433648234901116,0.99997603991972,"#e06a5d"
1.96270332596242e-06,1,0.994437103306684,0.433648234901116,0.99997603991972,"#e06a5d"
1.96270332596242e-06,0.333333333333333,0.994437103306684,0.433648234901116,0.99997603991972,"#00a4ac"
1.96270332596242e-06,0.333333333333333,0.994437103306684,0.433648234901116,0.99997603991972,"#00a4ac"
2.02042989437308e-06,0.666666666666667,0.99543108748489,0.434512192166801,0.999983812679099,"black"
2.02042989437308e-06,1,0.99543108748489,0.434512192166801,0.999983812679099,"#e06a5d"
2.02042989437308e-06,1,0.99543108748489,0.434512192166801,0.999983812679099,"#e06a5d"
2.02042989437308e-06,1,0.99543108748489,0.434512192166801,0.999983812679099,"#e06a5d"
2.02042989437308e-06,1,0.99543108748489,0.434512192166801,0.999983812679099,"#e06a5d"
2.02042989437308e-06,1,0.99543108748489,0.434512192166801,0.999983812679099,"#e06a5d"
2.02042989437308e-06,1,0.99543108748489,0.434512192166801,0.999983812679099,"#e06a5d"
2.02042989437308e-06,1,0.99543108748489,0.434512192166801,0.999983812679099,"#e06a5d"
2.02042989437308e-06,1,0.99543108748489,0.434512192166801,0.999983812679099,"#e06a5d"
2.02042989437308e-06,0.666666666666667,0.99543108748489,0.434512192166801,0.999983812679099,"black"
2.02042989437308e-06,1,0.99543108748489,0.434512192166801,0.999983812679099,"#e06a5d"
2.02042989437308e-06,0.666666666666667,0.99543108748489,0.434512192166801,0.999983812679099,"black"
2.02042989437308e-06,1,0.99543108748489,0.434512192166801,0.999983812679099,"#e06a5d"
2.02042989437308e-06,0.666666666666667,0.99543108748489,0.434512192166801,0.999983812679099,"black"
2.02042989437308e-06,1,0.99543108748489,0.434512192166801,0.999983812679099,"#e06a5d"
2.02042989437308e-06,1,0.99543108748489,0.434512192166801,0.999983812679099,"#e06a5d"
2.02042989437308e-06,1,0.99543108748489,0.434512192166801,0.999983812679099,"#e06a5d"
2.02042989437308e-06,0.666666666666667,0.99543108748489,0.434512192166801,0.999983812679099,"black"
2.02042989437308e-06,1,0.99543108748489,0.434512192166801,0.999983812679099,"#e06a5d"
2.02042989437308e-06,0.666666666666667,0.99543108748489,0.434512192166801,0.999983812679099,"black"
2.02042989437308e-06,1,0.99543108748489,0.434512192166801,0.999983812679099,"#e06a5d"
2.02042989437308e-06,0.666666666666667,0.99543108748489,0.434512192166801,0.999983812679099,"black"
2.02042989437308e-06,1,0.99543108748489,0.434512192166801,0.999983812679099,"#e06a5d"
2.02042989437308e-06,1,0.99543108748489,0.434512192166801,0.999983812679099,"#e06a5d"
2.02042989437308e-06,1,0.99543108748489,0.434512192166801,0.999983812679099,"#e06a5d"
2.02042989437308e-06,1,0.99543108748489,0.434512192166801,0.999983812679099,"#e06a5d"
2.02042989437308e-06,1,0.99543108748489,0.434512192166801,0.999983812679099,"#e06a5d"
2.02042989437308e-06,1,0.99543108748489,0.434512192166801,0.999983812679099,"#e06a5d"
2.02042989437308e-06,1,0.99543108748489,0.434512192166801,0.999983812679099,"#e06a5d"
2.02042989437308e-06,1,0.99543108748489,0.434512192166801,0.999983812679099,"#e06a5d"
2.02042989437308e-06,1,0.99543108748489,0.434512192166801,0.999983812679099,"#e06a5d"
2.02042989437308e-06,1,0.99543108748489,0.434512192166801,0.999983812679099,"#e06a5d"
2.02042989437308e-06,1,0.99543108748489,0.434512192166801,0.999983812679099,"#e06a5d"
2.02042989437308e-06,1,0.99543108748489,0.434512192166801,0.999983812679099,"#e06a5d"
2.02042989437308e-06,1,0.99543108748489,0.434512192166801,0.999983812679099,"#e06a5d"
2.02042989437308e-06,0.666666666666667,0.99543108748489,0.434512192166801,0.999983812679099,"black"
2.02042989437308e-06,0.666666666666667,0.99543108748489,0.434512192166801,0.999983812679099,"black"
2.02042989437308e-06,0.333333333333333,0.99543108748489,0.434512192166801,0.999983812679099,"#00a4ac"
2.02042989437308e-06,1,0.99543108748489,0.434512192166801,0.999983812679099,"#e06a5d"
2.02042989437308e-06,0.666666666666667,0.99543108748489,0.434512192166801,0.999983812679099,"black"
2.02042989437308e-06,0.666666666666667,0.99543108748489,0.434512192166801,0.999983812679099,"black"
2.02042989437308e-06,1,0.99543108748489,0.434512192166801,0.999983812679099,"#e06a5d"
2.07815646278374e-06,1,0.996253903521608,0.435228515158858,0.999989104235883,"#e06a5d"
2.07815646278374e-06,1,0.996253903521608,0.435228515158858,0.999989104235883,"#e06a5d"
2.07815646278374e-06,1,0.996253903521608,0.435228515158858,0.999989104235883,"#e06a5d"
2.07815646278374e-06,1,0.996253903521608,0.435228515158858,0.999989104235883,"#e06a5d"
2.07815646278374e-06,1,0.996253903521608,0.435228515158858,0.999989104235883,"#e06a5d"
2.07815646278374e-06,1,0.996253903521608,0.435228515158858,0.999989104235883,"#e06a5d"
2.07815646278374e-06,1,0.996253903521608,0.435228515158858,0.999989104235883,"#e06a5d"
2.07815646278374e-06,1,0.996253903521608,0.435228515158858,0.999989104235883,"#e06a5d"
2.07815646278374e-06,1,0.996253903521608,0.435228515158858,0.999989104235883,"#e06a5d"
2.07815646278374e-06,1,0.996253903521608,0.435228515158858,0.999989104235883,"#e06a5d"
2.07815646278374e-06,0.666666666666667,0.996253903521608,0.435228515158858,0.999989104235883,"black"
2.07815646278374e-06,1,0.996253903521608,0.435228515158858,0.999989104235883,"#e06a5d"
2.07815646278374e-06,1,0.996253903521608,0.435228515158858,0.999989104235883,"#e06a5d"
2.07815646278374e-06,0.666666666666667,0.996253903521608,0.435228515158858,0.999989104235883,"black"
2.07815646278374e-06,0.666666666666667,0.996253903521608,0.435228515158858,0.999989104235883,"black"
2.07815646278374e-06,0.333333333333333,0.996253903521608,0.435228515158858,0.999989104235883,"#00a4ac"
2.07815646278374e-06,1,0.996253903521608,0.435228515158858,0.999989104235883,"#e06a5d"
2.07815646278374e-06,1,0.996253903521608,0.435228515158858,0.999989104235883,"#e06a5d"
2.07815646278374e-06,0.666666666666667,0.996253903521608,0.435228515158858,0.999989104235883,"black"
2.07815646278374e-06,1,0.996253903521608,0.435228515158858,0.999989104235883,"#e06a5d"
2.07815646278374e-06,1,0.996253903521608,0.435228515158858,0.999989104235883,"#e06a5d"
2.07815646278374e-06,1,0.996253903521608,0.435228515158858,0.999989104235883,"#e06a5d"
2.07815646278374e-06,1,0.996253903521608,0.435228515158858,0.999989104235883,"#e06a5d"
2.07815646278374e-06,0.666666666666667,0.996253903521608,0.435228515158858,0.999989104235883,"black"
2.07815646278374e-06,1,0.996253903521608,0.435228515158858,0.999989104235883,"#e06a5d"
2.07815646278374e-06,1,0.996253903521608,0.435228515158858,0.999989104235883,"#e06a5d"
2.07815646278374e-06,1,0.996253903521608,0.435228515158858,0.999989104235883,"#e06a5d"
2.07815646278374e-06,1,0.996253903521608,0.435228515158858,0.999989104235883,"#e06a5d"
2.07815646278374e-06,1,0.996253903521608,0.435228515158858,0.999989104235883,"#e06a5d"
2.07815646278374e-06,1,0.996253903521608,0.435228515158858,0.999989104235883,"#e06a5d"
2.07815646278374e-06,1,0.996253903521608,0.435228515158858,0.999989104235883,"#e06a5d"
2.07815646278374e-06,1,0.996253903521608,0.435228515158858,0.999989104235883,"#e06a5d"
2.07815646278374e-06,1,0.996253903521608,0.435228515158858,0.999989104235883,"#e06a5d"
2.07815646278374e-06,1,0.996253903521608,0.435228515158858,0.999989104235883,"#e06a5d"
2.07815646278374e-06,1,0.996253903521608,0.435228515158858,0.999989104235883,"#e06a5d"
2.07815646278374e-06,1,0.996253903521608,0.435228515158858,0.999989104235883,"#e06a5d"
2.07815646278374e-06,1,0.996253903521608,0.435228515158858,0.999989104235883,"#e06a5d"
2.07815646278374e-06,1,0.996253903521608,0.435228515158858,0.999989104235883,"#e06a5d"
2.07815646278374e-06,1,0.996253903521608,0.435228515158858,0.999989104235883,"#e06a5d"
2.07815646278374e-06,1,0.996253903521608,0.435228515158858,0.999989104235883,"#e06a5d"
2.07815646278374e-06,1,0.996253903521608,0.435228515158858,0.999989104235883,"#e06a5d"
2.07815646278374e-06,1,0.996253903521608,0.435228515158858,0.999989104235883,"#e06a5d"
2.07815646278374e-06,1,0.996253903521608,0.435228515158858,0.999989104235883,"#e06a5d"
2.07815646278374e-06,1,0.996253903521608,0.435228515158858,0.999989104235883,"#e06a5d"
2.07815646278374e-06,1,0.996253903521608,0.435228515158858,0.999989104235883,"#e06a5d"
2.07815646278374e-06,1,0.996253903521608,0.435228515158858,0.999989104235883,"#e06a5d"
2.07815646278374e-06,1,0.996253903521608,0.435228515158858,0.999989104235883,"#e06a5d"
2.07815646278374e-06,1,0.996253903521608,0.435228515158858,0.999989104235883,"#e06a5d"
2.07815646278374e-06,1,0.996253903521608,0.435228515158858,0.999989104235883,"#e06a5d"
2.07815646278374e-06,1,0.996253903521608,0.435228515158858,0.999989104235883,"#e06a5d"
2.07815646278374e-06,1,0.996253903521608,0.435228515158858,0.999989104235883,"#e06a5d"
2.07815646278374e-06,1,0.996253903521608,0.435228515158858,0.999989104235883,"#e06a5d"
2.07815646278374e-06,1,0.996253903521608,0.435228515158858,0.999989104235883,"#e06a5d"
2.07815646278374e-06,1,0.996253903521608,0.435228515158858,0.999989104235883,"#e06a5d"
2.07815646278374e-06,0.333333333333333,0.996253903521608,0.435228515158858,0.999989104235883,"#00a4ac"
2.07815646278374e-06,1,0.996253903521608,0.435228515158858,0.999989104235883,"#e06a5d"
2.07815646278374e-06,1,0.996253903521608,0.435228515158858,0.999989104235883,"#e06a5d"
2.1358830311944e-06,1,0.996933692643286,0.435821106297072,0.999992692192942,"#e06a5d"
2.1358830311944e-06,0.666666666666667,0.996933692643286,0.435821106297072,0.999992692192942,"black"
2.1358830311944e-06,1,0.996933692643286,0.435821106297072,0.999992692192942,"#e06a5d"
2.1358830311944e-06,1,0.996933692643286,0.435821106297072,0.999992692192942,"#e06a5d"
2.1358830311944e-06,0.666666666666667,0.996933692643286,0.435821106297072,0.999992692192942,"black"
2.1358830311944e-06,1,0.996933692643286,0.435821106297072,0.999992692192942,"#e06a5d"
2.1358830311944e-06,0.666666666666667,0.996933692643286,0.435821106297072,0.999992692192942,"black"
2.1358830311944e-06,1,0.996933692643286,0.435821106297072,0.999992692192942,"#e06a5d"
2.1358830311944e-06,1,0.996933692643286,0.435821106297072,0.999992692192942,"#e06a5d"
2.1358830311944e-06,1,0.996933692643286,0.435821106297072,0.999992692192942,"#e06a5d"
2.1358830311944e-06,1,0.996933692643286,0.435821106297072,0.999992692192942,"#e06a5d"
2.1358830311944e-06,1,0.996933692643286,0.435821106297072,0.999992692192942,"#e06a5d"
2.1358830311944e-06,1,0.996933692643286,0.435821106297072,0.999992692192942,"#e06a5d"
2.1358830311944e-06,1,0.996933692643286,0.435821106297072,0.999992692192942,"#e06a5d"
2.1358830311944e-06,1,0.996933692643286,0.435821106297072,0.999992692192942,"#e06a5d"
2.1358830311944e-06,1,0.996933692643286,0.435821106297072,0.999992692192942,"#e06a5d"
2.1358830311944e-06,1,0.996933692643286,0.435821106297072,0.999992692192942,"#e06a5d"
2.1358830311944e-06,0.666666666666667,0.996933692643286,0.435821106297072,0.999992692192942,"black"
2.1358830311944e-06,1,0.996933692643286,0.435821106297072,0.999992692192942,"#e06a5d"
2.1358830311944e-06,0.333333333333333,0.996933692643286,0.435821106297072,0.999992692192942,"#00a4ac"
2.1358830311944e-06,1,0.996933692643286,0.435821106297072,0.999992692192942,"#e06a5d"
2.1358830311944e-06,1,0.996933692643286,0.435821106297072,0.999992692192942,"#e06a5d"
2.1358830311944e-06,1,0.996933692643286,0.435821106297072,0.999992692192942,"#e06a5d"
2.1358830311944e-06,1,0.996933692643286,0.435821106297072,0.999992692192942,"#e06a5d"
2.1358830311944e-06,1,0.996933692643286,0.435821106297072,0.999992692192942,"#e06a5d"
2.1358830311944e-06,1,0.996933692643286,0.435821106297072,0.999992692192942,"#e06a5d"
2.1358830311944e-06,0.666666666666667,0.996933692643286,0.435821106297072,0.999992692192942,"black"
2.1358830311944e-06,1,0.996933692643286,0.435821106297072,0.999992692192942,"#e06a5d"
2.1358830311944e-06,1,0.996933692643286,0.435821106297072,0.999992692192942,"#e06a5d"
2.1358830311944e-06,1,0.996933692643286,0.435821106297072,0.999992692192942,"#e06a5d"
2.1358830311944e-06,1,0.996933692643286,0.435821106297072,0.999992692192942,"#e06a5d"
2.1358830311944e-06,1,0.996933692643286,0.435821106297072,0.999992692192942,"#e06a5d"
2.1358830311944e-06,1,0.996933692643286,0.435821106297072,0.999992692192942,"#e06a5d"
2.1358830311944e-06,1,0.996933692643286,0.435821106297072,0.999992692192942,"#e06a5d"
2.1358830311944e-06,1,0.996933692643286,0.435821106297072,0.999992692192942,"#e06a5d"
2.1358830311944e-06,1,0.996933692643286,0.435821106297072,0.999992692192942,"#e06a5d"
2.1358830311944e-06,1,0.996933692643286,0.435821106297072,0.999992692192942,"#e06a5d"
2.1358830311944e-06,1,0.996933692643286,0.435821106297072,0.999992692192942,"#e06a5d"
2.1358830311944e-06,1,0.996933692643286,0.435821106297072,0.999992692192942,"#e06a5d"
2.1358830311944e-06,1,0.996933692643286,0.435821106297072,0.999992692192942,"#e06a5d"
2.1358830311944e-06,1,0.996933692643286,0.435821106297072,0.999992692192942,"#e06a5d"
2.1358830311944e-06,1,0.996933692643286,0.435821106297072,0.999992692192942,"#e06a5d"
2.1358830311944e-06,1,0.996933692643286,0.435821106297072,0.999992692192942,"#e06a5d"
2.1358830311944e-06,1,0.996933692643286,0.435821106297072,0.999992692192942,"#e06a5d"
2.1358830311944e-06,1,0.996933692643286,0.435821106297072,0.999992692192942,"#e06a5d"
2.1358830311944e-06,1,0.996933692643286,0.435821106297072,0.999992692192942,"#e06a5d"
2.1358830311944e-06,1,0.996933692643286,0.435821106297072,0.999992692192942,"#e06a5d"
2.1358830311944e-06,0.666666666666667,0.996933692643286,0.435821106297072,0.999992692192942,"black"
2.19360959960506e-06,1,0.997494244579425,0.436310290249582,0.999995115616137,"#e06a5d"
2.19360959960506e-06,1,0.997494244579425,0.436310290249582,0.999995115616137,"#e06a5d"
2.19360959960506e-06,1,0.997494244579425,0.436310290249582,0.999995115616137,"#e06a5d"
2.19360959960506e-06,1,0.997494244579425,0.436310290249582,0.999995115616137,"#e06a5d"
2.19360959960506e-06,1,0.997494244579425,0.436310290249582,0.999995115616137,"#e06a5d"
2.19360959960506e-06,1,0.997494244579425,0.436310290249582,0.999995115616137,"#e06a5d"
2.19360959960506e-06,1,0.997494244579425,0.436310290249582,0.999995115616137,"#e06a5d"
2.19360959960506e-06,0.666666666666667,0.997494244579425,0.436310290249582,0.999995115616137,"black"
2.19360959960506e-06,1,0.997494244579425,0.436310290249582,0.999995115616137,"#e06a5d"
2.19360959960506e-06,1,0.997494244579425,0.436310290249582,0.999995115616137,"#e06a5d"
2.19360959960506e-06,1,0.997494244579425,0.436310290249582,0.999995115616137,"#e06a5d"
2.19360959960506e-06,1,0.997494244579425,0.436310290249582,0.999995115616137,"#e06a5d"
2.19360959960506e-06,1,0.997494244579425,0.436310290249582,0.999995115616137,"#e06a5d"
2.19360959960506e-06,1,0.997494244579425,0.436310290249582,0.999995115616137,"#e06a5d"
2.19360959960506e-06,0.666666666666667,0.997494244579425,0.436310290249582,0.999995115616137,"black"
2.19360959960506e-06,1,0.997494244579425,0.436310290249582,0.999995115616137,"#e06a5d"
2.19360959960506e-06,0.666666666666667,0.997494244579425,0.436310290249582,0.999995115616137,"black"
2.19360959960506e-06,1,0.997494244579425,0.436310290249582,0.999995115616137,"#e06a5d"
2.19360959960506e-06,1,0.997494244579425,0.436310290249582,0.999995115616137,"#e06a5d"
2.19360959960506e-06,1,0.997494244579425,0.436310290249582,0.999995115616137,"#e06a5d"
2.19360959960506e-06,0.333333333333333,0.997494244579425,0.436310290249582,0.999995115616137,"#00a4ac"
2.19360959960506e-06,1,0.997494244579425,0.436310290249582,0.999995115616137,"#e06a5d"
2.19360959960506e-06,1,0.997494244579425,0.436310290249582,0.999995115616137,"#e06a5d"
2.19360959960506e-06,0.666666666666667,0.997494244579425,0.436310290249582,0.999995115616137,"black"
2.19360959960506e-06,1,0.997494244579425,0.436310290249582,0.999995115616137,"#e06a5d"
2.19360959960506e-06,1,0.997494244579425,0.436310290249582,0.999995115616137,"#e06a5d"
2.19360959960506e-06,0.666666666666667,0.997494244579425,0.436310290249582,0.999995115616137,"black"
2.19360959960506e-06,0.666666666666667,0.997494244579425,0.436310290249582,0.999995115616137,"black"
2.19360959960506e-06,1,0.997494244579425,0.436310290249582,0.999995115616137,"#e06a5d"
2.19360959960506e-06,1,0.997494244579425,0.436310290249582,0.999995115616137,"#e06a5d"
2.19360959960506e-06,0.666666666666667,0.997494244579425,0.436310290249582,0.999995115616137,"black"
2.19360959960506e-06,0.666666666666667,0.997494244579425,0.436310290249582,0.999995115616137,"black"
2.19360959960506e-06,1,0.997494244579425,0.436310290249582,0.999995115616137,"#e06a5d"
2.19360959960506e-06,0.666666666666667,0.997494244579425,0.436310290249582,0.999995115616137,"black"
2.19360959960506e-06,1,0.997494244579425,0.436310290249582,0.999995115616137,"#e06a5d"
2.19360959960506e-06,0.333333333333333,0.997494244579425,0.436310290249582,0.999995115616137,"#00a4ac"
2.19360959960506e-06,1,0.997494244579425,0.436310290249582,0.999995115616137,"#e06a5d"
2.19360959960506e-06,1,0.997494244579425,0.436310290249582,0.999995115616137,"#e06a5d"
2.19360959960506e-06,1,0.997494244579425,0.436310290249582,0.999995115616137,"#e06a5d"
2.19360959960506e-06,1,0.997494244579425,0.436310290249582,0.999995115616137,"#e06a5d"
2.19360959960506e-06,1,0.997494244579425,0.436310290249582,0.999995115616137,"#e06a5d"
2.19360959960506e-06,1,0.997494244579425,0.436310290249582,0.999995115616137,"#e06a5d"
2.19360959960506e-06,1,0.997494244579425,0.436310290249582,0.999995115616137,"#e06a5d"
2.19360959960506e-06,0.333333333333333,0.997494244579425,0.436310290249582,0.999995115616137,"#00a4ac"
2.19360959960506e-06,1,0.997494244579425,0.436310290249582,0.999995115616137,"#e06a5d"
2.19360959960506e-06,1,0.997494244579425,0.436310290249582,0.999995115616137,"#e06a5d"
2.19360959960506e-06,0.666666666666667,0.997494244579425,0.436310290249582,0.999995115616137,"black"
2.19360959960506e-06,1,0.997494244579425,0.436310290249582,0.999995115616137,"#e06a5d"
2.19360959960506e-06,0.666666666666667,0.997494244579425,0.436310290249582,0.999995115616137,"black"
2.19360959960506e-06,0.333333333333333,0.997494244579425,0.436310290249582,0.999995115616137,"#00a4ac"
2.19360959960506e-06,0.666666666666667,0.997494244579425,0.436310290249582,0.999995115616137,"black"
2.25133616801572e-06,1,0.997955613758414,0.436713283010318,0.999996746364286,"#e06a5d"
2.25133616801572e-06,0.666666666666667,0.997955613758414,0.436713283010318,0.999996746364286,"black"
2.25133616801572e-06,1,0.997955613758414,0.436713283010318,0.999996746364286,"#e06a5d"
2.25133616801572e-06,1,0.997955613758414,0.436713283010318,0.999996746364286,"#e06a5d"
2.25133616801572e-06,1,0.997955613758414,0.436713283010318,0.999996746364286,"#e06a5d"
2.25133616801572e-06,1,0.997955613758414,0.436713283010318,0.999996746364286,"#e06a5d"
2.25133616801572e-06,0.666666666666667,0.997955613758414,0.436713283010318,0.999996746364286,"black"
2.25133616801572e-06,1,0.997955613758414,0.436713283010318,0.999996746364286,"#e06a5d"
2.25133616801572e-06,1,0.997955613758414,0.436713283010318,0.999996746364286,"#e06a5d"
2.25133616801572e-06,1,0.997955613758414,0.436713283010318,0.999996746364286,"#e06a5d"
2.25133616801572e-06,1,0.997955613758414,0.436713283010318,0.999996746364286,"#e06a5d"
2.25133616801572e-06,1,0.997955613758414,0.436713283010318,0.999996746364286,"#e06a5d"
2.25133616801572e-06,1,0.997955613758414,0.436713283010318,0.999996746364286,"#e06a5d"
2.25133616801572e-06,1,0.997955613758414,0.436713283010318,0.999996746364286,"#e06a5d"
2.25133616801572e-06,0.333333333333333,0.997955613758414,0.436713283010318,0.999996746364286,"#00a4ac"
2.25133616801572e-06,0.666666666666667,0.997955613758414,0.436713283010318,0.999996746364286,"black"
2.25133616801572e-06,1,0.997955613758414,0.436713283010318,0.999996746364286,"#e06a5d"
2.25133616801572e-06,1,0.997955613758414,0.436713283010318,0.999996746364286,"#e06a5d"
2.25133616801572e-06,1,0.997955613758414,0.436713283010318,0.999996746364286,"#e06a5d"
2.25133616801572e-06,1,0.997955613758414,0.436713283010318,0.999996746364286,"#e06a5d"
2.25133616801572e-06,1,0.997955613758414,0.436713283010318,0.999996746364286,"#e06a5d"
2.25133616801572e-06,0.666666666666667,0.997955613758414,0.436713283010318,0.999996746364286,"black"
2.25133616801572e-06,1,0.997955613758414,0.436713283010318,0.999996746364286,"#e06a5d"
2.25133616801572e-06,0.666666666666667,0.997955613758414,0.436713283010318,0.999996746364286,"black"
2.25133616801572e-06,1,0.997955613758414,0.436713283010318,0.999996746364286,"#e06a5d"
2.25133616801572e-06,1,0.997955613758414,0.436713283010318,0.999996746364286,"#e06a5d"
2.25133616801572e-06,1,0.997955613758414,0.436713283010318,0.999996746364286,"#e06a5d"
2.25133616801572e-06,1,0.997955613758414,0.436713283010318,0.999996746364286,"#e06a5d"
2.25133616801572e-06,1,0.997955613758414,0.436713283010318,0.999996746364286,"#e06a5d"
2.25133616801572e-06,1,0.997955613758414,0.436713283010318,0.999996746364286,"#e06a5d"
2.25133616801572e-06,1,0.997955613758414,0.436713283010318,0.999996746364286,"#e06a5d"
2.25133616801572e-06,1,0.997955613758414,0.436713283010318,0.999996746364286,"#e06a5d"
2.25133616801572e-06,1,0.997955613758414,0.436713283010318,0.999996746364286,"#e06a5d"
2.25133616801572e-06,1,0.997955613758414,0.436713283010318,0.999996746364286,"#e06a5d"
2.25133616801572e-06,1,0.997955613758414,0.436713283010318,0.999996746364286,"#e06a5d"
2.25133616801572e-06,1,0.997955613758414,0.436713283010318,0.999996746364286,"#e06a5d"
2.25133616801572e-06,1,0.997955613758414,0.436713283010318,0.999996746364286,"#e06a5d"
2.25133616801572e-06,1,0.997955613758414,0.436713283010318,0.999996746364286,"#e06a5d"
2.25133616801572e-06,1,0.997955613758414,0.436713283010318,0.999996746364286,"#e06a5d"
2.25133616801572e-06,1,0.997955613758414,0.436713283010318,0.999996746364286,"#e06a5d"
2.25133616801572e-06,1,0.997955613758414,0.436713283010318,0.999996746364286,"#e06a5d"
2.25133616801572e-06,0.333333333333333,0.997955613758414,0.436713283010318,0.999996746364286,"#00a4ac"
2.25133616801572e-06,1,0.997955613758414,0.436713283010318,0.999996746364286,"#e06a5d"
2.25133616801572e-06,1,0.997955613758414,0.436713283010318,0.999996746364286,"#e06a5d"
2.25133616801572e-06,1,0.997955613758414,0.436713283010318,0.999996746364286,"#e06a5d"
2.25133616801572e-06,1,0.997955613758414,0.436713283010318,0.999996746364286,"#e06a5d"
2.25133616801572e-06,0.666666666666667,0.997955613758414,0.436713283010318,0.999996746364286,"black"
2.30906273642638e-06,1,0.998334660043225,0.437044615468334,0.999997839748255,"#e06a5d"
2.30906273642638e-06,0.666666666666667,0.998334660043225,0.437044615468334,0.999997839748255,"black"
2.30906273642638e-06,1,0.998334660043225,0.437044615468334,0.999997839748255,"#e06a5d"
2.30906273642638e-06,1,0.998334660043225,0.437044615468334,0.999997839748255,"#e06a5d"
2.30906273642638e-06,1,0.998334660043225,0.437044615468334,0.999997839748255,"#e06a5d"
2.30906273642638e-06,1,0.998334660043225,0.437044615468334,0.999997839748255,"#e06a5d"
2.30906273642638e-06,1,0.998334660043225,0.437044615468334,0.999997839748255,"#e06a5d"
2.30906273642638e-06,1,0.998334660043225,0.437044615468334,0.999997839748255,"#e06a5d"
2.30906273642638e-06,1,0.998334660043225,0.437044615468334,0.999997839748255,"#e06a5d"
2.30906273642638e-06,0.666666666666667,0.998334660043225,0.437044615468334,0.999997839748255,"black"
2.30906273642638e-06,1,0.998334660043225,0.437044615468334,0.999997839748255,"#e06a5d"
2.30906273642638e-06,1,0.998334660043225,0.437044615468334,0.999997839748255,"#e06a5d"
2.30906273642638e-06,0.666666666666667,0.998334660043225,0.437044615468334,0.999997839748255,"black"
2.30906273642638e-06,1,0.998334660043225,0.437044615468334,0.999997839748255,"#e06a5d"
2.30906273642638e-06,1,0.998334660043225,0.437044615468334,0.999997839748255,"#e06a5d"
2.30906273642638e-06,1,0.998334660043225,0.437044615468334,0.999997839748255,"#e06a5d"
2.30906273642638e-06,0.666666666666667,0.998334660043225,0.437044615468334,0.999997839748255,"black"
2.30906273642638e-06,1,0.998334660043225,0.437044615468334,0.999997839748255,"#e06a5d"
2.30906273642638e-06,1,0.998334660043225,0.437044615468334,0.999997839748255,"#e06a5d"
2.30906273642638e-06,1,0.998334660043225,0.437044615468334,0.999997839748255,"#e06a5d"
2.30906273642638e-06,1,0.998334660043225,0.437044615468334,0.999997839748255,"#e06a5d"
2.30906273642638e-06,1,0.998334660043225,0.437044615468334,0.999997839748255,"#e06a5d"
2.30906273642638e-06,1,0.998334660043225,0.437044615468334,0.999997839748255,"#e06a5d"
2.30906273642638e-06,1,0.998334660043225,0.437044615468334,0.999997839748255,"#e06a5d"
2.30906273642638e-06,1,0.998334660043225,0.437044615468334,0.999997839748255,"#e06a5d"
2.30906273642638e-06,1,0.998334660043225,0.437044615468334,0.999997839748255,"#e06a5d"
2.30906273642638e-06,1,0.998334660043225,0.437044615468334,0.999997839748255,"#e06a5d"
2.30906273642638e-06,1,0.998334660043225,0.437044615468334,0.999997839748255,"#e06a5d"
2.30906273642638e-06,1,0.998334660043225,0.437044615468334,0.999997839748255,"#e06a5d"
2.30906273642638e-06,1,0.998334660043225,0.437044615468334,0.999997839748255,"#e06a5d"
2.30906273642638e-06,1,0.998334660043225,0.437044615468334,0.999997839748255,"#e06a5d"
2.30906273642638e-06,1,0.998334660043225,0.437044615468334,0.999997839748255,"#e06a5d"
2.30906273642638e-06,0.666666666666667,0.998334660043225,0.437044615468334,0.999997839748255,"black"
2.30906273642638e-06,1,0.998334660043225,0.437044615468334,0.999997839748255,"#e06a5d"
2.30906273642638e-06,1,0.998334660043225,0.437044615468334,0.999997839748255,"#e06a5d"
2.30906273642638e-06,1,0.998334660043225,0.437044615468334,0.999997839748255,"#e06a5d"
2.30906273642638e-06,1,0.998334660043225,0.437044615468334,0.999997839748255,"#e06a5d"
2.30906273642638e-06,1,0.998334660043225,0.437044615468334,0.999997839748255,"#e06a5d"
2.30906273642638e-06,1,0.998334660043225,0.437044615468334,0.999997839748255,"#e06a5d"
2.30906273642638e-06,1,0.998334660043225,0.437044615468334,0.999997839748255,"#e06a5d"
2.30906273642638e-06,1,0.998334660043225,0.437044615468334,0.999997839748255,"#e06a5d"
2.30906273642638e-06,1,0.998334660043225,0.437044615468334,0.999997839748255,"#e06a5d"
2.30906273642638e-06,1,0.998334660043225,0.437044615468334,0.999997839748255,"#e06a5d"
2.30906273642638e-06,0.666666666666667,0.998334660043225,0.437044615468334,0.999997839748255,"black"
2.30906273642638e-06,0.666666666666667,0.998334660043225,0.437044615468334,0.999997839748255,"black"
2.30906273642638e-06,0.333333333333333,0.998334660043225,0.437044615468334,0.999997839748255,"#00a4ac"
2.36678930483704e-06,0.666666666666667,0.998645520707624,0.437316511591645,0.999998570273043,"black"
2.36678930483704e-06,1,0.998645520707624,0.437316511591645,0.999998570273043,"#e06a5d"
2.36678930483704e-06,1,0.998645520707624,0.437316511591645,0.999998570273043,"#e06a5d"
2.36678930483704e-06,1,0.998645520707624,0.437316511591645,0.999998570273043,"#e06a5d"
2.36678930483704e-06,0.666666666666667,0.998645520707624,0.437316511591645,0.999998570273043,"black"
2.36678930483704e-06,1,0.998645520707624,0.437316511591645,0.999998570273043,"#e06a5d"
2.36678930483704e-06,0.666666666666667,0.998645520707624,0.437316511591645,0.999998570273043,"black"
2.36678930483704e-06,1,0.998645520707624,0.437316511591645,0.999998570273043,"#e06a5d"
2.36678930483704e-06,0.333333333333333,0.998645520707624,0.437316511591645,0.999998570273043,"#00a4ac"
2.36678930483704e-06,1,0.998645520707624,0.437316511591645,0.999998570273043,"#e06a5d"
2.36678930483704e-06,1,0.998645520707624,0.437316511591645,0.999998570273043,"#e06a5d"
2.36678930483704e-06,1,0.998645520707624,0.437316511591645,0.999998570273043,"#e06a5d"
2.36678930483704e-06,1,0.998645520707624,0.437316511591645,0.999998570273043,"#e06a5d"
2.36678930483704e-06,1,0.998645520707624,0.437316511591645,0.999998570273043,"#e06a5d"
2.36678930483704e-06,1,0.998645520707624,0.437316511591645,0.999998570273043,"#e06a5d"
2.36678930483704e-06,1,0.998645520707624,0.437316511591645,0.999998570273043,"#e06a5d"
2.36678930483704e-06,1,0.998645520707624,0.437316511591645,0.999998570273043,"#e06a5d"
2.36678930483704e-06,0.666666666666667,0.998645520707624,0.437316511591645,0.999998570273043,"black"
2.36678930483704e-06,1,0.998645520707624,0.437316511591645,0.999998570273043,"#e06a5d"
2.36678930483704e-06,0.666666666666667,0.998645520707624,0.437316511591645,0.999998570273043,"black"
2.36678930483704e-06,1,0.998645520707624,0.437316511591645,0.999998570273043,"#e06a5d"
2.36678930483704e-06,0.666666666666667,0.998645520707624,0.437316511591645,0.999998570273043,"black"
2.36678930483704e-06,1,0.998645520707624,0.437316511591645,0.999998570273043,"#e06a5d"
2.36678930483704e-06,1,0.998645520707624,0.437316511591645,0.999998570273043,"#e06a5d"
2.36678930483704e-06,1,0.998645520707624,0.437316511591645,0.999998570273043,"#e06a5d"
2.36678930483704e-06,1,0.998645520707624,0.437316511591645,0.999998570273043,"#e06a5d"
2.36678930483704e-06,1,0.998645520707624,0.437316511591645,0.999998570273043,"#e06a5d"
2.36678930483704e-06,1,0.998645520707624,0.437316511591645,0.999998570273043,"#e06a5d"
2.36678930483704e-06,1,0.998645520707624,0.437316511591645,0.999998570273043,"#e06a5d"
2.36678930483704e-06,1,0.998645520707624,0.437316511591645,0.999998570273043,"#e06a5d"
2.36678930483704e-06,1,0.998645520707624,0.437316511591645,0.999998570273043,"#e06a5d"
2.36678930483704e-06,1,0.998645520707624,0.437316511591645,0.999998570273043,"#e06a5d"
2.36678930483704e-06,1,0.998645520707624,0.437316511591645,0.999998570273043,"#e06a5d"
2.36678930483704e-06,0.333333333333333,0.998645520707624,0.437316511591645,0.999998570273043,"#00a4ac"
2.36678930483704e-06,0.666666666666667,0.998645520707624,0.437316511591645,0.999998570273043,"black"
2.36678930483704e-06,1,0.998645520707624,0.437316511591645,0.999998570273043,"#e06a5d"
2.36678930483704e-06,1,0.998645520707624,0.437316511591645,0.999998570273043,"#e06a5d"
2.36678930483704e-06,1,0.998645520707624,0.437316511591645,0.999998570273043,"#e06a5d"
2.36678930483704e-06,1,0.998645520707624,0.437316511591645,0.999998570273043,"#e06a5d"
2.36678930483704e-06,1,0.998645520707624,0.437316511591645,0.999998570273043,"#e06a5d"
2.36678930483704e-06,1,0.998645520707624,0.437316511591645,0.999998570273043,"#e06a5d"
2.36678930483704e-06,1,0.998645520707624,0.437316511591645,0.999998570273043,"#e06a5d"
2.36678930483704e-06,1,0.998645520707624,0.437316511591645,0.999998570273043,"#e06a5d"
2.36678930483704e-06,0.333333333333333,0.998645520707624,0.437316511591645,0.999998570273043,"#00a4ac"
2.4245158732477e-06,1,0.998900020358986,0.437539222869234,0.999999056700533,"#e06a5d"
2.4245158732477e-06,1,0.998900020358986,0.437539222869234,0.999999056700533,"#e06a5d"
2.4245158732477e-06,1,0.998900020358986,0.437539222869234,0.999999056700533,"#e06a5d"
2.4245158732477e-06,1,0.998900020358986,0.437539222869234,0.999999056700533,"#e06a5d"
2.4245158732477e-06,1,0.998900020358986,0.437539222869234,0.999999056700533,"#e06a5d"
2.4245158732477e-06,1,0.998900020358986,0.437539222869234,0.999999056700533,"#e06a5d"
2.4245158732477e-06,0.333333333333333,0.998900020358986,0.437539222869234,0.999999056700533,"#00a4ac"
2.4245158732477e-06,0.666666666666667,0.998900020358986,0.437539222869234,0.999999056700533,"black"
2.4245158732477e-06,0.666666666666667,0.998900020358986,0.437539222869234,0.999999056700533,"black"
2.4245158732477e-06,0.666666666666667,0.998900020358986,0.437539222869234,0.999999056700533,"black"
2.4245158732477e-06,1,0.998900020358986,0.437539222869234,0.999999056700533,"#e06a5d"
2.4245158732477e-06,1,0.998900020358986,0.437539222869234,0.999999056700533,"#e06a5d"
2.4245158732477e-06,1,0.998900020358986,0.437539222869234,0.999999056700533,"#e06a5d"
2.4245158732477e-06,0.666666666666667,0.998900020358986,0.437539222869234,0.999999056700533,"black"
2.4245158732477e-06,1,0.998900020358986,0.437539222869234,0.999999056700533,"#e06a5d"
2.4245158732477e-06,1,0.998900020358986,0.437539222869234,0.999999056700533,"#e06a5d"
2.4245158732477e-06,1,0.998900020358986,0.437539222869234,0.999999056700533,"#e06a5d"
2.4245158732477e-06,1,0.998900020358986,0.437539222869234,0.999999056700533,"#e06a5d"
2.4245158732477e-06,1,0.998900020358986,0.437539222869234,0.999999056700533,"#e06a5d"
2.4245158732477e-06,1,0.998900020358986,0.437539222869234,0.999999056700533,"#e06a5d"
2.4245158732477e-06,1,0.998900020358986,0.437539222869234,0.999999056700533,"#e06a5d"
2.4245158732477e-06,1,0.998900020358986,0.437539222869234,0.999999056700533,"#e06a5d"
2.4245158732477e-06,1,0.998900020358986,0.437539222869234,0.999999056700533,"#e06a5d"
2.4245158732477e-06,1,0.998900020358986,0.437539222869234,0.999999056700533,"#e06a5d"
2.4245158732477e-06,1,0.998900020358986,0.437539222869234,0.999999056700533,"#e06a5d"
2.4245158732477e-06,1,0.998900020358986,0.437539222869234,0.999999056700533,"#e06a5d"
2.4245158732477e-06,1,0.998900020358986,0.437539222869234,0.999999056700533,"#e06a5d"
2.4245158732477e-06,1,0.998900020358986,0.437539222869234,0.999999056700533,"#e06a5d"
2.4245158732477e-06,1,0.998900020358986,0.437539222869234,0.999999056700533,"#e06a5d"
2.4245158732477e-06,0.666666666666667,0.998900020358986,0.437539222869234,0.999999056700533,"black"
2.48224244165835e-06,1,0.99910802533091,0.43772132164236,0.999999379522604,"#e06a5d"
2.48224244165835e-06,1,0.99910802533091,0.43772132164236,0.999999379522604,"#e06a5d"
2.48224244165835e-06,1,0.99910802533091,0.43772132164236,0.999999379522604,"#e06a5d"
2.48224244165835e-06,0.666666666666667,0.99910802533091,0.43772132164236,0.999999379522604,"black"
2.48224244165835e-06,1,0.99910802533091,0.43772132164236,0.999999379522604,"#e06a5d"
2.48224244165835e-06,1,0.99910802533091,0.43772132164236,0.999999379522604,"#e06a5d"
2.48224244165835e-06,1,0.99910802533091,0.43772132164236,0.999999379522604,"#e06a5d"
2.48224244165835e-06,1,0.99910802533091,0.43772132164236,0.999999379522604,"#e06a5d"
2.48224244165835e-06,1,0.99910802533091,0.43772132164236,0.999999379522604,"#e06a5d"
2.48224244165835e-06,1,0.99910802533091,0.43772132164236,0.999999379522604,"#e06a5d"
2.48224244165835e-06,1,0.99910802533091,0.43772132164236,0.999999379522604,"#e06a5d"
2.48224244165835e-06,1,0.99910802533091,0.43772132164236,0.999999379522604,"#e06a5d"
2.48224244165835e-06,1,0.99910802533091,0.43772132164236,0.999999379522604,"#e06a5d"
2.48224244165835e-06,1,0.99910802533091,0.43772132164236,0.999999379522604,"#e06a5d"
2.48224244165835e-06,1,0.99910802533091,0.43772132164236,0.999999379522604,"#e06a5d"
2.48224244165835e-06,0.666666666666667,0.99910802533091,0.43772132164236,0.999999379522604,"black"
2.48224244165835e-06,1,0.99910802533091,0.43772132164236,0.999999379522604,"#e06a5d"
2.48224244165835e-06,1,0.99910802533091,0.43772132164236,0.999999379522604,"#e06a5d"
2.48224244165835e-06,1,0.99910802533091,0.43772132164236,0.999999379522604,"#e06a5d"
2.48224244165835e-06,1,0.99910802533091,0.43772132164236,0.999999379522604,"#e06a5d"
2.48224244165835e-06,1,0.99910802533091,0.43772132164236,0.999999379522604,"#e06a5d"
2.48224244165835e-06,1,0.99910802533091,0.43772132164236,0.999999379522604,"#e06a5d"
2.48224244165835e-06,1,0.99910802533091,0.43772132164236,0.999999379522604,"#e06a5d"
2.48224244165835e-06,1,0.99910802533091,0.43772132164236,0.999999379522604,"#e06a5d"
2.48224244165835e-06,1,0.99910802533091,0.43772132164236,0.999999379522604,"#e06a5d"
2.48224244165835e-06,1,0.99910802533091,0.43772132164236,0.999999379522604,"#e06a5d"
2.48224244165835e-06,1,0.99910802533091,0.43772132164236,0.999999379522604,"#e06a5d"
2.48224244165835e-06,0.666666666666667,0.99910802533091,0.43772132164236,0.999999379522604,"black"
2.48224244165835e-06,1,0.99910802533091,0.43772132164236,0.999999379522604,"#e06a5d"
2.48224244165835e-06,1,0.99910802533091,0.43772132164236,0.999999379522604,"#e06a5d"
2.48224244165835e-06,1,0.99910802533091,0.43772132164236,0.999999379522604,"#e06a5d"
2.48224244165835e-06,1,0.99910802533091,0.43772132164236,0.999999379522604,"#e06a5d"
2.48224244165835e-06,0.666666666666667,0.99910802533091,0.43772132164236,0.999999379522604,"black"
2.48224244165835e-06,1,0.99910802533091,0.43772132164236,0.999999379522604,"#e06a5d"
2.48224244165835e-06,1,0.99910802533091,0.43772132164236,0.999999379522604,"#e06a5d"
2.48224244165835e-06,1,0.99910802533091,0.43772132164236,0.999999379522604,"#e06a5d"
2.48224244165835e-06,1,0.99910802533091,0.43772132164236,0.999999379522604,"#e06a5d"
2.48224244165835e-06,1,0.99910802533091,0.43772132164236,0.999999379522604,"#e06a5d"
2.48224244165835e-06,1,0.99910802533091,0.43772132164236,0.999999379522604,"#e06a5d"
2.48224244165835e-06,1,0.99910802533091,0.43772132164236,0.999999379522604,"#e06a5d"
2.48224244165835e-06,1,0.99910802533091,0.43772132164236,0.999999379522604,"#e06a5d"
2.48224244165835e-06,0.666666666666667,0.99910802533091,0.43772132164236,0.999999379522604,"black"
2.48224244165835e-06,1,0.99910802533091,0.43772132164236,0.999999379522604,"#e06a5d"
2.53996901006901e-06,1,0.999277748754569,0.43786995653817,0.999999593076905,"#e06a5d"
2.53996901006901e-06,1,0.999277748754569,0.43786995653817,0.999999593076905,"#e06a5d"
2.53996901006901e-06,0.666666666666667,0.999277748754569,0.43786995653817,0.999999593076905,"black"
2.53996901006901e-06,1,0.999277748754569,0.43786995653817,0.999999593076905,"#e06a5d"
2.53996901006901e-06,0.666666666666667,0.999277748754569,0.43786995653817,0.999999593076905,"black"
2.53996901006901e-06,1,0.999277748754569,0.43786995653817,0.999999593076905,"#e06a5d"
2.53996901006901e-06,1,0.999277748754569,0.43786995653817,0.999999593076905,"#e06a5d"
2.53996901006901e-06,0.666666666666667,0.999277748754569,0.43786995653817,0.999999593076905,"black"
2.53996901006901e-06,1,0.999277748754569,0.43786995653817,0.999999593076905,"#e06a5d"
2.53996901006901e-06,0.666666666666667,0.999277748754569,0.43786995653817,0.999999593076905,"black"
2.53996901006901e-06,1,0.999277748754569,0.43786995653817,0.999999593076905,"#e06a5d"
2.53996901006901e-06,1,0.999277748754569,0.43786995653817,0.999999593076905,"#e06a5d"
2.53996901006901e-06,1,0.999277748754569,0.43786995653817,0.999999593076905,"#e06a5d"
2.53996901006901e-06,1,0.999277748754569,0.43786995653817,0.999999593076905,"#e06a5d"
2.53996901006901e-06,1,0.999277748754569,0.43786995653817,0.999999593076905,"#e06a5d"
2.53996901006901e-06,1,0.999277748754569,0.43786995653817,0.999999593076905,"#e06a5d"
2.53996901006901e-06,1,0.999277748754569,0.43786995653817,0.999999593076905,"#e06a5d"
2.53996901006901e-06,1,0.999277748754569,0.43786995653817,0.999999593076905,"#e06a5d"
2.53996901006901e-06,1,0.999277748754569,0.43786995653817,0.999999593076905,"#e06a5d"
2.53996901006901e-06,1,0.999277748754569,0.43786995653817,0.999999593076905,"#e06a5d"
2.53996901006901e-06,1,0.999277748754569,0.43786995653817,0.999999593076905,"#e06a5d"
2.53996901006901e-06,1,0.999277748754569,0.43786995653817,0.999999593076905,"#e06a5d"
2.53996901006901e-06,1,0.999277748754569,0.43786995653817,0.999999593076905,"#e06a5d"
2.53996901006901e-06,0.333333333333333,0.999277748754569,0.43786995653817,0.999999593076905,"#00a4ac"
2.53996901006901e-06,1,0.999277748754569,0.43786995653817,0.999999593076905,"#e06a5d"
2.53996901006901e-06,1,0.999277748754569,0.43786995653817,0.999999593076905,"#e06a5d"
2.53996901006901e-06,1,0.999277748754569,0.43786995653817,0.999999593076905,"#e06a5d"
2.53996901006901e-06,1,0.999277748754569,0.43786995653817,0.999999593076905,"#e06a5d"
2.53996901006901e-06,1,0.999277748754569,0.43786995653817,0.999999593076905,"#e06a5d"
2.53996901006901e-06,1,0.999277748754569,0.43786995653817,0.999999593076905,"#e06a5d"
2.53996901006901e-06,1,0.999277748754569,0.43786995653817,0.999999593076905,"#e06a5d"
2.53996901006901e-06,1,0.999277748754569,0.43786995653817,0.999999593076905,"#e06a5d"
2.53996901006901e-06,1,0.999277748754569,0.43786995653817,0.999999593076905,"#e06a5d"
2.53996901006901e-06,0.666666666666667,0.999277748754569,0.43786995653817,0.999999593076905,"black"
2.59769557847967e-06,1,0.999416012117668,0.437991073500484,0.999999733904828,"#e06a5d"
2.59769557847967e-06,1,0.999416012117668,0.437991073500484,0.999999733904828,"#e06a5d"
2.59769557847967e-06,1,0.999416012117668,0.437991073500484,0.999999733904828,"#e06a5d"
2.59769557847967e-06,1,0.999416012117668,0.437991073500484,0.999999733904828,"#e06a5d"
2.59769557847967e-06,0.666666666666667,0.999416012117668,0.437991073500484,0.999999733904828,"black"
2.59769557847967e-06,1,0.999416012117668,0.437991073500484,0.999999733904828,"#e06a5d"
2.59769557847967e-06,1,0.999416012117668,0.437991073500484,0.999999733904828,"#e06a5d"
2.59769557847967e-06,1,0.999416012117668,0.437991073500484,0.999999733904828,"#e06a5d"
2.59769557847967e-06,1,0.999416012117668,0.437991073500484,0.999999733904828,"#e06a5d"
2.59769557847967e-06,0.666666666666667,0.999416012117668,0.437991073500484,0.999999733904828,"black"
2.59769557847967e-06,1,0.999416012117668,0.437991073500484,0.999999733904828,"#e06a5d"
2.59769557847967e-06,1,0.999416012117668,0.437991073500484,0.999999733904828,"#e06a5d"
2.59769557847967e-06,1,0.999416012117668,0.437991073500484,0.999999733904828,"#e06a5d"
2.59769557847967e-06,0.666666666666667,0.999416012117668,0.437991073500484,0.999999733904828,"black"
2.59769557847967e-06,1,0.999416012117668,0.437991073500484,0.999999733904828,"#e06a5d"
2.59769557847967e-06,1,0.999416012117668,0.437991073500484,0.999999733904828,"#e06a5d"
2.59769557847967e-06,1,0.999416012117668,0.437991073500484,0.999999733904828,"#e06a5d"
2.59769557847967e-06,1,0.999416012117668,0.437991073500484,0.999999733904828,"#e06a5d"
2.59769557847967e-06,0.666666666666667,0.999416012117668,0.437991073500484,0.999999733904828,"black"
2.59769557847967e-06,1,0.999416012117668,0.437991073500484,0.999999733904828,"#e06a5d"
2.59769557847967e-06,1,0.999416012117668,0.437991073500484,0.999999733904828,"#e06a5d"
2.59769557847967e-06,1,0.999416012117668,0.437991073500484,0.999999733904828,"#e06a5d"
2.59769557847967e-06,0.666666666666667,0.999416012117668,0.437991073500484,0.999999733904828,"black"
2.59769557847967e-06,1,0.999416012117668,0.437991073500484,0.999999733904828,"#e06a5d"
2.59769557847967e-06,1,0.999416012117668,0.437991073500484,0.999999733904828,"#e06a5d"
2.59769557847967e-06,1,0.999416012117668,0.437991073500484,0.999999733904828,"#e06a5d"
2.59769557847967e-06,1,0.999416012117668,0.437991073500484,0.999999733904828,"#e06a5d"
2.59769557847967e-06,1,0.999416012117668,0.437991073500484,0.999999733904828,"#e06a5d"
2.59769557847967e-06,1,0.999416012117668,0.437991073500484,0.999999733904828,"#e06a5d"
2.59769557847967e-06,1,0.999416012117668,0.437991073500484,0.999999733904828,"#e06a5d"
2.59769557847967e-06,1,0.999416012117668,0.437991073500484,0.999999733904828,"#e06a5d"
2.59769557847967e-06,1,0.999416012117668,0.437991073500484,0.999999733904828,"#e06a5d"
2.59769557847967e-06,1,0.999416012117668,0.437991073500484,0.999999733904828,"#e06a5d"
2.59769557847967e-06,1,0.999416012117668,0.437991073500484,0.999999733904828,"#e06a5d"
2.65542214689033e-06,1,0.999528468669354,0.438089605979565,0.999999826489172,"#e06a5d"
2.65542214689033e-06,0.666666666666667,0.999528468669354,0.438089605979565,0.999999826489172,"black"
2.65542214689033e-06,1,0.999528468669354,0.438089605979565,0.999999826489172,"#e06a5d"
2.65542214689033e-06,1,0.999528468669354,0.438089605979565,0.999999826489172,"#e06a5d"
2.65542214689033e-06,1,0.999528468669354,0.438089605979565,0.999999826489172,"#e06a5d"
2.65542214689033e-06,1,0.999528468669354,0.438089605979565,0.999999826489172,"#e06a5d"
2.65542214689033e-06,1,0.999528468669354,0.438089605979565,0.999999826489172,"#e06a5d"
2.65542214689033e-06,1,0.999528468669354,0.438089605979565,0.999999826489172,"#e06a5d"
2.65542214689033e-06,0.666666666666667,0.999528468669354,0.438089605979565,0.999999826489172,"black"
2.65542214689033e-06,0.666666666666667,0.999528468669354,0.438089605979565,0.999999826489172,"black"
2.65542214689033e-06,1,0.999528468669354,0.438089605979565,0.999999826489172,"#e06a5d"
2.65542214689033e-06,1,0.999528468669354,0.438089605979565,0.999999826489172,"#e06a5d"
2.65542214689033e-06,0.666666666666667,0.999528468669354,0.438089605979565,0.999999826489172,"black"
2.65542214689033e-06,1,0.999528468669354,0.438089605979565,0.999999826489172,"#e06a5d"
2.65542214689033e-06,1,0.999528468669354,0.438089605979565,0.999999826489172,"#e06a5d"
2.65542214689033e-06,1,0.999528468669354,0.438089605979565,0.999999826489172,"#e06a5d"
2.65542214689033e-06,1,0.999528468669354,0.438089605979565,0.999999826489172,"#e06a5d"
2.65542214689033e-06,1,0.999528468669354,0.438089605979565,0.999999826489172,"#e06a5d"
2.65542214689033e-06,1,0.999528468669354,0.438089605979565,0.999999826489172,"#e06a5d"
2.65542214689033e-06,1,0.999528468669354,0.438089605979565,0.999999826489172,"#e06a5d"
2.65542214689033e-06,1,0.999528468669354,0.438089605979565,0.999999826489172,"#e06a5d"
2.65542214689033e-06,1,0.999528468669354,0.438089605979565,0.999999826489172,"#e06a5d"
2.65542214689033e-06,1,0.999528468669354,0.438089605979565,0.999999826489172,"#e06a5d"
2.65542214689033e-06,1,0.999528468669354,0.438089605979565,0.999999826489172,"#e06a5d"
2.65542214689033e-06,1,0.999528468669354,0.438089605979565,0.999999826489172,"#e06a5d"
2.65542214689033e-06,1,0.999528468669354,0.438089605979565,0.999999826489172,"#e06a5d"
2.65542214689033e-06,0.333333333333333,0.999528468669354,0.438089605979565,0.999999826489172,"#00a4ac"
2.65542214689033e-06,1,0.999528468669354,0.438089605979565,0.999999826489172,"#e06a5d"
2.65542214689033e-06,1,0.999528468669354,0.438089605979565,0.999999826489172,"#e06a5d"
2.65542214689033e-06,1,0.999528468669354,0.438089605979565,0.999999826489172,"#e06a5d"
2.65542214689033e-06,1,0.999528468669354,0.438089605979565,0.999999826489172,"#e06a5d"
2.65542214689033e-06,1,0.999528468669354,0.438089605979565,0.999999826489172,"#e06a5d"
2.65542214689033e-06,1,0.999528468669354,0.438089605979565,0.999999826489172,"#e06a5d"
2.65542214689033e-06,1,0.999528468669354,0.438089605979565,0.999999826489172,"#e06a5d"
2.65542214689033e-06,1,0.999528468669354,0.438089605979565,0.999999826489172,"#e06a5d"
2.65542214689033e-06,1,0.999528468669354,0.438089605979565,0.999999826489172,"#e06a5d"
2.65542214689033e-06,1,0.999528468669354,0.438089605979565,0.999999826489172,"#e06a5d"
2.71314871530099e-06,1,0.999619793555522,0.438169637761299,0.999999887174756,"#e06a5d"
2.71314871530099e-06,1,0.999619793555522,0.438169637761299,0.999999887174756,"#e06a5d"
2.71314871530099e-06,0.333333333333333,0.999619793555522,0.438169637761299,0.999999887174756,"#00a4ac"
2.71314871530099e-06,1,0.999619793555522,0.438169637761299,0.999999887174756,"#e06a5d"
2.71314871530099e-06,0.666666666666667,0.999619793555522,0.438169637761299,0.999999887174756,"black"
2.71314871530099e-06,1,0.999619793555522,0.438169637761299,0.999999887174756,"#e06a5d"
2.71314871530099e-06,0.666666666666667,0.999619793555522,0.438169637761299,0.999999887174756,"black"
2.71314871530099e-06,1,0.999619793555522,0.438169637761299,0.999999887174756,"#e06a5d"
2.71314871530099e-06,1,0.999619793555522,0.438169637761299,0.999999887174756,"#e06a5d"
2.71314871530099e-06,1,0.999619793555522,0.438169637761299,0.999999887174756,"#e06a5d"
2.71314871530099e-06,1,0.999619793555522,0.438169637761299,0.999999887174756,"#e06a5d"
2.71314871530099e-06,1,0.999619793555522,0.438169637761299,0.999999887174756,"#e06a5d"
2.71314871530099e-06,1,0.999619793555522,0.438169637761299,0.999999887174756,"#e06a5d"
2.71314871530099e-06,1,0.999619793555522,0.438169637761299,0.999999887174756,"#e06a5d"
2.71314871530099e-06,1,0.999619793555522,0.438169637761299,0.999999887174756,"#e06a5d"
2.71314871530099e-06,1,0.999619793555522,0.438169637761299,0.999999887174756,"#e06a5d"
2.71314871530099e-06,1,0.999619793555522,0.438169637761299,0.999999887174756,"#e06a5d"
2.71314871530099e-06,1,0.999619793555522,0.438169637761299,0.999999887174756,"#e06a5d"
2.71314871530099e-06,0.666666666666667,0.999619793555522,0.438169637761299,0.999999887174756,"black"
2.71314871530099e-06,0.666666666666667,0.999619793555522,0.438169637761299,0.999999887174756,"black"
2.71314871530099e-06,1,0.999619793555522,0.438169637761299,0.999999887174756,"#e06a5d"
2.71314871530099e-06,1,0.999619793555522,0.438169637761299,0.999999887174756,"#e06a5d"
2.71314871530099e-06,1,0.999619793555522,0.438169637761299,0.999999887174756,"#e06a5d"
2.71314871530099e-06,1,0.999619793555522,0.438169637761299,0.999999887174756,"#e06a5d"
2.71314871530099e-06,1,0.999619793555522,0.438169637761299,0.999999887174756,"#e06a5d"
2.71314871530099e-06,1,0.999619793555522,0.438169637761299,0.999999887174756,"#e06a5d"
2.71314871530099e-06,0.666666666666667,0.999619793555522,0.438169637761299,0.999999887174756,"black"
2.71314871530099e-06,1,0.999619793555522,0.438169637761299,0.999999887174756,"#e06a5d"
2.71314871530099e-06,1,0.999619793555522,0.438169637761299,0.999999887174756,"#e06a5d"
2.71314871530099e-06,1,0.999619793555522,0.438169637761299,0.999999887174756,"#e06a5d"
2.71314871530099e-06,1,0.999619793555522,0.438169637761299,0.999999887174756,"#e06a5d"
2.71314871530099e-06,1,0.999619793555522,0.438169637761299,0.999999887174756,"#e06a5d"
2.71314871530099e-06,1,0.999619793555522,0.438169637761299,0.999999887174756,"#e06a5d"
2.77087528371165e-06,1,0.999693845091964,0.438234541737545,0.999999926835576,"#e06a5d"
2.77087528371165e-06,1,0.999693845091964,0.438234541737545,0.999999926835576,"#e06a5d"
2.77087528371165e-06,0.666666666666667,0.999693845091964,0.438234541737545,0.999999926835576,"black"
2.77087528371165e-06,1,0.999693845091964,0.438234541737545,0.999999926835576,"#e06a5d"
2.77087528371165e-06,1,0.999693845091964,0.438234541737545,0.999999926835576,"#e06a5d"
2.77087528371165e-06,1,0.999693845091964,0.438234541737545,0.999999926835576,"#e06a5d"
2.77087528371165e-06,0.666666666666667,0.999693845091964,0.438234541737545,0.999999926835576,"black"
2.77087528371165e-06,1,0.999693845091964,0.438234541737545,0.999999926835576,"#e06a5d"
2.77087528371165e-06,1,0.999693845091964,0.438234541737545,0.999999926835576,"#e06a5d"
2.77087528371165e-06,0.666666666666667,0.999693845091964,0.438234541737545,0.999999926835576,"black"
2.77087528371165e-06,1,0.999693845091964,0.438234541737545,0.999999926835576,"#e06a5d"
2.77087528371165e-06,1,0.999693845091964,0.438234541737545,0.999999926835576,"#e06a5d"
2.77087528371165e-06,1,0.999693845091964,0.438234541737545,0.999999926835576,"#e06a5d"
2.77087528371165e-06,1,0.999693845091964,0.438234541737545,0.999999926835576,"#e06a5d"
2.77087528371165e-06,1,0.999693845091964,0.438234541737545,0.999999926835576,"#e06a5d"
2.77087528371165e-06,1,0.999693845091964,0.438234541737545,0.999999926835576,"#e06a5d"
2.77087528371165e-06,1,0.999693845091964,0.438234541737545,0.999999926835576,"#e06a5d"
2.77087528371165e-06,1,0.999693845091964,0.438234541737545,0.999999926835576,"#e06a5d"
2.77087528371165e-06,1,0.999693845091964,0.438234541737545,0.999999926835576,"#e06a5d"
2.77087528371165e-06,1,0.999693845091964,0.438234541737545,0.999999926835576,"#e06a5d"
2.77087528371165e-06,1,0.999693845091964,0.438234541737545,0.999999926835576,"#e06a5d"
2.77087528371165e-06,1,0.999693845091964,0.438234541737545,0.999999926835576,"#e06a5d"
2.77087528371165e-06,0.666666666666667,0.999693845091964,0.438234541737545,0.999999926835576,"black"
2.77087528371165e-06,1,0.999693845091964,0.438234541737545,0.999999926835576,"#e06a5d"
2.77087528371165e-06,1,0.999693845091964,0.438234541737545,0.999999926835576,"#e06a5d"
2.77087528371165e-06,1,0.999693845091964,0.438234541737545,0.999999926835576,"#e06a5d"
2.77087528371165e-06,1,0.999693845091964,0.438234541737545,0.999999926835576,"#e06a5d"
2.77087528371165e-06,1,0.999693845091964,0.438234541737545,0.999999926835576,"#e06a5d"
2.77087528371165e-06,1,0.999693845091964,0.438234541737545,0.999999926835576,"#e06a5d"
2.77087528371165e-06,1,0.999693845091964,0.438234541737545,0.999999926835576,"#e06a5d"
2.77087528371165e-06,1,0.999693845091964,0.438234541737545,0.999999926835576,"#e06a5d"
2.77087528371165e-06,1,0.999693845091964,0.438234541737545,0.999999926835576,"#e06a5d"
2.82860185212231e-06,1,0.999753801117331,0.438287097681723,0.999999952681573,"#e06a5d"
2.82860185212231e-06,1,0.999753801117331,0.438287097681723,0.999999952681573,"#e06a5d"
2.82860185212231e-06,1,0.999753801117331,0.438287097681723,0.999999952681573,"#e06a5d"
2.82860185212231e-06,1,0.999753801117331,0.438287097681723,0.999999952681573,"#e06a5d"
2.82860185212231e-06,0.666666666666667,0.999753801117331,0.438287097681723,0.999999952681573,"black"
2.82860185212231e-06,1,0.999753801117331,0.438287097681723,0.999999952681573,"#e06a5d"
2.82860185212231e-06,1,0.999753801117331,0.438287097681723,0.999999952681573,"#e06a5d"
2.82860185212231e-06,1,0.999753801117331,0.438287097681723,0.999999952681573,"#e06a5d"
2.82860185212231e-06,0.666666666666667,0.999753801117331,0.438287097681723,0.999999952681573,"black"
2.82860185212231e-06,1,0.999753801117331,0.438287097681723,0.999999952681573,"#e06a5d"
2.82860185212231e-06,0.666666666666667,0.999753801117331,0.438287097681723,0.999999952681573,"black"
2.82860185212231e-06,1,0.999753801117331,0.438287097681723,0.999999952681573,"#e06a5d"
2.82860185212231e-06,0.666666666666667,0.999753801117331,0.438287097681723,0.999999952681573,"black"
2.82860185212231e-06,0.666666666666667,0.999753801117331,0.438287097681723,0.999999952681573,"black"
2.82860185212231e-06,1,0.999753801117331,0.438287097681723,0.999999952681573,"#e06a5d"
2.82860185212231e-06,1,0.999753801117331,0.438287097681723,0.999999952681573,"#e06a5d"
2.82860185212231e-06,0.666666666666667,0.999753801117331,0.438287097681723,0.999999952681573,"black"
2.82860185212231e-06,1,0.999753801117331,0.438287097681723,0.999999952681573,"#e06a5d"
2.82860185212231e-06,1,0.999753801117331,0.438287097681723,0.999999952681573,"#e06a5d"
2.82860185212231e-06,1,0.999753801117331,0.438287097681723,0.999999952681573,"#e06a5d"
2.82860185212231e-06,1,0.999753801117331,0.438287097681723,0.999999952681573,"#e06a5d"
2.82860185212231e-06,1,0.999753801117331,0.438287097681723,0.999999952681573,"#e06a5d"
2.82860185212231e-06,1,0.999753801117331,0.438287097681723,0.999999952681573,"#e06a5d"
2.82860185212231e-06,1,0.999753801117331,0.438287097681723,0.999999952681573,"#e06a5d"
2.82860185212231e-06,1,0.999753801117331,0.438287097681723,0.999999952681573,"#e06a5d"
2.82860185212231e-06,0.666666666666667,0.999753801117331,0.438287097681723,0.999999952681573,"black"
2.82860185212231e-06,1,0.999753801117331,0.438287097681723,0.999999952681573,"#e06a5d"
2.82860185212231e-06,1,0.999753801117331,0.438287097681723,0.999999952681573,"#e06a5d"
2.82860185212231e-06,1,0.999753801117331,0.438287097681723,0.999999952681573,"#e06a5d"
2.82860185212231e-06,1,0.999753801117331,0.438287097681723,0.999999952681573,"#e06a5d"
2.82860185212231e-06,1,0.999753801117331,0.438287097681723,0.999999952681573,"#e06a5d"
2.82860185212231e-06,1,0.999753801117331,0.438287097681723,0.999999952681573,"#e06a5d"
2.82860185212231e-06,1,0.999753801117331,0.438287097681723,0.999999952681573,"#e06a5d"
2.82860185212231e-06,1,0.999753801117331,0.438287097681723,0.999999952681573,"#e06a5d"
2.88632842053297e-06,1,0.99980227392414,0.438329591825041,0.999999969477585,"#e06a5d"
2.88632842053297e-06,1,0.99980227392414,0.438329591825041,0.999999969477585,"#e06a5d"
2.88632842053297e-06,1,0.99980227392414,0.438329591825041,0.999999969477585,"#e06a5d"
2.88632842053297e-06,1,0.99980227392414,0.438329591825041,0.999999969477585,"#e06a5d"
2.88632842053297e-06,1,0.99980227392414,0.438329591825041,0.999999969477585,"#e06a5d"
2.88632842053297e-06,1,0.99980227392414,0.438329591825041,0.999999969477585,"#e06a5d"
2.88632842053297e-06,1,0.99980227392414,0.438329591825041,0.999999969477585,"#e06a5d"
2.88632842053297e-06,1,0.99980227392414,0.438329591825041,0.999999969477585,"#e06a5d"
2.88632842053297e-06,1,0.99980227392414,0.438329591825041,0.999999969477585,"#e06a5d"
2.88632842053297e-06,1,0.99980227392414,0.438329591825041,0.999999969477585,"#e06a5d"
2.88632842053297e-06,1,0.99980227392414,0.438329591825041,0.999999969477585,"#e06a5d"
2.88632842053297e-06,1,0.99980227392414,0.438329591825041,0.999999969477585,"#e06a5d"
2.88632842053297e-06,1,0.99980227392414,0.438329591825041,0.999999969477585,"#e06a5d"
2.88632842053297e-06,0.666666666666667,0.99980227392414,0.438329591825041,0.999999969477585,"black"
2.88632842053297e-06,1,0.99980227392414,0.438329591825041,0.999999969477585,"#e06a5d"
2.88632842053297e-06,1,0.99980227392414,0.438329591825041,0.999999969477585,"#e06a5d"
2.88632842053297e-06,0.666666666666667,0.99980227392414,0.438329591825041,0.999999969477585,"black"
2.88632842053297e-06,1,0.99980227392414,0.438329591825041,0.999999969477585,"#e06a5d"
2.88632842053297e-06,1,0.99980227392414,0.438329591825041,0.999999969477585,"#e06a5d"
2.88632842053297e-06,1,0.99980227392414,0.438329591825041,0.999999969477585,"#e06a5d"
2.88632842053297e-06,1,0.99980227392414,0.438329591825041,0.999999969477585,"#e06a5d"
2.88632842053297e-06,1,0.99980227392414,0.438329591825041,0.999999969477585,"#e06a5d"
2.88632842053297e-06,1,0.99980227392414,0.438329591825041,0.999999969477585,"#e06a5d"
2.88632842053297e-06,1,0.99980227392414,0.438329591825041,0.999999969477585,"#e06a5d"
2.88632842053297e-06,1,0.99980227392414,0.438329591825041,0.999999969477585,"#e06a5d"
2.88632842053297e-06,1,0.99980227392414,0.438329591825041,0.999999969477585,"#e06a5d"
2.88632842053297e-06,1,0.99980227392414,0.438329591825041,0.999999969477585,"#e06a5d"
2.88632842053297e-06,1,0.99980227392414,0.438329591825041,0.999999969477585,"#e06a5d"
2.88632842053297e-06,1,0.99980227392414,0.438329591825041,0.999999969477585,"#e06a5d"
2.88632842053297e-06,1,0.99980227392414,0.438329591825041,0.999999969477585,"#e06a5d"
2.88632842053297e-06,1,0.99980227392414,0.438329591825041,0.999999969477585,"#e06a5d"
2.88632842053297e-06,1,0.99980227392414,0.438329591825041,0.999999969477585,"#e06a5d"
2.88632842053297e-06,0.333333333333333,0.99980227392414,0.438329591825041,0.999999969477585,"#00a4ac"
2.88632842053297e-06,1,0.99980227392414,0.438329591825041,0.999999969477585,"#e06a5d"
2.88632842053297e-06,1,0.99980227392414,0.438329591825041,0.999999969477585,"#e06a5d"
2.88632842053297e-06,1,0.99980227392414,0.438329591825041,0.999999969477585,"#e06a5d"
2.88632842053297e-06,1,0.99980227392414,0.438329591825041,0.999999969477585,"#e06a5d"
2.88632842053297e-06,1,0.99980227392414,0.438329591825041,0.999999969477585,"#e06a5d"
2.88632842053297e-06,1,0.99980227392414,0.438329591825041,0.999999969477585,"#e06a5d"
2.88632842053297e-06,1,0.99980227392414,0.438329591825041,0.999999969477585,"#e06a5d"
2.94405498894363e-06,1,0.99984140685064,0.438363900748987,0.999999980362492,"#e06a5d"
2.94405498894363e-06,1,0.99984140685064,0.438363900748987,0.999999980362492,"#e06a5d"
2.94405498894363e-06,1,0.99984140685064,0.438363900748987,0.999999980362492,"#e06a5d"
2.94405498894363e-06,0.666666666666667,0.99984140685064,0.438363900748987,0.999999980362492,"black"
2.94405498894363e-06,0.666666666666667,0.99984140685064,0.438363900748987,0.999999980362492,"black"
2.94405498894363e-06,1,0.99984140685064,0.438363900748987,0.999999980362492,"#e06a5d"
2.94405498894363e-06,1,0.99984140685064,0.438363900748987,0.999999980362492,"#e06a5d"
2.94405498894363e-06,1,0.99984140685064,0.438363900748987,0.999999980362492,"#e06a5d"
2.94405498894363e-06,1,0.99984140685064,0.438363900748987,0.999999980362492,"#e06a5d"
2.94405498894363e-06,0.666666666666667,0.99984140685064,0.438363900748987,0.999999980362492,"black"
2.94405498894363e-06,1,0.99984140685064,0.438363900748987,0.999999980362492,"#e06a5d"
2.94405498894363e-06,1,0.99984140685064,0.438363900748987,0.999999980362492,"#e06a5d"
2.94405498894363e-06,1,0.99984140685064,0.438363900748987,0.999999980362492,"#e06a5d"
2.94405498894363e-06,1,0.99984140685064,0.438363900748987,0.999999980362492,"#e06a5d"
2.94405498894363e-06,1,0.99984140685064,0.438363900748987,0.999999980362492,"#e06a5d"
2.94405498894363e-06,1,0.99984140685064,0.438363900748987,0.999999980362492,"#e06a5d"
2.94405498894363e-06,1,0.99984140685064,0.438363900748987,0.999999980362492,"#e06a5d"
2.94405498894363e-06,1,0.99984140685064,0.438363900748987,0.999999980362492,"#e06a5d"
2.94405498894363e-06,1,0.99984140685064,0.438363900748987,0.999999980362492,"#e06a5d"
2.94405498894363e-06,1,0.99984140685064,0.438363900748987,0.999999980362492,"#e06a5d"
2.94405498894363e-06,1,0.99984140685064,0.438363900748987,0.999999980362492,"#e06a5d"
2.94405498894363e-06,0.333333333333333,0.99984140685064,0.438363900748987,0.999999980362492,"#00a4ac"
3.00178155735429e-06,1,0.999872955233262,0.438391561832702,0.999999987397623,"#e06a5d"
3.00178155735429e-06,1,0.999872955233262,0.438391561832702,0.999999987397623,"#e06a5d"
3.00178155735429e-06,0.333333333333333,0.999872955233262,0.438391561832702,0.999999987397623,"#00a4ac"
3.00178155735429e-06,1,0.999872955233262,0.438391561832702,0.999999987397623,"#e06a5d"
3.00178155735429e-06,1,0.999872955233262,0.438391561832702,0.999999987397623,"#e06a5d"
3.00178155735429e-06,1,0.999872955233262,0.438391561832702,0.999999987397623,"#e06a5d"
3.00178155735429e-06,1,0.999872955233262,0.438391561832702,0.999999987397623,"#e06a5d"
3.00178155735429e-06,1,0.999872955233262,0.438391561832702,0.999999987397623,"#e06a5d"
3.00178155735429e-06,1,0.999872955233262,0.438391561832702,0.999999987397623,"#e06a5d"
3.00178155735429e-06,1,0.999872955233262,0.438391561832702,0.999999987397623,"#e06a5d"
3.00178155735429e-06,1,0.999872955233262,0.438391561832702,0.999999987397623,"#e06a5d"
3.00178155735429e-06,0.666666666666667,0.999872955233262,0.438391561832702,0.999999987397623,"black"
3.00178155735429e-06,1,0.999872955233262,0.438391561832702,0.999999987397623,"#e06a5d"
3.00178155735429e-06,1,0.999872955233262,0.438391561832702,0.999999987397623,"#e06a5d"
3.00178155735429e-06,0.666666666666667,0.999872955233262,0.438391561832702,0.999999987397623,"black"
3.00178155735429e-06,1,0.999872955233262,0.438391561832702,0.999999987397623,"#e06a5d"
3.00178155735429e-06,1,0.999872955233262,0.438391561832702,0.999999987397623,"#e06a5d"
3.00178155735429e-06,1,0.999872955233262,0.438391561832702,0.999999987397623,"#e06a5d"
3.00178155735429e-06,1,0.999872955233262,0.438391561832702,0.999999987397623,"#e06a5d"
3.00178155735429e-06,1,0.999872955233262,0.438391561832702,0.999999987397623,"#e06a5d"
3.00178155735429e-06,1,0.999872955233262,0.438391561832702,0.999999987397623,"#e06a5d"
3.00178155735429e-06,1,0.999872955233262,0.438391561832702,0.999999987397623,"#e06a5d"
3.00178155735429e-06,1,0.999872955233262,0.438391561832702,0.999999987397623,"#e06a5d"
3.00178155735429e-06,1,0.999872955233262,0.438391561832702,0.999999987397623,"#e06a5d"
3.05950812576495e-06,1,0.999898354070385,0.438413832228709,0.999999991932553,"#e06a5d"
3.05950812576495e-06,1,0.999898354070385,0.438413832228709,0.999999991932553,"#e06a5d"
3.05950812576495e-06,1,0.999898354070385,0.438413832228709,0.999999991932553,"#e06a5d"
3.05950812576495e-06,1,0.999898354070385,0.438413832228709,0.999999991932553,"#e06a5d"
3.05950812576495e-06,1,0.999898354070385,0.438413832228709,0.999999991932553,"#e06a5d"
3.05950812576495e-06,0.666666666666667,0.999898354070385,0.438413832228709,0.999999991932553,"black"
3.05950812576495e-06,1,0.999898354070385,0.438413832228709,0.999999991932553,"#e06a5d"
3.05950812576495e-06,1,0.999898354070385,0.438413832228709,0.999999991932553,"#e06a5d"
3.05950812576495e-06,1,0.999898354070385,0.438413832228709,0.999999991932553,"#e06a5d"
3.05950812576495e-06,1,0.999898354070385,0.438413832228709,0.999999991932553,"#e06a5d"
3.05950812576495e-06,1,0.999898354070385,0.438413832228709,0.999999991932553,"#e06a5d"
3.05950812576495e-06,1,0.999898354070385,0.438413832228709,0.999999991932553,"#e06a5d"
3.05950812576495e-06,1,0.999898354070385,0.438413832228709,0.999999991932553,"#e06a5d"
3.05950812576495e-06,1,0.999898354070385,0.438413832228709,0.999999991932553,"#e06a5d"
3.05950812576495e-06,1,0.999898354070385,0.438413832228709,0.999999991932553,"#e06a5d"
3.05950812576495e-06,1,0.999898354070385,0.438413832228709,0.999999991932553,"#e06a5d"
3.05950812576495e-06,1,0.999898354070385,0.438413832228709,0.999999991932553,"#e06a5d"
3.05950812576495e-06,1,0.999898354070385,0.438413832228709,0.999999991932553,"#e06a5d"
3.05950812576495e-06,1,0.999898354070385,0.438413832228709,0.999999991932553,"#e06a5d"
3.05950812576495e-06,1,0.999898354070385,0.438413832228709,0.999999991932553,"#e06a5d"
3.05950812576495e-06,1,0.999898354070385,0.438413832228709,0.999999991932553,"#e06a5d"
3.05950812576495e-06,1,0.999898354070385,0.438413832228709,0.999999991932553,"#e06a5d"
3.05950812576495e-06,1,0.999898354070385,0.438413832228709,0.999999991932553,"#e06a5d"
3.05950812576495e-06,1,0.999898354070385,0.438413832228709,0.999999991932553,"#e06a5d"
3.05950812576495e-06,1,0.999898354070385,0.438413832228709,0.999999991932553,"#e06a5d"
3.05950812576495e-06,1,0.999898354070385,0.438413832228709,0.999999991932553,"#e06a5d"
3.05950812576495e-06,0.333333333333333,0.999898354070385,0.438413832228709,0.999999991932553,"#00a4ac"
3.11723469417561e-06,0.666666666666667,0.999918774433552,0.438431738092744,0.999999994848242,"black"
3.11723469417561e-06,1,0.999918774433552,0.438431738092744,0.999999994848242,"#e06a5d"
3.11723469417561e-06,1,0.999918774433552,0.438431738092744,0.999999994848242,"#e06a5d"
3.11723469417561e-06,1,0.999918774433552,0.438431738092744,0.999999994848242,"#e06a5d"
3.11723469417561e-06,0.666666666666667,0.999918774433552,0.438431738092744,0.999999994848242,"black"
3.11723469417561e-06,1,0.999918774433552,0.438431738092744,0.999999994848242,"#e06a5d"
3.11723469417561e-06,1,0.999918774433552,0.438431738092744,0.999999994848242,"#e06a5d"
3.11723469417561e-06,1,0.999918774433552,0.438431738092744,0.999999994848242,"#e06a5d"
3.11723469417561e-06,1,0.999918774433552,0.438431738092744,0.999999994848242,"#e06a5d"
3.11723469417561e-06,1,0.999918774433552,0.438431738092744,0.999999994848242,"#e06a5d"
3.11723469417561e-06,1,0.999918774433552,0.438431738092744,0.999999994848242,"#e06a5d"
3.11723469417561e-06,1,0.999918774433552,0.438431738092744,0.999999994848242,"#e06a5d"
3.11723469417561e-06,1,0.999918774433552,0.438431738092744,0.999999994848242,"#e06a5d"
3.11723469417561e-06,1,0.999918774433552,0.438431738092744,0.999999994848242,"#e06a5d"
3.11723469417561e-06,1,0.999918774433552,0.438431738092744,0.999999994848242,"#e06a5d"
3.11723469417561e-06,1,0.999918774433552,0.438431738092744,0.999999994848242,"#e06a5d"
3.11723469417561e-06,1,0.999918774433552,0.438431738092744,0.999999994848242,"#e06a5d"
3.11723469417561e-06,1,0.999918774433552,0.438431738092744,0.999999994848242,"#e06a5d"
3.11723469417561e-06,1,0.999918774433552,0.438431738092744,0.999999994848242,"#e06a5d"
3.11723469417561e-06,1,0.999918774433552,0.438431738092744,0.999999994848242,"#e06a5d"
3.11723469417561e-06,1,0.999918774433552,0.438431738092744,0.999999994848242,"#e06a5d"
3.11723469417561e-06,1,0.999918774433552,0.438431738092744,0.999999994848242,"#e06a5d"
3.11723469417561e-06,1,0.999918774433552,0.438431738092744,0.999999994848242,"#e06a5d"
3.11723469417561e-06,1,0.999918774433552,0.438431738092744,0.999999994848242,"#e06a5d"
3.11723469417561e-06,1,0.999918774433552,0.438431738092744,0.999999994848242,"#e06a5d"
3.11723469417561e-06,1,0.999918774433552,0.438431738092744,0.999999994848242,"#e06a5d"
3.17496126258627e-06,1,0.999935170381287,0.438446115566403,0.99999999671808,"#e06a5d"
3.17496126258627e-06,1,0.999935170381287,0.438446115566403,0.99999999671808,"#e06a5d"
3.17496126258627e-06,1,0.999935170381287,0.438446115566403,0.99999999671808,"#e06a5d"
3.17496126258627e-06,1,0.999935170381287,0.438446115566403,0.99999999671808,"#e06a5d"
3.17496126258627e-06,1,0.999935170381287,0.438446115566403,0.99999999671808,"#e06a5d"
3.17496126258627e-06,1,0.999935170381287,0.438446115566403,0.99999999671808,"#e06a5d"
3.17496126258627e-06,1,0.999935170381287,0.438446115566403,0.99999999671808,"#e06a5d"
3.17496126258627e-06,0.666666666666667,0.999935170381287,0.438446115566403,0.99999999671808,"black"
3.17496126258627e-06,1,0.999935170381287,0.438446115566403,0.99999999671808,"#e06a5d"
3.17496126258627e-06,0.666666666666667,0.999935170381287,0.438446115566403,0.99999999671808,"black"
3.17496126258627e-06,1,0.999935170381287,0.438446115566403,0.99999999671808,"#e06a5d"
3.17496126258627e-06,1,0.999935170381287,0.438446115566403,0.99999999671808,"#e06a5d"
3.17496126258627e-06,1,0.999935170381287,0.438446115566403,0.99999999671808,"#e06a5d"
3.17496126258627e-06,1,0.999935170381287,0.438446115566403,0.99999999671808,"#e06a5d"
3.17496126258627e-06,1,0.999935170381287,0.438446115566403,0.99999999671808,"#e06a5d"
3.17496126258627e-06,1,0.999935170381287,0.438446115566403,0.99999999671808,"#e06a5d"
3.17496126258627e-06,1,0.999935170381287,0.438446115566403,0.99999999671808,"#e06a5d"
3.17496126258627e-06,1,0.999935170381287,0.438446115566403,0.99999999671808,"#e06a5d"
3.17496126258627e-06,1,0.999935170381287,0.438446115566403,0.99999999671808,"#e06a5d"
3.17496126258627e-06,1,0.999935170381287,0.438446115566403,0.99999999671808,"#e06a5d"
3.17496126258627e-06,1,0.999935170381287,0.438446115566403,0.99999999671808,"#e06a5d"
3.17496126258627e-06,0.666666666666667,0.999935170381287,0.438446115566403,0.99999999671808,"black"
3.17496126258627e-06,1,0.999935170381287,0.438446115566403,0.99999999671808,"#e06a5d"
3.17496126258627e-06,1,0.999935170381287,0.438446115566403,0.99999999671808,"#e06a5d"
3.17496126258627e-06,1,0.999935170381287,0.438446115566403,0.99999999671808,"#e06a5d"
3.17496126258627e-06,0.666666666666667,0.999935170381287,0.438446115566403,0.99999999671808,"black"
3.17496126258627e-06,1,0.999935170381287,0.438446115566403,0.99999999671808,"#e06a5d"
3.17496126258627e-06,1,0.999935170381287,0.438446115566403,0.99999999671808,"#e06a5d"
3.17496126258627e-06,1,0.999935170381287,0.438446115566403,0.99999999671808,"#e06a5d"
3.17496126258627e-06,1,0.999935170381287,0.438446115566403,0.99999999671808,"#e06a5d"
3.17496126258627e-06,0.333333333333333,0.999935170381287,0.438446115566403,0.99999999671808,"#00a4ac"
3.23268783099693e-06,1,0.999948317881677,0.438457644806165,0.99999999791421,"#e06a5d"
3.23268783099693e-06,1,0.999948317881677,0.438457644806165,0.99999999791421,"#e06a5d"
3.23268783099693e-06,1,0.999948317881677,0.438457644806165,0.99999999791421,"#e06a5d"
3.23268783099693e-06,1,0.999948317881677,0.438457644806165,0.99999999791421,"#e06a5d"
3.23268783099693e-06,1,0.999948317881677,0.438457644806165,0.99999999791421,"#e06a5d"
3.23268783099693e-06,0.666666666666667,0.999948317881677,0.438457644806165,0.99999999791421,"black"
3.23268783099693e-06,1,0.999948317881677,0.438457644806165,0.99999999791421,"#e06a5d"
3.23268783099693e-06,1,0.999948317881677,0.438457644806165,0.99999999791421,"#e06a5d"
3.23268783099693e-06,1,0.999948317881677,0.438457644806165,0.99999999791421,"#e06a5d"
3.23268783099693e-06,1,0.999948317881677,0.438457644806165,0.99999999791421,"#e06a5d"
3.23268783099693e-06,1,0.999948317881677,0.438457644806165,0.99999999791421,"#e06a5d"
3.23268783099693e-06,1,0.999948317881677,0.438457644806165,0.99999999791421,"#e06a5d"
3.23268783099693e-06,0.666666666666667,0.999948317881677,0.438457644806165,0.99999999791421,"black"
3.23268783099693e-06,1,0.999948317881677,0.438457644806165,0.99999999791421,"#e06a5d"
3.23268783099693e-06,1,0.999948317881677,0.438457644806165,0.99999999791421,"#e06a5d"
3.23268783099693e-06,1,0.999948317881677,0.438457644806165,0.99999999791421,"#e06a5d"
3.23268783099693e-06,1,0.999948317881677,0.438457644806165,0.99999999791421,"#e06a5d"
3.23268783099693e-06,1,0.999948317881677,0.438457644806165,0.99999999791421,"#e06a5d"
3.23268783099693e-06,1,0.999948317881677,0.438457644806165,0.99999999791421,"#e06a5d"
3.23268783099693e-06,1,0.999948317881677,0.438457644806165,0.99999999791421,"#e06a5d"
3.23268783099693e-06,1,0.999948317881677,0.438457644806165,0.99999999791421,"#e06a5d"
3.23268783099693e-06,1,0.999948317881677,0.438457644806165,0.99999999791421,"#e06a5d"
3.23268783099693e-06,1,0.999948317881677,0.438457644806165,0.99999999791421,"#e06a5d"
3.23268783099693e-06,0.333333333333333,0.999948317881677,0.438457644806165,0.99999999791421,"#00a4ac"
3.23268783099693e-06,1,0.999948317881677,0.438457644806165,0.99999999791421,"#e06a5d"
3.29041439940759e-06,1,0.999958847030847,0.438466878169215,0.999999998677488,"#e06a5d"
3.29041439940759e-06,1,0.999958847030847,0.438466878169215,0.999999998677488,"#e06a5d"
3.29041439940759e-06,1,0.999958847030847,0.438466878169215,0.999999998677488,"#e06a5d"
3.29041439940759e-06,1,0.999958847030847,0.438466878169215,0.999999998677488,"#e06a5d"
3.29041439940759e-06,1,0.999958847030847,0.438466878169215,0.999999998677488,"#e06a5d"
3.29041439940759e-06,0.666666666666667,0.999958847030847,0.438466878169215,0.999999998677488,"black"
3.29041439940759e-06,1,0.999958847030847,0.438466878169215,0.999999998677488,"#e06a5d"
3.29041439940759e-06,1,0.999958847030847,0.438466878169215,0.999999998677488,"#e06a5d"
3.29041439940759e-06,1,0.999958847030847,0.438466878169215,0.999999998677488,"#e06a5d"
3.29041439940759e-06,1,0.999958847030847,0.438466878169215,0.999999998677488,"#e06a5d"
3.29041439940759e-06,1,0.999958847030847,0.438466878169215,0.999999998677488,"#e06a5d"
3.29041439940759e-06,1,0.999958847030847,0.438466878169215,0.999999998677488,"#e06a5d"
3.29041439940759e-06,1,0.999958847030847,0.438466878169215,0.999999998677488,"#e06a5d"
3.29041439940759e-06,1,0.999958847030847,0.438466878169215,0.999999998677488,"#e06a5d"
3.29041439940759e-06,1,0.999958847030847,0.438466878169215,0.999999998677488,"#e06a5d"
3.29041439940759e-06,1,0.999958847030847,0.438466878169215,0.999999998677488,"#e06a5d"
3.29041439940759e-06,1,0.999958847030847,0.438466878169215,0.999999998677488,"#e06a5d"
3.29041439940759e-06,1,0.999958847030847,0.438466878169215,0.999999998677488,"#e06a5d"
3.29041439940759e-06,1,0.999958847030847,0.438466878169215,0.999999998677488,"#e06a5d"
3.29041439940759e-06,1,0.999958847030847,0.438466878169215,0.999999998677488,"#e06a5d"
3.29041439940759e-06,0.666666666666667,0.999958847030847,0.438466878169215,0.999999998677488,"black"
3.29041439940759e-06,1,0.999958847030847,0.438466878169215,0.999999998677488,"#e06a5d"
3.29041439940759e-06,1,0.999958847030847,0.438466878169215,0.999999998677488,"#e06a5d"
3.29041439940759e-06,0.333333333333333,0.999958847030847,0.438466878169215,0.999999998677488,"#00a4ac"
3.29041439940759e-06,1,0.999958847030847,0.438466878169215,0.999999998677488,"#e06a5d"
3.29041439940759e-06,1,0.999958847030847,0.438466878169215,0.999999998677488,"#e06a5d"
3.29041439940759e-06,1,0.999958847030847,0.438466878169215,0.999999998677488,"#e06a5d"
3.29041439940759e-06,0.666666666666667,0.999958847030847,0.438466878169215,0.999999998677488,"black"
3.34814096781825e-06,1,0.999967268662933,0.438474263504662,0.999999999163376,"#e06a5d"
3.34814096781825e-06,1,0.999967268662933,0.438474263504662,0.999999999163376,"#e06a5d"
3.34814096781825e-06,1,0.999967268662933,0.438474263504662,0.999999999163376,"#e06a5d"
3.34814096781825e-06,1,0.999967268662933,0.438474263504662,0.999999999163376,"#e06a5d"
3.34814096781825e-06,1,0.999967268662933,0.438474263504662,0.999999999163376,"#e06a5d"
3.34814096781825e-06,1,0.999967268662933,0.438474263504662,0.999999999163376,"#e06a5d"
3.34814096781825e-06,1,0.999967268662933,0.438474263504662,0.999999999163376,"#e06a5d"
3.34814096781825e-06,1,0.999967268662933,0.438474263504662,0.999999999163376,"#e06a5d"
3.34814096781825e-06,1,0.999967268662933,0.438474263504662,0.999999999163376,"#e06a5d"
3.34814096781825e-06,1,0.999967268662933,0.438474263504662,0.999999999163376,"#e06a5d"
3.34814096781825e-06,1,0.999967268662933,0.438474263504662,0.999999999163376,"#e06a5d"
3.34814096781825e-06,1,0.999967268662933,0.438474263504662,0.999999999163376,"#e06a5d"
3.34814096781825e-06,1,0.999967268662933,0.438474263504662,0.999999999163376,"#e06a5d"
3.34814096781825e-06,0.666666666666667,0.999967268662933,0.438474263504662,0.999999999163376,"black"
3.34814096781825e-06,1,0.999967268662933,0.438474263504662,0.999999999163376,"#e06a5d"
3.34814096781825e-06,1,0.999967268662933,0.438474263504662,0.999999999163376,"#e06a5d"
3.34814096781825e-06,1,0.999967268662933,0.438474263504662,0.999999999163376,"#e06a5d"
3.34814096781825e-06,1,0.999967268662933,0.438474263504662,0.999999999163376,"#e06a5d"
3.34814096781825e-06,1,0.999967268662933,0.438474263504662,0.999999999163376,"#e06a5d"
3.34814096781825e-06,1,0.999967268662933,0.438474263504662,0.999999999163376,"#e06a5d"
3.34814096781825e-06,1,0.999967268662933,0.438474263504662,0.999999999163376,"#e06a5d"
3.34814096781825e-06,0.333333333333333,0.999967268662933,0.438474263504662,0.999999999163376,"#00a4ac"
3.40586753622891e-06,1,0.999973996280769,0.438480163356872,0.999999999471946,"#e06a5d"
3.40586753622891e-06,1,0.999973996280769,0.438480163356872,0.999999999471946,"#e06a5d"
3.40586753622891e-06,1,0.999973996280769,0.438480163356872,0.999999999471946,"#e06a5d"
3.40586753622891e-06,1,0.999973996280769,0.438480163356872,0.999999999471946,"#e06a5d"
3.40586753622891e-06,1,0.999973996280769,0.438480163356872,0.999999999471946,"#e06a5d"
3.40586753622891e-06,1,0.999973996280769,0.438480163356872,0.999999999471946,"#e06a5d"
3.40586753622891e-06,1,0.999973996280769,0.438480163356872,0.999999999471946,"#e06a5d"
3.40586753622891e-06,1,0.999973996280769,0.438480163356872,0.999999999471946,"#e06a5d"
3.40586753622891e-06,1,0.999973996280769,0.438480163356872,0.999999999471946,"#e06a5d"
3.40586753622891e-06,1,0.999973996280769,0.438480163356872,0.999999999471946,"#e06a5d"
3.40586753622891e-06,1,0.999973996280769,0.438480163356872,0.999999999471946,"#e06a5d"
3.40586753622891e-06,1,0.999973996280769,0.438480163356872,0.999999999471946,"#e06a5d"
3.40586753622891e-06,1,0.999973996280769,0.438480163356872,0.999999999471946,"#e06a5d"
3.40586753622891e-06,1,0.999973996280769,0.438480163356872,0.999999999471946,"#e06a5d"
3.40586753622891e-06,1,0.999973996280769,0.438480163356872,0.999999999471946,"#e06a5d"
3.40586753622891e-06,1,0.999973996280769,0.438480163356872,0.999999999471946,"#e06a5d"
3.40586753622891e-06,1,0.999973996280769,0.438480163356872,0.999999999471946,"#e06a5d"
3.40586753622891e-06,1,0.999973996280769,0.438480163356872,0.999999999471946,"#e06a5d"
3.40586753622891e-06,1,0.999973996280769,0.438480163356872,0.999999999471946,"#e06a5d"
3.40586753622891e-06,0.333333333333333,0.999973996280769,0.438480163356872,0.999999999471946,"#00a4ac"
3.40586753622891e-06,1,0.999973996280769,0.438480163356872,0.999999999471946,"#e06a5d"
3.46359410463956e-06,1,0.999979364092626,0.438484870764234,0.999999999667449,"#e06a5d"
3.46359410463956e-06,0.666666666666667,0.999979364092626,0.438484870764234,0.999999999667449,"black"
3.46359410463956e-06,1,0.999979364092626,0.438484870764234,0.999999999667449,"#e06a5d"
3.46359410463956e-06,1,0.999979364092626,0.438484870764234,0.999999999667449,"#e06a5d"
3.46359410463956e-06,1,0.999979364092626,0.438484870764234,0.999999999667449,"#e06a5d"
3.46359410463956e-06,1,0.999979364092626,0.438484870764234,0.999999999667449,"#e06a5d"
3.46359410463956e-06,1,0.999979364092626,0.438484870764234,0.999999999667449,"#e06a5d"
3.46359410463956e-06,1,0.999979364092626,0.438484870764234,0.999999999667449,"#e06a5d"
3.46359410463956e-06,1,0.999979364092626,0.438484870764234,0.999999999667449,"#e06a5d"
3.46359410463956e-06,1,0.999979364092626,0.438484870764234,0.999999999667449,"#e06a5d"
3.46359410463956e-06,1,0.999979364092626,0.438484870764234,0.999999999667449,"#e06a5d"
3.46359410463956e-06,1,0.999979364092626,0.438484870764234,0.999999999667449,"#e06a5d"
3.46359410463956e-06,1,0.999979364092626,0.438484870764234,0.999999999667449,"#e06a5d"
3.46359410463956e-06,1,0.999979364092626,0.438484870764234,0.999999999667449,"#e06a5d"
3.46359410463956e-06,1,0.999979364092626,0.438484870764234,0.999999999667449,"#e06a5d"
3.46359410463956e-06,1,0.999979364092626,0.438484870764234,0.999999999667449,"#e06a5d"
3.46359410463956e-06,1,0.999979364092626,0.438484870764234,0.999999999667449,"#e06a5d"
3.46359410463956e-06,1,0.999979364092626,0.438484870764234,0.999999999667449,"#e06a5d"
3.46359410463956e-06,1,0.999979364092626,0.438484870764234,0.999999999667449,"#e06a5d"
3.46359410463956e-06,1,0.999979364092626,0.438484870764234,0.999999999667449,"#e06a5d"
3.46359410463956e-06,1,0.999979364092626,0.438484870764234,0.999999999667449,"#e06a5d"
3.46359410463956e-06,1,0.999979364092626,0.438484870764234,0.999999999667449,"#e06a5d"
3.46359410463956e-06,0.666666666666667,0.999979364092626,0.438484870764234,0.999999999667449,"black"
3.46359410463956e-06,1,0.999979364092626,0.438484870764234,0.999999999667449,"#e06a5d"
3.46359410463956e-06,1,0.999979364092626,0.438484870764234,0.999999999667449,"#e06a5d"
3.46359410463956e-06,1,0.999979364092626,0.438484870764234,0.999999999667449,"#e06a5d"
3.46359410463956e-06,0.666666666666667,0.999979364092626,0.438484870764234,0.999999999667449,"black"
3.46359410463956e-06,1,0.999979364092626,0.438484870764234,0.999999999667449,"#e06a5d"
3.46359410463956e-06,1,0.999979364092626,0.438484870764234,0.999999999667449,"#e06a5d"
3.52132067305022e-06,1,0.999983641816565,0.438488622229942,0.99999999979103,"#e06a5d"
3.52132067305022e-06,1,0.999983641816565,0.438488622229942,0.99999999979103,"#e06a5d"
3.52132067305022e-06,1,0.999983641816565,0.438488622229942,0.99999999979103,"#e06a5d"
3.52132067305022e-06,1,0.999983641816565,0.438488622229942,0.99999999979103,"#e06a5d"
3.52132067305022e-06,0.666666666666667,0.999983641816565,0.438488622229942,0.99999999979103,"black"
3.52132067305022e-06,0.666666666666667,0.999983641816565,0.438488622229942,0.99999999979103,"black"
3.52132067305022e-06,1,0.999983641816565,0.438488622229942,0.99999999979103,"#e06a5d"
3.52132067305022e-06,1,0.999983641816565,0.438488622229942,0.99999999979103,"#e06a5d"
3.52132067305022e-06,1,0.999983641816565,0.438488622229942,0.99999999979103,"#e06a5d"
3.52132067305022e-06,0.666666666666667,0.999983641816565,0.438488622229942,0.99999999979103,"black"
3.52132067305022e-06,1,0.999983641816565,0.438488622229942,0.99999999979103,"#e06a5d"
3.52132067305022e-06,1,0.999983641816565,0.438488622229942,0.99999999979103,"#e06a5d"
3.52132067305022e-06,1,0.999983641816565,0.438488622229942,0.99999999979103,"#e06a5d"
3.52132067305022e-06,1,0.999983641816565,0.438488622229942,0.99999999979103,"#e06a5d"
3.52132067305022e-06,1,0.999983641816565,0.438488622229942,0.99999999979103,"#e06a5d"
3.52132067305022e-06,1,0.999983641816565,0.438488622229942,0.99999999979103,"#e06a5d"
3.52132067305022e-06,1,0.999983641816565,0.438488622229942,0.99999999979103,"#e06a5d"
3.52132067305022e-06,1,0.999983641816565,0.438488622229942,0.99999999979103,"#e06a5d"
3.52132067305022e-06,1,0.999983641816565,0.438488622229942,0.99999999979103,"#e06a5d"
3.52132067305022e-06,1,0.999983641816565,0.438488622229942,0.99999999979103,"#e06a5d"
3.57904724146088e-06,1,0.999987046807959,0.438491608349668,0.99999999986897,"#e06a5d"
3.57904724146088e-06,1,0.999987046807959,0.438491608349668,0.99999999986897,"#e06a5d"
3.57904724146088e-06,1,0.999987046807959,0.438491608349668,0.99999999986897,"#e06a5d"
3.57904724146088e-06,1,0.999987046807959,0.438491608349668,0.99999999986897,"#e06a5d"
3.57904724146088e-06,1,0.999987046807959,0.438491608349668,0.99999999986897,"#e06a5d"
3.57904724146088e-06,1,0.999987046807959,0.438491608349668,0.99999999986897,"#e06a5d"
3.57904724146088e-06,1,0.999987046807959,0.438491608349668,0.99999999986897,"#e06a5d"
3.57904724146088e-06,1,0.999987046807959,0.438491608349668,0.99999999986897,"#e06a5d"
3.57904724146088e-06,1,0.999987046807959,0.438491608349668,0.99999999986897,"#e06a5d"
3.57904724146088e-06,1,0.999987046807959,0.438491608349668,0.99999999986897,"#e06a5d"
3.57904724146088e-06,1,0.999987046807959,0.438491608349668,0.99999999986897,"#e06a5d"
3.57904724146088e-06,1,0.999987046807959,0.438491608349668,0.99999999986897,"#e06a5d"
3.57904724146088e-06,1,0.999987046807959,0.438491608349668,0.99999999986897,"#e06a5d"
3.57904724146088e-06,1,0.999987046807959,0.438491608349668,0.99999999986897,"#e06a5d"
3.57904724146088e-06,1,0.999987046807959,0.438491608349668,0.99999999986897,"#e06a5d"
3.57904724146088e-06,1,0.999987046807959,0.438491608349668,0.99999999986897,"#e06a5d"
3.57904724146088e-06,1,0.999987046807959,0.438491608349668,0.99999999986897,"#e06a5d"
3.57904724146088e-06,1,0.999987046807959,0.438491608349668,0.99999999986897,"#e06a5d"
3.57904724146088e-06,1,0.999987046807959,0.438491608349668,0.99999999986897,"#e06a5d"
3.57904724146088e-06,1,0.999987046807959,0.438491608349668,0.99999999986897,"#e06a5d"
3.57904724146088e-06,1,0.999987046807959,0.438491608349668,0.99999999986897,"#e06a5d"
3.57904724146088e-06,1,0.999987046807959,0.438491608349668,0.99999999986897,"#e06a5d"
3.57904724146088e-06,1,0.999987046807959,0.438491608349668,0.99999999986897,"#e06a5d"
3.57904724146088e-06,1,0.999987046807959,0.438491608349668,0.99999999986897,"#e06a5d"
3.57904724146088e-06,1,0.999987046807959,0.438491608349668,0.99999999986897,"#e06a5d"
3.57904724146088e-06,1,0.999987046807959,0.438491608349668,0.99999999986897,"#e06a5d"
3.57904724146088e-06,0.666666666666667,0.999987046807959,0.438491608349668,0.99999999986897,"black"
3.57904724146088e-06,1,0.999987046807959,0.438491608349668,0.99999999986897,"#e06a5d"
3.57904724146088e-06,0.333333333333333,0.999987046807959,0.438491608349668,0.99999999986897,"#00a4ac"
3.63677380987154e-06,1,0.999989753975398,0.438493982502538,0.999999999918016,"#e06a5d"
3.63677380987154e-06,1,0.999989753975398,0.438493982502538,0.999999999918016,"#e06a5d"
3.63677380987154e-06,1,0.999989753975398,0.438493982502538,0.999999999918016,"#e06a5d"
3.63677380987154e-06,1,0.999989753975398,0.438493982502538,0.999999999918016,"#e06a5d"
3.63677380987154e-06,1,0.999989753975398,0.438493982502538,0.999999999918016,"#e06a5d"
3.63677380987154e-06,1,0.999989753975398,0.438493982502538,0.999999999918016,"#e06a5d"
3.63677380987154e-06,1,0.999989753975398,0.438493982502538,0.999999999918016,"#e06a5d"
3.63677380987154e-06,1,0.999989753975398,0.438493982502538,0.999999999918016,"#e06a5d"
3.63677380987154e-06,1,0.999989753975398,0.438493982502538,0.999999999918016,"#e06a5d"
3.63677380987154e-06,1,0.999989753975398,0.438493982502538,0.999999999918016,"#e06a5d"
3.63677380987154e-06,1,0.999989753975398,0.438493982502538,0.999999999918016,"#e06a5d"
3.63677380987154e-06,1,0.999989753975398,0.438493982502538,0.999999999918016,"#e06a5d"
3.63677380987154e-06,1,0.999989753975398,0.438493982502538,0.999999999918016,"#e06a5d"
3.63677380987154e-06,0.666666666666667,0.999989753975398,0.438493982502538,0.999999999918016,"black"
3.63677380987154e-06,0.666666666666667,0.999989753975398,0.438493982502538,0.999999999918016,"black"
3.63677380987154e-06,1,0.999989753975398,0.438493982502538,0.999999999918016,"#e06a5d"
3.63677380987154e-06,0.333333333333333,0.999989753975398,0.438493982502538,0.999999999918016,"#00a4ac"
3.63677380987154e-06,1,0.999989753975398,0.438493982502538,0.999999999918016,"#e06a5d"
3.63677380987154e-06,1,0.999989753975398,0.438493982502538,0.999999999918016,"#e06a5d"
3.63677380987154e-06,0.666666666666667,0.999989753975398,0.438493982502538,0.999999999918016,"black"
3.63677380987154e-06,0.666666666666667,0.999989753975398,0.438493982502538,0.999999999918016,"black"
3.6945003782822e-06,1,0.999991903873327,0.438495867944988,0.999999999948811,"#e06a5d"
3.6945003782822e-06,1,0.999991903873327,0.438495867944988,0.999999999948811,"#e06a5d"
3.6945003782822e-06,1,0.999991903873327,0.438495867944988,0.999999999948811,"#e06a5d"
3.6945003782822e-06,1,0.999991903873327,0.438495867944988,0.999999999948811,"#e06a5d"
3.6945003782822e-06,1,0.999991903873327,0.438495867944988,0.999999999948811,"#e06a5d"
3.6945003782822e-06,1,0.999991903873327,0.438495867944988,0.999999999948811,"#e06a5d"
3.6945003782822e-06,1,0.999991903873327,0.438495867944988,0.999999999948811,"#e06a5d"
3.6945003782822e-06,1,0.999991903873327,0.438495867944988,0.999999999948811,"#e06a5d"
3.6945003782822e-06,1,0.999991903873327,0.438495867944988,0.999999999948811,"#e06a5d"
3.6945003782822e-06,1,0.999991903873327,0.438495867944988,0.999999999948811,"#e06a5d"
3.6945003782822e-06,1,0.999991903873327,0.438495867944988,0.999999999948811,"#e06a5d"
3.6945003782822e-06,1,0.999991903873327,0.438495867944988,0.999999999948811,"#e06a5d"
3.6945003782822e-06,0.666666666666667,0.999991903873327,0.438495867944988,0.999999999948811,"black"
3.6945003782822e-06,0.666666666666667,0.999991903873327,0.438495867944988,0.999999999948811,"black"
3.6945003782822e-06,1,0.999991903873327,0.438495867944988,0.999999999948811,"#e06a5d"
3.6945003782822e-06,1,0.999991903873327,0.438495867944988,0.999999999948811,"#e06a5d"
3.6945003782822e-06,1,0.999991903873327,0.438495867944988,0.999999999948811,"#e06a5d"
3.6945003782822e-06,1,0.999991903873327,0.438495867944988,0.999999999948811,"#e06a5d"
3.6945003782822e-06,1,0.999991903873327,0.438495867944988,0.999999999948811,"#e06a5d"
3.75222694669286e-06,1,0.999993609294856,0.4384973635905,0.999999999968105,"#e06a5d"
3.75222694669286e-06,1,0.999993609294856,0.4384973635905,0.999999999968105,"#e06a5d"
3.75222694669286e-06,1,0.999993609294856,0.4384973635905,0.999999999968105,"#e06a5d"
3.75222694669286e-06,1,0.999993609294856,0.4384973635905,0.999999999968105,"#e06a5d"
3.75222694669286e-06,1,0.999993609294856,0.4384973635905,0.999999999968105,"#e06a5d"
3.75222694669286e-06,1,0.999993609294856,0.4384973635905,0.999999999968105,"#e06a5d"
3.75222694669286e-06,1,0.999993609294856,0.4384973635905,0.999999999968105,"#e06a5d"
3.75222694669286e-06,0.666666666666667,0.999993609294856,0.4384973635905,0.999999999968105,"black"
3.75222694669286e-06,1,0.999993609294856,0.4384973635905,0.999999999968105,"#e06a5d"
3.75222694669286e-06,1,0.999993609294856,0.4384973635905,0.999999999968105,"#e06a5d"
3.75222694669286e-06,1,0.999993609294856,0.4384973635905,0.999999999968105,"#e06a5d"
3.75222694669286e-06,1,0.999993609294856,0.4384973635905,0.999999999968105,"#e06a5d"
3.75222694669286e-06,1,0.999993609294856,0.4384973635905,0.999999999968105,"#e06a5d"
3.75222694669286e-06,1,0.999993609294856,0.4384973635905,0.999999999968105,"#e06a5d"
3.75222694669286e-06,1,0.999993609294856,0.4384973635905,0.999999999968105,"#e06a5d"
3.75222694669286e-06,1,0.999993609294856,0.4384973635905,0.999999999968105,"#e06a5d"
3.75222694669286e-06,1,0.999993609294856,0.4384973635905,0.999999999968105,"#e06a5d"
3.75222694669286e-06,1,0.999993609294856,0.4384973635905,0.999999999968105,"#e06a5d"
3.80995351510352e-06,1,0.999994960633336,0.438498548710306,0.999999999980168,"#e06a5d"
3.80995351510352e-06,1,0.999994960633336,0.438498548710306,0.999999999980168,"#e06a5d"
3.80995351510352e-06,1,0.999994960633336,0.438498548710306,0.999999999980168,"#e06a5d"
3.80995351510352e-06,1,0.999994960633336,0.438498548710306,0.999999999980168,"#e06a5d"
3.80995351510352e-06,1,0.999994960633336,0.438498548710306,0.999999999980168,"#e06a5d"
3.80995351510352e-06,1,0.999994960633336,0.438498548710306,0.999999999980168,"#e06a5d"
3.80995351510352e-06,1,0.999994960633336,0.438498548710306,0.999999999980168,"#e06a5d"
3.80995351510352e-06,1,0.999994960633336,0.438498548710306,0.999999999980168,"#e06a5d"
3.80995351510352e-06,1,0.999994960633336,0.438498548710306,0.999999999980168,"#e06a5d"
3.80995351510352e-06,1,0.999994960633336,0.438498548710306,0.999999999980168,"#e06a5d"
3.80995351510352e-06,1,0.999994960633336,0.438498548710306,0.999999999980168,"#e06a5d"
3.80995351510352e-06,1,0.999994960633336,0.438498548710306,0.999999999980168,"#e06a5d"
3.80995351510352e-06,1,0.999994960633336,0.438498548710306,0.999999999980168,"#e06a5d"
3.80995351510352e-06,0.666666666666667,0.999994960633336,0.438498548710306,0.999999999980168,"black"
3.80995351510352e-06,1,0.999994960633336,0.438498548710306,0.999999999980168,"#e06a5d"
3.80995351510352e-06,1,0.999994960633336,0.438498548710306,0.999999999980168,"#e06a5d"
3.80995351510352e-06,1,0.999994960633336,0.438498548710306,0.999999999980168,"#e06a5d"
3.80995351510352e-06,1,0.999994960633336,0.438498548710306,0.999999999980168,"#e06a5d"
3.80995351510352e-06,1,0.999994960633336,0.438498548710306,0.999999999980168,"#e06a5d"
3.80995351510352e-06,1,0.999994960633336,0.438498548710306,0.999999999980168,"#e06a5d"
3.86768008351418e-06,1,0.999996030235215,0.438499486749979,0.999999999987693,"#e06a5d"
3.86768008351418e-06,1,0.999996030235215,0.438499486749979,0.999999999987693,"#e06a5d"
3.86768008351418e-06,1,0.999996030235215,0.438499486749979,0.999999999987693,"#e06a5d"
3.86768008351418e-06,1,0.999996030235215,0.438499486749979,0.999999999987693,"#e06a5d"
3.86768008351418e-06,1,0.999996030235215,0.438499486749979,0.999999999987693,"#e06a5d"
3.86768008351418e-06,1,0.999996030235215,0.438499486749979,0.999999999987693,"#e06a5d"
3.86768008351418e-06,1,0.999996030235215,0.438499486749979,0.999999999987693,"#e06a5d"
3.86768008351418e-06,0.333333333333333,0.999996030235215,0.438499486749979,0.999999999987693,"#00a4ac"
3.86768008351418e-06,1,0.999996030235215,0.438499486749979,0.999999999987693,"#e06a5d"
3.86768008351418e-06,1,0.999996030235215,0.438499486749979,0.999999999987693,"#e06a5d"
3.86768008351418e-06,1,0.999996030235215,0.438499486749979,0.999999999987693,"#e06a5d"
3.86768008351418e-06,0.666666666666667,0.999996030235215,0.438499486749979,0.999999999987693,"black"
3.86768008351418e-06,1,0.999996030235215,0.438499486749979,0.999999999987693,"#e06a5d"
3.86768008351418e-06,1,0.999996030235215,0.438499486749979,0.999999999987693,"#e06a5d"
3.86768008351418e-06,0.666666666666667,0.999996030235215,0.438499486749979,0.999999999987693,"black"
3.86768008351418e-06,1,0.999996030235215,0.438499486749979,0.999999999987693,"#e06a5d"
3.86768008351418e-06,1,0.999996030235215,0.438499486749979,0.999999999987693,"#e06a5d"
3.86768008351418e-06,1,0.999996030235215,0.438499486749979,0.999999999987693,"#e06a5d"
3.86768008351418e-06,1,0.999996030235215,0.438499486749979,0.999999999987693,"#e06a5d"
3.86768008351418e-06,0.333333333333333,0.999996030235215,0.438499486749979,0.999999999987693,"#00a4ac"
3.86768008351418e-06,0.333333333333333,0.999996030235215,0.438499486749979,0.999999999987693,"#00a4ac"
3.92540665192484e-06,1,0.999996875928114,0.438500228422986,0.999999999992378,"#e06a5d"
3.92540665192484e-06,1,0.999996875928114,0.438500228422986,0.999999999992378,"#e06a5d"
3.92540665192484e-06,1,0.999996875928114,0.438500228422986,0.999999999992378,"#e06a5d"
3.92540665192484e-06,1,0.999996875928114,0.438500228422986,0.999999999992378,"#e06a5d"
3.92540665192484e-06,0.666666666666667,0.999996875928114,0.438500228422986,0.999999999992378,"black"
3.92540665192484e-06,1,0.999996875928114,0.438500228422986,0.999999999992378,"#e06a5d"
3.92540665192484e-06,1,0.999996875928114,0.438500228422986,0.999999999992378,"#e06a5d"
3.92540665192484e-06,1,0.999996875928114,0.438500228422986,0.999999999992378,"#e06a5d"
3.92540665192484e-06,1,0.999996875928114,0.438500228422986,0.999999999992378,"#e06a5d"
3.92540665192484e-06,1,0.999996875928114,0.438500228422986,0.999999999992378,"#e06a5d"
3.92540665192484e-06,1,0.999996875928114,0.438500228422986,0.999999999992378,"#e06a5d"
3.92540665192484e-06,0.666666666666667,0.999996875928114,0.438500228422986,0.999999999992378,"black"
3.92540665192484e-06,0.666666666666667,0.999996875928114,0.438500228422986,0.999999999992378,"black"
3.92540665192484e-06,1,0.999996875928114,0.438500228422986,0.999999999992378,"#e06a5d"
3.92540665192484e-06,1,0.999996875928114,0.438500228422986,0.999999999992378,"#e06a5d"
3.92540665192484e-06,1,0.999996875928114,0.438500228422986,0.999999999992378,"#e06a5d"
3.92540665192484e-06,0.333333333333333,0.999996875928114,0.438500228422986,0.999999999992378,"#00a4ac"
3.92540665192484e-06,1,0.999996875928114,0.438500228422986,0.999999999992378,"#e06a5d"
3.92540665192484e-06,1,0.999996875928114,0.438500228422986,0.999999999992378,"#e06a5d"
3.9831332203355e-06,1,0.999997543875765,0.438500814214131,0.999999999995289,"#e06a5d"
3.9831332203355e-06,1,0.999997543875765,0.438500814214131,0.999999999995289,"#e06a5d"
3.9831332203355e-06,1,0.999997543875765,0.438500814214131,0.999999999995289,"#e06a5d"
3.9831332203355e-06,1,0.999997543875765,0.438500814214131,0.999999999995289,"#e06a5d"
3.9831332203355e-06,1,0.999997543875765,0.438500814214131,0.999999999995289,"#e06a5d"
3.9831332203355e-06,1,0.999997543875765,0.438500814214131,0.999999999995289,"#e06a5d"
3.9831332203355e-06,1,0.999997543875765,0.438500814214131,0.999999999995289,"#e06a5d"
3.9831332203355e-06,1,0.999997543875765,0.438500814214131,0.999999999995289,"#e06a5d"
3.9831332203355e-06,1,0.999997543875765,0.438500814214131,0.999999999995289,"#e06a5d"
3.9831332203355e-06,1,0.999997543875765,0.438500814214131,0.999999999995289,"#e06a5d"
3.9831332203355e-06,1,0.999997543875765,0.438500814214131,0.999999999995289,"#e06a5d"
3.9831332203355e-06,1,0.999997543875765,0.438500814214131,0.999999999995289,"#e06a5d"
3.9831332203355e-06,1,0.999997543875765,0.438500814214131,0.999999999995289,"#e06a5d"
3.9831332203355e-06,0.333333333333333,0.999997543875765,0.438500814214131,0.999999999995289,"#00a4ac"
3.9831332203355e-06,1,0.999997543875765,0.438500814214131,0.999999999995289,"#e06a5d"
3.9831332203355e-06,1,0.999997543875765,0.438500814214131,0.999999999995289,"#e06a5d"
3.9831332203355e-06,1,0.999997543875765,0.438500814214131,0.999999999995289,"#e06a5d"
3.9831332203355e-06,1,0.999997543875765,0.438500814214131,0.999999999995289,"#e06a5d"
4.04085978874616e-06,1,0.999998070884605,0.438501276402208,0.999999999997094,"#e06a5d"
4.04085978874616e-06,1,0.999998070884605,0.438501276402208,0.999999999997094,"#e06a5d"
4.04085978874616e-06,1,0.999998070884605,0.438501276402208,0.999999999997094,"#e06a5d"
4.04085978874616e-06,1,0.999998070884605,0.438501276402208,0.999999999997094,"#e06a5d"
4.04085978874616e-06,1,0.999998070884605,0.438501276402208,0.999999999997094,"#e06a5d"
4.04085978874616e-06,1,0.999998070884605,0.438501276402208,0.999999999997094,"#e06a5d"
4.04085978874616e-06,1,0.999998070884605,0.438501276402208,0.999999999997094,"#e06a5d"
4.04085978874616e-06,1,0.999998070884605,0.438501276402208,0.999999999997094,"#e06a5d"
4.04085978874616e-06,1,0.999998070884605,0.438501276402208,0.999999999997094,"#e06a5d"
4.04085978874616e-06,1,0.999998070884605,0.438501276402208,0.999999999997094,"#e06a5d"
4.04085978874616e-06,1,0.999998070884605,0.438501276402208,0.999999999997094,"#e06a5d"
4.04085978874616e-06,1,0.999998070884605,0.438501276402208,0.999999999997094,"#e06a5d"
4.04085978874616e-06,1,0.999998070884605,0.438501276402208,0.999999999997094,"#e06a5d"
4.04085978874616e-06,1,0.999998070884605,0.438501276402208,0.999999999997094,"#e06a5d"
4.04085978874616e-06,1,0.999998070884605,0.438501276402208,0.999999999997094,"#e06a5d"
4.04085978874616e-06,1,0.999998070884605,0.438501276402208,0.999999999997094,"#e06a5d"
4.09858635715682e-06,1,0.999998486264466,0.438501640691694,0.99999999999821,"#e06a5d"
4.09858635715682e-06,1,0.999998486264466,0.438501640691694,0.99999999999821,"#e06a5d"
4.09858635715682e-06,1,0.999998486264466,0.438501640691694,0.99999999999821,"#e06a5d"
4.09858635715682e-06,1,0.999998486264466,0.438501640691694,0.99999999999821,"#e06a5d"
4.09858635715682e-06,0.666666666666667,0.999998486264466,0.438501640691694,0.99999999999821,"black"
4.09858635715682e-06,1,0.999998486264466,0.438501640691694,0.99999999999821,"#e06a5d"
4.09858635715682e-06,1,0.999998486264466,0.438501640691694,0.99999999999821,"#e06a5d"
4.09858635715682e-06,1,0.999998486264466,0.438501640691694,0.99999999999821,"#e06a5d"
4.09858635715682e-06,1,0.999998486264466,0.438501640691694,0.99999999999821,"#e06a5d"
4.09858635715682e-06,1,0.999998486264466,0.438501640691694,0.99999999999821,"#e06a5d"
4.09858635715682e-06,1,0.999998486264466,0.438501640691694,0.99999999999821,"#e06a5d"
4.09858635715682e-06,1,0.999998486264466,0.438501640691694,0.99999999999821,"#e06a5d"
4.09858635715682e-06,1,0.999998486264466,0.438501640691694,0.99999999999821,"#e06a5d"
4.09858635715682e-06,1,0.999998486264466,0.438501640691694,0.99999999999821,"#e06a5d"
4.09858635715682e-06,1,0.999998486264466,0.438501640691694,0.99999999999821,"#e06a5d"
4.09858635715682e-06,0.666666666666667,0.999998486264466,0.438501640691694,0.99999999999821,"black"
4.09858635715682e-06,1,0.999998486264466,0.438501640691694,0.99999999999821,"#e06a5d"
4.09858635715682e-06,1,0.999998486264466,0.438501640691694,0.99999999999821,"#e06a5d"
4.09858635715682e-06,1,0.999998486264466,0.438501640691694,0.99999999999821,"#e06a5d"
4.09858635715682e-06,0.333333333333333,0.999998486264466,0.438501640691694,0.99999999999821,"#00a4ac"
4.15631292556748e-06,1,0.999998813327296,0.438501927527048,0.9999999999989,"#e06a5d"
4.15631292556748e-06,1,0.999998813327296,0.438501927527048,0.9999999999989,"#e06a5d"
4.15631292556748e-06,1,0.999998813327296,0.438501927527048,0.9999999999989,"#e06a5d"
4.15631292556748e-06,1,0.999998813327296,0.438501927527048,0.9999999999989,"#e06a5d"
4.15631292556748e-06,1,0.999998813327296,0.438501927527048,0.9999999999989,"#e06a5d"
4.15631292556748e-06,1,0.999998813327296,0.438501927527048,0.9999999999989,"#e06a5d"
4.15631292556748e-06,1,0.999998813327296,0.438501927527048,0.9999999999989,"#e06a5d"
4.15631292556748e-06,1,0.999998813327296,0.438501927527048,0.9999999999989,"#e06a5d"
4.15631292556748e-06,1,0.999998813327296,0.438501927527048,0.9999999999989,"#e06a5d"
4.15631292556748e-06,1,0.999998813327296,0.438501927527048,0.9999999999989,"#e06a5d"
4.15631292556748e-06,1,0.999998813327296,0.438501927527048,0.9999999999989,"#e06a5d"
4.15631292556748e-06,0.666666666666667,0.999998813327296,0.438501927527048,0.9999999999989,"black"
4.15631292556748e-06,1,0.999998813327296,0.438501927527048,0.9999999999989,"#e06a5d"
4.15631292556748e-06,1,0.999998813327296,0.438501927527048,0.9999999999989,"#e06a5d"
4.15631292556748e-06,1,0.999998813327296,0.438501927527048,0.9999999999989,"#e06a5d"
4.21403949397814e-06,1,0.999999070592562,0.438502153149789,0.999999999999325,"#e06a5d"
4.21403949397814e-06,1,0.999999070592562,0.438502153149789,0.999999999999325,"#e06a5d"
4.21403949397814e-06,1,0.999999070592562,0.438502153149789,0.999999999999325,"#e06a5d"
4.21403949397814e-06,1,0.999999070592562,0.438502153149789,0.999999999999325,"#e06a5d"
4.21403949397814e-06,1,0.999999070592562,0.438502153149789,0.999999999999325,"#e06a5d"
4.21403949397814e-06,1,0.999999070592562,0.438502153149789,0.999999999999325,"#e06a5d"
4.21403949397814e-06,1,0.999999070592562,0.438502153149789,0.999999999999325,"#e06a5d"
4.21403949397814e-06,1,0.999999070592562,0.438502153149789,0.999999999999325,"#e06a5d"
4.21403949397814e-06,1,0.999999070592562,0.438502153149789,0.999999999999325,"#e06a5d"
4.21403949397814e-06,1,0.999999070592562,0.438502153149789,0.999999999999325,"#e06a5d"
4.21403949397814e-06,1,0.999999070592562,0.438502153149789,0.999999999999325,"#e06a5d"
4.21403949397814e-06,1,0.999999070592562,0.438502153149789,0.999999999999325,"#e06a5d"
4.21403949397814e-06,1,0.999999070592562,0.438502153149789,0.999999999999325,"#e06a5d"
4.2717660623888e-06,1,0.999999272755322,0.438502330447468,0.999999999999587,"#e06a5d"
4.2717660623888e-06,1,0.999999272755322,0.438502330447468,0.999999999999587,"#e06a5d"
4.2717660623888e-06,1,0.999999272755322,0.438502330447468,0.999999999999587,"#e06a5d"
4.2717660623888e-06,1,0.999999272755322,0.438502330447468,0.999999999999587,"#e06a5d"
4.2717660623888e-06,1,0.999999272755322,0.438502330447468,0.999999999999587,"#e06a5d"
4.2717660623888e-06,1,0.999999272755322,0.438502330447468,0.999999999999587,"#e06a5d"
4.2717660623888e-06,1,0.999999272755322,0.438502330447468,0.999999999999587,"#e06a5d"
4.2717660623888e-06,1,0.999999272755322,0.438502330447468,0.999999999999587,"#e06a5d"
4.2717660623888e-06,1,0.999999272755322,0.438502330447468,0.999999999999587,"#e06a5d"
4.2717660623888e-06,1,0.999999272755322,0.438502330447468,0.999999999999587,"#e06a5d"
4.2717660623888e-06,1,0.999999272755322,0.438502330447468,0.999999999999587,"#e06a5d"
4.2717660623888e-06,1,0.999999272755322,0.438502330447468,0.999999999999587,"#e06a5d"
4.2717660623888e-06,1,0.999999272755322,0.438502330447468,0.999999999999587,"#e06a5d"
4.2717660623888e-06,1,0.999999272755322,0.438502330447468,0.999999999999587,"#e06a5d"
4.2717660623888e-06,1,0.999999272755322,0.438502330447468,0.999999999999587,"#e06a5d"
4.2717660623888e-06,1,0.999999272755322,0.438502330447468,0.999999999999587,"#e06a5d"
4.2717660623888e-06,1,0.999999272755322,0.438502330447468,0.999999999999587,"#e06a5d"
4.2717660623888e-06,1,0.999999272755322,0.438502330447468,0.999999999999587,"#e06a5d"
4.32949263079946e-06,1,0.999999431462612,0.438502469634543,0.999999999999747,"#e06a5d"
4.32949263079946e-06,1,0.999999431462612,0.438502469634543,0.999999999999747,"#e06a5d"
4.32949263079946e-06,1,0.999999431462612,0.438502469634543,0.999999999999747,"#e06a5d"
4.32949263079946e-06,1,0.999999431462612,0.438502469634543,0.999999999999747,"#e06a5d"
4.32949263079946e-06,1,0.999999431462612,0.438502469634543,0.999999999999747,"#e06a5d"
4.32949263079946e-06,0.666666666666667,0.999999431462612,0.438502469634543,0.999999999999747,"black"
4.32949263079946e-06,1,0.999999431462612,0.438502469634543,0.999999999999747,"#e06a5d"
4.32949263079946e-06,1,0.999999431462612,0.438502469634543,0.999999999999747,"#e06a5d"
4.32949263079946e-06,1,0.999999431462612,0.438502469634543,0.999999999999747,"#e06a5d"
4.32949263079946e-06,1,0.999999431462612,0.438502469634543,0.999999999999747,"#e06a5d"
4.32949263079946e-06,1,0.999999431462612,0.438502469634543,0.999999999999747,"#e06a5d"
4.38721919921011e-06,1,0.999999555935233,0.438502578797672,0.999999999999846,"#e06a5d"
4.38721919921011e-06,1,0.999999555935233,0.438502578797672,0.999999999999846,"#e06a5d"
4.38721919921011e-06,1,0.999999555935233,0.438502578797672,0.999999999999846,"#e06a5d"
4.38721919921011e-06,1,0.999999555935233,0.438502578797672,0.999999999999846,"#e06a5d"
4.38721919921011e-06,1,0.999999555935233,0.438502578797672,0.999999999999846,"#e06a5d"
4.38721919921011e-06,1,0.999999555935233,0.438502578797672,0.999999999999846,"#e06a5d"
4.38721919921011e-06,1,0.999999555935233,0.438502578797672,0.999999999999846,"#e06a5d"
4.38721919921011e-06,1,0.999999555935233,0.438502578797672,0.999999999999846,"#e06a5d"
4.38721919921011e-06,1,0.999999555935233,0.438502578797672,0.999999999999846,"#e06a5d"
4.38721919921011e-06,1,0.999999555935233,0.438502578797672,0.999999999999846,"#e06a5d"
4.38721919921011e-06,1,0.999999555935233,0.438502578797672,0.999999999999846,"#e06a5d"
4.38721919921011e-06,1,0.999999555935233,0.438502578797672,0.999999999999846,"#e06a5d"
4.38721919921011e-06,1,0.999999555935233,0.438502578797672,0.999999999999846,"#e06a5d"
4.38721919921011e-06,1,0.999999555935233,0.438502578797672,0.999999999999846,"#e06a5d"
4.38721919921011e-06,1,0.999999555935233,0.438502578797672,0.999999999999846,"#e06a5d"
4.38721919921011e-06,1,0.999999555935233,0.438502578797672,0.999999999999846,"#e06a5d"
4.38721919921011e-06,1,0.999999555935233,0.438502578797672,0.999999999999846,"#e06a5d"
4.38721919921011e-06,1,0.999999555935233,0.438502578797672,0.999999999999846,"#e06a5d"
4.38721919921011e-06,1,0.999999555935233,0.438502578797672,0.999999999999846,"#e06a5d"
4.44494576762078e-06,1,0.999999653465053,0.438502664331842,0.999999999999906,"#e06a5d"
4.44494576762078e-06,1,0.999999653465053,0.438502664331842,0.999999999999906,"#e06a5d"
4.44494576762078e-06,1,0.999999653465053,0.438502664331842,0.999999999999906,"#e06a5d"
4.44494576762078e-06,1,0.999999653465053,0.438502664331842,0.999999999999906,"#e06a5d"
4.44494576762078e-06,1,0.999999653465053,0.438502664331842,0.999999999999906,"#e06a5d"
4.44494576762078e-06,1,0.999999653465053,0.438502664331842,0.999999999999906,"#e06a5d"
4.44494576762078e-06,1,0.999999653465053,0.438502664331842,0.999999999999906,"#e06a5d"
4.44494576762078e-06,1,0.999999653465053,0.438502664331842,0.999999999999906,"#e06a5d"
4.44494576762078e-06,1,0.999999653465053,0.438502664331842,0.999999999999906,"#e06a5d"
4.44494576762078e-06,1,0.999999653465053,0.438502664331842,0.999999999999906,"#e06a5d"
4.44494576762078e-06,1,0.999999653465053,0.438502664331842,0.999999999999906,"#e06a5d"
4.44494576762078e-06,0.666666666666667,0.999999653465053,0.438502664331842,0.999999999999906,"black"
4.44494576762078e-06,1,0.999999653465053,0.438502664331842,0.999999999999906,"#e06a5d"
4.44494576762078e-06,1,0.999999653465053,0.438502664331842,0.999999999999906,"#e06a5d"
4.44494576762078e-06,1,0.999999653465053,0.438502664331842,0.999999999999906,"#e06a5d"
4.44494576762078e-06,1,0.999999653465053,0.438502664331842,0.999999999999906,"#e06a5d"
4.44494576762078e-06,1,0.999999653465053,0.438502664331842,0.999999999999906,"#e06a5d"
4.44494576762078e-06,1,0.999999653465053,0.438502664331842,0.999999999999906,"#e06a5d"
4.44494576762078e-06,1,0.999999653465053,0.438502664331842,0.999999999999906,"#e06a5d"
4.44494576762078e-06,1,0.999999653465053,0.438502664331842,0.999999999999906,"#e06a5d"
4.50267233603143e-06,1,0.999999729812212,0.438502731288717,0.999999999999943,"#e06a5d"
4.50267233603143e-06,1,0.999999729812212,0.438502731288717,0.999999999999943,"#e06a5d"
4.50267233603143e-06,1,0.999999729812212,0.438502731288717,0.999999999999943,"#e06a5d"
4.50267233603143e-06,1,0.999999729812212,0.438502731288717,0.999999999999943,"#e06a5d"
4.50267233603143e-06,1,0.999999729812212,0.438502731288717,0.999999999999943,"#e06a5d"
4.50267233603143e-06,1,0.999999729812212,0.438502731288717,0.999999999999943,"#e06a5d"
4.50267233603143e-06,1,0.999999729812212,0.438502731288717,0.999999999999943,"#e06a5d"
4.50267233603143e-06,1,0.999999729812212,0.438502731288717,0.999999999999943,"#e06a5d"
4.50267233603143e-06,1,0.999999729812212,0.438502731288717,0.999999999999943,"#e06a5d"
4.50267233603143e-06,1,0.999999729812212,0.438502731288717,0.999999999999943,"#e06a5d"
4.50267233603143e-06,1,0.999999729812212,0.438502731288717,0.999999999999943,"#e06a5d"
4.50267233603143e-06,1,0.999999729812212,0.438502731288717,0.999999999999943,"#e06a5d"
4.50267233603143e-06,1,0.999999729812212,0.438502731288717,0.999999999999943,"#e06a5d"
4.50267233603143e-06,0.333333333333333,0.999999729812212,0.438502731288717,0.999999999999943,"#00a4ac"
4.50267233603143e-06,0.666666666666667,0.999999729812212,0.438502731288717,0.999999999999943,"black"
4.50267233603143e-06,0.333333333333333,0.999999729812212,0.438502731288717,0.999999999999943,"#00a4ac"
4.50267233603143e-06,0.333333333333333,0.999999729812212,0.438502731288717,0.999999999999943,"#00a4ac"
4.56039890444209e-06,1,0.999999789521972,0.438502783654509,0.999999999999965,"#e06a5d"
4.56039890444209e-06,1,0.999999789521972,0.438502783654509,0.999999999999965,"#e06a5d"
4.56039890444209e-06,1,0.999999789521972,0.438502783654509,0.999999999999965,"#e06a5d"
4.56039890444209e-06,1,0.999999789521972,0.438502783654509,0.999999999999965,"#e06a5d"
4.56039890444209e-06,1,0.999999789521972,0.438502783654509,0.999999999999965,"#e06a5d"
4.56039890444209e-06,1,0.999999789521972,0.438502783654509,0.999999999999965,"#e06a5d"
4.56039890444209e-06,1,0.999999789521972,0.438502783654509,0.999999999999965,"#e06a5d"
4.56039890444209e-06,1,0.999999789521972,0.438502783654509,0.999999999999965,"#e06a5d"
4.56039890444209e-06,1,0.999999789521972,0.438502783654509,0.999999999999965,"#e06a5d"
4.56039890444209e-06,1,0.999999789521972,0.438502783654509,0.999999999999965,"#e06a5d"
4.56039890444209e-06,1,0.999999789521972,0.438502783654509,0.999999999999965,"#e06a5d"
4.56039890444209e-06,1,0.999999789521972,0.438502783654509,0.999999999999965,"#e06a5d"
4.61812547285275e-06,1,0.99999983617714,0.438502824571355,0.999999999999979,"#e06a5d"
4.61812547285275e-06,1,0.99999983617714,0.438502824571355,0.999999999999979,"#e06a5d"
4.61812547285275e-06,1,0.99999983617714,0.438502824571355,0.999999999999979,"#e06a5d"
4.61812547285275e-06,1,0.99999983617714,0.438502824571355,0.999999999999979,"#e06a5d"
4.61812547285275e-06,1,0.99999983617714,0.438502824571355,0.999999999999979,"#e06a5d"
4.61812547285275e-06,1,0.99999983617714,0.438502824571355,0.999999999999979,"#e06a5d"
4.61812547285275e-06,1,0.99999983617714,0.438502824571355,0.999999999999979,"#e06a5d"
4.61812547285275e-06,1,0.99999983617714,0.438502824571355,0.999999999999979,"#e06a5d"
4.61812547285275e-06,1,0.99999983617714,0.438502824571355,0.999999999999979,"#e06a5d"
4.61812547285275e-06,1,0.99999983617714,0.438502824571355,0.999999999999979,"#e06a5d"
4.61812547285275e-06,1,0.99999983617714,0.438502824571355,0.999999999999979,"#e06a5d"
4.61812547285275e-06,1,0.99999983617714,0.438502824571355,0.999999999999979,"#e06a5d"
4.61812547285275e-06,1,0.99999983617714,0.438502824571355,0.999999999999979,"#e06a5d"
4.61812547285275e-06,1,0.99999983617714,0.438502824571355,0.999999999999979,"#e06a5d"
4.61812547285275e-06,1,0.99999983617714,0.438502824571355,0.999999999999979,"#e06a5d"
4.61812547285275e-06,1,0.99999983617714,0.438502824571355,0.999999999999979,"#e06a5d"
4.61812547285275e-06,1,0.99999983617714,0.438502824571355,0.999999999999979,"#e06a5d"
4.61812547285275e-06,1,0.99999983617714,0.438502824571355,0.999999999999979,"#e06a5d"
4.61812547285275e-06,1,0.99999983617714,0.438502824571355,0.999999999999979,"#e06a5d"
4.61812547285275e-06,1,0.99999983617714,0.438502824571355,0.999999999999979,"#e06a5d"
4.67585204126341e-06,1,0.999999872598909,0.438502856513454,0.999999999999987,"#e06a5d"
4.67585204126341e-06,1,0.999999872598909,0.438502856513454,0.999999999999987,"#e06a5d"
4.67585204126341e-06,1,0.999999872598909,0.438502856513454,0.999999999999987,"#e06a5d"
4.67585204126341e-06,1,0.999999872598909,0.438502856513454,0.999999999999987,"#e06a5d"
4.67585204126341e-06,1,0.999999872598909,0.438502856513454,0.999999999999987,"#e06a5d"
4.67585204126341e-06,1,0.999999872598909,0.438502856513454,0.999999999999987,"#e06a5d"
4.67585204126341e-06,1,0.999999872598909,0.438502856513454,0.999999999999987,"#e06a5d"
4.67585204126341e-06,1,0.999999872598909,0.438502856513454,0.999999999999987,"#e06a5d"
4.67585204126341e-06,1,0.999999872598909,0.438502856513454,0.999999999999987,"#e06a5d"
4.67585204126341e-06,1,0.999999872598909,0.438502856513454,0.999999999999987,"#e06a5d"
4.67585204126341e-06,1,0.999999872598909,0.438502856513454,0.999999999999987,"#e06a5d"
4.67585204126341e-06,1,0.999999872598909,0.438502856513454,0.999999999999987,"#e06a5d"
4.67585204126341e-06,1,0.999999872598909,0.438502856513454,0.999999999999987,"#e06a5d"
4.67585204126341e-06,1,0.999999872598909,0.438502856513454,0.999999999999987,"#e06a5d"
4.67585204126341e-06,1,0.999999872598909,0.438502856513454,0.999999999999987,"#e06a5d"
4.67585204126341e-06,1,0.999999872598909,0.438502856513454,0.999999999999987,"#e06a5d"
4.67585204126341e-06,1,0.999999872598909,0.438502856513454,0.999999999999987,"#e06a5d"
4.73357860967407e-06,1,0.999999901006467,0.438502881427046,0.999999999999992,"#e06a5d"
4.73357860967407e-06,1,0.999999901006467,0.438502881427046,0.999999999999992,"#e06a5d"
4.73357860967407e-06,1,0.999999901006467,0.438502881427046,0.999999999999992,"#e06a5d"
4.73357860967407e-06,1,0.999999901006467,0.438502881427046,0.999999999999992,"#e06a5d"
4.73357860967407e-06,1,0.999999901006467,0.438502881427046,0.999999999999992,"#e06a5d"
4.73357860967407e-06,1,0.999999901006467,0.438502881427046,0.999999999999992,"#e06a5d"
4.73357860967407e-06,1,0.999999901006467,0.438502881427046,0.999999999999992,"#e06a5d"
4.73357860967407e-06,1,0.999999901006467,0.438502881427046,0.999999999999992,"#e06a5d"
4.73357860967407e-06,1,0.999999901006467,0.438502881427046,0.999999999999992,"#e06a5d"
4.73357860967407e-06,1,0.999999901006467,0.438502881427046,0.999999999999992,"#e06a5d"
4.73357860967407e-06,1,0.999999901006467,0.438502881427046,0.999999999999992,"#e06a5d"
4.73357860967407e-06,1,0.999999901006467,0.438502881427046,0.999999999999992,"#e06a5d"
4.73357860967407e-06,1,0.999999901006467,0.438502881427046,0.999999999999992,"#e06a5d"
4.73357860967407e-06,1,0.999999901006467,0.438502881427046,0.999999999999992,"#e06a5d"
4.73357860967407e-06,1,0.999999901006467,0.438502881427046,0.999999999999992,"#e06a5d"
4.73357860967407e-06,1,0.999999901006467,0.438502881427046,0.999999999999992,"#e06a5d"
4.73357860967407e-06,1,0.999999901006467,0.438502881427046,0.999999999999992,"#e06a5d"
4.73357860967407e-06,1,0.999999901006467,0.438502881427046,0.999999999999992,"#e06a5d"
4.73357860967407e-06,1,0.999999901006467,0.438502881427046,0.999999999999992,"#e06a5d"
4.73357860967407e-06,1,0.999999901006467,0.438502881427046,0.999999999999992,"#e06a5d"
4.79130517808473e-06,1,0.999999923143683,0.438502900841513,0.999999999999995,"#e06a5d"
4.79130517808473e-06,1,0.999999923143683,0.438502900841513,0.999999999999995,"#e06a5d"
4.79130517808473e-06,1,0.999999923143683,0.438502900841513,0.999999999999995,"#e06a5d"
4.79130517808473e-06,1,0.999999923143683,0.438502900841513,0.999999999999995,"#e06a5d"
4.79130517808473e-06,1,0.999999923143683,0.438502900841513,0.999999999999995,"#e06a5d"
4.79130517808473e-06,1,0.999999923143683,0.438502900841513,0.999999999999995,"#e06a5d"
4.79130517808473e-06,0.666666666666667,0.999999923143683,0.438502900841513,0.999999999999995,"black"
4.79130517808473e-06,1,0.999999923143683,0.438502900841513,0.999999999999995,"#e06a5d"
4.79130517808473e-06,1,0.999999923143683,0.438502900841513,0.999999999999995,"#e06a5d"
4.79130517808473e-06,1,0.999999923143683,0.438502900841513,0.999999999999995,"#e06a5d"
4.79130517808473e-06,1,0.999999923143683,0.438502900841513,0.999999999999995,"#e06a5d"
4.79130517808473e-06,1,0.999999923143683,0.438502900841513,0.999999999999995,"#e06a5d"
4.79130517808473e-06,1,0.999999923143683,0.438502900841513,0.999999999999995,"#e06a5d"
4.79130517808473e-06,1,0.999999923143683,0.438502900841513,0.999999999999995,"#e06a5d"
4.79130517808473e-06,1,0.999999923143683,0.438502900841513,0.999999999999995,"#e06a5d"
4.79130517808473e-06,1,0.999999923143683,0.438502900841513,0.999999999999995,"#e06a5d"
4.79130517808473e-06,1,0.999999923143683,0.438502900841513,0.999999999999995,"#e06a5d"
4.79130517808473e-06,1,0.999999923143683,0.438502900841513,0.999999999999995,"#e06a5d"
4.79130517808473e-06,1,0.999999923143683,0.438502900841513,0.999999999999995,"#e06a5d"
4.84903174649539e-06,1,0.999999940379539,0.438502915957459,0.999999999999997,"#e06a5d"
4.84903174649539e-06,1,0.999999940379539,0.438502915957459,0.999999999999997,"#e06a5d"
4.84903174649539e-06,1,0.999999940379539,0.438502915957459,0.999999999999997,"#e06a5d"
4.84903174649539e-06,1,0.999999940379539,0.438502915957459,0.999999999999997,"#e06a5d"
4.84903174649539e-06,1,0.999999940379539,0.438502915957459,0.999999999999997,"#e06a5d"
4.84903174649539e-06,1,0.999999940379539,0.438502915957459,0.999999999999997,"#e06a5d"
4.84903174649539e-06,1,0.999999940379539,0.438502915957459,0.999999999999997,"#e06a5d"
4.84903174649539e-06,0.666666666666667,0.999999940379539,0.438502915957459,0.999999999999997,"black"
4.84903174649539e-06,1,0.999999940379539,0.438502915957459,0.999999999999997,"#e06a5d"
4.84903174649539e-06,1,0.999999940379539,0.438502915957459,0.999999999999997,"#e06a5d"
4.84903174649539e-06,1,0.999999940379539,0.438502915957459,0.999999999999997,"#e06a5d"
4.84903174649539e-06,1,0.999999940379539,0.438502915957459,0.999999999999997,"#e06a5d"
4.84903174649539e-06,1,0.999999940379539,0.438502915957459,0.999999999999997,"#e06a5d"
4.90675831490605e-06,1,0.999999953787659,0.438502927716459,0.999999999999998,"#e06a5d"
4.90675831490605e-06,1,0.999999953787659,0.438502927716459,0.999999999999998,"#e06a5d"
4.90675831490605e-06,1,0.999999953787659,0.438502927716459,0.999999999999998,"#e06a5d"
4.90675831490605e-06,1,0.999999953787659,0.438502927716459,0.999999999999998,"#e06a5d"
4.90675831490605e-06,1,0.999999953787659,0.438502927716459,0.999999999999998,"#e06a5d"
4.90675831490605e-06,1,0.999999953787659,0.438502927716459,0.999999999999998,"#e06a5d"
4.90675831490605e-06,1,0.999999953787659,0.438502927716459,0.999999999999998,"#e06a5d"
4.90675831490605e-06,1,0.999999953787659,0.438502927716459,0.999999999999998,"#e06a5d"
4.90675831490605e-06,1,0.999999953787659,0.438502927716459,0.999999999999998,"#e06a5d"
4.90675831490605e-06,1,0.999999953787659,0.438502927716459,0.999999999999998,"#e06a5d"
4.90675831490605e-06,1,0.999999953787659,0.438502927716459,0.999999999999998,"#e06a5d"
4.96448488331671e-06,1,0.999999964209211,0.438502936856222,0.999999999999999,"#e06a5d"
4.96448488331671e-06,1,0.999999964209211,0.438502936856222,0.999999999999999,"#e06a5d"
4.96448488331671e-06,1,0.999999964209211,0.438502936856222,0.999999999999999,"#e06a5d"
4.96448488331671e-06,0.666666666666667,0.999999964209211,0.438502936856222,0.999999999999999,"black"
4.96448488331671e-06,1,0.999999964209211,0.438502936856222,0.999999999999999,"#e06a5d"
4.96448488331671e-06,1,0.999999964209211,0.438502936856222,0.999999999999999,"#e06a5d"
4.96448488331671e-06,1,0.999999964209211,0.438502936856222,0.999999999999999,"#e06a5d"
4.96448488331671e-06,0.666666666666667,0.999999964209211,0.438502936856222,0.999999999999999,"black"
4.96448488331671e-06,1,0.999999964209211,0.438502936856222,0.999999999999999,"#e06a5d"
4.96448488331671e-06,1,0.999999964209211,0.438502936856222,0.999999999999999,"#e06a5d"
4.96448488331671e-06,1,0.999999964209211,0.438502936856222,0.999999999999999,"#e06a5d"
5.02221145172737e-06,1,0.999999972302605,0.438502943954175,0.999999999999999,"#e06a5d"
5.02221145172737e-06,1,0.999999972302605,0.438502943954175,0.999999999999999,"#e06a5d"
5.02221145172737e-06,1,0.999999972302605,0.438502943954175,0.999999999999999,"#e06a5d"
5.02221145172737e-06,1,0.999999972302605,0.438502943954175,0.999999999999999,"#e06a5d"
5.02221145172737e-06,1,0.999999972302605,0.438502943954175,0.999999999999999,"#e06a5d"
5.02221145172737e-06,1,0.999999972302605,0.438502943954175,0.999999999999999,"#e06a5d"
5.02221145172737e-06,1,0.999999972302605,0.438502943954175,0.999999999999999,"#e06a5d"
5.02221145172737e-06,1,0.999999972302605,0.438502943954175,0.999999999999999,"#e06a5d"
5.02221145172737e-06,1,0.999999972302605,0.438502943954175,0.999999999999999,"#e06a5d"
5.02221145172737e-06,1,0.999999972302605,0.438502943954175,0.999999999999999,"#e06a5d"
5.02221145172737e-06,1,0.999999972302605,0.438502943954175,0.999999999999999,"#e06a5d"
5.02221145172737e-06,1,0.999999972302605,0.438502943954175,0.999999999999999,"#e06a5d"
5.02221145172737e-06,1,0.999999972302605,0.438502943954175,0.999999999999999,"#e06a5d"
5.02221145172737e-06,0.666666666666667,0.999999972302605,0.438502943954175,0.999999999999999,"black"
5.02221145172737e-06,1,0.999999972302605,0.438502943954175,0.999999999999999,"#e06a5d"
5.02221145172737e-06,1,0.999999972302605,0.438502943954175,0.999999999999999,"#e06a5d"
5.02221145172737e-06,1,0.999999972302605,0.438502943954175,0.999999999999999,"#e06a5d"
5.02221145172737e-06,1,0.999999972302605,0.438502943954175,0.999999999999999,"#e06a5d"
5.02221145172737e-06,1,0.999999972302605,0.438502943954175,0.999999999999999,"#e06a5d"
5.02221145172737e-06,1,0.999999972302605,0.438502943954175,0.999999999999999,"#e06a5d"
5.02221145172737e-06,1,0.999999972302605,0.438502943954175,0.999999999999999,"#e06a5d"
5.07993802013803e-06,1,0.999999978582707,0.438502949461862,1,"#e06a5d"
5.07993802013803e-06,1,0.999999978582707,0.438502949461862,1,"#e06a5d"
5.07993802013803e-06,1,0.999999978582707,0.438502949461862,1,"#e06a5d"
5.07993802013803e-06,1,0.999999978582707,0.438502949461862,1,"#e06a5d"
5.07993802013803e-06,1,0.999999978582707,0.438502949461862,1,"#e06a5d"
5.07993802013803e-06,1,0.999999978582707,0.438502949461862,1,"#e06a5d"
5.07993802013803e-06,1,0.999999978582707,0.438502949461862,1,"#e06a5d"
5.07993802013803e-06,1,0.999999978582707,0.438502949461862,1,"#e06a5d"
5.07993802013803e-06,1,0.999999978582707,0.438502949461862,1,"#e06a5d"
5.07993802013803e-06,1,0.999999978582707,0.438502949461862,1,"#e06a5d"
5.13766458854869e-06,1,0.999999983451762,0.438502953732052,1,"#e06a5d"
5.13766458854869e-06,1,0.999999983451762,0.438502953732052,1,"#e06a5d"
5.13766458854869e-06,1,0.999999983451762,0.438502953732052,1,"#e06a5d"
5.13766458854869e-06,1,0.999999983451762,0.438502953732052,1,"#e06a5d"
5.13766458854869e-06,1,0.999999983451762,0.438502953732052,1,"#e06a5d"
5.13766458854869e-06,1,0.999999983451762,0.438502953732052,1,"#e06a5d"
5.13766458854869e-06,1,0.999999983451762,0.438502953732052,1,"#e06a5d"
5.13766458854869e-06,1,0.999999983451762,0.438502953732052,1,"#e06a5d"
5.13766458854869e-06,1,0.999999983451762,0.438502953732052,1,"#e06a5d"
5.13766458854869e-06,1,0.999999983451762,0.438502953732052,1,"#e06a5d"
5.13766458854869e-06,1,0.999999983451762,0.438502953732052,1,"#e06a5d"
5.13766458854869e-06,1,0.999999983451762,0.438502953732052,1,"#e06a5d"
5.13766458854869e-06,1,0.999999983451762,0.438502953732052,1,"#e06a5d"
5.13766458854869e-06,1,0.999999983451762,0.438502953732052,1,"#e06a5d"
5.13766458854869e-06,1,0.999999983451762,0.438502953732052,1,"#e06a5d"
5.19539115695935e-06,1,0.999999987223734,0.438502957040094,1,"#e06a5d"
5.19539115695935e-06,1,0.999999987223734,0.438502957040094,1,"#e06a5d"
5.19539115695935e-06,1,0.999999987223734,0.438502957040094,1,"#e06a5d"
5.19539115695935e-06,1,0.999999987223734,0.438502957040094,1,"#e06a5d"
5.19539115695935e-06,1,0.999999987223734,0.438502957040094,1,"#e06a5d"
5.19539115695935e-06,1,0.999999987223734,0.438502957040094,1,"#e06a5d"
5.19539115695935e-06,1,0.999999987223734,0.438502957040094,1,"#e06a5d"
5.19539115695935e-06,1,0.999999987223734,0.438502957040094,1,"#e06a5d"
5.19539115695935e-06,1,0.999999987223734,0.438502957040094,1,"#e06a5d"
5.19539115695935e-06,1,0.999999987223734,0.438502957040094,1,"#e06a5d"
5.19539115695935e-06,1,0.999999987223734,0.438502957040094,1,"#e06a5d"
5.25311772537001e-06,1,0.999999990143459,0.438502959600709,1,"#e06a5d"
5.25311772537001e-06,1,0.999999990143459,0.438502959600709,1,"#e06a5d"
5.25311772537001e-06,1,0.999999990143459,0.438502959600709,1,"#e06a5d"
5.25311772537001e-06,1,0.999999990143459,0.438502959600709,1,"#e06a5d"
5.25311772537001e-06,1,0.999999990143459,0.438502959600709,1,"#e06a5d"
5.25311772537001e-06,1,0.999999990143459,0.438502959600709,1,"#e06a5d"
5.25311772537001e-06,1,0.999999990143459,0.438502959600709,1,"#e06a5d"
5.25311772537001e-06,1,0.999999990143459,0.438502959600709,1,"#e06a5d"
5.25311772537001e-06,0.666666666666667,0.999999990143459,0.438502959600709,1,"black"
5.25311772537001e-06,1,0.999999990143459,0.438502959600709,1,"#e06a5d"
5.25311772537001e-06,1,0.999999990143459,0.438502959600709,1,"#e06a5d"
5.25311772537001e-06,1,0.999999990143459,0.438502959600709,1,"#e06a5d"
5.25311772537001e-06,1,0.999999990143459,0.438502959600709,1,"#e06a5d"
5.25311772537001e-06,1,0.999999990143459,0.438502959600709,1,"#e06a5d"
5.25311772537001e-06,1,0.999999990143459,0.438502959600709,1,"#e06a5d"
5.25311772537001e-06,1,0.999999990143459,0.438502959600709,1,"#e06a5d"
5.25311772537001e-06,1,0.999999990143459,0.438502959600709,1,"#e06a5d"
5.31084429378067e-06,1,0.999999992401692,0.438502961581193,1,"#e06a5d"
5.31084429378067e-06,1,0.999999992401692,0.438502961581193,1,"#e06a5d"
5.31084429378067e-06,1,0.999999992401692,0.438502961581193,1,"#e06a5d"
5.31084429378067e-06,1,0.999999992401692,0.438502961581193,1,"#e06a5d"
5.31084429378067e-06,1,0.999999992401692,0.438502961581193,1,"#e06a5d"
5.31084429378067e-06,1,0.999999992401692,0.438502961581193,1,"#e06a5d"
5.31084429378067e-06,0.666666666666667,0.999999992401692,0.438502961581193,1,"black"
5.31084429378067e-06,1,0.999999992401692,0.438502961581193,1,"#e06a5d"
5.31084429378067e-06,1,0.999999992401692,0.438502961581193,1,"#e06a5d"
5.31084429378067e-06,1,0.999999992401692,0.438502961581193,1,"#e06a5d"
5.31084429378067e-06,0.666666666666667,0.999999992401692,0.438502961581193,1,"black"
5.31084429378067e-06,1,0.999999992401692,0.438502961581193,1,"#e06a5d"
5.31084429378067e-06,1,0.999999992401692,0.438502961581193,1,"#e06a5d"
5.31084429378067e-06,1,0.999999992401692,0.438502961581193,1,"#e06a5d"
5.31084429378067e-06,1,0.999999992401692,0.438502961581193,1,"#e06a5d"
5.31084429378067e-06,1,0.999999992401692,0.438502961581193,1,"#e06a5d"
5.31084429378067e-06,1,0.999999992401692,0.438502961581193,1,"#e06a5d"
5.31084429378067e-06,1,0.999999992401692,0.438502961581193,1,"#e06a5d"
5.31084429378067e-06,1,0.999999992401692,0.438502961581193,1,"#e06a5d"
5.31084429378067e-06,1,0.999999992401692,0.438502961581193,1,"#e06a5d"
5.36857086219133e-06,1,0.999999994146922,0.438502963111771,1,"#e06a5d"
5.36857086219133e-06,1,0.999999994146922,0.438502963111771,1,"#e06a5d"
5.36857086219133e-06,1,0.999999994146922,0.438502963111771,1,"#e06a5d"
5.36857086219133e-06,1,0.999999994146922,0.438502963111771,1,"#e06a5d"
5.36857086219133e-06,1,0.999999994146922,0.438502963111771,1,"#e06a5d"
5.36857086219133e-06,1,0.999999994146922,0.438502963111771,1,"#e06a5d"
5.36857086219133e-06,1,0.999999994146922,0.438502963111771,1,"#e06a5d"
5.36857086219133e-06,1,0.999999994146922,0.438502963111771,1,"#e06a5d"
5.36857086219133e-06,1,0.999999994146922,0.438502963111771,1,"#e06a5d"
5.36857086219133e-06,1,0.999999994146922,0.438502963111771,1,"#e06a5d"
5.36857086219133e-06,1,0.999999994146922,0.438502963111771,1,"#e06a5d"
5.36857086219133e-06,1,0.999999994146922,0.438502963111771,1,"#e06a5d"
5.36857086219133e-06,1,0.999999994146922,0.438502963111771,1,"#e06a5d"
5.36857086219133e-06,1,0.999999994146922,0.438502963111771,1,"#e06a5d"
5.36857086219133e-06,1,0.999999994146922,0.438502963111771,1,"#e06a5d"
5.36857086219133e-06,1,0.999999994146922,0.438502963111771,1,"#e06a5d"
5.36857086219133e-06,1,0.999999994146922,0.438502963111771,1,"#e06a5d"
5.36857086219133e-06,1,0.999999994146922,0.438502963111771,1,"#e06a5d"
5.36857086219133e-06,1,0.999999994146922,0.438502963111771,1,"#e06a5d"
5.42629743060198e-06,1,0.999999995494635,0.438502964293723,1,"#e06a5d"
5.42629743060198e-06,1,0.999999995494635,0.438502964293723,1,"#e06a5d"
5.42629743060198e-06,1,0.999999995494635,0.438502964293723,1,"#e06a5d"
5.42629743060198e-06,1,0.999999995494635,0.438502964293723,1,"#e06a5d"
5.42629743060198e-06,1,0.999999995494635,0.438502964293723,1,"#e06a5d"
5.42629743060198e-06,1,0.999999995494635,0.438502964293723,1,"#e06a5d"
5.42629743060198e-06,1,0.999999995494635,0.438502964293723,1,"#e06a5d"
5.42629743060198e-06,1,0.999999995494635,0.438502964293723,1,"#e06a5d"
5.42629743060198e-06,1,0.999999995494635,0.438502964293723,1,"#e06a5d"
5.42629743060198e-06,1,0.999999995494635,0.438502964293723,1,"#e06a5d"
5.42629743060198e-06,1,0.999999995494635,0.438502964293723,1,"#e06a5d"
5.42629743060198e-06,1,0.999999995494635,0.438502964293723,1,"#e06a5d"
5.42629743060198e-06,1,0.999999995494635,0.438502964293723,1,"#e06a5d"
5.42629743060198e-06,1,0.999999995494635,0.438502964293723,1,"#e06a5d"
5.42629743060198e-06,1,0.999999995494635,0.438502964293723,1,"#e06a5d"
5.48402399901264e-06,1,0.999999996534572,0.438502965205753,1,"#e06a5d"
5.48402399901264e-06,1,0.999999996534572,0.438502965205753,1,"#e06a5d"
5.48402399901264e-06,1,0.999999996534572,0.438502965205753,1,"#e06a5d"
5.48402399901264e-06,1,0.999999996534572,0.438502965205753,1,"#e06a5d"
5.48402399901264e-06,1,0.999999996534572,0.438502965205753,1,"#e06a5d"
5.48402399901264e-06,1,0.999999996534572,0.438502965205753,1,"#e06a5d"
5.48402399901264e-06,1,0.999999996534572,0.438502965205753,1,"#e06a5d"
5.48402399901264e-06,1,0.999999996534572,0.438502965205753,1,"#e06a5d"
5.48402399901264e-06,1,0.999999996534572,0.438502965205753,1,"#e06a5d"
5.48402399901264e-06,1,0.999999996534572,0.438502965205753,1,"#e06a5d"
5.48402399901264e-06,1,0.999999996534572,0.438502965205753,1,"#e06a5d"
5.48402399901264e-06,1,0.999999996534572,0.438502965205753,1,"#e06a5d"
5.48402399901264e-06,1,0.999999996534572,0.438502965205753,1,"#e06a5d"
5.48402399901264e-06,1,0.999999996534572,0.438502965205753,1,"#e06a5d"
5.48402399901264e-06,1,0.999999996534572,0.438502965205753,1,"#e06a5d"
5.48402399901264e-06,1,0.999999996534572,0.438502965205753,1,"#e06a5d"
5.5417505674233e-06,0.666666666666667,0.999999997336404,0.438502965908965,1,"black"
5.5417505674233e-06,1,0.999999997336404,0.438502965908965,1,"#e06a5d"
5.5417505674233e-06,1,0.999999997336404,0.438502965908965,1,"#e06a5d"
5.5417505674233e-06,1,0.999999997336404,0.438502965908965,1,"#e06a5d"
5.5417505674233e-06,1,0.999999997336404,0.438502965908965,1,"#e06a5d"
5.5417505674233e-06,1,0.999999997336404,0.438502965908965,1,"#e06a5d"
5.5417505674233e-06,1,0.999999997336404,0.438502965908965,1,"#e06a5d"
5.5417505674233e-06,1,0.999999997336404,0.438502965908965,1,"#e06a5d"
5.5417505674233e-06,1,0.999999997336404,0.438502965908965,1,"#e06a5d"
5.5417505674233e-06,1,0.999999997336404,0.438502965908965,1,"#e06a5d"
5.5417505674233e-06,0.666666666666667,0.999999997336404,0.438502965908965,1,"black"
5.5417505674233e-06,1,0.999999997336404,0.438502965908965,1,"#e06a5d"
5.5417505674233e-06,1,0.999999997336404,0.438502965908965,1,"#e06a5d"
5.5417505674233e-06,1,0.999999997336404,0.438502965908965,1,"#e06a5d"
5.5417505674233e-06,1,0.999999997336404,0.438502965908965,1,"#e06a5d"
5.5417505674233e-06,1,0.999999997336404,0.438502965908965,1,"#e06a5d"
5.5417505674233e-06,1,0.999999997336404,0.438502965908965,1,"#e06a5d"
5.59947713583396e-06,1,0.99999999795418,0.438502966450758,1,"#e06a5d"
5.59947713583396e-06,1,0.99999999795418,0.438502966450758,1,"#e06a5d"
5.59947713583396e-06,1,0.99999999795418,0.438502966450758,1,"#e06a5d"
5.59947713583396e-06,1,0.99999999795418,0.438502966450758,1,"#e06a5d"
5.59947713583396e-06,1,0.99999999795418,0.438502966450758,1,"#e06a5d"
5.59947713583396e-06,1,0.99999999795418,0.438502966450758,1,"#e06a5d"
5.59947713583396e-06,1,0.99999999795418,0.438502966450758,1,"#e06a5d"
5.59947713583396e-06,1,0.99999999795418,0.438502966450758,1,"#e06a5d"
5.59947713583396e-06,1,0.99999999795418,0.438502966450758,1,"#e06a5d"
5.59947713583396e-06,1,0.99999999795418,0.438502966450758,1,"#e06a5d"
5.59947713583396e-06,1,0.99999999795418,0.438502966450758,1,"#e06a5d"
5.59947713583396e-06,1,0.99999999795418,0.438502966450758,1,"#e06a5d"
5.59947713583396e-06,1,0.99999999795418,0.438502966450758,1,"#e06a5d"
5.59947713583396e-06,1,0.99999999795418,0.438502966450758,1,"#e06a5d"
5.65720370424462e-06,1,0.999999998429793,0.438502966867874,1,"#e06a5d"
5.65720370424462e-06,1,0.999999998429793,0.438502966867874,1,"#e06a5d"
5.65720370424462e-06,1,0.999999998429793,0.438502966867874,1,"#e06a5d"
5.65720370424462e-06,1,0.999999998429793,0.438502966867874,1,"#e06a5d"
5.65720370424462e-06,1,0.999999998429793,0.438502966867874,1,"#e06a5d"
5.65720370424462e-06,1,0.999999998429793,0.438502966867874,1,"#e06a5d"
5.65720370424462e-06,1,0.999999998429793,0.438502966867874,1,"#e06a5d"
5.65720370424462e-06,1,0.999999998429793,0.438502966867874,1,"#e06a5d"
5.65720370424462e-06,1,0.999999998429793,0.438502966867874,1,"#e06a5d"
5.65720370424462e-06,1,0.999999998429793,0.438502966867874,1,"#e06a5d"
5.65720370424462e-06,1,0.999999998429793,0.438502966867874,1,"#e06a5d"
5.65720370424462e-06,1,0.999999998429793,0.438502966867874,1,"#e06a5d"
5.71493027265528e-06,1,0.999999998795686,0.438502967188764,1,"#e06a5d"
5.71493027265528e-06,1,0.999999998795686,0.438502967188764,1,"#e06a5d"
5.71493027265528e-06,1,0.999999998795686,0.438502967188764,1,"#e06a5d"
5.71493027265528e-06,1,0.999999998795686,0.438502967188764,1,"#e06a5d"
5.71493027265528e-06,1,0.999999998795686,0.438502967188764,1,"#e06a5d"
5.71493027265528e-06,1,0.999999998795686,0.438502967188764,1,"#e06a5d"
5.71493027265528e-06,1,0.999999998795686,0.438502967188764,1,"#e06a5d"
5.71493027265528e-06,1,0.999999998795686,0.438502967188764,1,"#e06a5d"
5.71493027265528e-06,1,0.999999998795686,0.438502967188764,1,"#e06a5d"
5.77265684106594e-06,1,0.999999999076964,0.438502967435446,1,"#e06a5d"
5.77265684106594e-06,1,0.999999999076964,0.438502967435446,1,"#e06a5d"
5.77265684106594e-06,1,0.999999999076964,0.438502967435446,1,"#e06a5d"
5.77265684106594e-06,1,0.999999999076964,0.438502967435446,1,"#e06a5d"
5.77265684106594e-06,1,0.999999999076964,0.438502967435446,1,"#e06a5d"
5.77265684106594e-06,1,0.999999999076964,0.438502967435446,1,"#e06a5d"
5.77265684106594e-06,1,0.999999999076964,0.438502967435446,1,"#e06a5d"
5.77265684106594e-06,1,0.999999999076964,0.438502967435446,1,"#e06a5d"
5.77265684106594e-06,1,0.999999999076964,0.438502967435446,1,"#e06a5d"
5.77265684106594e-06,1,0.999999999076964,0.438502967435446,1,"#e06a5d"
5.77265684106594e-06,1,0.999999999076964,0.438502967435446,1,"#e06a5d"
5.77265684106594e-06,1,0.999999999076964,0.438502967435446,1,"#e06a5d"
5.77265684106594e-06,1,0.999999999076964,0.438502967435446,1,"#e06a5d"
5.77265684106594e-06,1,0.999999999076964,0.438502967435446,1,"#e06a5d"
5.8303834094766e-06,1,0.999999999293037,0.438502967624944,1,"#e06a5d"
5.8303834094766e-06,1,0.999999999293037,0.438502967624944,1,"#e06a5d"
5.8303834094766e-06,1,0.999999999293037,0.438502967624944,1,"#e06a5d"
5.8303834094766e-06,1,0.999999999293037,0.438502967624944,1,"#e06a5d"
5.8303834094766e-06,1,0.999999999293037,0.438502967624944,1,"#e06a5d"
5.8303834094766e-06,1,0.999999999293037,0.438502967624944,1,"#e06a5d"
5.8303834094766e-06,1,0.999999999293037,0.438502967624944,1,"#e06a5d"
5.88810997788726e-06,1,0.999999999458901,0.438502967770407,1,"#e06a5d"
5.88810997788726e-06,1,0.999999999458901,0.438502967770407,1,"#e06a5d"
5.88810997788726e-06,1,0.999999999458901,0.438502967770407,1,"#e06a5d"
5.88810997788726e-06,1,0.999999999458901,0.438502967770407,1,"#e06a5d"
5.88810997788726e-06,1,0.999999999458901,0.438502967770407,1,"#e06a5d"
5.88810997788726e-06,1,0.999999999458901,0.438502967770407,1,"#e06a5d"
5.88810997788726e-06,1,0.999999999458901,0.438502967770407,1,"#e06a5d"
5.88810997788726e-06,1,0.999999999458901,0.438502967770407,1,"#e06a5d"
5.88810997788726e-06,1,0.999999999458901,0.438502967770407,1,"#e06a5d"
5.88810997788726e-06,1,0.999999999458901,0.438502967770407,1,"#e06a5d"
5.88810997788726e-06,1,0.999999999458901,0.438502967770407,1,"#e06a5d"
5.88810997788726e-06,1,0.999999999458901,0.438502967770407,1,"#e06a5d"
5.94583654629792e-06,1,0.999999999586133,0.43850296788199,1,"#e06a5d"
5.94583654629792e-06,1,0.999999999586133,0.43850296788199,1,"#e06a5d"
5.94583654629792e-06,1,0.999999999586133,0.43850296788199,1,"#e06a5d"
5.94583654629792e-06,1,0.999999999586133,0.43850296788199,1,"#e06a5d"
5.94583654629792e-06,1,0.999999999586133,0.43850296788199,1,"#e06a5d"
5.94583654629792e-06,1,0.999999999586133,0.43850296788199,1,"#e06a5d"
5.94583654629792e-06,1,0.999999999586133,0.43850296788199,1,"#e06a5d"
5.94583654629792e-06,1,0.999999999586133,0.43850296788199,1,"#e06a5d"
5.94583654629792e-06,1,0.999999999586133,0.43850296788199,1,"#e06a5d"
5.94583654629792e-06,1,0.999999999586133,0.43850296788199,1,"#e06a5d"
6.00356311470858e-06,1,0.999999999683661,0.438502967967523,1,"#e06a5d"
6.00356311470858e-06,1,0.999999999683661,0.438502967967523,1,"#e06a5d"
6.00356311470858e-06,1,0.999999999683661,0.438502967967523,1,"#e06a5d"
6.00356311470858e-06,1,0.999999999683661,0.438502967967523,1,"#e06a5d"
6.00356311470858e-06,1,0.999999999683661,0.438502967967523,1,"#e06a5d"
6.00356311470858e-06,1,0.999999999683661,0.438502967967523,1,"#e06a5d"
6.00356311470858e-06,1,0.999999999683661,0.438502967967523,1,"#e06a5d"
6.00356311470858e-06,1,0.999999999683661,0.438502967967523,1,"#e06a5d"
6.00356311470858e-06,1,0.999999999683661,0.438502967967523,1,"#e06a5d"
6.00356311470858e-06,1,0.999999999683661,0.438502967967523,1,"#e06a5d"
6.00356311470858e-06,1,0.999999999683661,0.438502967967523,1,"#e06a5d"
6.00356311470858e-06,1,0.999999999683661,0.438502967967523,1,"#e06a5d"
6.00356311470858e-06,1,0.999999999683661,0.438502967967523,1,"#e06a5d"
6.00356311470858e-06,1,0.999999999683661,0.438502967967523,1,"#e06a5d"
6.00356311470858e-06,0.666666666666667,0.999999999683661,0.438502967967523,1,"black"
6.06128968311924e-06,1,0.999999999758368,0.438502968033042,1,"#e06a5d"
6.06128968311924e-06,1,0.999999999758368,0.438502968033042,1,"#e06a5d"
6.06128968311924e-06,1,0.999999999758368,0.438502968033042,1,"#e06a5d"
6.06128968311924e-06,1,0.999999999758368,0.438502968033042,1,"#e06a5d"
6.06128968311924e-06,1,0.999999999758368,0.438502968033042,1,"#e06a5d"
6.06128968311924e-06,1,0.999999999758368,0.438502968033042,1,"#e06a5d"
6.06128968311924e-06,1,0.999999999758368,0.438502968033042,1,"#e06a5d"
6.06128968311924e-06,1,0.999999999758368,0.438502968033042,1,"#e06a5d"
6.06128968311924e-06,1,0.999999999758368,0.438502968033042,1,"#e06a5d"
6.06128968311924e-06,1,0.999999999758368,0.438502968033042,1,"#e06a5d"
6.1190162515299e-06,1,0.999999999815555,0.438502968083195,1,"#e06a5d"
6.1190162515299e-06,1,0.999999999815555,0.438502968083195,1,"#e06a5d"
6.1190162515299e-06,1,0.999999999815555,0.438502968083195,1,"#e06a5d"
6.1190162515299e-06,1,0.999999999815555,0.438502968083195,1,"#e06a5d"
6.1190162515299e-06,1,0.999999999815555,0.438502968083195,1,"#e06a5d"
6.1190162515299e-06,1,0.999999999815555,0.438502968083195,1,"#e06a5d"
6.1190162515299e-06,1,0.999999999815555,0.438502968083195,1,"#e06a5d"
6.1190162515299e-06,1,0.999999999815555,0.438502968083195,1,"#e06a5d"
6.1190162515299e-06,1,0.999999999815555,0.438502968083195,1,"#e06a5d"
6.1190162515299e-06,1,0.999999999815555,0.438502968083195,1,"#e06a5d"
6.1190162515299e-06,1,0.999999999815555,0.438502968083195,1,"#e06a5d"
6.1190162515299e-06,1,0.999999999815555,0.438502968083195,1,"#e06a5d"
6.1190162515299e-06,1,0.999999999815555,0.438502968083195,1,"#e06a5d"
6.17674281994056e-06,1,0.999999999859299,0.438502968121559,1,"#e06a5d"
6.17674281994056e-06,1,0.999999999859299,0.438502968121559,1,"#e06a5d"
6.17674281994056e-06,1,0.999999999859299,0.438502968121559,1,"#e06a5d"
6.17674281994056e-06,1,0.999999999859299,0.438502968121559,1,"#e06a5d"
6.17674281994056e-06,1,0.999999999859299,0.438502968121559,1,"#e06a5d"
6.17674281994056e-06,1,0.999999999859299,0.438502968121559,1,"#e06a5d"
6.17674281994056e-06,1,0.999999999859299,0.438502968121559,1,"#e06a5d"
6.17674281994056e-06,1,0.999999999859299,0.438502968121559,1,"#e06a5d"
6.17674281994056e-06,0.333333333333333,0.999999999859299,0.438502968121559,1,"#00a4ac"
6.17674281994056e-06,1,0.999999999859299,0.438502968121559,1,"#e06a5d"
6.17674281994056e-06,1,0.999999999859299,0.438502968121559,1,"#e06a5d"
6.23446938835122e-06,1,0.999999999892739,0.438502968150886,1,"#e06a5d"
6.23446938835122e-06,1,0.999999999892739,0.438502968150886,1,"#e06a5d"
6.23446938835122e-06,1,0.999999999892739,0.438502968150886,1,"#e06a5d"
6.23446938835122e-06,1,0.999999999892739,0.438502968150886,1,"#e06a5d"
6.23446938835122e-06,1,0.999999999892739,0.438502968150886,1,"#e06a5d"
6.23446938835122e-06,1,0.999999999892739,0.438502968150886,1,"#e06a5d"
6.23446938835122e-06,1,0.999999999892739,0.438502968150886,1,"#e06a5d"
6.23446938835122e-06,1,0.999999999892739,0.438502968150886,1,"#e06a5d"
6.23446938835122e-06,1,0.999999999892739,0.438502968150886,1,"#e06a5d"
6.23446938835122e-06,1,0.999999999892739,0.438502968150886,1,"#e06a5d"
6.23446938835122e-06,1,0.999999999892739,0.438502968150886,1,"#e06a5d"
6.23446938835122e-06,1,0.999999999892739,0.438502968150886,1,"#e06a5d"
6.23446938835122e-06,1,0.999999999892739,0.438502968150886,1,"#e06a5d"
6.23446938835122e-06,1,0.999999999892739,0.438502968150886,1,"#e06a5d"
6.29219595676188e-06,1,0.999999999918284,0.438502968173289,1,"#e06a5d"
6.29219595676188e-06,1,0.999999999918284,0.438502968173289,1,"#e06a5d"
6.29219595676188e-06,1,0.999999999918284,0.438502968173289,1,"#e06a5d"
6.29219595676188e-06,1,0.999999999918284,0.438502968173289,1,"#e06a5d"
6.29219595676188e-06,1,0.999999999918284,0.438502968173289,1,"#e06a5d"
6.29219595676188e-06,1,0.999999999918284,0.438502968173289,1,"#e06a5d"
6.29219595676188e-06,1,0.999999999918284,0.438502968173289,1,"#e06a5d"
6.29219595676188e-06,1,0.999999999918284,0.438502968173289,1,"#e06a5d"
6.29219595676188e-06,1,0.999999999918284,0.438502968173289,1,"#e06a5d"
6.29219595676188e-06,1,0.999999999918284,0.438502968173289,1,"#e06a5d"
6.29219595676188e-06,1,0.999999999918284,0.438502968173289,1,"#e06a5d"
6.34992252517253e-06,1,0.999999999937785,0.438502968190392,1,"#e06a5d"
6.34992252517253e-06,1,0.999999999937785,0.438502968190392,1,"#e06a5d"
6.34992252517253e-06,1,0.999999999937785,0.438502968190392,1,"#e06a5d"
6.34992252517253e-06,1,0.999999999937785,0.438502968190392,1,"#e06a5d"
6.34992252517253e-06,1,0.999999999937785,0.438502968190392,1,"#e06a5d"
6.34992252517253e-06,1,0.999999999937785,0.438502968190392,1,"#e06a5d"
6.34992252517253e-06,1,0.999999999937785,0.438502968190392,1,"#e06a5d"
6.34992252517253e-06,1,0.999999999937785,0.438502968190392,1,"#e06a5d"
6.34992252517253e-06,1,0.999999999937785,0.438502968190392,1,"#e06a5d"
6.34992252517253e-06,1,0.999999999937785,0.438502968190392,1,"#e06a5d"
6.34992252517253e-06,1,0.999999999937785,0.438502968190392,1,"#e06a5d"
6.34992252517253e-06,1,0.999999999937785,0.438502968190392,1,"#e06a5d"
6.34992252517253e-06,1,0.999999999937785,0.438502968190392,1,"#e06a5d"
6.34992252517253e-06,1,0.999999999937785,0.438502968190392,1,"#e06a5d"
6.34992252517253e-06,1,0.999999999937785,0.438502968190392,1,"#e06a5d"
6.34992252517253e-06,1,0.999999999937785,0.438502968190392,1,"#e06a5d"
6.34992252517253e-06,0.333333333333333,0.999999999937785,0.438502968190392,1,"#00a4ac"
6.4076490935832e-06,1,0.999999999952662,0.438502968203439,1,"#e06a5d"
6.4076490935832e-06,1,0.999999999952662,0.438502968203439,1,"#e06a5d"
6.4076490935832e-06,1,0.999999999952662,0.438502968203439,1,"#e06a5d"
6.4076490935832e-06,1,0.999999999952662,0.438502968203439,1,"#e06a5d"
6.4076490935832e-06,1,0.999999999952662,0.438502968203439,1,"#e06a5d"
6.4076490935832e-06,1,0.999999999952662,0.438502968203439,1,"#e06a5d"
6.4076490935832e-06,1,0.999999999952662,0.438502968203439,1,"#e06a5d"
6.4076490935832e-06,1,0.999999999952662,0.438502968203439,1,"#e06a5d"
6.4076490935832e-06,1,0.999999999952662,0.438502968203439,1,"#e06a5d"
6.4076490935832e-06,1,0.999999999952662,0.438502968203439,1,"#e06a5d"
6.4076490935832e-06,1,0.999999999952662,0.438502968203439,1,"#e06a5d"
6.4076490935832e-06,1,0.999999999952662,0.438502968203439,1,"#e06a5d"
6.46537566199385e-06,1,0.999999999964005,0.438502968213386,1,"#e06a5d"
6.46537566199385e-06,1,0.999999999964005,0.438502968213386,1,"#e06a5d"
6.46537566199385e-06,1,0.999999999964005,0.438502968213386,1,"#e06a5d"
6.46537566199385e-06,1,0.999999999964005,0.438502968213386,1,"#e06a5d"
6.46537566199385e-06,1,0.999999999964005,0.438502968213386,1,"#e06a5d"
6.46537566199385e-06,1,0.999999999964005,0.438502968213386,1,"#e06a5d"
6.46537566199385e-06,1,0.999999999964005,0.438502968213386,1,"#e06a5d"
6.46537566199385e-06,1,0.999999999964005,0.438502968213386,1,"#e06a5d"
6.46537566199385e-06,1,0.999999999964005,0.438502968213386,1,"#e06a5d"
6.46537566199385e-06,1,0.999999999964005,0.438502968213386,1,"#e06a5d"
6.46537566199385e-06,1,0.999999999964005,0.438502968213386,1,"#e06a5d"
6.46537566199385e-06,1,0.999999999964005,0.438502968213386,1,"#e06a5d"
6.46537566199385e-06,0.666666666666667,0.999999999964005,0.438502968213386,1,"black"
6.46537566199385e-06,1,0.999999999964005,0.438502968213386,1,"#e06a5d"
6.46537566199385e-06,1,0.999999999964005,0.438502968213386,1,"#e06a5d"
6.46537566199385e-06,1,0.999999999964005,0.438502968213386,1,"#e06a5d"
6.46537566199385e-06,1,0.999999999964005,0.438502968213386,1,"#e06a5d"
6.46537566199385e-06,1,0.999999999964005,0.438502968213386,1,"#e06a5d"
6.46537566199385e-06,1,0.999999999964005,0.438502968213386,1,"#e06a5d"
6.46537566199385e-06,1,0.999999999964005,0.438502968213386,1,"#e06a5d"
6.52310223040451e-06,1,0.999999999972646,0.438502968220965,1,"#e06a5d"
6.52310223040451e-06,1,0.999999999972646,0.438502968220965,1,"#e06a5d"
6.52310223040451e-06,1,0.999999999972646,0.438502968220965,1,"#e06a5d"
6.52310223040451e-06,1,0.999999999972646,0.438502968220965,1,"#e06a5d"
6.52310223040451e-06,1,0.999999999972646,0.438502968220965,1,"#e06a5d"
6.52310223040451e-06,1,0.999999999972646,0.438502968220965,1,"#e06a5d"
6.52310223040451e-06,1,0.999999999972646,0.438502968220965,1,"#e06a5d"
6.58082879881517e-06,1,0.999999999979226,0.438502968226736,1,"#e06a5d"
6.58082879881517e-06,1,0.999999999979226,0.438502968226736,1,"#e06a5d"
6.58082879881517e-06,1,0.999999999979226,0.438502968226736,1,"#e06a5d"
6.58082879881517e-06,0.666666666666667,0.999999999979226,0.438502968226736,1,"black"
6.58082879881517e-06,1,0.999999999979226,0.438502968226736,1,"#e06a5d"
6.58082879881517e-06,1,0.999999999979226,0.438502968226736,1,"#e06a5d"
6.58082879881517e-06,1,0.999999999979226,0.438502968226736,1,"#e06a5d"
6.58082879881517e-06,1,0.999999999979226,0.438502968226736,1,"#e06a5d"
6.58082879881517e-06,1,0.999999999979226,0.438502968226736,1,"#e06a5d"
6.58082879881517e-06,1,0.999999999979226,0.438502968226736,1,"#e06a5d"
6.58082879881517e-06,1,0.999999999979226,0.438502968226736,1,"#e06a5d"
6.63855536722583e-06,1,0.999999999984233,0.438502968231127,1,"#e06a5d"
6.63855536722583e-06,1,0.999999999984233,0.438502968231127,1,"#e06a5d"
6.63855536722583e-06,1,0.999999999984233,0.438502968231127,1,"#e06a5d"
6.63855536722583e-06,1,0.999999999984233,0.438502968231127,1,"#e06a5d"
6.63855536722583e-06,1,0.999999999984233,0.438502968231127,1,"#e06a5d"
6.63855536722583e-06,1,0.999999999984233,0.438502968231127,1,"#e06a5d"
6.63855536722583e-06,1,0.999999999984233,0.438502968231127,1,"#e06a5d"
6.63855536722583e-06,1,0.999999999984233,0.438502968231127,1,"#e06a5d"
6.63855536722583e-06,1,0.999999999984233,0.438502968231127,1,"#e06a5d"
6.69628193563649e-06,1,0.99999999998804,0.438502968234466,1,"#e06a5d"
6.69628193563649e-06,1,0.99999999998804,0.438502968234466,1,"#e06a5d"
6.69628193563649e-06,1,0.99999999998804,0.438502968234466,1,"#e06a5d"
6.69628193563649e-06,1,0.99999999998804,0.438502968234466,1,"#e06a5d"
6.69628193563649e-06,1,0.99999999998804,0.438502968234466,1,"#e06a5d"
6.69628193563649e-06,1,0.99999999998804,0.438502968234466,1,"#e06a5d"
6.69628193563649e-06,1,0.99999999998804,0.438502968234466,1,"#e06a5d"
6.69628193563649e-06,1,0.99999999998804,0.438502968234466,1,"#e06a5d"
6.69628193563649e-06,1,0.99999999998804,0.438502968234466,1,"#e06a5d"
6.69628193563649e-06,1,0.99999999998804,0.438502968234466,1,"#e06a5d"
6.69628193563649e-06,1,0.99999999998804,0.438502968234466,1,"#e06a5d"
6.69628193563649e-06,1,0.99999999998804,0.438502968234466,1,"#e06a5d"
6.75400850404715e-06,1,0.999999999990934,0.438502968237003,1,"#e06a5d"
6.75400850404715e-06,1,0.999999999990934,0.438502968237003,1,"#e06a5d"
6.75400850404715e-06,1,0.999999999990934,0.438502968237003,1,"#e06a5d"
6.75400850404715e-06,1,0.999999999990934,0.438502968237003,1,"#e06a5d"
6.75400850404715e-06,1,0.999999999990934,0.438502968237003,1,"#e06a5d"
6.75400850404715e-06,1,0.999999999990934,0.438502968237003,1,"#e06a5d"
6.75400850404715e-06,1,0.999999999990934,0.438502968237003,1,"#e06a5d"
6.75400850404715e-06,1,0.999999999990934,0.438502968237003,1,"#e06a5d"
6.75400850404715e-06,1,0.999999999990934,0.438502968237003,1,"#e06a5d"
6.75400850404715e-06,1,0.999999999990934,0.438502968237003,1,"#e06a5d"
6.75400850404715e-06,1,0.999999999990934,0.438502968237003,1,"#e06a5d"
6.81173507245781e-06,1,0.999999999993131,0.438502968238931,1,"#e06a5d"
6.81173507245781e-06,1,0.999999999993131,0.438502968238931,1,"#e06a5d"
6.81173507245781e-06,1,0.999999999993131,0.438502968238931,1,"#e06a5d"
6.81173507245781e-06,1,0.999999999993131,0.438502968238931,1,"#e06a5d"
6.81173507245781e-06,1,0.999999999993131,0.438502968238931,1,"#e06a5d"
6.81173507245781e-06,1,0.999999999993131,0.438502968238931,1,"#e06a5d"
6.81173507245781e-06,1,0.999999999993131,0.438502968238931,1,"#e06a5d"
6.81173507245781e-06,1,0.999999999993131,0.438502968238931,1,"#e06a5d"
6.81173507245781e-06,1,0.999999999993131,0.438502968238931,1,"#e06a5d"
6.86946164086847e-06,1,0.999999999994799,0.438502968240393,1,"#e06a5d"
6.86946164086847e-06,1,0.999999999994799,0.438502968240393,1,"#e06a5d"
6.86946164086847e-06,1,0.999999999994799,0.438502968240393,1,"#e06a5d"
6.86946164086847e-06,1,0.999999999994799,0.438502968240393,1,"#e06a5d"
6.86946164086847e-06,1,0.999999999994799,0.438502968240393,1,"#e06a5d"
6.86946164086847e-06,1,0.999999999994799,0.438502968240393,1,"#e06a5d"
6.86946164086847e-06,1,0.999999999994799,0.438502968240393,1,"#e06a5d"
6.86946164086847e-06,1,0.999999999994799,0.438502968240393,1,"#e06a5d"
6.86946164086847e-06,1,0.999999999994799,0.438502968240393,1,"#e06a5d"
6.86946164086847e-06,1,0.999999999994799,0.438502968240393,1,"#e06a5d"
6.92718820927913e-06,1,0.999999999996065,0.438502968241503,1,"#e06a5d"
6.92718820927913e-06,1,0.999999999996065,0.438502968241503,1,"#e06a5d"
6.92718820927913e-06,1,0.999999999996065,0.438502968241503,1,"#e06a5d"
6.92718820927913e-06,1,0.999999999996065,0.438502968241503,1,"#e06a5d"
6.92718820927913e-06,1,0.999999999996065,0.438502968241503,1,"#e06a5d"
6.92718820927913e-06,1,0.999999999996065,0.438502968241503,1,"#e06a5d"
6.98491477768979e-06,1,0.999999999997024,0.438502968242344,1,"#e06a5d"
6.98491477768979e-06,1,0.999999999997024,0.438502968242344,1,"#e06a5d"
6.98491477768979e-06,1,0.999999999997024,0.438502968242344,1,"#e06a5d"
6.98491477768979e-06,1,0.999999999997024,0.438502968242344,1,"#e06a5d"
6.98491477768979e-06,1,0.999999999997024,0.438502968242344,1,"#e06a5d"
6.98491477768979e-06,1,0.999999999997024,0.438502968242344,1,"#e06a5d"
6.98491477768979e-06,1,0.999999999997024,0.438502968242344,1,"#e06a5d"
6.98491477768979e-06,1,0.999999999997024,0.438502968242344,1,"#e06a5d"
6.98491477768979e-06,1,0.999999999997024,0.438502968242344,1,"#e06a5d"
7.04264134610045e-06,1,0.99999999999775,0.438502968242982,1,"#e06a5d"
7.04264134610045e-06,1,0.99999999999775,0.438502968242982,1,"#e06a5d"
7.04264134610045e-06,1,0.99999999999775,0.438502968242982,1,"#e06a5d"
7.04264134610045e-06,1,0.99999999999775,0.438502968242982,1,"#e06a5d"
7.04264134610045e-06,1,0.99999999999775,0.438502968242982,1,"#e06a5d"
7.04264134610045e-06,1,0.99999999999775,0.438502968242982,1,"#e06a5d"
7.04264134610045e-06,1,0.99999999999775,0.438502968242982,1,"#e06a5d"
7.04264134610045e-06,1,0.99999999999775,0.438502968242982,1,"#e06a5d"
7.04264134610045e-06,1,0.99999999999775,0.438502968242982,1,"#e06a5d"
7.10036791451111e-06,1,0.999999999998301,0.438502968243464,1,"#e06a5d"
7.10036791451111e-06,1,0.999999999998301,0.438502968243464,1,"#e06a5d"
7.10036791451111e-06,1,0.999999999998301,0.438502968243464,1,"#e06a5d"
7.10036791451111e-06,1,0.999999999998301,0.438502968243464,1,"#e06a5d"
7.10036791451111e-06,1,0.999999999998301,0.438502968243464,1,"#e06a5d"
7.10036791451111e-06,1,0.999999999998301,0.438502968243464,1,"#e06a5d"
7.10036791451111e-06,1,0.999999999998301,0.438502968243464,1,"#e06a5d"
7.10036791451111e-06,1,0.999999999998301,0.438502968243464,1,"#e06a5d"
7.10036791451111e-06,1,0.999999999998301,0.438502968243464,1,"#e06a5d"
7.10036791451111e-06,1,0.999999999998301,0.438502968243464,1,"#e06a5d"
7.10036791451111e-06,1,0.999999999998301,0.438502968243464,1,"#e06a5d"
7.10036791451111e-06,1,0.999999999998301,0.438502968243464,1,"#e06a5d"
7.10036791451111e-06,1,0.999999999998301,0.438502968243464,1,"#e06a5d"
7.10036791451111e-06,1,0.999999999998301,0.438502968243464,1,"#e06a5d"
7.10036791451111e-06,1,0.999999999998301,0.438502968243464,1,"#e06a5d"
7.10036791451111e-06,1,0.999999999998301,0.438502968243464,1,"#e06a5d"
7.15809448292177e-06,1,0.999999999998717,0.438502968243829,1,"#e06a5d"
7.15809448292177e-06,1,0.999999999998717,0.438502968243829,1,"#e06a5d"
7.15809448292177e-06,1,0.999999999998717,0.438502968243829,1,"#e06a5d"
7.15809448292177e-06,1,0.999999999998717,0.438502968243829,1,"#e06a5d"
7.15809448292177e-06,1,0.999999999998717,0.438502968243829,1,"#e06a5d"
7.15809448292177e-06,1,0.999999999998717,0.438502968243829,1,"#e06a5d"
7.15809448292177e-06,1,0.999999999998717,0.438502968243829,1,"#e06a5d"
7.15809448292177e-06,1,0.999999999998717,0.438502968243829,1,"#e06a5d"
7.15809448292177e-06,1,0.999999999998717,0.438502968243829,1,"#e06a5d"
7.15809448292177e-06,1,0.999999999998717,0.438502968243829,1,"#e06a5d"
7.15809448292177e-06,0.333333333333333,0.999999999998717,0.438502968243829,1,"#00a4ac"
7.15809448292177e-06,1,0.999999999998717,0.438502968243829,1,"#e06a5d"
7.21582105133243e-06,1,0.999999999999032,0.438502968244106,1,"#e06a5d"
7.21582105133243e-06,1,0.999999999999032,0.438502968244106,1,"#e06a5d"
7.21582105133243e-06,1,0.999999999999032,0.438502968244106,1,"#e06a5d"
7.21582105133243e-06,1,0.999999999999032,0.438502968244106,1,"#e06a5d"
7.21582105133243e-06,1,0.999999999999032,0.438502968244106,1,"#e06a5d"
7.21582105133243e-06,1,0.999999999999032,0.438502968244106,1,"#e06a5d"
7.21582105133243e-06,1,0.999999999999032,0.438502968244106,1,"#e06a5d"
7.21582105133243e-06,1,0.999999999999032,0.438502968244106,1,"#e06a5d"
7.21582105133243e-06,1,0.999999999999032,0.438502968244106,1,"#e06a5d"
7.21582105133243e-06,1,0.999999999999032,0.438502968244106,1,"#e06a5d"
7.21582105133243e-06,1,0.999999999999032,0.438502968244106,1,"#e06a5d"
7.21582105133243e-06,1,0.999999999999032,0.438502968244106,1,"#e06a5d"
7.27354761974309e-06,1,0.99999999999927,0.438502968244314,1,"#e06a5d"
7.27354761974309e-06,1,0.99999999999927,0.438502968244314,1,"#e06a5d"
7.27354761974309e-06,1,0.99999999999927,0.438502968244314,1,"#e06a5d"
7.27354761974309e-06,1,0.99999999999927,0.438502968244314,1,"#e06a5d"
7.27354761974309e-06,1,0.99999999999927,0.438502968244314,1,"#e06a5d"
7.27354761974309e-06,1,0.99999999999927,0.438502968244314,1,"#e06a5d"
7.27354761974309e-06,1,0.99999999999927,0.438502968244314,1,"#e06a5d"
7.27354761974309e-06,1,0.99999999999927,0.438502968244314,1,"#e06a5d"
7.27354761974309e-06,1,0.99999999999927,0.438502968244314,1,"#e06a5d"
7.27354761974309e-06,1,0.99999999999927,0.438502968244314,1,"#e06a5d"
7.33127418815375e-06,1,0.99999999999945,0.438502968244472,1,"#e06a5d"
7.33127418815375e-06,1,0.99999999999945,0.438502968244472,1,"#e06a5d"
7.33127418815375e-06,1,0.99999999999945,0.438502968244472,1,"#e06a5d"
7.33127418815375e-06,1,0.99999999999945,0.438502968244472,1,"#e06a5d"
7.33127418815375e-06,1,0.99999999999945,0.438502968244472,1,"#e06a5d"
7.33127418815375e-06,1,0.99999999999945,0.438502968244472,1,"#e06a5d"
7.33127418815375e-06,1,0.99999999999945,0.438502968244472,1,"#e06a5d"
7.33127418815375e-06,1,0.99999999999945,0.438502968244472,1,"#e06a5d"
7.33127418815375e-06,1,0.99999999999945,0.438502968244472,1,"#e06a5d"
7.33127418815375e-06,1,0.99999999999945,0.438502968244472,1,"#e06a5d"
7.3890007565644e-06,1,0.999999999999586,0.438502968244591,1,"#e06a5d"
7.3890007565644e-06,1,0.999999999999586,0.438502968244591,1,"#e06a5d"
7.3890007565644e-06,1,0.999999999999586,0.438502968244591,1,"#e06a5d"
7.3890007565644e-06,1,0.999999999999586,0.438502968244591,1,"#e06a5d"
7.3890007565644e-06,1,0.999999999999586,0.438502968244591,1,"#e06a5d"
7.3890007565644e-06,1,0.999999999999586,0.438502968244591,1,"#e06a5d"
7.3890007565644e-06,1,0.999999999999586,0.438502968244591,1,"#e06a5d"
7.3890007565644e-06,1,0.999999999999586,0.438502968244591,1,"#e06a5d"
7.3890007565644e-06,1,0.999999999999586,0.438502968244591,1,"#e06a5d"
7.3890007565644e-06,1,0.999999999999586,0.438502968244591,1,"#e06a5d"
7.3890007565644e-06,1,0.999999999999586,0.438502968244591,1,"#e06a5d"
7.3890007565644e-06,1,0.999999999999586,0.438502968244591,1,"#e06a5d"
7.44672732497506e-06,1,0.999999999999688,0.438502968244681,1,"#e06a5d"
7.44672732497506e-06,1,0.999999999999688,0.438502968244681,1,"#e06a5d"
7.44672732497506e-06,1,0.999999999999688,0.438502968244681,1,"#e06a5d"
7.44672732497506e-06,1,0.999999999999688,0.438502968244681,1,"#e06a5d"
7.44672732497506e-06,1,0.999999999999688,0.438502968244681,1,"#e06a5d"
7.44672732497506e-06,1,0.999999999999688,0.438502968244681,1,"#e06a5d"
7.44672732497506e-06,1,0.999999999999688,0.438502968244681,1,"#e06a5d"
7.44672732497506e-06,1,0.999999999999688,0.438502968244681,1,"#e06a5d"
7.44672732497506e-06,1,0.999999999999688,0.438502968244681,1,"#e06a5d"
7.44672732497506e-06,1,0.999999999999688,0.438502968244681,1,"#e06a5d"
7.44672732497506e-06,1,0.999999999999688,0.438502968244681,1,"#e06a5d"
7.44672732497506e-06,1,0.999999999999688,0.438502968244681,1,"#e06a5d"
7.44672732497506e-06,1,0.999999999999688,0.438502968244681,1,"#e06a5d"
7.50445389338572e-06,1,0.999999999999765,0.438502968244749,1,"#e06a5d"
7.50445389338572e-06,1,0.999999999999765,0.438502968244749,1,"#e06a5d"
7.50445389338572e-06,1,0.999999999999765,0.438502968244749,1,"#e06a5d"
7.50445389338572e-06,1,0.999999999999765,0.438502968244749,1,"#e06a5d"
7.56218046179638e-06,1,0.999999999999823,0.4385029682448,1,"#e06a5d"
7.56218046179638e-06,1,0.999999999999823,0.4385029682448,1,"#e06a5d"
7.56218046179638e-06,1,0.999999999999823,0.4385029682448,1,"#e06a5d"
7.56218046179638e-06,1,0.999999999999823,0.4385029682448,1,"#e06a5d"
7.56218046179638e-06,1,0.999999999999823,0.4385029682448,1,"#e06a5d"
7.56218046179638e-06,1,0.999999999999823,0.4385029682448,1,"#e06a5d"
7.56218046179638e-06,1,0.999999999999823,0.4385029682448,1,"#e06a5d"
7.56218046179638e-06,1,0.999999999999823,0.4385029682448,1,"#e06a5d"
7.56218046179638e-06,1,0.999999999999823,0.4385029682448,1,"#e06a5d"
7.61990703020704e-06,1,0.999999999999867,0.438502968244838,1,"#e06a5d"
7.61990703020704e-06,1,0.999999999999867,0.438502968244838,1,"#e06a5d"
7.61990703020704e-06,1,0.999999999999867,0.438502968244838,1,"#e06a5d"
7.61990703020704e-06,1,0.999999999999867,0.438502968244838,1,"#e06a5d"
7.61990703020704e-06,1,0.999999999999867,0.438502968244838,1,"#e06a5d"
7.61990703020704e-06,1,0.999999999999867,0.438502968244838,1,"#e06a5d"
7.61990703020704e-06,1,0.999999999999867,0.438502968244838,1,"#e06a5d"
7.61990703020704e-06,1,0.999999999999867,0.438502968244838,1,"#e06a5d"
7.61990703020704e-06,1,0.999999999999867,0.438502968244838,1,"#e06a5d"
7.61990703020704e-06,1,0.999999999999867,0.438502968244838,1,"#e06a5d"
7.61990703020704e-06,1,0.999999999999867,0.438502968244838,1,"#e06a5d"
7.6776335986177e-06,1,0.9999999999999,0.438502968244867,1,"#e06a5d"
7.6776335986177e-06,1,0.9999999999999,0.438502968244867,1,"#e06a5d"
7.6776335986177e-06,1,0.9999999999999,0.438502968244867,1,"#e06a5d"
7.6776335986177e-06,1,0.9999999999999,0.438502968244867,1,"#e06a5d"
7.6776335986177e-06,1,0.9999999999999,0.438502968244867,1,"#e06a5d"
7.6776335986177e-06,1,0.9999999999999,0.438502968244867,1,"#e06a5d"
7.6776335986177e-06,1,0.9999999999999,0.438502968244867,1,"#e06a5d"
7.6776335986177e-06,1,0.9999999999999,0.438502968244867,1,"#e06a5d"
7.73536016702836e-06,1,0.999999999999925,0.438502968244889,1,"#e06a5d"
7.73536016702836e-06,1,0.999999999999925,0.438502968244889,1,"#e06a5d"
7.73536016702836e-06,1,0.999999999999925,0.438502968244889,1,"#e06a5d"
7.73536016702836e-06,1,0.999999999999925,0.438502968244889,1,"#e06a5d"
7.73536016702836e-06,1,0.999999999999925,0.438502968244889,1,"#e06a5d"
7.73536016702836e-06,1,0.999999999999925,0.438502968244889,1,"#e06a5d"
7.73536016702836e-06,1,0.999999999999925,0.438502968244889,1,"#e06a5d"
7.73536016702836e-06,1,0.999999999999925,0.438502968244889,1,"#e06a5d"
7.79308673543902e-06,1,0.999999999999944,0.438502968244905,1,"#e06a5d"
7.79308673543902e-06,1,0.999999999999944,0.438502968244905,1,"#e06a5d"
7.79308673543902e-06,1,0.999999999999944,0.438502968244905,1,"#e06a5d"
7.79308673543902e-06,1,0.999999999999944,0.438502968244905,1,"#e06a5d"
7.79308673543902e-06,1,0.999999999999944,0.438502968244905,1,"#e06a5d"
7.79308673543902e-06,1,0.999999999999944,0.438502968244905,1,"#e06a5d"
7.79308673543902e-06,1,0.999999999999944,0.438502968244905,1,"#e06a5d"
7.79308673543902e-06,1,0.999999999999944,0.438502968244905,1,"#e06a5d"
7.79308673543902e-06,1,0.999999999999944,0.438502968244905,1,"#e06a5d"
7.79308673543902e-06,1,0.999999999999944,0.438502968244905,1,"#e06a5d"
7.79308673543902e-06,1,0.999999999999944,0.438502968244905,1,"#e06a5d"
7.79308673543902e-06,1,0.999999999999944,0.438502968244905,1,"#e06a5d"
7.85081330384968e-06,1,0.999999999999958,0.438502968244918,1,"#e06a5d"
7.85081330384968e-06,1,0.999999999999958,0.438502968244918,1,"#e06a5d"
7.85081330384968e-06,1,0.999999999999958,0.438502968244918,1,"#e06a5d"
7.85081330384968e-06,1,0.999999999999958,0.438502968244918,1,"#e06a5d"
7.85081330384968e-06,1,0.999999999999958,0.438502968244918,1,"#e06a5d"
7.85081330384968e-06,1,0.999999999999958,0.438502968244918,1,"#e06a5d"
7.85081330384968e-06,1,0.999999999999958,0.438502968244918,1,"#e06a5d"
7.90853987226034e-06,1,0.999999999999968,0.438502968244927,1,"#e06a5d"
7.90853987226034e-06,1,0.999999999999968,0.438502968244927,1,"#e06a5d"
7.90853987226034e-06,1,0.999999999999968,0.438502968244927,1,"#e06a5d"
7.90853987226034e-06,1,0.999999999999968,0.438502968244927,1,"#e06a5d"
7.90853987226034e-06,1,0.999999999999968,0.438502968244927,1,"#e06a5d"
7.90853987226034e-06,1,0.999999999999968,0.438502968244927,1,"#e06a5d"
7.90853987226034e-06,1,0.999999999999968,0.438502968244927,1,"#e06a5d"
7.90853987226034e-06,1,0.999999999999968,0.438502968244927,1,"#e06a5d"
7.90853987226034e-06,1,0.999999999999968,0.438502968244927,1,"#e06a5d"
7.90853987226034e-06,1,0.999999999999968,0.438502968244927,1,"#e06a5d"
7.90853987226034e-06,1,0.999999999999968,0.438502968244927,1,"#e06a5d"
7.966266440671e-06,1,0.999999999999976,0.438502968244934,1,"#e06a5d"
7.966266440671e-06,1,0.999999999999976,0.438502968244934,1,"#e06a5d"
7.966266440671e-06,1,0.999999999999976,0.438502968244934,1,"#e06a5d"
7.966266440671e-06,1,0.999999999999976,0.438502968244934,1,"#e06a5d"
7.966266440671e-06,1,0.999999999999976,0.438502968244934,1,"#e06a5d"
7.966266440671e-06,1,0.999999999999976,0.438502968244934,1,"#e06a5d"
7.966266440671e-06,1,0.999999999999976,0.438502968244934,1,"#e06a5d"
7.966266440671e-06,1,0.999999999999976,0.438502968244934,1,"#e06a5d"
7.966266440671e-06,1,0.999999999999976,0.438502968244934,1,"#e06a5d"
8.02399300908166e-06,1,0.999999999999982,0.438502968244939,1,"#e06a5d"
8.02399300908166e-06,1,0.999999999999982,0.438502968244939,1,"#e06a5d"
8.02399300908166e-06,1,0.999999999999982,0.438502968244939,1,"#e06a5d"
8.02399300908166e-06,1,0.999999999999982,0.438502968244939,1,"#e06a5d"
8.02399300908166e-06,1,0.999999999999982,0.438502968244939,1,"#e06a5d"
8.02399300908166e-06,1,0.999999999999982,0.438502968244939,1,"#e06a5d"
8.02399300908166e-06,1,0.999999999999982,0.438502968244939,1,"#e06a5d"
8.02399300908166e-06,1,0.999999999999982,0.438502968244939,1,"#e06a5d"
8.02399300908166e-06,1,0.999999999999982,0.438502968244939,1,"#e06a5d"
8.02399300908166e-06,1,0.999999999999982,0.438502968244939,1,"#e06a5d"
8.02399300908166e-06,1,0.999999999999982,0.438502968244939,1,"#e06a5d"
8.08171957749232e-06,1,0.999999999999987,0.438502968244943,1,"#e06a5d"
8.08171957749232e-06,1,0.999999999999987,0.438502968244943,1,"#e06a5d"
8.08171957749232e-06,1,0.999999999999987,0.438502968244943,1,"#e06a5d"
8.08171957749232e-06,1,0.999999999999987,0.438502968244943,1,"#e06a5d"
8.08171957749232e-06,1,0.999999999999987,0.438502968244943,1,"#e06a5d"
8.08171957749232e-06,1,0.999999999999987,0.438502968244943,1,"#e06a5d"
8.08171957749232e-06,1,0.999999999999987,0.438502968244943,1,"#e06a5d"
8.08171957749232e-06,1,0.999999999999987,0.438502968244943,1,"#e06a5d"
8.13944614590298e-06,1,0.99999999999999,0.438502968244946,1,"#e06a5d"
8.13944614590298e-06,1,0.99999999999999,0.438502968244946,1,"#e06a5d"
8.13944614590298e-06,1,0.99999999999999,0.438502968244946,1,"#e06a5d"
8.13944614590298e-06,1,0.99999999999999,0.438502968244946,1,"#e06a5d"
8.13944614590298e-06,1,0.99999999999999,0.438502968244946,1,"#e06a5d"
8.13944614590298e-06,1,0.99999999999999,0.438502968244946,1,"#e06a5d"
8.19717271431364e-06,1,0.999999999999993,0.438502968244948,1,"#e06a5d"
8.19717271431364e-06,1,0.999999999999993,0.438502968244948,1,"#e06a5d"
8.19717271431364e-06,1,0.999999999999993,0.438502968244948,1,"#e06a5d"
8.19717271431364e-06,1,0.999999999999993,0.438502968244948,1,"#e06a5d"
8.19717271431364e-06,1,0.999999999999993,0.438502968244948,1,"#e06a5d"
8.2548992827243e-06,1,0.999999999999994,0.43850296824495,1,"#e06a5d"
8.2548992827243e-06,1,0.999999999999994,0.43850296824495,1,"#e06a5d"
8.2548992827243e-06,1,0.999999999999994,0.43850296824495,1,"#e06a5d"
8.2548992827243e-06,1,0.999999999999994,0.43850296824495,1,"#e06a5d"
8.2548992827243e-06,1,0.999999999999994,0.43850296824495,1,"#e06a5d"
8.2548992827243e-06,1,0.999999999999994,0.43850296824495,1,"#e06a5d"
8.2548992827243e-06,1,0.999999999999994,0.43850296824495,1,"#e06a5d"
8.2548992827243e-06,1,0.999999999999994,0.43850296824495,1,"#e06a5d"
8.2548992827243e-06,1,0.999999999999994,0.43850296824495,1,"#e06a5d"
8.2548992827243e-06,0.666666666666667,0.999999999999994,0.43850296824495,1,"black"
8.31262585113496e-06,1,0.999999999999996,0.438502968244951,1,"#e06a5d"
8.31262585113496e-06,1,0.999999999999996,0.438502968244951,1,"#e06a5d"
8.31262585113496e-06,1,0.999999999999996,0.438502968244951,1,"#e06a5d"
8.31262585113496e-06,1,0.999999999999996,0.438502968244951,1,"#e06a5d"
8.31262585113496e-06,1,0.999999999999996,0.438502968244951,1,"#e06a5d"
8.31262585113496e-06,1,0.999999999999996,0.438502968244951,1,"#e06a5d"
8.31262585113496e-06,1,0.999999999999996,0.438502968244951,1,"#e06a5d"
8.31262585113496e-06,1,0.999999999999996,0.438502968244951,1,"#e06a5d"
8.31262585113496e-06,1,0.999999999999996,0.438502968244951,1,"#e06a5d"
8.31262585113496e-06,1,0.999999999999996,0.438502968244951,1,"#e06a5d"
8.37035241954562e-06,1,0.999999999999997,0.438502968244952,1,"#e06a5d"
8.37035241954562e-06,1,0.999999999999997,0.438502968244952,1,"#e06a5d"
8.37035241954562e-06,1,0.999999999999997,0.438502968244952,1,"#e06a5d"
8.37035241954562e-06,1,0.999999999999997,0.438502968244952,1,"#e06a5d"
8.37035241954562e-06,1,0.999999999999997,0.438502968244952,1,"#e06a5d"
8.37035241954562e-06,1,0.999999999999997,0.438502968244952,1,"#e06a5d"
8.37035241954562e-06,1,0.999999999999997,0.438502968244952,1,"#e06a5d"
8.37035241954562e-06,1,0.999999999999997,0.438502968244952,1,"#e06a5d"
8.37035241954562e-06,1,0.999999999999997,0.438502968244952,1,"#e06a5d"
8.37035241954562e-06,1,0.999999999999997,0.438502968244952,1,"#e06a5d"
8.37035241954562e-06,1,0.999999999999997,0.438502968244952,1,"#e06a5d"
8.42807898795627e-06,1,0.999999999999998,0.438502968244952,1,"#e06a5d"
8.42807898795627e-06,1,0.999999999999998,0.438502968244952,1,"#e06a5d"
8.42807898795627e-06,1,0.999999999999998,0.438502968244952,1,"#e06a5d"
8.42807898795627e-06,1,0.999999999999998,0.438502968244952,1,"#e06a5d"
8.42807898795627e-06,1,0.999999999999998,0.438502968244952,1,"#e06a5d"
8.42807898795627e-06,1,0.999999999999998,0.438502968244952,1,"#e06a5d"
8.42807898795627e-06,1,0.999999999999998,0.438502968244952,1,"#e06a5d"
8.42807898795627e-06,1,0.999999999999998,0.438502968244952,1,"#e06a5d"
8.42807898795627e-06,1,0.999999999999998,0.438502968244952,1,"#e06a5d"
8.42807898795627e-06,1,0.999999999999998,0.438502968244952,1,"#e06a5d"
8.48580555636693e-06,1,0.999999999999998,0.438502968244953,1,"#e06a5d"
8.48580555636693e-06,1,0.999999999999998,0.438502968244953,1,"#e06a5d"
8.48580555636693e-06,1,0.999999999999998,0.438502968244953,1,"#e06a5d"
8.48580555636693e-06,1,0.999999999999998,0.438502968244953,1,"#e06a5d"
8.48580555636693e-06,1,0.999999999999998,0.438502968244953,1,"#e06a5d"
8.48580555636693e-06,1,0.999999999999998,0.438502968244953,1,"#e06a5d"
8.48580555636693e-06,1,0.999999999999998,0.438502968244953,1,"#e06a5d"
8.48580555636693e-06,1,0.999999999999998,0.438502968244953,1,"#e06a5d"
8.48580555636693e-06,0.666666666666667,0.999999999999998,0.438502968244953,1,"black"
8.48580555636693e-06,1,0.999999999999998,0.438502968244953,1,"#e06a5d"
8.48580555636693e-06,0.666666666666667,0.999999999999998,0.438502968244953,1,"black"
8.48580555636693e-06,1,0.999999999999998,0.438502968244953,1,"#e06a5d"
8.54353212477759e-06,1,0.999999999999999,0.438502968244953,1,"#e06a5d"
8.54353212477759e-06,1,0.999999999999999,0.438502968244953,1,"#e06a5d"
8.54353212477759e-06,1,0.999999999999999,0.438502968244953,1,"#e06a5d"
8.54353212477759e-06,1,0.999999999999999,0.438502968244953,1,"#e06a5d"
8.54353212477759e-06,1,0.999999999999999,0.438502968244953,1,"#e06a5d"
8.54353212477759e-06,1,0.999999999999999,0.438502968244953,1,"#e06a5d"
8.54353212477759e-06,1,0.999999999999999,0.438502968244953,1,"#e06a5d"
8.54353212477759e-06,1,0.999999999999999,0.438502968244953,1,"#e06a5d"
8.60125869318825e-06,1,0.999999999999999,0.438502968244954,1,"#e06a5d"
8.60125869318825e-06,1,0.999999999999999,0.438502968244954,1,"#e06a5d"
8.60125869318825e-06,1,0.999999999999999,0.438502968244954,1,"#e06a5d"
8.60125869318825e-06,1,0.999999999999999,0.438502968244954,1,"#e06a5d"
8.60125869318825e-06,1,0.999999999999999,0.438502968244954,1,"#e06a5d"
8.60125869318825e-06,1,0.999999999999999,0.438502968244954,1,"#e06a5d"
8.60125869318825e-06,1,0.999999999999999,0.438502968244954,1,"#e06a5d"
8.60125869318825e-06,1,0.999999999999999,0.438502968244954,1,"#e06a5d"
8.60125869318825e-06,1,0.999999999999999,0.438502968244954,1,"#e06a5d"
8.60125869318825e-06,1,0.999999999999999,0.438502968244954,1,"#e06a5d"
8.65898526159891e-06,1,0.999999999999999,0.438502968244954,1,"#e06a5d"
8.65898526159891e-06,1,0.999999999999999,0.438502968244954,1,"#e06a5d"
8.65898526159891e-06,1,0.999999999999999,0.438502968244954,1,"#e06a5d"
8.65898526159891e-06,1,0.999999999999999,0.438502968244954,1,"#e06a5d"
8.65898526159891e-06,1,0.999999999999999,0.438502968244954,1,"#e06a5d"
8.65898526159891e-06,1,0.999999999999999,0.438502968244954,1,"#e06a5d"
8.65898526159891e-06,1,0.999999999999999,0.438502968244954,1,"#e06a5d"
8.65898526159891e-06,1,0.999999999999999,0.438502968244954,1,"#e06a5d"
8.65898526159891e-06,1,0.999999999999999,0.438502968244954,1,"#e06a5d"
8.65898526159891e-06,1,0.999999999999999,0.438502968244954,1,"#e06a5d"
8.65898526159891e-06,1,0.999999999999999,0.438502968244954,1,"#e06a5d"
8.71671183000957e-06,1,0.999999999999999,0.438502968244954,1,"#e06a5d"
8.71671183000957e-06,1,0.999999999999999,0.438502968244954,1,"#e06a5d"
8.71671183000957e-06,1,0.999999999999999,0.438502968244954,1,"#e06a5d"
8.71671183000957e-06,1,0.999999999999999,0.438502968244954,1,"#e06a5d"
8.71671183000957e-06,1,0.999999999999999,0.438502968244954,1,"#e06a5d"
8.71671183000957e-06,1,0.999999999999999,0.438502968244954,1,"#e06a5d"
8.77443839842023e-06,1,1,0.438502968244954,1,"#e06a5d"
8.77443839842023e-06,1,1,0.438502968244954,1,"#e06a5d"
8.77443839842023e-06,1,1,0.438502968244954,1,"#e06a5d"
8.77443839842023e-06,1,1,0.438502968244954,1,"#e06a5d"
8.77443839842023e-06,1,1,0.438502968244954,1,"#e06a5d"
8.77443839842023e-06,1,1,0.438502968244954,1,"#e06a5d"
8.77443839842023e-06,1,1,0.438502968244954,1,"#e06a5d"
8.77443839842023e-06,1,1,0.438502968244954,1,"#e06a5d"
8.77443839842023e-06,1,1,0.438502968244954,1,"#e06a5d"
8.77443839842023e-06,1,1,0.438502968244954,1,"#e06a5d"
8.77443839842023e-06,1,1,0.438502968244954,1,"#e06a5d"
8.77443839842023e-06,1,1,0.438502968244954,1,"#e06a5d"
8.83216496683089e-06,1,1,0.438502968244954,1,"#e06a5d"
8.83216496683089e-06,1,1,0.438502968244954,1,"#e06a5d"
8.83216496683089e-06,1,1,0.438502968244954,1,"#e06a5d"
8.83216496683089e-06,1,1,0.438502968244954,1,"#e06a5d"
8.83216496683089e-06,1,1,0.438502968244954,1,"#e06a5d"
8.83216496683089e-06,1,1,0.438502968244954,1,"#e06a5d"
8.83216496683089e-06,1,1,0.438502968244954,1,"#e06a5d"
8.83216496683089e-06,1,1,0.438502968244954,1,"#e06a5d"
8.83216496683089e-06,1,1,0.438502968244954,1,"#e06a5d"
8.83216496683089e-06,1,1,0.438502968244954,1,"#e06a5d"
8.83216496683089e-06,1,1,0.438502968244954,1,"#e06a5d"
8.88989153524155e-06,1,1,0.438502968244954,1,"#e06a5d"
8.88989153524155e-06,1,1,0.438502968244954,1,"#e06a5d"
8.88989153524155e-06,1,1,0.438502968244954,1,"#e06a5d"
8.88989153524155e-06,1,1,0.438502968244954,1,"#e06a5d"
8.88989153524155e-06,1,1,0.438502968244954,1,"#e06a5d"
8.88989153524155e-06,1,1,0.438502968244954,1,"#e06a5d"
8.94761810365221e-06,1,1,0.438502968244954,1,"#e06a5d"
8.94761810365221e-06,1,1,0.438502968244954,1,"#e06a5d"
8.94761810365221e-06,1,1,0.438502968244954,1,"#e06a5d"
8.94761810365221e-06,1,1,0.438502968244954,1,"#e06a5d"
8.94761810365221e-06,1,1,0.438502968244954,1,"#e06a5d"
8.94761810365221e-06,1,1,0.438502968244954,1,"#e06a5d"
8.94761810365221e-06,1,1,0.438502968244954,1,"#e06a5d"
9.00534467206287e-06,1,1,0.438502968244954,1,"#e06a5d"
9.00534467206287e-06,1,1,0.438502968244954,1,"#e06a5d"
9.00534467206287e-06,1,1,0.438502968244954,1,"#e06a5d"
9.00534467206287e-06,1,1,0.438502968244954,1,"#e06a5d"
9.06307124047353e-06,1,1,0.438502968244954,1,"#e06a5d"
9.06307124047353e-06,1,1,0.438502968244954,1,"#e06a5d"
9.06307124047353e-06,1,1,0.438502968244954,1,"#e06a5d"
9.06307124047353e-06,1,1,0.438502968244954,1,"#e06a5d"
9.06307124047353e-06,1,1,0.438502968244954,1,"#e06a5d"
9.06307124047353e-06,1,1,0.438502968244954,1,"#e06a5d"
9.12079780888419e-06,1,1,0.438502968244954,1,"#e06a5d"
9.12079780888419e-06,1,1,0.438502968244954,1,"#e06a5d"
9.12079780888419e-06,1,1,0.438502968244954,1,"#e06a5d"
9.12079780888419e-06,1,1,0.438502968244954,1,"#e06a5d"
9.12079780888419e-06,1,1,0.438502968244954,1,"#e06a5d"
9.12079780888419e-06,1,1,0.438502968244954,1,"#e06a5d"
9.17852437729485e-06,1,1,0.438502968244954,1,"#e06a5d"
9.17852437729485e-06,1,1,0.438502968244954,1,"#e06a5d"
9.17852437729485e-06,1,1,0.438502968244954,1,"#e06a5d"
9.17852437729485e-06,1,1,0.438502968244954,1,"#e06a5d"
9.17852437729485e-06,0.666666666666667,1,0.438502968244954,1,"black"
9.23625094570551e-06,1,1,0.438502968244954,1,"#e06a5d"
9.23625094570551e-06,1,1,0.438502968244954,1,"#e06a5d"
9.23625094570551e-06,1,1,0.438502968244954,1,"#e06a5d"
9.23625094570551e-06,1,1,0.438502968244954,1,"#e06a5d"
9.23625094570551e-06,1,1,0.438502968244954,1,"#e06a5d"
9.23625094570551e-06,1,1,0.438502968244954,1,"#e06a5d"
9.23625094570551e-06,1,1,0.438502968244954,1,"#e06a5d"
9.23625094570551e-06,1,1,0.438502968244954,1,"#e06a5d"
9.29397751411617e-06,1,1,0.438502968244954,1,"#e06a5d"
9.29397751411617e-06,1,1,0.438502968244954,1,"#e06a5d"
9.29397751411617e-06,1,1,0.438502968244954,1,"#e06a5d"
9.29397751411617e-06,1,1,0.438502968244954,1,"#e06a5d"
9.29397751411617e-06,1,1,0.438502968244954,1,"#e06a5d"
9.29397751411617e-06,1,1,0.438502968244954,1,"#e06a5d"
9.35170408252682e-06,1,1,0.438502968244954,1,"#e06a5d"
9.35170408252682e-06,1,1,0.438502968244954,1,"#e06a5d"
9.35170408252682e-06,1,1,0.438502968244954,1,"#e06a5d"
9.35170408252682e-06,1,1,0.438502968244954,1,"#e06a5d"
9.35170408252682e-06,1,1,0.438502968244954,1,"#e06a5d"
9.35170408252682e-06,1,1,0.438502968244954,1,"#e06a5d"
9.35170408252682e-06,1,1,0.438502968244954,1,"#e06a5d"
9.35170408252682e-06,1,1,0.438502968244954,1,"#e06a5d"
9.35170408252682e-06,1,1,0.438502968244954,1,"#e06a5d"
9.35170408252682e-06,1,1,0.438502968244954,1,"#e06a5d"
9.40943065093749e-06,1,1,0.438502968244954,1,"#e06a5d"
9.40943065093749e-06,1,1,0.438502968244954,1,"#e06a5d"
9.40943065093749e-06,1,1,0.438502968244954,1,"#e06a5d"
9.40943065093749e-06,1,1,0.438502968244954,1,"#e06a5d"
9.46715721934814e-06,1,1,0.438502968244954,1,"#e06a5d"
9.46715721934814e-06,1,1,0.438502968244954,1,"#e06a5d"
9.46715721934814e-06,1,1,0.438502968244954,1,"#e06a5d"
9.46715721934814e-06,1,1,0.438502968244954,1,"#e06a5d"
9.46715721934814e-06,1,1,0.438502968244954,1,"#e06a5d"
9.46715721934814e-06,1,1,0.438502968244954,1,"#e06a5d"
9.46715721934814e-06,1,1,0.438502968244954,1,"#e06a5d"
9.5248837877588e-06,1,1,0.438502968244954,1,"#e06a5d"
9.5248837877588e-06,1,1,0.438502968244954,1,"#e06a5d"
9.5248837877588e-06,1,1,0.438502968244954,1,"#e06a5d"
9.5248837877588e-06,1,1,0.438502968244954,1,"#e06a5d"
9.5248837877588e-06,1,1,0.438502968244954,1,"#e06a5d"
9.5248837877588e-06,1,1,0.438502968244954,1,"#e06a5d"
9.5248837877588e-06,1,1,0.438502968244954,1,"#e06a5d"
9.5248837877588e-06,1,1,0.438502968244954,1,"#e06a5d"
9.58261035616946e-06,1,1,0.438502968244954,1,"#e06a5d"
9.58261035616946e-06,1,1,0.438502968244954,1,"#e06a5d"
9.58261035616946e-06,1,1,0.438502968244954,1,"#e06a5d"
9.58261035616946e-06,1,1,0.438502968244954,1,"#e06a5d"
9.58261035616946e-06,1,1,0.438502968244954,1,"#e06a5d"
9.58261035616946e-06,1,1,0.438502968244954,1,"#e06a5d"
9.58261035616946e-06,1,1,0.438502968244954,1,"#e06a5d"
9.58261035616946e-06,1,1,0.438502968244954,1,"#e06a5d"
9.58261035616946e-06,1,1,0.438502968244954,1,"#e06a5d"
9.58261035616946e-06,1,1,0.438502968244954,1,"#e06a5d"
9.58261035616946e-06,1,1,0.438502968244954,1,"#e06a5d"
9.64033692458012e-06,1,1,0.438502968244954,1,"#e06a5d"
9.64033692458012e-06,1,1,0.438502968244954,1,"#e06a5d"
9.64033692458012e-06,1,1,0.438502968244954,1,"#e06a5d"
9.69806349299078e-06,1,1,0.438502968244954,1,"#e06a5d"
9.69806349299078e-06,1,1,0.438502968244954,1,"#e06a5d"
9.69806349299078e-06,1,1,0.438502968244954,1,"#e06a5d"
9.69806349299078e-06,1,1,0.438502968244954,1,"#e06a5d"
9.69806349299078e-06,1,1,0.438502968244954,1,"#e06a5d"
9.69806349299078e-06,1,1,0.438502968244954,1,"#e06a5d"
9.69806349299078e-06,1,1,0.438502968244954,1,"#e06a5d"
9.69806349299078e-06,1,1,0.438502968244954,1,"#e06a5d"
9.69806349299078e-06,1,1,0.438502968244954,1,"#e06a5d"
9.69806349299078e-06,1,1,0.438502968244954,1,"#e06a5d"
9.75579006140144e-06,1,1,0.438502968244954,1,"#e06a5d"
9.75579006140144e-06,1,1,0.438502968244954,1,"#e06a5d"
9.75579006140144e-06,1,1,0.438502968244954,1,"#e06a5d"
9.75579006140144e-06,1,1,0.438502968244954,1,"#e06a5d"
9.75579006140144e-06,1,1,0.438502968244954,1,"#e06a5d"
9.75579006140144e-06,1,1,0.438502968244954,1,"#e06a5d"
9.75579006140144e-06,1,1,0.438502968244954,1,"#e06a5d"
9.75579006140144e-06,1,1,0.438502968244954,1,"#e06a5d"
9.75579006140144e-06,1,1,0.438502968244954,1,"#e06a5d"
9.8135166298121e-06,1,1,0.438502968244954,1,"#e06a5d"
9.8135166298121e-06,1,1,0.438502968244954,1,"#e06a5d"
9.87124319822276e-06,1,1,0.438502968244954,1,"#e06a5d"
9.87124319822276e-06,1,1,0.438502968244954,1,"#e06a5d"
9.87124319822276e-06,1,1,0.438502968244954,1,"#e06a5d"
9.87124319822276e-06,1,1,0.438502968244954,1,"#e06a5d"
9.87124319822276e-06,1,1,0.438502968244954,1,"#e06a5d"
9.87124319822276e-06,1,1,0.438502968244954,1,"#e06a5d"
9.87124319822276e-06,1,1,0.438502968244954,1,"#e06a5d"
9.92896976663342e-06,1,1,0.438502968244954,1,"#e06a5d"
9.92896976663342e-06,1,1,0.438502968244954,1,"#e06a5d"
9.92896976663342e-06,1,1,0.438502968244954,1,"#e06a5d"
9.92896976663342e-06,1,1,0.438502968244954,1,"#e06a5d"
9.92896976663342e-06,1,1,0.438502968244954,1,"#e06a5d"
9.92896976663342e-06,1,1,0.438502968244954,1,"#e06a5d"
9.92896976663342e-06,1,1,0.438502968244954,1,"#e06a5d"
9.98669633504408e-06,1,1,0.438502968244954,1,"#e06a5d"
9.98669633504408e-06,1,1,0.438502968244954,1,"#e06a5d"
9.98669633504408e-06,1,1,0.438502968244954,1,"#e06a5d"
9.98669633504408e-06,1,1,0.438502968244954,1,"#e06a5d"
1.00444229034547e-05,1,1,0.438502968244954,1,"#e06a5d"
1.00444229034547e-05,1,1,0.438502968244954,1,"#e06a5d"
1.00444229034547e-05,1,1,0.438502968244954,1,"#e06a5d"
1.00444229034547e-05,1,1,0.438502968244954,1,"#e06a5d"
1.01021494718654e-05,1,1,0.438502968244954,1,"#e06a5d"
1.01021494718654e-05,1,1,0.438502968244954,1,"#e06a5d"
1.01021494718654e-05,1,1,0.438502968244954,1,"#e06a5d"
1.01021494718654e-05,1,1,0.438502968244954,1,"#e06a5d"
1.01021494718654e-05,1,1,0.438502968244954,1,"#e06a5d"
1.01021494718654e-05,1,1,0.438502968244954,1,"#e06a5d"
1.01598760402761e-05,1,1,0.438502968244954,1,"#e06a5d"
1.01598760402761e-05,1,1,0.438502968244954,1,"#e06a5d"
1.02176026086867e-05,1,1,0.438502968244954,1,"#e06a5d"
1.02176026086867e-05,1,1,0.438502968244954,1,"#e06a5d"
1.02176026086867e-05,1,1,0.438502968244954,1,"#e06a5d"
1.02176026086867e-05,1,1,0.438502968244954,1,"#e06a5d"
1.02176026086867e-05,1,1,0.438502968244954,1,"#e06a5d"
1.02176026086867e-05,1,1,0.438502968244954,1,"#e06a5d"
1.02176026086867e-05,1,1,0.438502968244954,1,"#e06a5d"
1.02176026086867e-05,1,1,0.438502968244954,1,"#e06a5d"
1.02176026086867e-05,1,1,0.438502968244954,1,"#e06a5d"
1.02176026086867e-05,1,1,0.438502968244954,1,"#e06a5d"
1.02176026086867e-05,1,1,0.438502968244954,1,"#e06a5d"
1.02753291770974e-05,1,1,0.438502968244954,1,"#e06a5d"
1.02753291770974e-05,1,1,0.438502968244954,1,"#e06a5d"
1.02753291770974e-05,1,1,0.438502968244954,1,"#e06a5d"
1.02753291770974e-05,1,1,0.438502968244954,1,"#e06a5d"
1.0333055745508e-05,1,1,0.438502968244954,1,"#e06a5d"
1.0333055745508e-05,1,1,0.438502968244954,1,"#e06a5d"
1.0333055745508e-05,1,1,0.438502968244954,1,"#e06a5d"
1.0333055745508e-05,1,1,0.438502968244954,1,"#e06a5d"
1.0333055745508e-05,1,1,0.438502968244954,1,"#e06a5d"
1.0333055745508e-05,0.666666666666667,1,0.438502968244954,1,"black"
1.03907823139187e-05,1,1,0.438502968244954,1,"#e06a5d"
1.03907823139187e-05,1,1,0.438502968244954,1,"#e06a5d"
1.03907823139187e-05,1,1,0.438502968244954,1,"#e06a5d"
1.03907823139187e-05,1,1,0.438502968244954,1,"#e06a5d"
1.03907823139187e-05,1,1,0.438502968244954,1,"#e06a5d"
1.03907823139187e-05,1,1,0.438502968244954,1,"#e06a5d"
1.03907823139187e-05,1,1,0.438502968244954,1,"#e06a5d"
1.03907823139187e-05,1,1,0.438502968244954,1,"#e06a5d"
1.03907823139187e-05,1,1,0.438502968244954,1,"#e06a5d"
1.03907823139187e-05,1,1,0.438502968244954,1,"#e06a5d"
1.04485088823294e-05,1,1,0.438502968244954,1,"#e06a5d"
1.04485088823294e-05,1,1,0.438502968244954,1,"#e06a5d"
1.04485088823294e-05,1,1,0.438502968244954,1,"#e06a5d"
1.04485088823294e-05,1,1,0.438502968244954,1,"#e06a5d"
1.04485088823294e-05,1,1,0.438502968244954,1,"#e06a5d"
1.04485088823294e-05,1,1,0.438502968244954,1,"#e06a5d"
1.04485088823294e-05,1,1,0.438502968244954,1,"#e06a5d"
1.050623545074e-05,1,1,0.438502968244954,1,"#e06a5d"
1.05639620191507e-05,1,1,0.438502968244954,1,"#e06a5d"
1.05639620191507e-05,1,1,0.438502968244954,1,"#e06a5d"
1.05639620191507e-05,1,1,0.438502968244954,1,"#e06a5d"
1.05639620191507e-05,1,1,0.438502968244954,1,"#e06a5d"
1.05639620191507e-05,1,1,0.438502968244954,1,"#e06a5d"
1.05639620191507e-05,1,1,0.438502968244954,1,"#e06a5d"
1.05639620191507e-05,1,1,0.438502968244954,1,"#e06a5d"
1.05639620191507e-05,1,1,0.438502968244954,1,"#e06a5d"
1.06216885875613e-05,1,1,0.438502968244954,1,"#e06a5d"
1.06216885875613e-05,1,1,0.438502968244954,1,"#e06a5d"
1.06216885875613e-05,1,1,0.438502968244954,1,"#e06a5d"
1.06216885875613e-05,1,1,0.438502968244954,1,"#e06a5d"
1.06216885875613e-05,1,1,0.438502968244954,1,"#e06a5d"
1.0679415155972e-05,1,1,0.438502968244954,1,"#e06a5d"
1.0679415155972e-05,1,1,0.438502968244954,1,"#e06a5d"
1.0679415155972e-05,1,1,0.438502968244954,1,"#e06a5d"
1.0679415155972e-05,1,1,0.438502968244954,1,"#e06a5d"
1.0679415155972e-05,1,1,0.438502968244954,1,"#e06a5d"
1.07371417243827e-05,1,1,0.438502968244954,1,"#e06a5d"
1.07371417243827e-05,1,1,0.438502968244954,1,"#e06a5d"
1.07371417243827e-05,1,1,0.438502968244954,1,"#e06a5d"
1.07371417243827e-05,1,1,0.438502968244954,1,"#e06a5d"
1.07371417243827e-05,1,1,0.438502968244954,1,"#e06a5d"
1.07948682927933e-05,1,1,0.438502968244954,1,"#e06a5d"
1.07948682927933e-05,1,1,0.438502968244954,1,"#e06a5d"
1.07948682927933e-05,1,1,0.438502968244954,1,"#e06a5d"
1.07948682927933e-05,1,1,0.438502968244954,1,"#e06a5d"
1.07948682927933e-05,1,1,0.438502968244954,1,"#e06a5d"
1.07948682927933e-05,1,1,0.438502968244954,1,"#e06a5d"
1.07948682927933e-05,1,1,0.438502968244954,1,"#e06a5d"
1.07948682927933e-05,1,1,0.438502968244954,1,"#e06a5d"
1.0852594861204e-05,1,1,0.438502968244954,1,"#e06a5d"
1.0852594861204e-05,1,1,0.438502968244954,1,"#e06a5d"
1.0852594861204e-05,1,1,0.438502968244954,1,"#e06a5d"
1.0852594861204e-05,1,1,0.438502968244954,1,"#e06a5d"
1.0852594861204e-05,1,1,0.438502968244954,1,"#e06a5d"
1.0852594861204e-05,1,1,0.438502968244954,1,"#e06a5d"
1.09103214296146e-05,1,1,0.438502968244954,1,"#e06a5d"
1.09103214296146e-05,1,1,0.438502968244954,1,"#e06a5d"
1.09680479980253e-05,1,1,0.438502968244954,1,"#e06a5d"
1.09680479980253e-05,1,1,0.438502968244954,1,"#e06a5d"
1.09680479980253e-05,1,1,0.438502968244954,1,"#e06a5d"
1.09680479980253e-05,1,1,0.438502968244954,1,"#e06a5d"
1.09680479980253e-05,1,1,0.438502968244954,1,"#e06a5d"
1.09680479980253e-05,1,1,0.438502968244954,1,"#e06a5d"
1.10257745664359e-05,1,1,0.438502968244954,1,"#e06a5d"
1.10257745664359e-05,1,1,0.438502968244954,1,"#e06a5d"
1.10257745664359e-05,1,1,0.438502968244954,1,"#e06a5d"
1.10257745664359e-05,1,1,0.438502968244954,1,"#e06a5d"
1.10257745664359e-05,1,1,0.438502968244954,1,"#e06a5d"
1.10257745664359e-05,1,1,0.438502968244954,1,"#e06a5d"
1.10257745664359e-05,1,1,0.438502968244954,1,"#e06a5d"
1.10835011348466e-05,1,1,0.438502968244954,1,"#e06a5d"
1.10835011348466e-05,1,1,0.438502968244954,1,"#e06a5d"
1.10835011348466e-05,1,1,0.438502968244954,1,"#e06a5d"
1.10835011348466e-05,1,1,0.438502968244954,1,"#e06a5d"
1.10835011348466e-05,1,1,0.438502968244954,1,"#e06a5d"
1.10835011348466e-05,1,1,0.438502968244954,1,"#e06a5d"
1.11412277032573e-05,1,1,0.438502968244954,1,"#e06a5d"
1.11412277032573e-05,1,1,0.438502968244954,1,"#e06a5d"
1.11412277032573e-05,1,1,0.438502968244954,1,"#e06a5d"
1.11412277032573e-05,1,1,0.438502968244954,1,"#e06a5d"
1.11412277032573e-05,1,1,0.438502968244954,1,"#e06a5d"
1.11989542716679e-05,1,1,0.438502968244954,1,"#e06a5d"
1.11989542716679e-05,1,1,0.438502968244954,1,"#e06a5d"
1.11989542716679e-05,1,1,0.438502968244954,1,"#e06a5d"
1.11989542716679e-05,1,1,0.438502968244954,1,"#e06a5d"
1.12566808400786e-05,1,1,0.438502968244954,1,"#e06a5d"
1.12566808400786e-05,1,1,0.438502968244954,1,"#e06a5d"
1.12566808400786e-05,1,1,0.438502968244954,1,"#e06a5d"
1.13144074084892e-05,1,1,0.438502968244954,1,"#e06a5d"
1.13144074084892e-05,1,1,0.438502968244954,1,"#e06a5d"
1.13144074084892e-05,1,1,0.438502968244954,1,"#e06a5d"
1.13144074084892e-05,1,1,0.438502968244954,1,"#e06a5d"
1.13721339768999e-05,1,1,0.438502968244954,1,"#e06a5d"
1.13721339768999e-05,1,1,0.438502968244954,1,"#e06a5d"
1.13721339768999e-05,1,1,0.438502968244954,1,"#e06a5d"
1.13721339768999e-05,1,1,0.438502968244954,1,"#e06a5d"
1.14298605453106e-05,1,1,0.438502968244954,1,"#e06a5d"
1.14875871137212e-05,1,1,0.438502968244954,1,"#e06a5d"
1.14875871137212e-05,1,1,0.438502968244954,1,"#e06a5d"
1.14875871137212e-05,1,1,0.438502968244954,1,"#e06a5d"
1.14875871137212e-05,1,1,0.438502968244954,1,"#e06a5d"
1.14875871137212e-05,1,1,0.438502968244954,1,"#e06a5d"
1.14875871137212e-05,1,1,0.438502968244954,1,"#e06a5d"
1.14875871137212e-05,1,1,0.438502968244954,1,"#e06a5d"
1.14875871137212e-05,1,1,0.438502968244954,1,"#e06a5d"
1.15453136821319e-05,1,1,0.438502968244954,1,"#e06a5d"
1.15453136821319e-05,1,1,0.438502968244954,1,"#e06a5d"
1.15453136821319e-05,1,1,0.438502968244954,1,"#e06a5d"
1.16030402505425e-05,1,1,0.438502968244954,1,"#e06a5d"
1.16030402505425e-05,1,1,0.438502968244954,1,"#e06a5d"
1.16030402505425e-05,1,1,0.438502968244954,1,"#e06a5d"
1.16607668189532e-05,1,1,0.438502968244954,1,"#e06a5d"
1.16607668189532e-05,1,1,0.438502968244954,1,"#e06a5d"
1.16607668189532e-05,1,1,0.438502968244954,1,"#e06a5d"
1.16607668189532e-05,1,1,0.438502968244954,1,"#e06a5d"
1.17184933873639e-05,1,1,0.438502968244954,1,"#e06a5d"
1.17184933873639e-05,1,1,0.438502968244954,1,"#e06a5d"
1.17184933873639e-05,1,1,0.438502968244954,1,"#e06a5d"
1.17184933873639e-05,1,1,0.438502968244954,1,"#e06a5d"
1.17184933873639e-05,1,1,0.438502968244954,1,"#e06a5d"
1.17762199557745e-05,1,1,0.438502968244954,1,"#e06a5d"
1.17762199557745e-05,1,1,0.438502968244954,1,"#e06a5d"
1.17762199557745e-05,1,1,0.438502968244954,1,"#e06a5d"
1.17762199557745e-05,1,1,0.438502968244954,1,"#e06a5d"
1.17762199557745e-05,1,1,0.438502968244954,1,"#e06a5d"
1.17762199557745e-05,1,1,0.438502968244954,1,"#e06a5d"
1.17762199557745e-05,1,1,0.438502968244954,1,"#e06a5d"
1.17762199557745e-05,1,1,0.438502968244954,1,"#e06a5d"
1.18339465241852e-05,1,1,0.438502968244954,1,"#e06a5d"
1.18339465241852e-05,1,1,0.438502968244954,1,"#e06a5d"
1.18339465241852e-05,1,1,0.438502968244954,1,"#e06a5d"
1.18339465241852e-05,1,1,0.438502968244954,1,"#e06a5d"
1.18916730925958e-05,1,1,0.438502968244954,1,"#e06a5d"
1.18916730925958e-05,1,1,0.438502968244954,1,"#e06a5d"
1.18916730925958e-05,1,1,0.438502968244954,1,"#e06a5d"
1.18916730925958e-05,1,1,0.438502968244954,1,"#e06a5d"
1.18916730925958e-05,1,1,0.438502968244954,1,"#e06a5d"
1.18916730925958e-05,1,1,0.438502968244954,1,"#e06a5d"
1.18916730925958e-05,1,1,0.438502968244954,1,"#e06a5d"
1.18916730925958e-05,1,1,0.438502968244954,1,"#e06a5d"
1.18916730925958e-05,1,1,0.438502968244954,1,"#e06a5d"
1.19493996610065e-05,1,1,0.438502968244954,1,"#e06a5d"
1.19493996610065e-05,1,1,0.438502968244954,1,"#e06a5d"
1.19493996610065e-05,1,1,0.438502968244954,1,"#e06a5d"
1.20071262294172e-05,1,1,0.438502968244954,1,"#e06a5d"
1.20071262294172e-05,1,1,0.438502968244954,1,"#e06a5d"
1.20071262294172e-05,1,1,0.438502968244954,1,"#e06a5d"
1.20071262294172e-05,1,1,0.438502968244954,1,"#e06a5d"
1.20071262294172e-05,1,1,0.438502968244954,1,"#e06a5d"
1.20648527978278e-05,1,1,0.438502968244954,1,"#e06a5d"
1.20648527978278e-05,1,1,0.438502968244954,1,"#e06a5d"
1.20648527978278e-05,1,1,0.438502968244954,1,"#e06a5d"
1.20648527978278e-05,1,1,0.438502968244954,1,"#e06a5d"
1.21225793662385e-05,1,1,0.438502968244954,1,"#e06a5d"
1.21225793662385e-05,1,1,0.438502968244954,1,"#e06a5d"
1.21225793662385e-05,1,1,0.438502968244954,1,"#e06a5d"
1.21225793662385e-05,1,1,0.438502968244954,1,"#e06a5d"
1.21225793662385e-05,1,1,0.438502968244954,1,"#e06a5d"
1.21803059346491e-05,1,1,0.438502968244954,1,"#e06a5d"
1.21803059346491e-05,1,1,0.438502968244954,1,"#e06a5d"
1.21803059346491e-05,1,1,0.438502968244954,1,"#e06a5d"
1.21803059346491e-05,1,1,0.438502968244954,1,"#e06a5d"
1.21803059346491e-05,1,1,0.438502968244954,1,"#e06a5d"
1.22380325030598e-05,1,1,0.438502968244954,1,"#e06a5d"
1.22380325030598e-05,1,1,0.438502968244954,1,"#e06a5d"
1.22380325030598e-05,1,1,0.438502968244954,1,"#e06a5d"
1.22380325030598e-05,1,1,0.438502968244954,1,"#e06a5d"
1.22957590714705e-05,1,1,0.438502968244954,1,"#e06a5d"
1.22957590714705e-05,1,1,0.438502968244954,1,"#e06a5d"
1.22957590714705e-05,1,1,0.438502968244954,1,"#e06a5d"
1.22957590714705e-05,1,1,0.438502968244954,1,"#e06a5d"
1.22957590714705e-05,1,1,0.438502968244954,1,"#e06a5d"
1.23534856398811e-05,1,1,0.438502968244954,1,"#e06a5d"
1.23534856398811e-05,1,1,0.438502968244954,1,"#e06a5d"
1.23534856398811e-05,1,1,0.438502968244954,1,"#e06a5d"
1.23534856398811e-05,1,1,0.438502968244954,1,"#e06a5d"
1.23534856398811e-05,1,1,0.438502968244954,1,"#e06a5d"
1.24112122082918e-05,1,1,0.438502968244954,1,"#e06a5d"
1.24112122082918e-05,1,1,0.438502968244954,1,"#e06a5d"
1.24112122082918e-05,1,1,0.438502968244954,1,"#e06a5d"
1.24689387767024e-05,1,1,0.438502968244954,1,"#e06a5d"
1.24689387767024e-05,1,1,0.438502968244954,1,"#e06a5d"
1.24689387767024e-05,1,1,0.438502968244954,1,"#e06a5d"
1.24689387767024e-05,1,1,0.438502968244954,1,"#e06a5d"
1.24689387767024e-05,1,1,0.438502968244954,1,"#e06a5d"
1.24689387767024e-05,1,1,0.438502968244954,1,"#e06a5d"
1.24689387767024e-05,1,1,0.438502968244954,1,"#e06a5d"
1.25266653451131e-05,1,1,0.438502968244954,1,"#e06a5d"
1.25266653451131e-05,1,1,0.438502968244954,1,"#e06a5d"
1.25843919135238e-05,1,1,0.438502968244954,1,"#e06a5d"
1.25843919135238e-05,1,1,0.438502968244954,1,"#e06a5d"
1.25843919135238e-05,1,1,0.438502968244954,1,"#e06a5d"
1.26421184819344e-05,1,1,0.438502968244954,1,"#e06a5d"
1.26421184819344e-05,1,1,0.438502968244954,1,"#e06a5d"
1.26421184819344e-05,1,1,0.438502968244954,1,"#e06a5d"
1.26998450503451e-05,1,1,0.438502968244954,1,"#e06a5d"
1.26998450503451e-05,1,1,0.438502968244954,1,"#e06a5d"
1.26998450503451e-05,1,1,0.438502968244954,1,"#e06a5d"
1.26998450503451e-05,1,1,0.438502968244954,1,"#e06a5d"
1.27575716187557e-05,1,1,0.438502968244954,1,"#e06a5d"
1.27575716187557e-05,1,1,0.438502968244954,1,"#e06a5d"
1.28152981871664e-05,1,1,0.438502968244954,1,"#e06a5d"
1.28152981871664e-05,1,1,0.438502968244954,1,"#e06a5d"
1.28152981871664e-05,1,1,0.438502968244954,1,"#e06a5d"
1.28152981871664e-05,1,1,0.438502968244954,1,"#e06a5d"
1.28152981871664e-05,1,1,0.438502968244954,1,"#e06a5d"
1.2873024755577e-05,1,1,0.438502968244954,1,"#e06a5d"
1.2873024755577e-05,1,1,0.438502968244954,1,"#e06a5d"
1.2873024755577e-05,1,1,0.438502968244954,1,"#e06a5d"
1.29307513239877e-05,1,1,0.438502968244954,1,"#e06a5d"
1.29307513239877e-05,1,1,0.438502968244954,1,"#e06a5d"
1.29307513239877e-05,1,1,0.438502968244954,1,"#e06a5d"
1.29884778923984e-05,1,1,0.438502968244954,1,"#e06a5d"
1.29884778923984e-05,1,1,0.438502968244954,1,"#e06a5d"
1.29884778923984e-05,1,1,0.438502968244954,1,"#e06a5d"
1.3046204460809e-05,1,1,0.438502968244954,1,"#e06a5d"
1.3046204460809e-05,1,1,0.438502968244954,1,"#e06a5d"
1.3046204460809e-05,1,1,0.438502968244954,1,"#e06a5d"
1.3046204460809e-05,1,1,0.438502968244954,1,"#e06a5d"
1.3046204460809e-05,1,1,0.438502968244954,1,"#e06a5d"
1.3046204460809e-05,1,1,0.438502968244954,1,"#e06a5d"
1.31039310292197e-05,1,1,0.438502968244954,1,"#e06a5d"
1.31039310292197e-05,1,1,0.438502968244954,1,"#e06a5d"
1.31616575976303e-05,1,1,0.438502968244954,1,"#e06a5d"
1.3219384166041e-05,1,1,0.438502968244954,1,"#e06a5d"
1.3219384166041e-05,1,1,0.438502968244954,1,"#e06a5d"
1.32771107344517e-05,1,1,0.438502968244954,1,"#e06a5d"
1.32771107344517e-05,1,1,0.438502968244954,1,"#e06a5d"
1.32771107344517e-05,1,1,0.438502968244954,1,"#e06a5d"
1.33348373028623e-05,1,1,0.438502968244954,1,"#e06a5d"
1.33348373028623e-05,1,1,0.438502968244954,1,"#e06a5d"
1.33348373028623e-05,1,1,0.438502968244954,1,"#e06a5d"
1.33348373028623e-05,1,1,0.438502968244954,1,"#e06a5d"
1.3392563871273e-05,1,1,0.438502968244954,1,"#e06a5d"
1.3392563871273e-05,1,1,0.438502968244954,1,"#e06a5d"
1.3392563871273e-05,1,1,0.438502968244954,1,"#e06a5d"
1.34502904396836e-05,1,1,0.438502968244954,1,"#e06a5d"
1.34502904396836e-05,1,1,0.438502968244954,1,"#e06a5d"
1.34502904396836e-05,1,1,0.438502968244954,1,"#e06a5d"
1.34502904396836e-05,1,1,0.438502968244954,1,"#e06a5d"
1.34502904396836e-05,1,1,0.438502968244954,1,"#e06a5d"
1.35080170080943e-05,1,1,0.438502968244954,1,"#e06a5d"
1.35080170080943e-05,1,1,0.438502968244954,1,"#e06a5d"
1.35080170080943e-05,1,1,0.438502968244954,1,"#e06a5d"
1.3565743576505e-05,1,1,0.438502968244954,1,"#e06a5d"
1.3565743576505e-05,1,1,0.438502968244954,1,"#e06a5d"
1.3565743576505e-05,1,1,0.438502968244954,1,"#e06a5d"
1.36234701449156e-05,1,1,0.438502968244954,1,"#e06a5d"
1.36234701449156e-05,1,1,0.438502968244954,1,"#e06a5d"
1.36234701449156e-05,1,1,0.438502968244954,1,"#e06a5d"
1.36234701449156e-05,1,1,0.438502968244954,1,"#e06a5d"
1.36234701449156e-05,1,1,0.438502968244954,1,"#e06a5d"
1.36234701449156e-05,1,1,0.438502968244954,1,"#e06a5d"
1.36811967133263e-05,1,1,0.438502968244954,1,"#e06a5d"
1.36811967133263e-05,1,1,0.438502968244954,1,"#e06a5d"
1.36811967133263e-05,1,1,0.438502968244954,1,"#e06a5d"
1.36811967133263e-05,1,1,0.438502968244954,1,"#e06a5d"
1.37389232817369e-05,1,1,0.438502968244954,1,"#e06a5d"
1.37389232817369e-05,1,1,0.438502968244954,1,"#e06a5d"
1.37389232817369e-05,1,1,0.438502968244954,1,"#e06a5d"
1.37389232817369e-05,1,1,0.438502968244954,1,"#e06a5d"
1.37966498501476e-05,1,1,0.438502968244954,1,"#e06a5d"
1.37966498501476e-05,1,1,0.438502968244954,1,"#e06a5d"
1.37966498501476e-05,1,1,0.438502968244954,1,"#e06a5d"
1.37966498501476e-05,1,1,0.438502968244954,1,"#e06a5d"
1.37966498501476e-05,1,1,0.438502968244954,1,"#e06a5d"
1.37966498501476e-05,1,1,0.438502968244954,1,"#e06a5d"
1.38543764185583e-05,1,1,0.438502968244954,1,"#e06a5d"
1.38543764185583e-05,1,1,0.438502968244954,1,"#e06a5d"
1.38543764185583e-05,1,1,0.438502968244954,1,"#e06a5d"
1.38543764185583e-05,1,1,0.438502968244954,1,"#e06a5d"
1.38543764185583e-05,1,1,0.438502968244954,1,"#e06a5d"
1.38543764185583e-05,1,1,0.438502968244954,1,"#e06a5d"
1.38543764185583e-05,1,1,0.438502968244954,1,"#e06a5d"
1.38543764185583e-05,1,1,0.438502968244954,1,"#e06a5d"
1.39121029869689e-05,1,1,0.438502968244954,1,"#e06a5d"
1.39121029869689e-05,1,1,0.438502968244954,1,"#e06a5d"
1.39121029869689e-05,1,1,0.438502968244954,1,"#e06a5d"
1.39698295553796e-05,1,1,0.438502968244954,1,"#e06a5d"
1.39698295553796e-05,1,1,0.438502968244954,1,"#e06a5d"
1.39698295553796e-05,1,1,0.438502968244954,1,"#e06a5d"
1.39698295553796e-05,1,1,0.438502968244954,1,"#e06a5d"
1.40275561237902e-05,1,1,0.438502968244954,1,"#e06a5d"
1.40275561237902e-05,1,1,0.438502968244954,1,"#e06a5d"
1.40275561237902e-05,1,1,0.438502968244954,1,"#e06a5d"
1.40275561237902e-05,1,1,0.438502968244954,1,"#e06a5d"
1.40275561237902e-05,1,1,0.438502968244954,1,"#e06a5d"
1.40852826922009e-05,1,1,0.438502968244954,1,"#e06a5d"
1.41430092606116e-05,1,1,0.438502968244954,1,"#e06a5d"
1.41430092606116e-05,1,1,0.438502968244954,1,"#e06a5d"
1.42007358290222e-05,1,1,0.438502968244954,1,"#e06a5d"
1.42007358290222e-05,1,1,0.438502968244954,1,"#e06a5d"
1.42007358290222e-05,1,1,0.438502968244954,1,"#e06a5d"
1.42584623974329e-05,1,1,0.438502968244954,1,"#e06a5d"
1.42584623974329e-05,1,1,0.438502968244954,1,"#e06a5d"
1.42584623974329e-05,1,1,0.438502968244954,1,"#e06a5d"
1.42584623974329e-05,1,1,0.438502968244954,1,"#e06a5d"
1.42584623974329e-05,1,1,0.438502968244954,1,"#e06a5d"
1.42584623974329e-05,1,1,0.438502968244954,1,"#e06a5d"
1.43161889658435e-05,1,1,0.438502968244954,1,"#e06a5d"
1.43161889658435e-05,1,1,0.438502968244954,1,"#e06a5d"
1.43739155342542e-05,1,1,0.438502968244954,1,"#e06a5d"
1.43739155342542e-05,1,1,0.438502968244954,1,"#e06a5d"
1.43739155342542e-05,1,1,0.438502968244954,1,"#e06a5d"
1.44316421026649e-05,1,1,0.438502968244954,1,"#e06a5d"
1.44316421026649e-05,1,1,0.438502968244954,1,"#e06a5d"
1.44316421026649e-05,1,1,0.438502968244954,1,"#e06a5d"
1.44316421026649e-05,1,1,0.438502968244954,1,"#e06a5d"
1.44316421026649e-05,1,1,0.438502968244954,1,"#e06a5d"
1.44893686710755e-05,1,1,0.438502968244954,1,"#e06a5d"
1.44893686710755e-05,1,1,0.438502968244954,1,"#e06a5d"
1.44893686710755e-05,1,1,0.438502968244954,1,"#e06a5d"
1.44893686710755e-05,1,1,0.438502968244954,1,"#e06a5d"
1.44893686710755e-05,1,1,0.438502968244954,1,"#e06a5d"
1.44893686710755e-05,1,1,0.438502968244954,1,"#e06a5d"
1.44893686710755e-05,1,1,0.438502968244954,1,"#e06a5d"
1.45470952394862e-05,1,1,0.438502968244954,1,"#e06a5d"
1.45470952394862e-05,1,1,0.438502968244954,1,"#e06a5d"
1.45470952394862e-05,1,1,0.438502968244954,1,"#e06a5d"
1.45470952394862e-05,1,1,0.438502968244954,1,"#e06a5d"
1.45470952394862e-05,1,1,0.438502968244954,1,"#e06a5d"
1.46048218078968e-05,1,1,0.438502968244954,1,"#e06a5d"
1.46048218078968e-05,1,1,0.438502968244954,1,"#e06a5d"
1.46048218078968e-05,1,1,0.438502968244954,1,"#e06a5d"
1.46625483763075e-05,1,1,0.438502968244954,1,"#e06a5d"
1.46625483763075e-05,1,1,0.438502968244954,1,"#e06a5d"
1.47202749447182e-05,1,1,0.438502968244954,1,"#e06a5d"
1.47202749447182e-05,1,1,0.438502968244954,1,"#e06a5d"
1.47780015131288e-05,1,1,0.438502968244954,1,"#e06a5d"
1.47780015131288e-05,1,1,0.438502968244954,1,"#e06a5d"
1.47780015131288e-05,1,1,0.438502968244954,1,"#e06a5d"
1.48357280815395e-05,1,1,0.438502968244954,1,"#e06a5d"
1.48934546499501e-05,1,1,0.438502968244954,1,"#e06a5d"
1.49511812183608e-05,1,1,0.438502968244954,1,"#e06a5d"
1.49511812183608e-05,1,1,0.438502968244954,1,"#e06a5d"
1.49511812183608e-05,1,1,0.438502968244954,1,"#e06a5d"
1.49511812183608e-05,1,1,0.438502968244954,1,"#e06a5d"
1.49511812183608e-05,1,1,0.438502968244954,1,"#e06a5d"
1.50089077867714e-05,1,1,0.438502968244954,1,"#e06a5d"
1.50089077867714e-05,1,1,0.438502968244954,1,"#e06a5d"
1.50089077867714e-05,1,1,0.438502968244954,1,"#e06a5d"
1.50089077867714e-05,1,1,0.438502968244954,1,"#e06a5d"
1.50666343551821e-05,1,1,0.438502968244954,1,"#e06a5d"
1.50666343551821e-05,1,1,0.438502968244954,1,"#e06a5d"
1.50666343551821e-05,1,1,0.438502968244954,1,"#e06a5d"
1.50666343551821e-05,1,1,0.438502968244954,1,"#e06a5d"
1.51243609235928e-05,1,1,0.438502968244954,1,"#e06a5d"
1.51243609235928e-05,1,1,0.438502968244954,1,"#e06a5d"
1.51243609235928e-05,1,1,0.438502968244954,1,"#e06a5d"
1.51243609235928e-05,1,1,0.438502968244954,1,"#e06a5d"
1.51820874920034e-05,1,1,0.438502968244954,1,"#e06a5d"
1.51820874920034e-05,1,1,0.438502968244954,1,"#e06a5d"
1.51820874920034e-05,1,1,0.438502968244954,1,"#e06a5d"
1.51820874920034e-05,1,1,0.438502968244954,1,"#e06a5d"
1.51820874920034e-05,1,1,0.438502968244954,1,"#e06a5d"
1.52398140604141e-05,1,1,0.438502968244954,1,"#e06a5d"
1.52398140604141e-05,1,1,0.438502968244954,1,"#e06a5d"
1.52398140604141e-05,1,1,0.438502968244954,1,"#e06a5d"
1.52398140604141e-05,1,1,0.438502968244954,1,"#e06a5d"
1.52975406288247e-05,1,1,0.438502968244954,1,"#e06a5d"
1.52975406288247e-05,1,1,0.438502968244954,1,"#e06a5d"
1.52975406288247e-05,1,1,0.438502968244954,1,"#e06a5d"
1.52975406288247e-05,1,1,0.438502968244954,1,"#e06a5d"
1.53552671972354e-05,1,1,0.438502968244954,1,"#e06a5d"
1.54129937656461e-05,1,1,0.438502968244954,1,"#e06a5d"
1.54129937656461e-05,1,1,0.438502968244954,1,"#e06a5d"
1.54707203340567e-05,1,1,0.438502968244954,1,"#e06a5d"
1.54707203340567e-05,1,1,0.438502968244954,1,"#e06a5d"
1.55284469024674e-05,1,1,0.438502968244954,1,"#e06a5d"
1.55284469024674e-05,1,1,0.438502968244954,1,"#e06a5d"
1.55284469024674e-05,1,1,0.438502968244954,1,"#e06a5d"
1.55284469024674e-05,1,1,0.438502968244954,1,"#e06a5d"
1.55284469024674e-05,1,1,0.438502968244954,1,"#e06a5d"
1.55284469024674e-05,1,1,0.438502968244954,1,"#e06a5d"
1.55284469024674e-05,1,1,0.438502968244954,1,"#e06a5d"
1.55284469024674e-05,1,1,0.438502968244954,1,"#e06a5d"
1.55284469024674e-05,1,1,0.438502968244954,1,"#e06a5d"
1.55284469024674e-05,1,1,0.438502968244954,1,"#e06a5d"
1.55284469024674e-05,1,1,0.438502968244954,1,"#e06a5d"
1.5586173470878e-05,1,1,0.438502968244954,1,"#e06a5d"
1.5586173470878e-05,1,1,0.438502968244954,1,"#e06a5d"
1.5586173470878e-05,1,1,0.438502968244954,1,"#e06a5d"
1.56439000392887e-05,1,1,0.438502968244954,1,"#e06a5d"
1.56439000392887e-05,1,1,0.438502968244954,1,"#e06a5d"
1.56439000392887e-05,1,1,0.438502968244954,1,"#e06a5d"
1.56439000392887e-05,1,1,0.438502968244954,1,"#e06a5d"
1.57016266076994e-05,1,1,0.438502968244954,1,"#e06a5d"
1.57016266076994e-05,1,1,0.438502968244954,1,"#e06a5d"
1.57016266076994e-05,1,1,0.438502968244954,1,"#e06a5d"
1.57016266076994e-05,1,1,0.438502968244954,1,"#e06a5d"
1.57016266076994e-05,1,1,0.438502968244954,1,"#e06a5d"
1.575935317611e-05,1,1,0.438502968244954,1,"#e06a5d"
1.575935317611e-05,1,1,0.438502968244954,1,"#e06a5d"
1.58170797445207e-05,1,1,0.438502968244954,1,"#e06a5d"
1.58170797445207e-05,1,1,0.438502968244954,1,"#e06a5d"
1.58170797445207e-05,1,1,0.438502968244954,1,"#e06a5d"
1.58748063129313e-05,1,1,0.438502968244954,1,"#e06a5d"
1.58748063129313e-05,1,1,0.438502968244954,1,"#e06a5d"
1.58748063129313e-05,1,1,0.438502968244954,1,"#e06a5d"
1.58748063129313e-05,1,1,0.438502968244954,1,"#e06a5d"
1.58748063129313e-05,1,1,0.438502968244954,1,"#e06a5d"
1.5932532881342e-05,1,1,0.438502968244954,1,"#e06a5d"
1.5932532881342e-05,1,1,0.438502968244954,1,"#e06a5d"
1.5932532881342e-05,1,1,0.438502968244954,1,"#e06a5d"
1.5932532881342e-05,1,1,0.438502968244954,1,"#e06a5d"
1.59902594497527e-05,1,1,0.438502968244954,1,"#e06a5d"
1.59902594497527e-05,1,1,0.438502968244954,1,"#e06a5d"
1.60479860181633e-05,1,1,0.438502968244954,1,"#e06a5d"
1.61634391549846e-05,1,1,0.438502968244954,1,"#e06a5d"
1.62211657233953e-05,1,1,0.438502968244954,1,"#e06a5d"
1.62211657233953e-05,1,1,0.438502968244954,1,"#e06a5d"
1.62211657233953e-05,1,1,0.438502968244954,1,"#e06a5d"
1.6278892291806e-05,1,1,0.438502968244954,1,"#e06a5d"
1.6278892291806e-05,1,1,0.438502968244954,1,"#e06a5d"
1.6278892291806e-05,1,1,0.438502968244954,1,"#e06a5d"
1.6278892291806e-05,1,1,0.438502968244954,1,"#e06a5d"
1.6278892291806e-05,1,1,0.438502968244954,1,"#e06a5d"
1.63366188602166e-05,1,1,0.438502968244954,1,"#e06a5d"
1.63366188602166e-05,1,1,0.438502968244954,1,"#e06a5d"
1.63366188602166e-05,1,1,0.438502968244954,1,"#e06a5d"
1.63366188602166e-05,1,1,0.438502968244954,1,"#e06a5d"
1.63943454286273e-05,1,1,0.438502968244954,1,"#e06a5d"
1.63943454286273e-05,1,1,0.438502968244954,1,"#e06a5d"
1.63943454286273e-05,1,1,0.438502968244954,1,"#e06a5d"
1.63943454286273e-05,1,1,0.438502968244954,1,"#e06a5d"
1.64520719970379e-05,1,1,0.438502968244954,1,"#e06a5d"
1.64520719970379e-05,1,1,0.438502968244954,1,"#e06a5d"
1.65097985654486e-05,1,1,0.438502968244954,1,"#e06a5d"
1.65097985654486e-05,1,1,0.438502968244954,1,"#e06a5d"
1.65097985654486e-05,1,1,0.438502968244954,1,"#e06a5d"
1.66252517022699e-05,1,1,0.438502968244954,1,"#e06a5d"
1.66252517022699e-05,1,1,0.438502968244954,1,"#e06a5d"
1.66829782706806e-05,1,1,0.438502968244954,1,"#e06a5d"
1.66829782706806e-05,0.333333333333333,1,0.438502968244954,1,"#00a4ac"
1.67407048390912e-05,1,1,0.438502968244954,1,"#e06a5d"
1.67984314075019e-05,1,1,0.438502968244954,1,"#e06a5d"
1.67984314075019e-05,1,1,0.438502968244954,1,"#e06a5d"
1.67984314075019e-05,1,1,0.438502968244954,1,"#e06a5d"
1.68561579759125e-05,1,1,0.438502968244954,1,"#e06a5d"
1.68561579759125e-05,1,1,0.438502968244954,1,"#e06a5d"
1.69138845443232e-05,1,1,0.438502968244954,1,"#e06a5d"
1.69138845443232e-05,1,1,0.438502968244954,1,"#e06a5d"
1.69138845443232e-05,1,1,0.438502968244954,1,"#e06a5d"
1.69138845443232e-05,1,1,0.438502968244954,1,"#e06a5d"
1.69716111127339e-05,1,1,0.438502968244954,1,"#e06a5d"
1.69716111127339e-05,1,1,0.438502968244954,1,"#e06a5d"
1.69716111127339e-05,1,1,0.438502968244954,1,"#e06a5d"
1.69716111127339e-05,1,1,0.438502968244954,1,"#e06a5d"
1.70293376811445e-05,1,1,0.438502968244954,1,"#e06a5d"
1.70293376811445e-05,1,1,0.438502968244954,1,"#e06a5d"
1.70293376811445e-05,1,1,0.438502968244954,1,"#e06a5d"
1.70870642495552e-05,1,1,0.438502968244954,1,"#e06a5d"
1.70870642495552e-05,1,1,0.438502968244954,1,"#e06a5d"
1.71447908179658e-05,1,1,0.438502968244954,1,"#e06a5d"
1.71447908179658e-05,1,1,0.438502968244954,1,"#e06a5d"
1.71447908179658e-05,1,1,0.438502968244954,1,"#e06a5d"
1.71447908179658e-05,1,1,0.438502968244954,1,"#e06a5d"
1.72025173863765e-05,1,1,0.438502968244954,1,"#e06a5d"
1.72025173863765e-05,1,1,0.438502968244954,1,"#e06a5d"
1.72025173863765e-05,1,1,0.438502968244954,1,"#e06a5d"
1.72025173863765e-05,1,1,0.438502968244954,1,"#e06a5d"
1.72602439547872e-05,1,1,0.438502968244954,1,"#e06a5d"
1.72602439547872e-05,1,1,0.438502968244954,1,"#e06a5d"
1.72602439547872e-05,1,1,0.438502968244954,1,"#e06a5d"
1.72602439547872e-05,1,1,0.438502968244954,1,"#e06a5d"
1.73756970916085e-05,1,1,0.438502968244954,1,"#e06a5d"
1.73756970916085e-05,1,1,0.438502968244954,1,"#e06a5d"
1.74334236600191e-05,1,1,0.438502968244954,1,"#e06a5d"
1.74334236600191e-05,1,1,0.438502968244954,1,"#e06a5d"
1.74334236600191e-05,1,1,0.438502968244954,1,"#e06a5d"
1.74911502284298e-05,1,1,0.438502968244954,1,"#e06a5d"
1.74911502284298e-05,1,1,0.438502968244954,1,"#e06a5d"
1.74911502284298e-05,1,1,0.438502968244954,1,"#e06a5d"
1.74911502284298e-05,1,1,0.438502968244954,1,"#e06a5d"
1.75488767968405e-05,1,1,0.438502968244954,1,"#e06a5d"
1.75488767968405e-05,1,1,0.438502968244954,1,"#e06a5d"
1.76066033652511e-05,1,1,0.438502968244954,1,"#e06a5d"
1.76066033652511e-05,1,1,0.438502968244954,1,"#e06a5d"
1.76066033652511e-05,1,1,0.438502968244954,1,"#e06a5d"
1.76066033652511e-05,1,1,0.438502968244954,1,"#e06a5d"
1.77220565020724e-05,1,1,0.438502968244954,1,"#e06a5d"
1.77220565020724e-05,1,1,0.438502968244954,1,"#e06a5d"
1.77220565020724e-05,1,1,0.438502968244954,1,"#e06a5d"
1.77797830704831e-05,1,1,0.438502968244954,1,"#e06a5d"
1.77797830704831e-05,1,1,0.438502968244954,1,"#e06a5d"
1.77797830704831e-05,1,1,0.438502968244954,1,"#e06a5d"
1.78375096388938e-05,1,1,0.438502968244954,1,"#e06a5d"
1.78375096388938e-05,1,1,0.438502968244954,1,"#e06a5d"
1.78375096388938e-05,1,1,0.438502968244954,1,"#e06a5d"
1.78375096388938e-05,1,1,0.438502968244954,1,"#e06a5d"
1.78375096388938e-05,1,1,0.438502968244954,1,"#e06a5d"
1.78375096388938e-05,1,1,0.438502968244954,1,"#e06a5d"
1.78952362073044e-05,1,1,0.438502968244954,1,"#e06a5d"
1.78952362073044e-05,1,1,0.438502968244954,1,"#e06a5d"
1.79529627757151e-05,1,1,0.438502968244954,1,"#e06a5d"
1.79529627757151e-05,1,1,0.438502968244954,1,"#e06a5d"
1.80106893441257e-05,1,1,0.438502968244954,1,"#e06a5d"
1.80106893441257e-05,1,1,0.438502968244954,1,"#e06a5d"
1.80106893441257e-05,1,1,0.438502968244954,1,"#e06a5d"
1.81261424809471e-05,1,1,0.438502968244954,1,"#e06a5d"
1.81261424809471e-05,1,1,0.438502968244954,1,"#e06a5d"
1.81261424809471e-05,1,1,0.438502968244954,1,"#e06a5d"
1.81261424809471e-05,1,1,0.438502968244954,1,"#e06a5d"
1.81838690493577e-05,1,1,0.438502968244954,1,"#e06a5d"
1.81838690493577e-05,1,1,0.438502968244954,1,"#e06a5d"
1.81838690493577e-05,1,1,0.438502968244954,1,"#e06a5d"
1.81838690493577e-05,1,1,0.438502968244954,1,"#e06a5d"
1.81838690493577e-05,1,1,0.438502968244954,1,"#e06a5d"
1.81838690493577e-05,1,1,0.438502968244954,1,"#e06a5d"
1.82415956177684e-05,1,1,0.438502968244954,1,"#e06a5d"
1.82415956177684e-05,1,1,0.438502968244954,1,"#e06a5d"
1.82415956177684e-05,1,1,0.438502968244954,1,"#e06a5d"
1.82415956177684e-05,1,1,0.438502968244954,1,"#e06a5d"
1.8299322186179e-05,1,1,0.438502968244954,1,"#e06a5d"
1.8299322186179e-05,1,1,0.438502968244954,1,"#e06a5d"
1.8299322186179e-05,1,1,0.438502968244954,1,"#e06a5d"
1.8299322186179e-05,1,1,0.438502968244954,1,"#e06a5d"
1.83570487545897e-05,1,1,0.438502968244954,1,"#e06a5d"
1.83570487545897e-05,1,1,0.438502968244954,1,"#e06a5d"
1.83570487545897e-05,1,1,0.438502968244954,1,"#e06a5d"
1.83570487545897e-05,1,1,0.438502968244954,1,"#e06a5d"
1.83570487545897e-05,1,1,0.438502968244954,1,"#e06a5d"
1.84147753230004e-05,1,1,0.438502968244954,1,"#e06a5d"
1.84147753230004e-05,1,1,0.438502968244954,1,"#e06a5d"
1.8472501891411e-05,1,1,0.438502968244954,1,"#e06a5d"
1.85879550282323e-05,1,1,0.438502968244954,1,"#e06a5d"
1.85879550282323e-05,1,1,0.438502968244954,1,"#e06a5d"
1.8645681596643e-05,1,1,0.438502968244954,1,"#e06a5d"
1.8645681596643e-05,1,1,0.438502968244954,1,"#e06a5d"
1.8645681596643e-05,1,1,0.438502968244954,1,"#e06a5d"
1.8645681596643e-05,1,1,0.438502968244954,1,"#e06a5d"
1.87034081650536e-05,1,1,0.438502968244954,1,"#e06a5d"
1.87034081650536e-05,1,1,0.438502968244954,1,"#e06a5d"
1.87034081650536e-05,1,1,0.438502968244954,1,"#e06a5d"
1.87611347334643e-05,1,1,0.438502968244954,1,"#e06a5d"
1.87611347334643e-05,1,1,0.438502968244954,1,"#e06a5d"
1.87611347334643e-05,1,1,0.438502968244954,1,"#e06a5d"
1.87611347334643e-05,1,1,0.438502968244954,1,"#e06a5d"
1.8818861301875e-05,1,1,0.438502968244954,1,"#e06a5d"
1.8818861301875e-05,1,1,0.438502968244954,1,"#e06a5d"
1.8818861301875e-05,1,1,0.438502968244954,1,"#e06a5d"
1.8818861301875e-05,1,1,0.438502968244954,1,"#e06a5d"
1.8818861301875e-05,1,1,0.438502968244954,1,"#e06a5d"
1.8818861301875e-05,1,1,0.438502968244954,1,"#e06a5d"
1.88765878702856e-05,1,1,0.438502968244954,1,"#e06a5d"
1.88765878702856e-05,1,1,0.438502968244954,1,"#e06a5d"
1.88765878702856e-05,1,1,0.438502968244954,1,"#e06a5d"
1.88765878702856e-05,1,1,0.438502968244954,1,"#e06a5d"
1.89343144386963e-05,1,1,0.438502968244954,1,"#e06a5d"
1.89343144386963e-05,1,1,0.438502968244954,1,"#e06a5d"
1.89343144386963e-05,1,1,0.438502968244954,1,"#e06a5d"
1.89920410071069e-05,1,1,0.438502968244954,1,"#e06a5d"
1.89920410071069e-05,1,1,0.438502968244954,1,"#e06a5d"
1.89920410071069e-05,1,1,0.438502968244954,1,"#e06a5d"
1.90497675755176e-05,1,1,0.438502968244954,1,"#e06a5d"
1.91074941439283e-05,1,1,0.438502968244954,1,"#e06a5d"
1.91074941439283e-05,1,1,0.438502968244954,1,"#e06a5d"
1.91074941439283e-05,1,1,0.438502968244954,1,"#e06a5d"
1.91074941439283e-05,1,1,0.438502968244954,1,"#e06a5d"
1.91652207123389e-05,1,1,0.438502968244954,1,"#e06a5d"
1.91652207123389e-05,1,1,0.438502968244954,1,"#e06a5d"
1.91652207123389e-05,1,1,0.438502968244954,1,"#e06a5d"
1.93384004175709e-05,1,1,0.438502968244954,1,"#e06a5d"
1.93961269859816e-05,1,1,0.438502968244954,1,"#e06a5d"
1.94538535543922e-05,1,1,0.438502968244954,1,"#e06a5d"
1.94538535543922e-05,1,1,0.438502968244954,1,"#e06a5d"
1.94538535543922e-05,1,1,0.438502968244954,1,"#e06a5d"
1.94538535543922e-05,1,1,0.438502968244954,1,"#e06a5d"
1.95115801228029e-05,1,1,0.438502968244954,1,"#e06a5d"
1.96270332596242e-05,1,1,0.438502968244954,1,"#e06a5d"
1.96270332596242e-05,1,1,0.438502968244954,1,"#e06a5d"
1.96270332596242e-05,1,1,0.438502968244954,1,"#e06a5d"
1.96847598280349e-05,1,1,0.438502968244954,1,"#e06a5d"
1.96847598280349e-05,1,1,0.438502968244954,1,"#e06a5d"
1.97424863964455e-05,1,1,0.438502968244954,1,"#e06a5d"
1.97424863964455e-05,1,1,0.438502968244954,1,"#e06a5d"
1.97424863964455e-05,1,1,0.438502968244954,1,"#e06a5d"
1.97424863964455e-05,1,1,0.438502968244954,1,"#e06a5d"
1.97424863964455e-05,1,1,0.438502968244954,1,"#e06a5d"
1.97424863964455e-05,1,1,0.438502968244954,1,"#e06a5d"
1.97424863964455e-05,1,1,0.438502968244954,1,"#e06a5d"
1.98002129648562e-05,1,1,0.438502968244954,1,"#e06a5d"
1.98002129648562e-05,1,1,0.438502968244954,1,"#e06a5d"
1.98579395332668e-05,1,1,0.438502968244954,1,"#e06a5d"
1.98579395332668e-05,1,1,0.438502968244954,1,"#e06a5d"
1.98579395332668e-05,1,1,0.438502968244954,1,"#e06a5d"
1.98579395332668e-05,1,1,0.438502968244954,1,"#e06a5d"
1.99156661016775e-05,1,1,0.438502968244954,1,"#e06a5d"
1.99156661016775e-05,1,1,0.438502968244954,1,"#e06a5d"
1.99156661016775e-05,1,1,0.438502968244954,1,"#e06a5d"
1.99156661016775e-05,1,1,0.438502968244954,1,"#e06a5d"
1.99156661016775e-05,1,1,0.438502968244954,1,"#e06a5d"
1.99733926700882e-05,1,1,0.438502968244954,1,"#e06a5d"
1.99733926700882e-05,1,1,0.438502968244954,1,"#e06a5d"
1.99733926700882e-05,1,1,0.438502968244954,1,"#e06a5d"
1.99733926700882e-05,1,1,0.438502968244954,1,"#e06a5d"
2.00311192384988e-05,1,1,0.438502968244954,1,"#e06a5d"
2.00311192384988e-05,1,1,0.438502968244954,1,"#e06a5d"
2.00888458069095e-05,1,1,0.438502968244954,1,"#e06a5d"
2.00888458069095e-05,1,1,0.438502968244954,1,"#e06a5d"
2.00888458069095e-05,1,1,0.438502968244954,1,"#e06a5d"
2.00888458069095e-05,1,1,0.438502968244954,1,"#e06a5d"
2.00888458069095e-05,1,1,0.438502968244954,1,"#e06a5d"
2.01465723753201e-05,1,1,0.438502968244954,1,"#e06a5d"
2.01465723753201e-05,1,1,0.438502968244954,1,"#e06a5d"
2.02042989437308e-05,1,1,0.438502968244954,1,"#e06a5d"
2.02042989437308e-05,1,1,0.438502968244954,1,"#e06a5d"
2.02042989437308e-05,1,1,0.438502968244954,1,"#e06a5d"
2.03197520805521e-05,1,1,0.438502968244954,1,"#e06a5d"
2.03197520805521e-05,1,1,0.438502968244954,1,"#e06a5d"
2.03774786489628e-05,1,1,0.438502968244954,1,"#e06a5d"
2.03774786489628e-05,1,1,0.438502968244954,1,"#e06a5d"
2.04352052173734e-05,1,1,0.438502968244954,1,"#e06a5d"
2.04929317857841e-05,1,1,0.438502968244954,1,"#e06a5d"
2.04929317857841e-05,1,1,0.438502968244954,1,"#e06a5d"
2.04929317857841e-05,1,1,0.438502968244954,1,"#e06a5d"
2.04929317857841e-05,1,1,0.438502968244954,1,"#e06a5d"
2.05506583541948e-05,1,1,0.438502968244954,1,"#e06a5d"
2.05506583541948e-05,1,1,0.438502968244954,1,"#e06a5d"
2.05506583541948e-05,1,1,0.438502968244954,1,"#e06a5d"
2.06083849226054e-05,1,1,0.438502968244954,1,"#e06a5d"
2.06083849226054e-05,1,1,0.438502968244954,1,"#e06a5d"
2.06083849226054e-05,1,1,0.438502968244954,1,"#e06a5d"
2.06661114910161e-05,1,1,0.438502968244954,1,"#e06a5d"
2.07238380594267e-05,1,1,0.438502968244954,1,"#e06a5d"
2.07815646278374e-05,1,1,0.438502968244954,1,"#e06a5d"
2.07815646278374e-05,1,1,0.438502968244954,1,"#e06a5d"
2.0839291196248e-05,1,1,0.438502968244954,1,"#e06a5d"
2.0839291196248e-05,1,1,0.438502968244954,1,"#e06a5d"
2.08970177646587e-05,1,1,0.438502968244954,1,"#e06a5d"
2.08970177646587e-05,1,1,0.438502968244954,1,"#e06a5d"
2.08970177646587e-05,1,1,0.438502968244954,1,"#e06a5d"
2.09547443330694e-05,1,1,0.438502968244954,1,"#e06a5d"
2.09547443330694e-05,1,1,0.438502968244954,1,"#e06a5d"
2.101247090148e-05,1,1,0.438502968244954,1,"#e06a5d"
2.101247090148e-05,1,1,0.438502968244954,1,"#e06a5d"
2.10701974698907e-05,1,1,0.438502968244954,1,"#e06a5d"
2.10701974698907e-05,1,1,0.438502968244954,1,"#e06a5d"
2.10701974698907e-05,1,1,0.438502968244954,1,"#e06a5d"
2.11279240383013e-05,1,1,0.438502968244954,1,"#e06a5d"
2.11279240383013e-05,1,1,0.438502968244954,1,"#e06a5d"
2.11279240383013e-05,1,1,0.438502968244954,1,"#e06a5d"
2.1185650606712e-05,1,1,0.438502968244954,1,"#e06a5d"
2.1185650606712e-05,1,1,0.438502968244954,1,"#e06a5d"
2.13011037435333e-05,1,1,0.438502968244954,1,"#e06a5d"
2.1358830311944e-05,1,1,0.438502968244954,1,"#e06a5d"
2.1358830311944e-05,1,1,0.438502968244954,1,"#e06a5d"
2.14165568803546e-05,1,1,0.438502968244954,1,"#e06a5d"
2.14165568803546e-05,1,1,0.438502968244954,1,"#e06a5d"
2.14165568803546e-05,1,1,0.438502968244954,1,"#e06a5d"
2.14742834487653e-05,1,1,0.438502968244954,1,"#e06a5d"
2.14742834487653e-05,1,1,0.438502968244954,1,"#e06a5d"
2.14742834487653e-05,1,1,0.438502968244954,1,"#e06a5d"
2.1532010017176e-05,1,1,0.438502968244954,1,"#e06a5d"
2.15897365855866e-05,1,1,0.438502968244954,1,"#e06a5d"
2.15897365855866e-05,1,1,0.438502968244954,1,"#e06a5d"
2.15897365855866e-05,1,1,0.438502968244954,1,"#e06a5d"
2.15897365855866e-05,1,1,0.438502968244954,1,"#e06a5d"
2.15897365855866e-05,1,1,0.438502968244954,1,"#e06a5d"
2.16474631539973e-05,1,1,0.438502968244954,1,"#e06a5d"
2.17051897224079e-05,1,1,0.438502968244954,1,"#e06a5d"
2.17629162908186e-05,1,1,0.438502968244954,1,"#e06a5d"
2.17629162908186e-05,1,1,0.438502968244954,1,"#e06a5d"
2.18206428592293e-05,1,1,0.438502968244954,1,"#e06a5d"
2.18206428592293e-05,1,1,0.438502968244954,1,"#e06a5d"
2.18206428592293e-05,1,1,0.438502968244954,1,"#e06a5d"
2.18206428592293e-05,1,1,0.438502968244954,1,"#e06a5d"
2.18206428592293e-05,1,1,0.438502968244954,1,"#e06a5d"
2.18783694276399e-05,1,1,0.438502968244954,1,"#e06a5d"
2.19360959960506e-05,1,1,0.438502968244954,1,"#e06a5d"
2.19360959960506e-05,1,1,0.438502968244954,1,"#e06a5d"
2.19938225644612e-05,1,1,0.438502968244954,1,"#e06a5d"
2.19938225644612e-05,1,1,0.438502968244954,1,"#e06a5d"
2.19938225644612e-05,1,1,0.438502968244954,1,"#e06a5d"
2.19938225644612e-05,1,1,0.438502968244954,1,"#e06a5d"
2.21092757012826e-05,1,1,0.438502968244954,1,"#e06a5d"
2.21092757012826e-05,1,1,0.438502968244954,1,"#e06a5d"
2.21670022696932e-05,1,1,0.438502968244954,1,"#e06a5d"
2.21670022696932e-05,1,1,0.438502968244954,1,"#e06a5d"
2.22247288381039e-05,1,1,0.438502968244954,1,"#e06a5d"
2.22247288381039e-05,1,1,0.438502968244954,1,"#e06a5d"
2.23401819749252e-05,1,1,0.438502968244954,1,"#e06a5d"
2.23401819749252e-05,1,1,0.438502968244954,1,"#e06a5d"
2.23979085433359e-05,1,1,0.438502968244954,1,"#e06a5d"
2.23979085433359e-05,1,1,0.438502968244954,1,"#e06a5d"
2.24556351117465e-05,1,1,0.438502968244954,1,"#e06a5d"
2.24556351117465e-05,1,1,0.438502968244954,1,"#e06a5d"
2.25133616801572e-05,1,1,0.438502968244954,1,"#e06a5d"
2.25133616801572e-05,1,1,0.438502968244954,1,"#e06a5d"
2.25133616801572e-05,1,1,0.438502968244954,1,"#e06a5d"
2.25710882485678e-05,1,1,0.438502968244954,1,"#e06a5d"
2.26288148169785e-05,1,1,0.438502968244954,1,"#e06a5d"
2.26288148169785e-05,1,1,0.438502968244954,1,"#e06a5d"
2.26865413853892e-05,1,1,0.438502968244954,1,"#e06a5d"
2.26865413853892e-05,1,1,0.438502968244954,1,"#e06a5d"
2.27442679537998e-05,1,1,0.438502968244954,1,"#e06a5d"
2.28019945222105e-05,1,1,0.438502968244954,1,"#e06a5d"
2.28019945222105e-05,1,1,0.438502968244954,1,"#e06a5d"
2.28019945222105e-05,1,1,0.438502968244954,1,"#e06a5d"
2.28597210906211e-05,1,1,0.438502968244954,1,"#e06a5d"
2.29174476590318e-05,1,1,0.438502968244954,1,"#e06a5d"
2.29174476590318e-05,1,1,0.438502968244954,1,"#e06a5d"
2.29751742274424e-05,1,1,0.438502968244954,1,"#e06a5d"
2.29751742274424e-05,1,1,0.438502968244954,1,"#e06a5d"
2.29751742274424e-05,1,1,0.438502968244954,1,"#e06a5d"
2.30329007958531e-05,1,1,0.438502968244954,1,"#e06a5d"
2.30906273642638e-05,1,1,0.438502968244954,1,"#e06a5d"
2.30906273642638e-05,1,1,0.438502968244954,1,"#e06a5d"
2.31483539326744e-05,1,1,0.438502968244954,1,"#e06a5d"
2.31483539326744e-05,1,1,0.438502968244954,1,"#e06a5d"
2.32638070694957e-05,1,1,0.438502968244954,1,"#e06a5d"
2.33215336379064e-05,1,1,0.438502968244954,1,"#e06a5d"
2.33792602063171e-05,1,1,0.438502968244954,1,"#e06a5d"
2.34369867747277e-05,1,1,0.438502968244954,1,"#e06a5d"
2.34947133431384e-05,1,1,0.438502968244954,1,"#e06a5d"
2.34947133431384e-05,1,1,0.438502968244954,1,"#e06a5d"
2.34947133431384e-05,1,1,0.438502968244954,1,"#e06a5d"
2.34947133431384e-05,1,1,0.438502968244954,1,"#e06a5d"
2.36101664799597e-05,1,1,0.438502968244954,1,"#e06a5d"
2.36101664799597e-05,1,1,0.438502968244954,1,"#e06a5d"
2.36678930483704e-05,1,1,0.438502968244954,1,"#e06a5d"
2.3725619616781e-05,1,1,0.438502968244954,1,"#e06a5d"
2.37833461851917e-05,1,1,0.438502968244954,1,"#e06a5d"
2.3898799322013e-05,1,1,0.438502968244954,1,"#e06a5d"
2.3898799322013e-05,1,1,0.438502968244954,1,"#e06a5d"
2.39565258904237e-05,1,1,0.438502968244954,1,"#e06a5d"
2.39565258904237e-05,1,1,0.438502968244954,1,"#e06a5d"
2.40142524588343e-05,1,1,0.438502968244954,1,"#e06a5d"
2.40142524588343e-05,1,1,0.438502968244954,1,"#e06a5d"
2.40142524588343e-05,1,1,0.438502968244954,1,"#e06a5d"
2.40142524588343e-05,1,1,0.438502968244954,1,"#e06a5d"
2.40142524588343e-05,1,1,0.438502968244954,1,"#e06a5d"
2.40142524588343e-05,1,1,0.438502968244954,1,"#e06a5d"
2.40142524588343e-05,1,1,0.438502968244954,1,"#e06a5d"
2.4071979027245e-05,1,1,0.438502968244954,1,"#e06a5d"
2.41297055956556e-05,1,1,0.438502968244954,1,"#e06a5d"
2.41874321640663e-05,1,1,0.438502968244954,1,"#e06a5d"
2.4245158732477e-05,1,1,0.438502968244954,1,"#e06a5d"
2.4245158732477e-05,1,1,0.438502968244954,1,"#e06a5d"
2.43028853008876e-05,1,1,0.438502968244954,1,"#e06a5d"
2.43606118692983e-05,1,1,0.438502968244954,1,"#e06a5d"
2.43606118692983e-05,1,1,0.438502968244954,1,"#e06a5d"
2.43606118692983e-05,1,1,0.438502968244954,1,"#e06a5d"
2.44183384377089e-05,1,1,0.438502968244954,1,"#e06a5d"
2.44183384377089e-05,1,1,0.438502968244954,1,"#e06a5d"
2.44183384377089e-05,1,1,0.438502968244954,1,"#e06a5d"
2.44760650061196e-05,1,1,0.438502968244954,1,"#e06a5d"
2.45337915745302e-05,1,1,0.438502968244954,1,"#e06a5d"
2.45915181429409e-05,1,1,0.438502968244954,1,"#e06a5d"
2.45915181429409e-05,1,1,0.438502968244954,1,"#e06a5d"
2.46492447113516e-05,1,1,0.438502968244954,1,"#e06a5d"
2.46492447113516e-05,1,1,0.438502968244954,1,"#e06a5d"
2.46492447113516e-05,1,1,0.438502968244954,1,"#e06a5d"
2.48224244165835e-05,1,1,0.438502968244954,1,"#e06a5d"
2.48801509849942e-05,1,1,0.438502968244954,1,"#e06a5d"
2.48801509849942e-05,1,1,0.438502968244954,1,"#e06a5d"
2.48801509849942e-05,1,1,0.438502968244954,1,"#e06a5d"
2.49378775534049e-05,1,1,0.438502968244954,1,"#e06a5d"
2.49378775534049e-05,1,1,0.438502968244954,1,"#e06a5d"
2.49378775534049e-05,1,1,0.438502968244954,1,"#e06a5d"
2.49956041218155e-05,1,1,0.438502968244954,1,"#e06a5d"
2.49956041218155e-05,1,1,0.438502968244954,1,"#e06a5d"
2.49956041218155e-05,1,1,0.438502968244954,1,"#e06a5d"
2.50533306902262e-05,1,1,0.438502968244954,1,"#e06a5d"
2.50533306902262e-05,1,1,0.438502968244954,1,"#e06a5d"
2.51110572586368e-05,1,1,0.438502968244954,1,"#e06a5d"
2.51110572586368e-05,1,1,0.438502968244954,1,"#e06a5d"
2.51687838270475e-05,1,1,0.438502968244954,1,"#e06a5d"
2.51687838270475e-05,1,1,0.438502968244954,1,"#e06a5d"
2.51687838270475e-05,1,1,0.438502968244954,1,"#e06a5d"
2.52265103954582e-05,1,1,0.438502968244954,1,"#e06a5d"
2.52265103954582e-05,1,1,0.438502968244954,1,"#e06a5d"
2.52265103954582e-05,1,1,0.438502968244954,1,"#e06a5d"
2.52842369638688e-05,1,1,0.438502968244954,1,"#e06a5d"
2.52842369638688e-05,1,1,0.438502968244954,1,"#e06a5d"
2.52842369638688e-05,1,1,0.438502968244954,1,"#e06a5d"
2.52842369638688e-05,1,1,0.438502968244954,1,"#e06a5d"
2.52842369638688e-05,1,1,0.438502968244954,1,"#e06a5d"
2.53419635322795e-05,1,1,0.438502968244954,1,"#e06a5d"
2.54574166691008e-05,1,1,0.438502968244954,1,"#e06a5d"
2.54574166691008e-05,1,1,0.438502968244954,1,"#e06a5d"
2.55151432375115e-05,1,1,0.438502968244954,1,"#e06a5d"
2.55151432375115e-05,1,1,0.438502968244954,1,"#e06a5d"
2.56305963743328e-05,1,1,0.438502968244954,1,"#e06a5d"
2.56883229427434e-05,1,1,0.438502968244954,1,"#e06a5d"
2.58037760795648e-05,1,1,0.438502968244954,1,"#e06a5d"
2.58037760795648e-05,1,1,0.438502968244954,1,"#e06a5d"
2.58037760795648e-05,1,1,0.438502968244954,1,"#e06a5d"
2.58615026479754e-05,1,1,0.438502968244954,1,"#e06a5d"
2.58615026479754e-05,1,1,0.438502968244954,1,"#e06a5d"
2.58615026479754e-05,1,1,0.438502968244954,1,"#e06a5d"
2.58615026479754e-05,1,1,0.438502968244954,1,"#e06a5d"
2.59769557847967e-05,1,1,0.438502968244954,1,"#e06a5d"
2.60346823532074e-05,1,1,0.438502968244954,1,"#e06a5d"
2.60346823532074e-05,1,1,0.438502968244954,1,"#e06a5d"
2.60346823532074e-05,1,1,0.438502968244954,1,"#e06a5d"
2.60346823532074e-05,1,1,0.438502968244954,1,"#e06a5d"
2.60924089216181e-05,1,1,0.438502968244954,1,"#e06a5d"
2.60924089216181e-05,1,1,0.438502968244954,1,"#e06a5d"
2.60924089216181e-05,1,1,0.438502968244954,1,"#e06a5d"
2.61501354900287e-05,1,1,0.438502968244954,1,"#e06a5d"
2.61501354900287e-05,1,1,0.438502968244954,1,"#e06a5d"
2.61501354900287e-05,1,1,0.438502968244954,1,"#e06a5d"
2.61501354900287e-05,1,1,0.438502968244954,1,"#e06a5d"
2.61501354900287e-05,1,1,0.438502968244954,1,"#e06a5d"
2.63233151952607e-05,1,1,0.438502968244954,1,"#e06a5d"
2.63810417636714e-05,1,1,0.438502968244954,1,"#e06a5d"
2.63810417636714e-05,1,1,0.438502968244954,1,"#e06a5d"
2.6438768332082e-05,1,1,0.438502968244954,1,"#e06a5d"
2.6438768332082e-05,1,1,0.438502968244954,1,"#e06a5d"
2.64964949004927e-05,1,1,0.438502968244954,1,"#e06a5d"
2.65542214689033e-05,1,1,0.438502968244954,1,"#e06a5d"
2.65542214689033e-05,1,1,0.438502968244954,1,"#e06a5d"
2.66696746057247e-05,1,1,0.438502968244954,1,"#e06a5d"
2.66696746057247e-05,1,1,0.438502968244954,1,"#e06a5d"
2.66696746057247e-05,1,1,0.438502968244954,1,"#e06a5d"
2.66696746057247e-05,1,1,0.438502968244954,1,"#e06a5d"
2.67274011741353e-05,1,1,0.438502968244954,1,"#e06a5d"
2.67274011741353e-05,1,1,0.438502968244954,1,"#e06a5d"
2.67274011741353e-05,1,1,0.438502968244954,1,"#e06a5d"
2.68428543109566e-05,1,1,0.438502968244954,1,"#e06a5d"
2.68428543109566e-05,1,1,0.438502968244954,1,"#e06a5d"
2.69583074477779e-05,1,1,0.438502968244954,1,"#e06a5d"
2.70160340161886e-05,1,1,0.438502968244954,1,"#e06a5d"
2.70160340161886e-05,1,1,0.438502968244954,1,"#e06a5d"
2.70737605845993e-05,1,1,0.438502968244954,1,"#e06a5d"
2.71314871530099e-05,1,1,0.438502968244954,1,"#e06a5d"
2.71314871530099e-05,1,1,0.438502968244954,1,"#e06a5d"
2.71892137214206e-05,1,1,0.438502968244954,1,"#e06a5d"
2.72469402898312e-05,1,1,0.438502968244954,1,"#e06a5d"
2.72469402898312e-05,0.333333333333333,1,0.438502968244954,1,"#00a4ac"
2.74201199950632e-05,1,1,0.438502968244954,1,"#e06a5d"
2.74201199950632e-05,1,1,0.438502968244954,1,"#e06a5d"
2.74201199950632e-05,1,1,0.438502968244954,1,"#e06a5d"
2.74201199950632e-05,1,1,0.438502968244954,1,"#e06a5d"
2.74201199950632e-05,1,1,0.438502968244954,1,"#e06a5d"
2.75355731318845e-05,1,1,0.438502968244954,1,"#e06a5d"
2.75932997002952e-05,1,1,0.438502968244954,1,"#e06a5d"
2.76510262687059e-05,1,1,0.438502968244954,1,"#e06a5d"
2.76510262687059e-05,1,1,0.438502968244954,1,"#e06a5d"
2.76510262687059e-05,1,1,0.438502968244954,1,"#e06a5d"
2.76510262687059e-05,1,1,0.438502968244954,1,"#e06a5d"
2.77087528371165e-05,1,1,0.438502968244954,1,"#e06a5d"
2.77664794055272e-05,1,1,0.438502968244954,1,"#e06a5d"
2.78819325423485e-05,1,1,0.438502968244954,1,"#e06a5d"
2.79396591107592e-05,1,1,0.438502968244954,1,"#e06a5d"
2.79396591107592e-05,1,1,0.438502968244954,1,"#e06a5d"
2.79973856791698e-05,1,1,0.438502968244954,1,"#e06a5d"
2.79973856791698e-05,1,1,0.438502968244954,1,"#e06a5d"
2.80551122475805e-05,1,1,0.438502968244954,1,"#e06a5d"
2.81128388159911e-05,1,1,0.438502968244954,1,"#e06a5d"
2.81128388159911e-05,1,1,0.438502968244954,1,"#e06a5d"
2.81705653844018e-05,1,1,0.438502968244954,1,"#e06a5d"
2.81705653844018e-05,1,1,0.438502968244954,1,"#e06a5d"
2.82860185212231e-05,1,1,0.438502968244954,1,"#e06a5d"
2.82860185212231e-05,1,1,0.438502968244954,1,"#e06a5d"
2.82860185212231e-05,1,1,0.438502968244954,1,"#e06a5d"
2.82860185212231e-05,1,1,0.438502968244954,1,"#e06a5d"
2.83437450896338e-05,1,1,0.438502968244954,1,"#e06a5d"
2.83437450896338e-05,1,1,0.438502968244954,1,"#e06a5d"
2.83437450896338e-05,1,1,0.438502968244954,1,"#e06a5d"
2.83437450896338e-05,1,1,0.438502968244954,1,"#e06a5d"
2.84014716580444e-05,1,1,0.438502968244954,1,"#e06a5d"
2.84014716580444e-05,1,1,0.438502968244954,1,"#e06a5d"
2.84014716580444e-05,1,1,0.438502968244954,1,"#e06a5d"
2.84591982264551e-05,1,1,0.438502968244954,1,"#e06a5d"
2.84591982264551e-05,1,1,0.438502968244954,1,"#e06a5d"
2.84591982264551e-05,1,1,0.438502968244954,1,"#e06a5d"
2.85169247948658e-05,1,1,0.438502968244954,1,"#e06a5d"
2.85169247948658e-05,1,1,0.438502968244954,1,"#e06a5d"
2.85169247948658e-05,1,1,0.438502968244954,1,"#e06a5d"
2.85746513632764e-05,1,1,0.438502968244954,1,"#e06a5d"
2.86323779316871e-05,1,1,0.438502968244954,1,"#e06a5d"
2.86901045000977e-05,1,1,0.438502968244954,1,"#e06a5d"
2.86901045000977e-05,1,1,0.438502968244954,1,"#e06a5d"
2.86901045000977e-05,1,1,0.438502968244954,1,"#e06a5d"
2.8805557636919e-05,1,1,0.438502968244954,1,"#e06a5d"
2.8805557636919e-05,1,1,0.438502968244954,1,"#e06a5d"
2.8805557636919e-05,1,1,0.438502968244954,1,"#e06a5d"
2.88632842053297e-05,1,1,0.438502968244954,1,"#e06a5d"
2.88632842053297e-05,1,1,0.438502968244954,1,"#e06a5d"
2.88632842053297e-05,1,1,0.438502968244954,1,"#e06a5d"
2.89210107737404e-05,1,1,0.438502968244954,1,"#e06a5d"
2.92673701842043e-05,1,1,0.438502968244954,1,"#e06a5d"
2.92673701842043e-05,1,1,0.438502968244954,1,"#e06a5d"
2.92673701842043e-05,1,1,0.438502968244954,1,"#e06a5d"
2.9325096752615e-05,1,1,0.438502968244954,1,"#e06a5d"
2.9325096752615e-05,1,1,0.438502968244954,1,"#e06a5d"
2.9325096752615e-05,1,1,0.438502968244954,1,"#e06a5d"
2.93828233210256e-05,1,1,0.438502968244954,1,"#e06a5d"
2.94405498894363e-05,1,1,0.438502968244954,1,"#e06a5d"
2.94405498894363e-05,1,1,0.438502968244954,1,"#e06a5d"
2.9498276457847e-05,1,1,0.438502968244954,1,"#e06a5d"
2.9498276457847e-05,1,1,0.438502968244954,1,"#e06a5d"
2.96137295946683e-05,1,1,0.438502968244954,1,"#e06a5d"
2.96137295946683e-05,1,1,0.438502968244954,1,"#e06a5d"
2.96714561630789e-05,1,1,0.438502968244954,1,"#e06a5d"
2.97291827314896e-05,1,1,0.438502968244954,1,"#e06a5d"
2.97291827314896e-05,1,1,0.438502968244954,1,"#e06a5d"
2.97869092999003e-05,1,1,0.438502968244954,1,"#e06a5d"
2.97869092999003e-05,1,1,0.438502968244954,1,"#e06a5d"
2.97869092999003e-05,1,1,0.438502968244954,1,"#e06a5d"
2.99600890051322e-05,1,1,0.438502968244954,1,"#e06a5d"
3.00178155735429e-05,1,1,0.438502968244954,1,"#e06a5d"
3.00178155735429e-05,1,1,0.438502968244954,1,"#e06a5d"
3.00178155735429e-05,1,1,0.438502968244954,1,"#e06a5d"
3.00755421419536e-05,1,1,0.438502968244954,1,"#e06a5d"
3.00755421419536e-05,1,1,0.438502968244954,1,"#e06a5d"
3.01332687103642e-05,1,1,0.438502968244954,1,"#e06a5d"
3.01909952787749e-05,1,1,0.438502968244954,1,"#e06a5d"
3.01909952787749e-05,1,1,0.438502968244954,1,"#e06a5d"
3.01909952787749e-05,1,1,0.438502968244954,1,"#e06a5d"
3.02487218471855e-05,1,1,0.438502968244954,1,"#e06a5d"
3.02487218471855e-05,1,1,0.438502968244954,1,"#e06a5d"
3.02487218471855e-05,1,1,0.438502968244954,1,"#e06a5d"
3.03064484155962e-05,1,1,0.438502968244954,1,"#e06a5d"
3.03064484155962e-05,1,1,0.438502968244954,1,"#e06a5d"
3.04219015524175e-05,1,1,0.438502968244954,1,"#e06a5d"
3.04219015524175e-05,1,1,0.438502968244954,1,"#e06a5d"
3.04796281208282e-05,1,1,0.438502968244954,1,"#e06a5d"
3.05950812576495e-05,1,1,0.438502968244954,1,"#e06a5d"
3.05950812576495e-05,1,1,0.438502968244954,1,"#e06a5d"
3.07105343944708e-05,1,1,0.438502968244954,1,"#e06a5d"
3.07105343944708e-05,1,1,0.438502968244954,1,"#e06a5d"
3.07105343944708e-05,1,1,0.438502968244954,1,"#e06a5d"
3.07682609628815e-05,1,1,0.438502968244954,1,"#e06a5d"
3.07682609628815e-05,1,1,0.438502968244954,1,"#e06a5d"
3.07682609628815e-05,1,1,0.438502968244954,1,"#e06a5d"
3.07682609628815e-05,1,1,0.438502968244954,1,"#e06a5d"
3.08837140997028e-05,1,1,0.438502968244954,1,"#e06a5d"
3.09414406681134e-05,1,1,0.438502968244954,1,"#e06a5d"
3.11146203733454e-05,1,1,0.438502968244954,1,"#e06a5d"
3.12300735101667e-05,1,1,0.438502968244954,1,"#e06a5d"
3.12878000785774e-05,1,1,0.438502968244954,1,"#e06a5d"
3.13455266469881e-05,1,1,0.438502968244954,1,"#e06a5d"
3.14032532153987e-05,1,1,0.438502968244954,1,"#e06a5d"
3.16341594890414e-05,1,1,0.438502968244954,1,"#e06a5d"
3.1691886057452e-05,1,1,0.438502968244954,1,"#e06a5d"
3.1691886057452e-05,1,1,0.438502968244954,1,"#e06a5d"
3.18073391942733e-05,1,1,0.438502968244954,1,"#e06a5d"
3.1865065762684e-05,1,1,0.438502968244954,1,"#e06a5d"
3.21536986047373e-05,1,1,0.438502968244954,1,"#e06a5d"
3.22691517415586e-05,1,1,0.438502968244954,1,"#e06a5d"
3.23846048783799e-05,1,1,0.438502968244954,1,"#e06a5d"
3.25000580152012e-05,1,1,0.438502968244954,1,"#e06a5d"
3.25000580152012e-05,1,1,0.438502968244954,1,"#e06a5d"
3.25000580152012e-05,1,1,0.438502968244954,1,"#e06a5d"
3.25000580152012e-05,1,1,0.438502968244954,1,"#e06a5d"
3.29041439940759e-05,1,1,0.438502968244954,1,"#e06a5d"
3.29041439940759e-05,1,1,0.438502968244954,1,"#e06a5d"
3.30195971308972e-05,1,1,0.438502968244954,1,"#e06a5d"
3.30195971308972e-05,1,1,0.438502968244954,1,"#e06a5d"
3.30773236993078e-05,1,1,0.438502968244954,1,"#e06a5d"
3.31350502677185e-05,1,1,0.438502968244954,1,"#e06a5d"
3.31927768361292e-05,1,1,0.438502968244954,1,"#e06a5d"
3.32505034045398e-05,1,1,0.438502968244954,1,"#e06a5d"
3.32505034045398e-05,1,1,0.438502968244954,1,"#e06a5d"
3.33082299729505e-05,1,1,0.438502968244954,1,"#e06a5d"
3.33082299729505e-05,1,1,0.438502968244954,1,"#e06a5d"
3.33659565413611e-05,1,1,0.438502968244954,1,"#e06a5d"
3.33659565413611e-05,1,1,0.438502968244954,1,"#e06a5d"
3.34814096781825e-05,1,1,0.438502968244954,1,"#e06a5d"
3.35968628150038e-05,1,1,0.438502968244954,1,"#e06a5d"
3.35968628150038e-05,1,1,0.438502968244954,1,"#e06a5d"
3.35968628150038e-05,1,1,0.438502968244954,1,"#e06a5d"
3.35968628150038e-05,1,1,0.438502968244954,1,"#e06a5d"
3.35968628150038e-05,1,1,0.438502968244954,1,"#e06a5d"
3.36545893834144e-05,1,1,0.438502968244954,1,"#e06a5d"
3.38277690886464e-05,1,1,0.438502968244954,1,"#e06a5d"
3.40009487938784e-05,1,1,0.438502968244954,1,"#e06a5d"
3.40586753622891e-05,1,1,0.438502968244954,1,"#e06a5d"
3.41741284991104e-05,1,1,0.438502968244954,1,"#e06a5d"
3.41741284991104e-05,1,1,0.438502968244954,1,"#e06a5d"
3.41741284991104e-05,1,1,0.438502968244954,1,"#e06a5d"
3.41741284991104e-05,1,1,0.438502968244954,1,"#e06a5d"
3.4231855067521e-05,1,1,0.438502968244954,1,"#e06a5d"
3.42895816359317e-05,1,1,0.438502968244954,1,"#e06a5d"
3.43473082043424e-05,1,1,0.438502968244954,1,"#e06a5d"
3.43473082043424e-05,1,1,0.438502968244954,1,"#e06a5d"
3.4405034772753e-05,1,1,0.438502968244954,1,"#e06a5d"
3.45204879095743e-05,1,1,0.438502968244954,1,"#e06a5d"
3.45204879095743e-05,1,1,0.438502968244954,1,"#e06a5d"
3.4578214477985e-05,1,1,0.438502968244954,1,"#e06a5d"
3.4578214477985e-05,1,1,0.438502968244954,1,"#e06a5d"
3.4578214477985e-05,1,1,0.438502968244954,1,"#e06a5d"
3.46359410463957e-05,1,1,0.438502968244954,1,"#e06a5d"
3.46936676148063e-05,1,1,0.438502968244954,1,"#e06a5d"
3.4751394183217e-05,1,1,0.438502968244954,1,"#e06a5d"
3.48091207516276e-05,1,1,0.438502968244954,1,"#e06a5d"
3.48091207516276e-05,1,1,0.438502968244954,1,"#e06a5d"
3.48668473200383e-05,1,1,0.438502968244954,1,"#e06a5d"
3.48668473200383e-05,1,1,0.438502968244954,1,"#e06a5d"
3.49245738884489e-05,1,1,0.438502968244954,1,"#e06a5d"
3.49245738884489e-05,1,1,0.438502968244954,1,"#e06a5d"
3.49245738884489e-05,1,1,0.438502968244954,1,"#e06a5d"
3.49823004568596e-05,1,1,0.438502968244954,1,"#e06a5d"
3.49823004568596e-05,1,1,0.438502968244954,1,"#e06a5d"
3.49823004568596e-05,1,1,0.438502968244954,1,"#e06a5d"
3.50400270252703e-05,1,1,0.438502968244954,1,"#e06a5d"
3.51554801620916e-05,1,1,0.438502968244954,1,"#e06a5d"
3.51554801620916e-05,1,1,0.438502968244954,1,"#e06a5d"
3.51554801620916e-05,1,1,0.438502968244954,1,"#e06a5d"
3.51554801620916e-05,1,1,0.438502968244954,1,"#e06a5d"
3.53286598673236e-05,1,1,0.438502968244954,1,"#e06a5d"
3.53863864357342e-05,1,1,0.438502968244954,1,"#e06a5d"
3.53863864357342e-05,1,1,0.438502968244954,1,"#e06a5d"
3.53863864357342e-05,1,1,0.438502968244954,1,"#e06a5d"
3.54441130041449e-05,1,1,0.438502968244954,1,"#e06a5d"
3.55018395725555e-05,1,1,0.438502968244954,1,"#e06a5d"
3.55018395725555e-05,1,1,0.438502968244954,1,"#e06a5d"
3.55595661409662e-05,1,1,0.438502968244954,1,"#e06a5d"
3.55595661409662e-05,1,1,0.438502968244954,1,"#e06a5d"
3.56750192777875e-05,1,1,0.438502968244954,1,"#e06a5d"
3.57904724146088e-05,1,1,0.438502968244954,1,"#e06a5d"
3.59059255514302e-05,1,1,0.438502968244954,1,"#e06a5d"
3.59636521198408e-05,1,1,0.438502968244954,1,"#e06a5d"
3.60213786882515e-05,1,1,0.438502968244954,1,"#e06a5d"
3.60213786882515e-05,1,1,0.438502968244954,1,"#e06a5d"
3.60791052566621e-05,1,1,0.438502968244954,1,"#e06a5d"
3.61368318250728e-05,1,1,0.438502968244954,1,"#e06a5d"
3.61368318250728e-05,1,1,0.438502968244954,1,"#e06a5d"
3.61368318250728e-05,1,1,0.438502968244954,1,"#e06a5d"
3.61368318250728e-05,1,1,0.438502968244954,1,"#e06a5d"
3.61368318250728e-05,1,1,0.438502968244954,1,"#e06a5d"
3.61945583934835e-05,1,1,0.438502968244954,1,"#e06a5d"
3.62522849618941e-05,1,1,0.438502968244954,1,"#e06a5d"
3.63100115303048e-05,1,1,0.438502968244954,1,"#e06a5d"
3.64254646671261e-05,1,1,0.438502968244954,1,"#e06a5d"
3.64254646671261e-05,1,1,0.438502968244954,1,"#e06a5d"
3.65409178039474e-05,1,1,0.438502968244954,1,"#e06a5d"
3.65409178039474e-05,1,1,0.438502968244954,1,"#e06a5d"
3.65409178039474e-05,1,1,0.438502968244954,1,"#e06a5d"
3.65986443723581e-05,1,1,0.438502968244954,1,"#e06a5d"
3.65986443723581e-05,1,1,0.438502968244954,1,"#e06a5d"
3.65986443723581e-05,1,1,0.438502968244954,1,"#e06a5d"
3.65986443723581e-05,1,1,0.438502968244954,1,"#e06a5d"
3.66563709407687e-05,1,1,0.438502968244954,1,"#e06a5d"
3.67140975091794e-05,1,1,0.438502968244954,1,"#e06a5d"
3.67718240775901e-05,1,1,0.438502968244954,1,"#e06a5d"
3.67718240775901e-05,1,1,0.438502968244954,1,"#e06a5d"
3.67718240775901e-05,1,1,0.438502968244954,1,"#e06a5d"
3.67718240775901e-05,1,1,0.438502968244954,1,"#e06a5d"
3.68295506460007e-05,1,1,0.438502968244954,1,"#e06a5d"
3.68295506460007e-05,1,1,0.438502968244954,1,"#e06a5d"
3.68872772144114e-05,1,1,0.438502968244954,1,"#e06a5d"
3.68872772144114e-05,1,1,0.438502968244954,1,"#e06a5d"
3.6945003782822e-05,1,1,0.438502968244954,1,"#e06a5d"
3.70027303512327e-05,1,1,0.438502968244954,1,"#e06a5d"
3.70027303512327e-05,1,1,0.438502968244954,1,"#e06a5d"
3.70604569196433e-05,1,1,0.438502968244954,1,"#e06a5d"
3.7464542898518e-05,1,1,0.438502968244954,1,"#e06a5d"
3.76377226037499e-05,1,1,0.438502968244954,1,"#e06a5d"
3.76377226037499e-05,1,1,0.438502968244954,1,"#e06a5d"
3.76377226037499e-05,1,1,0.438502968244954,1,"#e06a5d"
3.76377226037499e-05,1,1,0.438502968244954,1,"#e06a5d"
3.76954491721606e-05,1,1,0.438502968244954,1,"#e06a5d"
3.77531757405713e-05,1,1,0.438502968244954,1,"#e06a5d"
3.78686288773926e-05,1,1,0.438502968244954,1,"#e06a5d"
3.79263554458032e-05,1,1,0.438502968244954,1,"#e06a5d"
3.79840820142139e-05,1,1,0.438502968244954,1,"#e06a5d"
3.79840820142139e-05,1,1,0.438502968244954,1,"#e06a5d"
3.81572617194459e-05,1,1,0.438502968244954,1,"#e06a5d"
3.81572617194459e-05,1,1,0.438502968244954,1,"#e06a5d"
3.82149882878565e-05,1,1,0.438502968244954,1,"#e06a5d"
3.82727148562672e-05,1,1,0.438502968244954,1,"#e06a5d"
3.83304414246779e-05,1,1,0.438502968244954,1,"#e06a5d"
3.83881679930885e-05,1,1,0.438502968244954,1,"#e06a5d"
3.89077071087844e-05,1,1,0.438502968244954,1,"#e06a5d"
3.89077071087844e-05,1,1,0.438502968244954,1,"#e06a5d"
3.89654336771951e-05,1,1,0.438502968244954,1,"#e06a5d"
3.89654336771951e-05,1,1,0.438502968244954,1,"#e06a5d"
3.90231602456058e-05,1,1,0.438502968244954,1,"#e06a5d"
3.90231602456058e-05,1,1,0.438502968244954,1,"#e06a5d"
3.90231602456058e-05,1,1,0.438502968244954,1,"#e06a5d"
3.90231602456058e-05,1,1,0.438502968244954,1,"#e06a5d"
3.90808868140164e-05,1,1,0.438502968244954,1,"#e06a5d"
3.91386133824271e-05,1,1,0.438502968244954,1,"#e06a5d"
3.91963399508377e-05,1,1,0.438502968244954,1,"#e06a5d"
3.91963399508377e-05,1,1,0.438502968244954,1,"#e06a5d"
3.94272462244804e-05,1,1,0.438502968244954,1,"#e06a5d"
3.96004259297124e-05,1,1,0.438502968244954,1,"#e06a5d"
3.9658152498123e-05,1,1,0.438502968244954,1,"#e06a5d"
3.9658152498123e-05,1,1,0.438502968244954,1,"#e06a5d"
3.97736056349443e-05,1,1,0.438502968244954,1,"#e06a5d"
3.97736056349443e-05,1,1,0.438502968244954,1,"#e06a5d"
3.9831332203355e-05,1,1,0.438502968244954,1,"#e06a5d"
3.9831332203355e-05,1,1,0.438502968244954,1,"#e06a5d"
3.9831332203355e-05,1,1,0.438502968244954,1,"#e06a5d"
3.98890587717657e-05,1,1,0.438502968244954,1,"#e06a5d"
3.98890587717657e-05,1,1,0.438502968244954,1,"#e06a5d"
4.0004511908587e-05,1,1,0.438502968244954,1,"#e06a5d"
4.00622384769976e-05,1,1,0.438502968244954,1,"#e06a5d"
4.0177691613819e-05,1,1,0.438502968244954,1,"#e06a5d"
4.0177691613819e-05,1,1,0.438502968244954,1,"#e06a5d"
4.0177691613819e-05,1,1,0.438502968244954,1,"#e06a5d"
4.02931447506403e-05,1,1,0.438502968244954,1,"#e06a5d"
4.04085978874616e-05,1,1,0.438502968244954,1,"#e06a5d"
4.05817775926936e-05,1,1,0.438502968244954,1,"#e06a5d"
4.06395041611042e-05,1,1,0.438502968244954,1,"#e06a5d"
4.06972307295149e-05,1,1,0.438502968244954,1,"#e06a5d"
4.06972307295149e-05,1,1,0.438502968244954,1,"#e06a5d"
4.06972307295149e-05,1,1,0.438502968244954,1,"#e06a5d"
4.07549572979256e-05,1,1,0.438502968244954,1,"#e06a5d"
4.08126838663362e-05,1,1,0.438502968244954,1,"#e06a5d"
4.08126838663362e-05,1,1,0.438502968244954,1,"#e06a5d"
4.08704104347469e-05,1,1,0.438502968244954,1,"#e06a5d"
4.09281370031575e-05,1,1,0.438502968244954,1,"#e06a5d"
4.09858635715682e-05,1,1,0.438502968244954,1,"#e06a5d"
4.09858635715682e-05,1,1,0.438502968244954,1,"#e06a5d"
4.10435901399788e-05,1,1,0.438502968244954,1,"#e06a5d"
4.11013167083895e-05,1,1,0.438502968244954,1,"#e06a5d"
4.11013167083895e-05,1,1,0.438502968244954,1,"#e06a5d"
4.11590432768002e-05,1,1,0.438502968244954,1,"#e06a5d"
4.11590432768002e-05,1,1,0.438502968244954,1,"#e06a5d"
4.12167698452108e-05,1,1,0.438502968244954,1,"#e06a5d"
4.12744964136215e-05,1,1,0.438502968244954,1,"#e06a5d"
4.12744964136215e-05,1,1,0.438502968244954,1,"#e06a5d"
4.13322229820321e-05,1,1,0.438502968244954,1,"#e06a5d"
4.14476761188535e-05,1,1,0.438502968244954,1,"#e06a5d"
4.15631292556748e-05,1,1,0.438502968244954,1,"#e06a5d"
4.16208558240854e-05,1,1,0.438502968244954,1,"#e06a5d"
4.16785823924961e-05,1,1,0.438502968244954,1,"#e06a5d"
4.19094886661387e-05,1,1,0.438502968244954,1,"#e06a5d"
4.20249418029601e-05,1,1,0.438502968244954,1,"#e06a5d"
4.20826683713707e-05,1,1,0.438502968244954,1,"#e06a5d"
4.2198121508192e-05,1,1,0.438502968244954,1,"#e06a5d"
4.2544480918656e-05,1,1,0.438502968244954,1,"#e06a5d"
4.26022074870666e-05,1,1,0.438502968244954,1,"#e06a5d"
4.26599340554773e-05,1,1,0.438502968244954,1,"#e06a5d"
4.27753871922986e-05,1,1,0.438502968244954,1,"#e06a5d"
4.27753871922986e-05,1,1,0.438502968244954,1,"#e06a5d"
4.28331137607093e-05,1,1,0.438502968244954,1,"#e06a5d"
4.28331137607093e-05,1,1,0.438502968244954,1,"#e06a5d"
4.28331137607093e-05,1,1,0.438502968244954,1,"#e06a5d"
4.28908403291199e-05,1,1,0.438502968244954,1,"#e06a5d"
4.30062934659413e-05,1,1,0.438502968244954,1,"#e06a5d"
4.30062934659413e-05,1,1,0.438502968244954,1,"#e06a5d"
4.30640200343519e-05,1,1,0.438502968244954,1,"#e06a5d"
4.31217466027626e-05,1,1,0.438502968244954,1,"#e06a5d"
4.31794731711732e-05,1,1,0.438502968244954,1,"#e06a5d"
4.32371997395839e-05,1,1,0.438502968244954,1,"#e06a5d"
4.32371997395839e-05,1,1,0.438502968244954,1,"#e06a5d"
4.32949263079946e-05,1,1,0.438502968244954,1,"#e06a5d"
4.34103794448159e-05,1,1,0.438502968244954,1,"#e06a5d"
4.35258325816372e-05,1,1,0.438502968244954,1,"#e06a5d"
4.36990122868692e-05,1,1,0.438502968244954,1,"#e06a5d"
4.36990122868692e-05,1,1,0.438502968244954,1,"#e06a5d"
4.37567388552798e-05,1,1,0.438502968244954,1,"#e06a5d"
4.39299185605118e-05,1,1,0.438502968244954,1,"#e06a5d"
4.39299185605118e-05,1,1,0.438502968244954,1,"#e06a5d"
4.39299185605118e-05,1,1,0.438502968244954,1,"#e06a5d"
4.39299185605118e-05,1,1,0.438502968244954,1,"#e06a5d"
4.39876451289225e-05,1,1,0.438502968244954,1,"#e06a5d"
4.40453716973331e-05,1,1,0.438502968244954,1,"#e06a5d"
4.41608248341545e-05,1,1,0.438502968244954,1,"#e06a5d"
4.42185514025651e-05,1,1,0.438502968244954,1,"#e06a5d"
4.42762779709758e-05,1,1,0.438502968244954,1,"#e06a5d"
4.43340045393864e-05,1,1,0.438502968244954,1,"#e06a5d"
4.43917311077971e-05,1,1,0.438502968244954,1,"#e06a5d"
4.44494576762078e-05,1,1,0.438502968244954,1,"#e06a5d"
4.46226373814397e-05,1,1,0.438502968244954,1,"#e06a5d"
4.46803639498504e-05,1,1,0.438502968244954,1,"#e06a5d"
4.4738090518261e-05,1,1,0.438502968244954,1,"#e06a5d"
4.47958170866717e-05,1,1,0.438502968244954,1,"#e06a5d"
4.47958170866717e-05,1,1,0.438502968244954,1,"#e06a5d"
4.49689967919037e-05,1,1,0.438502968244954,1,"#e06a5d"
4.51421764971357e-05,1,1,0.438502968244954,1,"#e06a5d"
4.5257629633957e-05,1,1,0.438502968244954,1,"#e06a5d"
4.53730827707783e-05,1,1,0.438502968244954,1,"#e06a5d"
4.53730827707783e-05,1,1,0.438502968244954,1,"#e06a5d"
4.56039890444209e-05,1,1,0.438502968244954,1,"#e06a5d"
4.57194421812423e-05,1,1,0.438502968244954,1,"#e06a5d"
4.58926218864742e-05,1,1,0.438502968244954,1,"#e06a5d"
4.58926218864742e-05,1,1,0.438502968244954,1,"#e06a5d"
4.60080750232956e-05,1,1,0.438502968244954,1,"#e06a5d"
4.60080750232956e-05,1,1,0.438502968244954,1,"#e06a5d"
4.60658015917062e-05,1,1,0.438502968244954,1,"#e06a5d"
4.60658015917062e-05,1,1,0.438502968244954,1,"#e06a5d"
4.62967078653488e-05,1,1,0.438502968244954,1,"#e06a5d"
4.63544344337595e-05,1,1,0.438502968244954,1,"#e06a5d"
4.65853407074021e-05,1,1,0.438502968244954,1,"#e06a5d"
4.65853407074021e-05,1,1,0.438502968244954,1,"#e06a5d"
4.65853407074021e-05,1,1,0.438502968244954,1,"#e06a5d"
4.65853407074021e-05,1,1,0.438502968244954,1,"#e06a5d"
4.67007938442235e-05,1,1,0.438502968244954,1,"#e06a5d"
4.67007938442235e-05,1,1,0.438502968244954,1,"#e06a5d"
4.71048798230981e-05,1,1,0.438502968244954,1,"#e06a5d"
4.72203329599194e-05,1,1,0.438502968244954,1,"#e06a5d"
4.72780595283301e-05,1,1,0.438502968244954,1,"#e06a5d"
4.73357860967407e-05,1,1,0.438502968244954,1,"#e06a5d"
4.7624418938794e-05,1,1,0.438502968244954,1,"#e06a5d"
4.78553252124367e-05,1,1,0.438502968244954,1,"#e06a5d"
4.78553252124367e-05,1,1,0.438502968244954,1,"#e06a5d"
4.78553252124367e-05,1,1,0.438502968244954,1,"#e06a5d"
4.7970778349258e-05,1,1,0.438502968244954,1,"#e06a5d"
4.80285049176686e-05,1,1,0.438502968244954,1,"#e06a5d"
4.80862314860793e-05,1,1,0.438502968244954,1,"#e06a5d"
4.80862314860793e-05,1,1,0.438502968244954,1,"#e06a5d"
4.814395805449e-05,1,1,0.438502968244954,1,"#e06a5d"
4.82016846229006e-05,1,1,0.438502968244954,1,"#e06a5d"
4.83171377597219e-05,1,1,0.438502968244954,1,"#e06a5d"
4.83171377597219e-05,1,1,0.438502968244954,1,"#e06a5d"
4.84325908965432e-05,1,1,0.438502968244954,1,"#e06a5d"
4.85480440333646e-05,1,1,0.438502968244954,1,"#e06a5d"
4.85480440333646e-05,1,1,0.438502968244954,1,"#e06a5d"
4.87212237385965e-05,1,1,0.438502968244954,1,"#e06a5d"
4.88366768754179e-05,1,1,0.438502968244954,1,"#e06a5d"
4.88366768754179e-05,1,1,0.438502968244954,1,"#e06a5d"
4.88944034438285e-05,1,1,0.438502968244954,1,"#e06a5d"
4.89521300122392e-05,1,1,0.438502968244954,1,"#e06a5d"
4.90098565806498e-05,1,1,0.438502968244954,1,"#e06a5d"
4.90675831490605e-05,1,1,0.438502968244954,1,"#e06a5d"
4.91253097174712e-05,1,1,0.438502968244954,1,"#e06a5d"
4.91253097174712e-05,1,1,0.438502968244954,1,"#e06a5d"
4.92407628542925e-05,1,1,0.438502968244954,1,"#e06a5d"
4.92407628542925e-05,1,1,0.438502968244954,1,"#e06a5d"
4.92984894227031e-05,1,1,0.438502968244954,1,"#e06a5d"
4.92984894227031e-05,1,1,0.438502968244954,1,"#e06a5d"
4.93562159911138e-05,1,1,0.438502968244954,1,"#e06a5d"
4.97603019699884e-05,1,1,0.438502968244954,1,"#e06a5d"
4.98180285383991e-05,1,1,0.438502968244954,1,"#e06a5d"
4.98180285383991e-05,1,1,0.438502968244954,1,"#e06a5d"
5.00489348120417e-05,1,1,0.438502968244954,1,"#e06a5d"
5.00489348120417e-05,1,1,0.438502968244954,1,"#e06a5d"
5.0164387948863e-05,1,1,0.438502968244954,1,"#e06a5d"
5.0510747359327e-05,1,1,0.438502968244954,1,"#e06a5d"
5.05684739277376e-05,1,1,0.438502968244954,1,"#e06a5d"
5.05684739277376e-05,1,1,0.438502968244954,1,"#e06a5d"
5.10302864750229e-05,1,1,0.438502968244954,1,"#e06a5d"
5.10302864750229e-05,1,1,0.438502968244954,1,"#e06a5d"
5.10302864750229e-05,1,1,0.438502968244954,1,"#e06a5d"
5.10880130434336e-05,1,1,0.438502968244954,1,"#e06a5d"
5.12034661802549e-05,1,1,0.438502968244954,1,"#e06a5d"
5.13189193170762e-05,1,1,0.438502968244954,1,"#e06a5d"
5.14343724538975e-05,1,1,0.438502968244954,1,"#e06a5d"
5.14920990223082e-05,1,1,0.438502968244954,1,"#e06a5d"
5.15498255907189e-05,1,1,0.438502968244954,1,"#e06a5d"
5.15498255907189e-05,1,1,0.438502968244954,1,"#e06a5d"
5.17807318643615e-05,1,1,0.438502968244954,1,"#e06a5d"
5.17807318643615e-05,1,1,0.438502968244954,1,"#e06a5d"
5.18384584327722e-05,1,1,0.438502968244954,1,"#e06a5d"
5.19539115695935e-05,1,1,0.438502968244954,1,"#e06a5d"
5.19539115695935e-05,1,1,0.438502968244954,1,"#e06a5d"
5.23002709800574e-05,1,1,0.438502968244954,1,"#e06a5d"
5.23002709800574e-05,1,1,0.438502968244954,1,"#e06a5d"
5.23579975484681e-05,1,1,0.438502968244954,1,"#e06a5d"
5.23579975484681e-05,1,1,0.438502968244954,1,"#e06a5d"
5.26466303905214e-05,1,1,0.438502968244954,1,"#e06a5d"
5.2877536664164e-05,1,1,0.438502968244954,1,"#e06a5d"
5.29352632325747e-05,1,1,0.438502968244954,1,"#e06a5d"
5.29929898009853e-05,1,1,0.438502968244954,1,"#e06a5d"
5.3050716369396e-05,1,1,0.438502968244954,1,"#e06a5d"
5.31084429378067e-05,1,1,0.438502968244954,1,"#e06a5d"
5.32816226430386e-05,1,1,0.438502968244954,1,"#e06a5d"
5.35125289166813e-05,1,1,0.438502968244954,1,"#e06a5d"
5.35702554850919e-05,1,1,0.438502968244954,1,"#e06a5d"
5.38588883271452e-05,1,1,0.438502968244954,1,"#e06a5d"
5.38588883271452e-05,1,1,0.438502968244954,1,"#e06a5d"
5.39166148955559e-05,1,1,0.438502968244954,1,"#e06a5d"
5.39166148955559e-05,1,1,0.438502968244954,1,"#e06a5d"
5.39743414639666e-05,1,1,0.438502968244954,1,"#e06a5d"
5.40320680323772e-05,1,1,0.438502968244954,1,"#e06a5d"
5.41475211691985e-05,1,1,0.438502968244954,1,"#e06a5d"
5.42052477376092e-05,1,1,0.438502968244954,1,"#e06a5d"
5.42629743060198e-05,1,1,0.438502968244954,1,"#e06a5d"
5.43207008744305e-05,1,1,0.438502968244954,1,"#e06a5d"
5.44938805796625e-05,1,1,0.438502968244954,1,"#e06a5d"
5.44938805796625e-05,1,1,0.438502968244954,1,"#e06a5d"
5.46093337164838e-05,1,1,0.438502968244954,1,"#e06a5d"
5.46670602848945e-05,1,1,0.438502968244954,1,"#e06a5d"
5.47247868533051e-05,1,1,0.438502968244954,1,"#e06a5d"
5.47825134217158e-05,1,1,0.438502968244954,1,"#e06a5d"
5.47825134217158e-05,1,1,0.438502968244954,1,"#e06a5d"
5.47825134217158e-05,1,1,0.438502968244954,1,"#e06a5d"
5.48979665585371e-05,1,1,0.438502968244954,1,"#e06a5d"
5.48979665585371e-05,1,1,0.438502968244954,1,"#e06a5d"
5.50134196953584e-05,1,1,0.438502968244954,1,"#e06a5d"
5.50711462637691e-05,1,1,0.438502968244954,1,"#e06a5d"
5.51288728321797e-05,1,1,0.438502968244954,1,"#e06a5d"
5.52443259690011e-05,1,1,0.438502968244954,1,"#e06a5d"
5.53020525374117e-05,1,1,0.438502968244954,1,"#e06a5d"
5.53597791058224e-05,1,1,0.438502968244954,1,"#e06a5d"
5.55329588110544e-05,1,1,0.438502968244954,1,"#e06a5d"
5.5590685379465e-05,1,1,0.438502968244954,1,"#e06a5d"
5.5590685379465e-05,1,1,0.438502968244954,1,"#e06a5d"
5.5590685379465e-05,1,1,0.438502968244954,1,"#e06a5d"
5.5763865084697e-05,1,1,0.438502968244954,1,"#e06a5d"
5.58215916531077e-05,1,1,0.438502968244954,1,"#e06a5d"
5.59947713583396e-05,1,1,0.438502968244954,1,"#e06a5d"
5.59947713583396e-05,1,1,0.438502968244954,1,"#e06a5d"
5.60524979267503e-05,1,1,0.438502968244954,1,"#e06a5d"
5.60524979267503e-05,1,1,0.438502968244954,1,"#e06a5d"
5.61102244951609e-05,1,1,0.438502968244954,1,"#e06a5d"
5.61679510635716e-05,1,1,0.438502968244954,1,"#e06a5d"
5.62256776319823e-05,1,1,0.438502968244954,1,"#e06a5d"
5.62256776319823e-05,1,1,0.438502968244954,1,"#e06a5d"
5.63988573372143e-05,1,1,0.438502968244954,1,"#e06a5d"
5.64565839056249e-05,1,1,0.438502968244954,1,"#e06a5d"
5.64565839056249e-05,1,1,0.438502968244954,1,"#e06a5d"
5.67452167476782e-05,1,1,0.438502968244954,1,"#e06a5d"
5.67452167476782e-05,1,1,0.438502968244954,1,"#e06a5d"
5.68606698844995e-05,1,1,0.438502968244954,1,"#e06a5d"
5.70915761581422e-05,1,1,0.438502968244954,1,"#e06a5d"
5.72070292949635e-05,1,1,0.438502968244954,1,"#e06a5d"
5.72070292949635e-05,1,1,0.438502968244954,1,"#e06a5d"
5.73802090001955e-05,1,1,0.438502968244954,1,"#e06a5d"
5.75533887054274e-05,1,1,0.438502968244954,1,"#e06a5d"
5.77842949790701e-05,1,1,0.438502968244954,1,"#e06a5d"
5.77842949790701e-05,1,1,0.438502968244954,1,"#e06a5d"
5.79574746843021e-05,1,1,0.438502968244954,1,"#e06a5d"
5.80152012527127e-05,1,1,0.438502968244954,1,"#e06a5d"
5.80152012527127e-05,1,1,0.438502968244954,1,"#e06a5d"
5.80729278211234e-05,1,1,0.438502968244954,1,"#e06a5d"
5.8130654389534e-05,1,1,0.438502968244954,1,"#e06a5d"
5.81883809579447e-05,1,1,0.438502968244954,1,"#e06a5d"
5.82461075263553e-05,1,1,0.438502968244954,1,"#e06a5d"
5.82461075263553e-05,1,1,0.438502968244954,1,"#e06a5d"
5.83615606631767e-05,1,1,0.438502968244954,1,"#e06a5d"
5.84192872315873e-05,1,1,0.438502968244954,1,"#e06a5d"
5.8477013799998e-05,1,1,0.438502968244954,1,"#e06a5d"
5.8477013799998e-05,1,1,0.438502968244954,1,"#e06a5d"
5.85347403684086e-05,1,1,0.438502968244954,1,"#e06a5d"
5.85924669368193e-05,1,1,0.438502968244954,1,"#e06a5d"
5.88810997788726e-05,1,1,0.438502968244954,1,"#e06a5d"
5.89388263472833e-05,1,1,0.438502968244954,1,"#e06a5d"
5.89965529156939e-05,1,1,0.438502968244954,1,"#e06a5d"
5.89965529156939e-05,1,1,0.438502968244954,1,"#e06a5d"
5.89965529156939e-05,1,1,0.438502968244954,1,"#e06a5d"
5.90542794841046e-05,1,1,0.438502968244954,1,"#e06a5d"
5.91697326209259e-05,1,1,0.438502968244954,1,"#e06a5d"
5.92274591893366e-05,1,1,0.438502968244954,1,"#e06a5d"
5.93429123261579e-05,1,1,0.438502968244954,1,"#e06a5d"
5.93429123261579e-05,1,1,0.438502968244954,1,"#e06a5d"
5.94583654629792e-05,1,1,0.438502968244954,1,"#e06a5d"
5.96892717366218e-05,1,1,0.438502968244954,1,"#e06a5d"
5.96892717366218e-05,1,1,0.438502968244954,1,"#e06a5d"
6.00933577154965e-05,1,1,0.438502968244954,1,"#e06a5d"
6.01510842839071e-05,1,1,0.438502968244954,1,"#e06a5d"
6.03242639891391e-05,1,1,0.438502968244954,1,"#e06a5d"
6.06128968311924e-05,1,1,0.438502968244954,1,"#e06a5d"
6.0670623399603e-05,1,1,0.438502968244954,1,"#e06a5d"
6.07283499680137e-05,1,1,0.438502968244954,1,"#e06a5d"
6.07283499680137e-05,1,1,0.438502968244954,1,"#e06a5d"
6.1363342220531e-05,0.666666666666667,1,0.438502968244954,1,"black"
6.1363342220531e-05,1,1,0.438502968244954,1,"#e06a5d"
6.14787953573523e-05,1,1,0.438502968244954,1,"#e06a5d"
6.17674281994056e-05,1,1,0.438502968244954,1,"#e06a5d"
6.21715141782802e-05,1,1,0.438502968244954,1,"#e06a5d"
6.22292407466908e-05,1,1,0.438502968244954,1,"#e06a5d"
6.24024204519228e-05,1,1,0.438502968244954,1,"#e06a5d"
6.25756001571548e-05,1,1,0.438502968244954,1,"#e06a5d"
6.26333267255655e-05,1,1,0.438502968244954,1,"#e06a5d"
6.26333267255655e-05,1,1,0.438502968244954,1,"#e06a5d"
6.26910532939761e-05,1,1,0.438502968244954,1,"#e06a5d"
6.29219595676188e-05,1,1,0.438502968244954,1,"#e06a5d"
6.29796861360294e-05,1,1,0.438502968244954,1,"#e06a5d"
6.30374127044401e-05,1,1,0.438502968244954,1,"#e06a5d"
6.32105924096721e-05,1,1,0.438502968244954,1,"#e06a5d"
6.32683189780827e-05,1,1,0.438502968244954,1,"#e06a5d"
6.32683189780827e-05,1,1,0.438502968244954,1,"#e06a5d"
6.33260455464934e-05,1,1,0.438502968244954,1,"#e06a5d"
6.36724049569573e-05,1,1,0.438502968244954,1,"#e06a5d"
6.36724049569573e-05,1,1,0.438502968244954,1,"#e06a5d"
6.3730131525368e-05,1,1,0.438502968244954,1,"#e06a5d"
6.40187643674213e-05,1,1,0.438502968244954,1,"#e06a5d"
6.40764909358319e-05,1,1,0.438502968244954,1,"#e06a5d"
6.44805769147066e-05,1,1,0.438502968244954,1,"#e06a5d"
6.45383034831172e-05,1,1,0.438502968244954,1,"#e06a5d"
6.45960300515279e-05,1,1,0.438502968244954,1,"#e06a5d"
6.45960300515279e-05,1,1,0.438502968244954,1,"#e06a5d"
6.45960300515279e-05,1,1,0.438502968244954,1,"#e06a5d"
6.46537566199385e-05,1,1,0.438502968244954,1,"#e06a5d"
6.47114831883492e-05,1,1,0.438502968244954,1,"#e06a5d"
6.49423894619918e-05,1,1,0.438502968244954,1,"#e06a5d"
6.49423894619918e-05,1,1,0.438502968244954,1,"#e06a5d"
6.50001160304025e-05,1,1,0.438502968244954,1,"#e06a5d"
6.50578425988132e-05,1,1,0.438502968244954,1,"#e06a5d"
6.51732957356345e-05,1,1,0.438502968244954,1,"#e06a5d"
6.52887488724558e-05,1,1,0.438502968244954,1,"#e06a5d"
6.54042020092771e-05,1,1,0.438502968244954,1,"#e06a5d"
6.54619285776878e-05,1,1,0.438502968244954,1,"#e06a5d"
6.55196551460984e-05,1,1,0.438502968244954,1,"#e06a5d"
6.58082879881517e-05,1,1,0.438502968244954,1,"#e06a5d"
6.58660145565624e-05,1,1,0.438502968244954,1,"#e06a5d"
6.6096920830205e-05,1,1,0.438502968244954,1,"#e06a5d"
6.61546473986157e-05,1,1,0.438502968244954,1,"#e06a5d"
6.6443280240669e-05,1,1,0.438502968244954,1,"#e06a5d"
6.65010068090796e-05,1,1,0.438502968244954,1,"#e06a5d"
6.6616459945901e-05,1,1,0.438502968244954,1,"#e06a5d"
6.67319130827223e-05,1,1,0.438502968244954,1,"#e06a5d"
6.6789639651133e-05,1,1,0.438502968244954,1,"#e06a5d"
6.68473662195436e-05,1,1,0.438502968244954,1,"#e06a5d"
6.70782724931862e-05,1,1,0.438502968244954,1,"#e06a5d"
6.71359990615969e-05,1,1,0.438502968244954,1,"#e06a5d"
6.72514521984182e-05,1,1,0.438502968244954,1,"#e06a5d"
6.77709913141142e-05,1,1,0.438502968244954,1,"#e06a5d"
6.80018975877568e-05,1,1,0.438502968244954,1,"#e06a5d"
6.81173507245781e-05,1,1,0.438502968244954,1,"#e06a5d"
6.82328038613994e-05,1,1,0.438502968244954,1,"#e06a5d"
6.82328038613994e-05,1,1,0.438502968244954,1,"#e06a5d"
6.83482569982207e-05,1,1,0.438502968244954,1,"#e06a5d"
6.84059835666314e-05,1,1,0.438502968244954,1,"#e06a5d"
6.84637101350421e-05,1,1,0.438502968244954,1,"#e06a5d"
6.8636889840274e-05,1,1,0.438502968244954,1,"#e06a5d"
6.89255226823273e-05,1,1,0.438502968244954,1,"#e06a5d"
6.8983249250738e-05,1,1,0.438502968244954,1,"#e06a5d"
6.8983249250738e-05,1,1,0.438502968244954,1,"#e06a5d"
6.90409758191487e-05,1,1,0.438502968244954,1,"#e06a5d"
6.9329608661202e-05,1,1,0.438502968244954,1,"#e06a5d"
6.96182415032553e-05,1,1,0.438502968244954,1,"#e06a5d"
7.00223274821299e-05,1,1,0.438502968244954,1,"#e06a5d"
7.02532337557725e-05,1,1,0.438502968244954,1,"#e06a5d"
7.03686868925938e-05,1,1,0.438502968244954,1,"#e06a5d"
7.03686868925938e-05,1,1,0.438502968244954,1,"#e06a5d"
7.05995931662365e-05,1,1,0.438502968244954,1,"#e06a5d"
7.08882260082898e-05,1,1,0.438502968244954,1,"#e06a5d"
7.14077651239857e-05,1,1,0.438502968244954,1,"#e06a5d"
7.17541245344497e-05,1,1,0.438502968244954,1,"#e06a5d"
7.2042757376503e-05,1,1,0.438502968244954,1,"#e06a5d"
7.2042757376503e-05,1,1,0.438502968244954,1,"#e06a5d"
7.21582105133243e-05,1,1,0.438502968244954,1,"#e06a5d"
7.22736636501456e-05,1,1,0.438502968244954,1,"#e06a5d"
7.22736636501456e-05,1,1,0.438502968244954,1,"#e06a5d"
7.26200230606095e-05,1,1,0.438502968244954,1,"#e06a5d"
7.26200230606095e-05,1,1,0.438502968244954,1,"#e06a5d"
7.26200230606095e-05,1,1,0.438502968244954,1,"#e06a5d"
7.28509293342522e-05,1,1,0.438502968244954,1,"#e06a5d"
7.29086559026628e-05,1,1,0.438502968244954,1,"#e06a5d"
7.30241090394842e-05,1,1,0.438502968244954,1,"#e06a5d"
7.30818356078948e-05,1,1,0.438502968244954,1,"#e06a5d"
7.34281950183588e-05,1,1,0.438502968244954,1,"#e06a5d"
7.36013747235908e-05,1,1,0.438502968244954,1,"#e06a5d"
7.4063187270876e-05,1,1,0.438502968244954,1,"#e06a5d"
7.41786404076974e-05,1,1,0.438502968244954,1,"#e06a5d"
7.43518201129293e-05,1,1,0.438502968244954,1,"#e06a5d"
7.440954668134e-05,1,1,0.438502968244954,1,"#e06a5d"
7.440954668134e-05,1,1,0.438502968244954,1,"#e06a5d"
7.4582726386572e-05,1,1,0.438502968244954,1,"#e06a5d"
7.48713592286253e-05,1,1,0.438502968244954,1,"#e06a5d"
7.49290857970359e-05,1,1,0.438502968244954,1,"#e06a5d"
7.49290857970359e-05,1,1,0.438502968244954,1,"#e06a5d"
7.51599920706786e-05,1,1,0.438502968244954,1,"#e06a5d"
7.52177186390892e-05,1,1,0.438502968244954,1,"#e06a5d"
7.53331717759105e-05,1,1,0.438502968244954,1,"#e06a5d"
7.54486249127319e-05,1,1,0.438502968244954,1,"#e06a5d"
7.55063514811425e-05,1,1,0.438502968244954,1,"#e06a5d"
7.55063514811425e-05,1,1,0.438502968244954,1,"#e06a5d"
7.55640780495532e-05,1,1,0.438502968244954,1,"#e06a5d"
7.56795311863745e-05,1,1,0.438502968244954,1,"#e06a5d"
7.65454297125344e-05,1,1,0.438502968244954,1,"#e06a5d"
7.66608828493557e-05,1,1,0.438502968244954,1,"#e06a5d"
7.68340625545877e-05,1,1,0.438502968244954,1,"#e06a5d"
7.68340625545877e-05,1,1,0.438502968244954,1,"#e06a5d"
7.7122695396641e-05,1,1,0.438502968244954,1,"#e06a5d"
7.72958751018729e-05,1,1,0.438502968244954,1,"#e06a5d"
7.81040470596222e-05,1,1,0.438502968244954,1,"#e06a5d"
7.81040470596222e-05,1,1,0.438502968244954,1,"#e06a5d"
7.92585784278354e-05,1,1,0.438502968244954,1,"#e06a5d"
7.92585784278354e-05,1,1,0.438502968244954,1,"#e06a5d"
7.99512972487633e-05,1,1,0.438502968244954,1,"#e06a5d"
8.05285629328699e-05,1,1,0.438502968244954,1,"#e06a5d"
8.06440160696912e-05,1,1,0.438502968244954,1,"#e06a5d"
8.07017426381019e-05,1,1,0.438502968244954,1,"#e06a5d"
8.08171957749232e-05,1,1,0.438502968244954,1,"#e06a5d"
8.08749223433338e-05,1,1,0.438502968244954,1,"#e06a5d"
8.09326489117445e-05,1,1,0.438502968244954,1,"#e06a5d"
8.12790083222084e-05,1,1,0.438502968244954,1,"#e06a5d"
8.13944614590298e-05,1,1,0.438502968244954,1,"#e06a5d"
8.16830943010831e-05,1,1,0.438502968244954,1,"#e06a5d"
8.18562740063151e-05,1,1,0.438502968244954,1,"#e06a5d"
8.26067193956536e-05,1,1,0.438502968244954,1,"#e06a5d"
8.26067193956536e-05,1,1,0.438502968244954,1,"#e06a5d"
8.29530788061176e-05,1,1,0.438502968244954,1,"#e06a5d"
8.30685319429389e-05,1,1,0.438502968244954,1,"#e06a5d"
8.33571647849922e-05,1,1,0.438502968244954,1,"#e06a5d"
8.36457976270455e-05,1,1,0.438502968244954,1,"#e06a5d"
8.39921570375095e-05,1,1,0.438502968244954,1,"#e06a5d"
8.42807898795627e-05,1,1,0.438502968244954,1,"#e06a5d"
8.4569422721616e-05,1,1,0.438502968244954,1,"#e06a5d"
8.4569422721616e-05,1,1,0.438502968244954,1,"#e06a5d"
8.48003289952587e-05,1,1,0.438502968244954,1,"#e06a5d"
8.48580555636693e-05,1,1,0.438502968244954,1,"#e06a5d"
8.56085009530079e-05,1,1,0.438502968244954,1,"#e06a5d"
8.62434932055252e-05,1,1,0.438502968244954,1,"#e06a5d"
8.64743994791678e-05,1,1,0.438502968244954,1,"#e06a5d"
8.69362120264531e-05,1,1,0.438502968244954,1,"#e06a5d"
8.7282571436917e-05,1,1,0.438502968244954,1,"#e06a5d"
8.73402980053277e-05,1,1,0.438502968244954,1,"#e06a5d"
8.73980245737384e-05,1,1,0.438502968244954,1,"#e06a5d"
8.75712042789703e-05,1,1,0.438502968244954,1,"#e06a5d"
8.78598371210236e-05,1,1,0.438502968244954,1,"#e06a5d"
8.78598371210236e-05,1,1,0.438502968244954,1,"#e06a5d"
8.82061965314876e-05,1,1,0.438502968244954,1,"#e06a5d"
8.82061965314876e-05,1,1,0.438502968244954,1,"#e06a5d"
8.82639230998983e-05,1,1,0.438502968244954,1,"#e06a5d"
8.84371028051302e-05,1,1,0.438502968244954,1,"#e06a5d"
8.84948293735409e-05,1,1,0.438502968244954,1,"#e06a5d"
8.85525559419515e-05,1,1,0.438502968244954,1,"#e06a5d"
8.90720950576475e-05,1,1,0.438502968244954,1,"#e06a5d"
8.94761810365221e-05,1,1,0.438502968244954,1,"#e06a5d"
8.97070873101647e-05,1,1,0.438502968244954,1,"#e06a5d"
8.98802670153967e-05,1,1,0.438502968244954,1,"#e06a5d"
9.0342079562682e-05,1,1,0.438502968244954,1,"#e06a5d"
9.04575326995033e-05,1,1,0.438502968244954,1,"#e06a5d"
9.06884389731459e-05,1,1,0.438502968244954,1,"#e06a5d"
9.08038921099673e-05,1,1,0.438502968244954,1,"#e06a5d"
9.10347983836099e-05,1,1,0.438502968244954,1,"#e06a5d"
9.11502515204312e-05,1,1,0.438502968244954,1,"#e06a5d"
9.13234312256632e-05,1,1,0.438502968244954,1,"#e06a5d"
9.13811577940739e-05,1,1,0.438502968244954,1,"#e06a5d"
9.13811577940739e-05,1,1,0.438502968244954,1,"#e06a5d"
9.14966109308952e-05,1,1,0.438502968244954,1,"#e06a5d"
9.20738766150018e-05,1,1,0.438502968244954,1,"#e06a5d"
9.28243220043403e-05,1,1,0.438502968244954,1,"#e06a5d"
9.29397751411617e-05,1,1,0.438502968244954,1,"#e06a5d"
9.3055228277983e-05,1,1,0.438502968244954,1,"#e06a5d"
9.32861345516256e-05,1,1,0.438502968244954,1,"#e06a5d"
9.34593142568576e-05,1,1,0.438502968244954,1,"#e06a5d"
9.38056736673215e-05,1,1,0.438502968244954,1,"#e06a5d"
9.38634002357322e-05,1,1,0.438502968244954,1,"#e06a5d"
9.39788533725535e-05,1,1,0.438502968244954,1,"#e06a5d"
9.43252127830175e-05,1,1,0.438502968244954,1,"#e06a5d"
9.49602050355347e-05,1,1,0.438502968244954,1,"#e06a5d"
9.55374707196413e-05,1,1,0.438502968244954,1,"#e06a5d"
9.57106504248733e-05,1,1,0.438502968244954,1,"#e06a5d"
9.59992832669266e-05,1,1,0.438502968244954,1,"#e06a5d"
9.61147364037479e-05,1,1,0.438502968244954,1,"#e06a5d"
9.62879161089799e-05,1,1,0.438502968244954,1,"#e06a5d"
9.65188223826225e-05,1,1,0.438502968244954,1,"#e06a5d"
9.67497286562652e-05,1,1,0.438502968244954,1,"#e06a5d"
9.69806349299078e-05,1,1,0.438502968244954,1,"#e06a5d"
9.72692677719611e-05,1,1,0.438502968244954,1,"#e06a5d"
9.73847209087824e-05,1,1,0.438502968244954,1,"#e06a5d"
9.7961986592889e-05,1,1,0.438502968244954,1,"#e06a5d"
9.83660725717636e-05,1,1,0.438502968244954,1,"#e06a5d"
9.85392522769956e-05,1,1,0.438502968244954,1,"#e06a5d"
9.87124319822276e-05,1,1,0.438502968244954,1,"#e06a5d"
9.94628773715662e-05,1,1,0.438502968244954,1,"#e06a5d"
9.96360570767982e-05,1,1,0.438502968244954,1,"#e06a5d"
0.000100040143055673,1,1,0.438502968244954,1,"#e06a5d"
0.000100213322760905,1,1,0.438502968244954,1,"#e06a5d"
0.000100213322760905,1,1,0.438502968244954,1,"#e06a5d"
0.000100732861876601,1,1,0.438502968244954,1,"#e06a5d"
0.000100963768150243,1,1,0.438502968244954,1,"#e06a5d"
0.000101656486971171,1,1,0.438502968244954,1,"#e06a5d"
0.000102002846381635,1,1,0.438502968244954,1,"#e06a5d"
0.000102002846381635,1,1,0.438502968244954,1,"#e06a5d"
0.000102291479223688,1,1,0.438502968244954,1,"#e06a5d"
0.000103503737160312,1,1,0.438502968244954,1,"#e06a5d"
0.000103503737160312,1,1,0.438502968244954,1,"#e06a5d"
0.000103792370002366,1,1,0.438502968244954,1,"#e06a5d"
0.000104081002844419,1,1,0.438502968244954,1,"#e06a5d"
0.000104369635686472,1,1,0.438502968244954,1,"#e06a5d"
0.000104600541960115,1,1,0.438502968244954,1,"#e06a5d"
0.000105120081075811,1,1,0.438502968244954,1,"#e06a5d"
0.000105177807644221,1,1,0.438502968244954,1,"#e06a5d"
0.000105466440486275,1,1,0.438502968244954,1,"#e06a5d"
0.000105697346759917,1,1,0.438502968244954,1,"#e06a5d"
0.000105697346759917,1,1,0.438502968244954,1,"#e06a5d"
0.00010592825303356,1,1,0.438502968244954,1,"#e06a5d"
0.000106043706170381,1,1,0.438502968244954,1,"#e06a5d"
0.000106620971854488,1,1,0.438502968244954,1,"#e06a5d"
0.000107371417243827,1,1,0.438502968244954,1,"#e06a5d"
0.000107544596949058,1,1,0.438502968244954,1,"#e06a5d"
0.00010766005008588,1,1,0.438502968244954,1,"#e06a5d"
0.000107948682927933,1,1,0.438502968244954,1,"#e06a5d"
0.000108179589201576,1,1,0.438502968244954,1,"#e06a5d"
0.000108237315769986,1,1,0.438502968244954,1,"#e06a5d"
0.000109103214296146,1,1,0.438502968244954,1,"#e06a5d"
0.000109276394001378,1,1,0.438502968244954,1,"#e06a5d"
0.00010944957370661,1,1,0.438502968244954,1,"#e06a5d"
0.000109565026843432,1,1,0.438502968244954,1,"#e06a5d"
0.000110026839390717,1,1,0.438502968244954,1,"#e06a5d"
0.000110142292527538,1,1,0.438502968244954,1,"#e06a5d"
0.00011031547223277,1,1,0.438502968244954,1,"#e06a5d"
0.000110892737916877,1,1,0.438502968244954,1,"#e06a5d"
0.000111239097327341,1,1,0.438502968244954,1,"#e06a5d"
0.000112451355263965,1,1,0.438502968244954,1,"#e06a5d"
0.000112682261537607,1,1,0.438502968244954,1,"#e06a5d"
0.000112739988106018,1,1,0.438502968244954,1,"#e06a5d"
0.000113548160063767,1,1,0.438502968244954,1,"#e06a5d"
0.000113663613200588,1,1,0.438502968244954,1,"#e06a5d"
0.000113663613200588,1,1,0.438502968244954,1,"#e06a5d"
0.000114009972611052,1,1,0.438502968244954,1,"#e06a5d"
0.000114356332021516,1,1,0.438502968244954,1,"#e06a5d"
0.000114529511726748,1,1,0.438502968244954,1,"#e06a5d"
0.000115453136821319,1,1,0.438502968244954,1,"#e06a5d"
0.000115626316526551,1,1,0.438502968244954,1,"#e06a5d"
0.000115684043094961,1,1,0.438502968244954,1,"#e06a5d"
0.000115857222800193,1,1,0.438502968244954,1,"#e06a5d"
0.000116145855642247,1,1,0.438502968244954,1,"#e06a5d"
0.000117646746420924,1,1,0.438502968244954,1,"#e06a5d"
0.000117819926126156,1,1,0.438502968244954,1,"#e06a5d"
0.000118397191810262,1,1,0.438502968244954,1,"#e06a5d"
0.000118512644947084,1,1,0.438502968244954,1,"#e06a5d"
0.000118974457494369,1,1,0.438502968244954,1,"#e06a5d"
0.000119147637199601,1,1,0.438502968244954,1,"#e06a5d"
0.000119551723178476,1,1,0.438502968244954,1,"#e06a5d"
0.000119609449746886,1,1,0.438502968244954,1,"#e06a5d"
0.000120013535725761,1,1,0.438502968244954,1,"#e06a5d"
0.000120071262294172,1,1,0.438502968244954,1,"#e06a5d"
0.000120302168567814,1,1,0.438502968244954,1,"#e06a5d"
0.000120475348273046,1,1,0.438502968244954,1,"#e06a5d"
0.0001207639811151,1,1,0.438502968244954,1,"#e06a5d"
0.000121398973367617,1,1,0.438502968244954,1,"#e06a5d"
0.000121572153072849,1,1,0.438502968244954,1,"#e06a5d"
0.000122149418756955,1,1,0.438502968244954,1,"#e06a5d"
0.000122495778167419,1,1,0.438502968244954,1,"#e06a5d"
0.000122842137577883,1,1,0.438502968244954,1,"#e06a5d"
0.000123246223556758,1,1,0.438502968244954,1,"#e06a5d"
0.000123361676693579,1,1,0.438502968244954,1,"#e06a5d"
0.0001234771298304,1,1,0.438502968244954,1,"#e06a5d"
0.000123650309535632,1,1,0.438502968244954,1,"#e06a5d"
0.000123708036104043,1,1,0.438502968244954,1,"#e06a5d"
0.000124112122082918,1,1,0.438502968244954,1,"#e06a5d"
0.000124227575219739,1,1,0.438502968244954,1,"#e06a5d"
0.000124400754924971,1,1,0.438502968244954,1,"#e06a5d"
0.000124400754924971,1,1,0.438502968244954,1,"#e06a5d"
0.000124862567472256,1,1,0.438502968244954,1,"#e06a5d"
0.000126017098840469,1,1,0.438502968244954,1,"#e06a5d"
0.000126421184819344,1,1,0.438502968244954,1,"#e06a5d"
0.000126825270798219,1,1,0.438502968244954,1,"#e06a5d"
0.000127113903640272,1,1,0.438502968244954,1,"#e06a5d"
0.000127402536482325,1,1,0.438502968244954,1,"#e06a5d"
0.000128037528734843,1,1,0.438502968244954,1,"#e06a5d"
0.000128326161576896,1,1,0.438502968244954,1,"#e06a5d"
0.000128614794418949,1,1,0.438502968244954,1,"#e06a5d"
0.000129365239808288,1,1,0.438502968244954,1,"#e06a5d"
0.000130057958629216,1,1,0.438502968244954,1,"#e06a5d"
0.00013040431803968,1,1,0.438502968244954,1,"#e06a5d"
0.000130750677450144,1,1,0.438502968244954,1,"#e06a5d"
0.00013127021656584,1,1,0.438502968244954,1,"#e06a5d"
0.000131501122839482,1,1,0.438502968244954,1,"#e06a5d"
0.000131558849407893,1,1,0.438502968244954,1,"#e06a5d"
0.000132309294797231,1,1,0.438502968244954,1,"#e06a5d"
0.000132944287049749,1,1,0.438502968244954,1,"#e06a5d"
0.000134733810670479,1,1,0.438502968244954,1,"#e06a5d"
0.000135311076354586,1,1,0.438502968244954,1,"#e06a5d"
0.000136407881154388,1,1,0.438502968244954,1,"#e06a5d"
0.00013658106085962,1,1,0.438502968244954,1,"#e06a5d"
0.000137158326543727,1,1,0.438502968244954,1,"#e06a5d"
0.000137158326543727,1,1,0.438502968244954,1,"#e06a5d"
0.000137793318796244,1,1,0.438502968244954,1,"#e06a5d"
0.000137851045364655,1,1,0.438502968244954,1,"#e06a5d"
0.000138139678206708,1,1,0.438502968244954,1,"#e06a5d"
0.000138255131343529,1,1,0.438502968244954,1,"#e06a5d"
0.000138370584480351,1,1,0.438502968244954,1,"#e06a5d"
0.000138659217322404,1,1,0.438502968244954,1,"#e06a5d"
0.000139063303301279,1,1,0.438502968244954,1,"#e06a5d"
0.000139063303301279,1,1,0.438502968244954,1,"#e06a5d"
0.000139236483006511,1,1,0.438502968244954,1,"#e06a5d"
0.000139351936143332,1,1,0.438502968244954,1,"#e06a5d"
0.000139698295553796,1,1,0.438502968244954,1,"#e06a5d"
0.000140506467511545,1,1,0.438502968244954,1,"#e06a5d"
0.000140506467511545,1,1,0.438502968244954,1,"#e06a5d"
0.00014091055349042,1,1,0.438502968244954,1,"#e06a5d"
0.000142238264563865,1,1,0.438502968244954,1,"#e06a5d"
0.000142930983384793,1,1,0.438502968244954,1,"#e06a5d"
0.000144027788184595,1,1,0.438502968244954,1,"#e06a5d"
0.000144258694458238,1,1,0.438502968244954,1,"#e06a5d"
0.000144374147595059,1,1,0.438502968244954,1,"#e06a5d"
0.000144547327300291,1,1,0.438502968244954,1,"#e06a5d"
0.000145009139847576,1,1,0.438502968244954,1,"#e06a5d"
0.000145066866415987,1,1,0.438502968244954,1,"#e06a5d"
0.000145182319552808,1,1,0.438502968244954,1,"#e06a5d"
0.000145470952394862,1,1,0.438502968244954,1,"#e06a5d"
0.000146740936899896,1,1,0.438502968244954,1,"#e06a5d"
0.000147260476015592,1,1,0.438502968244954,1,"#e06a5d"
0.000147491382289235,1,1,0.438502968244954,1,"#e06a5d"
0.000147606835426056,1,1,0.438502968244954,1,"#e06a5d"
0.000147722288562877,1,1,0.438502968244954,1,"#e06a5d"
0.000148472733952216,1,1,0.438502968244954,1,"#e06a5d"
0.000148588187089037,1,1,0.438502968244954,1,"#e06a5d"
0.000149223179341555,1,1,0.438502968244954,1,"#e06a5d"
0.000150031351299304,1,1,0.438502968244954,1,"#e06a5d"
0.000151128156099106,1,1,0.438502968244954,1,"#e06a5d"
0.000151878601488445,1,1,0.438502968244954,1,"#e06a5d"
0.000151878601488445,1,1,0.438502968244954,1,"#e06a5d"
0.00015228268746732,1,1,0.438502968244954,1,"#e06a5d"
0.000153552671972354,1,1,0.438502968244954,1,"#e06a5d"
0.000153610398540765,1,1,0.438502968244954,1,"#e06a5d"
0.000153841304814407,1,1,0.438502968244954,1,"#e06a5d"
0.000154129937656461,1,1,0.438502968244954,1,"#e06a5d"
0.000154880383045799,1,1,0.438502968244954,1,"#e06a5d"
0.000156034914414012,1,1,0.438502968244954,1,"#e06a5d"
0.000156381273824476,1,1,0.438502968244954,1,"#e06a5d"
0.000156381273824476,1,1,0.438502968244954,1,"#e06a5d"
0.000158113070876796,1,1,0.438502968244954,1,"#e06a5d"
0.000158170797445207,1,1,0.438502968244954,1,"#e06a5d"
0.000158632609992492,1,1,0.438502968244954,1,"#e06a5d"
0.000158748063129313,1,1,0.438502968244954,1,"#e06a5d"
0.000158921242834545,1,1,0.438502968244954,1,"#e06a5d"
0.000160422133613223,1,1,0.438502968244954,1,"#e06a5d"
0.000161345758707793,1,1,0.438502968244954,1,"#e06a5d"
0.000162038477528721,1,1,0.438502968244954,1,"#e06a5d"
0.000162904376054881,1,1,0.438502968244954,1,"#e06a5d"
0.000163019829191702,1,1,0.438502968244954,1,"#e06a5d"
0.000163019829191702,1,1,0.438502968244954,1,"#e06a5d"
0.000164636173107201,1,1,0.438502968244954,1,"#e06a5d"
0.000165155712222897,1,1,0.438502968244954,1,"#e06a5d"
0.000165617524770182,1,1,0.438502968244954,1,"#e06a5d"
0.000166137063885878,1,1,0.438502968244954,1,"#e06a5d"
0.00016636797015952,1,1,0.438502968244954,1,"#e06a5d"
0.000166598876433163,1,1,0.438502968244954,1,"#e06a5d"
0.000166945235843627,1,1,0.438502968244954,1,"#e06a5d"
0.000167926587506608,1,1,0.438502968244954,1,"#e06a5d"
0.00016809976721184,1,1,0.438502968244954,1,"#e06a5d"
0.000168215220348662,1,1,0.438502968244954,1,"#e06a5d"
0.000168388400053894,1,1,0.438502968244954,1,"#e06a5d"
0.000168734759464357,1,1,0.438502968244954,1,"#e06a5d"
0.000170235650243035,1,1,0.438502968244954,1,"#e06a5d"
0.000170293376811445,1,1,0.438502968244954,1,"#e06a5d"
0.00017162108788489,1,1,0.438502968244954,1,"#e06a5d"
0.00017248698641105,1,1,0.438502968244954,1,"#e06a5d"
0.000172833345821514,1,1,0.438502968244954,1,"#e06a5d"
0.000176181486789333,1,1,0.438502968244954,1,"#e06a5d"
0.000176643299336618,1,1,0.438502968244954,1,"#e06a5d"
0.000176701025905028,1,1,0.438502968244954,1,"#e06a5d"
0.000177047385315492,1,1,0.438502968244954,1,"#e06a5d"
0.000177336018157546,1,1,0.438502968244954,1,"#e06a5d"
0.00017774010413642,1,1,0.438502968244954,1,"#e06a5d"
0.000178028736978474,1,1,0.438502968244954,1,"#e06a5d"
0.000178663729230991,1,1,0.438502968244954,1,"#e06a5d"
0.000179010088641455,1,1,0.438502968244954,1,"#e06a5d"
0.000179645080893972,1,1,0.438502968244954,1,"#e06a5d"
0.000180106893441257,1,1,0.438502968244954,1,"#e06a5d"
0.000180799612262185,1,1,0.438502968244954,1,"#e06a5d"
0.000181780963925167,1,1,0.438502968244954,1,"#e06a5d"
0.000181838690493577,1,1,0.438502968244954,1,"#e06a5d"
0.000184090026661593,1,1,0.438502968244954,1,"#e06a5d"
0.000185071378324574,1,1,0.438502968244954,1,"#e06a5d"
0.000185995003419145,1,1,0.438502968244954,1,"#e06a5d"
0.000186803175376894,1,1,0.438502968244954,1,"#e06a5d"
0.00018911223811332,1,1,0.438502968244954,1,"#e06a5d"
0.000189747230365838,1,1,0.438502968244954,1,"#e06a5d"
0.000191594480554979,1,1,0.438502968244954,1,"#e06a5d"
0.000191998566533853,1,1,0.438502968244954,1,"#e06a5d"
0.000192691285354781,1,1,0.438502968244954,1,"#e06a5d"
0.00019430762927028,1,1,0.438502968244954,1,"#e06a5d"
0.000195000348091207,1,1,0.438502968244954,1,"#e06a5d"
0.000195462160638493,1,1,0.438502968244954,1,"#e06a5d"
0.000198117582785383,1,1,0.438502968244954,1,"#e06a5d"
0.00019869484846949,1,1,0.438502968244954,1,"#e06a5d"
0.000199964832974524,1,1,0.438502968244954,1,"#e06a5d"
0.000200311192384988,1,1,0.438502968244954,1,"#e06a5d"
0.00020221616914254,1,1,0.438502968244954,1,"#e06a5d"
0.00020313979423711,1,1,0.438502968244954,1,"#e06a5d"
0.000203312973942342,1,1,0.438502968244954,1,"#e06a5d"
0.000203428427079164,1,1,0.438502968244954,1,"#e06a5d"
0.000205275677268305,1,1,0.438502968244954,1,"#e06a5d"
0.000206430208636518,1,1,0.438502968244954,1,"#e06a5d"
0.000206661114910161,1,1,0.438502968244954,1,"#e06a5d"
0.000207122927457446,1,1,0.438502968244954,1,"#e06a5d"
0.000207411560299499,1,1,0.438502968244954,1,"#e06a5d"
0.000208796997941355,1,1,0.438502968244954,1,"#e06a5d"
0.000209143357351819,1,1,0.438502968244954,1,"#e06a5d"
0.000209778349604336,1,1,0.438502968244954,1,"#e06a5d"
0.000210355615288443,1,1,0.438502968244954,1,"#e06a5d"
0.000211510146656656,1,1,0.438502968244954,1,"#e06a5d"
0.000212145138909173,1,1,0.438502968244954,1,"#e06a5d"
0.000213703756256261,1,1,0.438502968244954,1,"#e06a5d"
0.000216994170655669,1,1,0.438502968244954,1,"#e06a5d"
0.000217686889476597,1,1,0.438502968244954,1,"#e06a5d"
0.000218495061434346,1,1,0.438502968244954,1,"#e06a5d"
0.000218899147413221,1,1,0.438502968244954,1,"#e06a5d"
0.000219649592802559,1,1,0.438502968244954,1,"#e06a5d"
0.000221785475833753,1,1,0.438502968244954,1,"#e06a5d"
0.000223517272886073,1,1,0.438502968244954,1,"#e06a5d"
0.000225768609054089,1,1,0.438502968244954,1,"#e06a5d"
0.000225768609054089,1,1,0.438502968244954,1,"#e06a5d"
0.000226403601306606,1,1,0.438502968244954,1,"#e06a5d"
0.000226576781011838,1,1,0.438502968244954,1,"#e06a5d"
0.000227904492085283,1,1,0.438502968244954,1,"#e06a5d"
0.000228135398358926,1,1,0.438502968244954,1,"#e06a5d"
0.00022848175776939,1,1,0.438502968244954,1,"#e06a5d"
0.000229001296885086,1,1,0.438502968244954,1,"#e06a5d"
0.000232233984716083,1,1,0.438502968244954,1,"#e06a5d"
0.000239276626062183,1,1,0.438502968244954,1,"#e06a5d"
0.000240027071451522,1,1,0.438502968244954,1,"#e06a5d"
0.000240142524588343,1,1,0.438502968244954,1,"#e06a5d"
0.000240315704293575,1,1,0.438502968244954,1,"#e06a5d"
0.000240488883998807,1,1,0.438502968244954,1,"#e06a5d"
0.000241123876251324,1,1,0.438502968244954,1,"#e06a5d"
0.000242047501345895,1,1,0.438502968244954,1,"#e06a5d"
0.000242797946735234,1,1,0.438502968244954,1,"#e06a5d"
0.000242971126440465,1,1,0.438502968244954,1,"#e06a5d"
0.00024337521241934,1,1,0.438502968244954,1,"#e06a5d"
0.000243432938987751,1,1,0.438502968244954,1,"#e06a5d"
0.000245568822018945,1,1,0.438502968244954,1,"#e06a5d"
0.00024689653309239,1,1,0.438502968244954,1,"#e06a5d"
0.00024776243161855,1,1,0.438502968244954,1,"#e06a5d"
0.000248455150439478,1,1,0.438502968244954,1,"#e06a5d"
0.000248512877007889,1,1,0.438502968244954,1,"#e06a5d"
0.00024949422867087,1,1,0.438502968244954,1,"#e06a5d"
0.000249898314649745,1,1,0.438502968244954,1,"#e06a5d"
0.000251687838270475,1,1,0.438502968244954,1,"#e06a5d"
0.000253073275912331,1,1,0.438502968244954,1,"#e06a5d"
0.000256767776290613,1,1,0.438502968244954,1,"#e06a5d"
0.00025734504197472,1,1,0.438502968244954,1,"#e06a5d"
0.000262309526858036,1,1,0.438502968244954,1,"#e06a5d"
0.000264964949004927,1,1,0.438502968244954,1,"#e06a5d"
0.000265138128710159,1,1,0.438502968244954,1,"#e06a5d"
0.000268370816541156,1,1,0.438502968244954,1,"#e06a5d"
0.000270622152709171,1,1,0.438502968244954,1,"#e06a5d"
0.00027223849662467,1,1,0.438502968244954,1,"#e06a5d"
0.000272411676329902,1,1,0.438502968244954,1,"#e06a5d"
0.000273046668582419,1,1,0.438502968244954,1,"#e06a5d"
0.000274720739066328,1,1,0.438502968244954,1,"#e06a5d"
0.000275413457887256,1,1,0.438502968244954,1,"#e06a5d"
0.000275932997002952,1,1,0.438502968244954,1,"#e06a5d"
0.000276510262687059,1,1,0.438502968244954,1,"#e06a5d"
0.000276567989255469,1,1,0.438502968244954,1,"#e06a5d"
0.000277145254939576,1,1,0.438502968244954,1,"#e06a5d"
0.000278242059739378,1,1,0.438502968244954,1,"#e06a5d"
0.000280955208454679,1,1,0.438502968244954,1,"#e06a5d"
0.000282571552370178,1,1,0.438502968244954,1,"#e06a5d"
0.0002854001542223,1,1,0.438502968244954,1,"#e06a5d"
0.000286208326180049,1,1,0.438502968244954,1,"#e06a5d"
0.000286901045000977,1,1,0.438502968244954,1,"#e06a5d"
0.000288344209211244,1,1,0.438502968244954,1,"#e06a5d"
0.00028886374832694,1,1,0.438502968244954,1,"#e06a5d"
0.00028886374832694,1,1,0.438502968244954,1,"#e06a5d"
0.000289036928032172,1,1,0.438502968244954,1,"#e06a5d"
0.000289152381168993,1,1,0.438502968244954,1,"#e06a5d"
0.000289267834305814,1,1,0.438502968244954,1,"#e06a5d"
0.000294290045757542,1,1,0.438502968244954,1,"#e06a5d"
0.000295155944283702,1,1,0.438502968244954,1,"#e06a5d"
0.000296310475651915,1,1,0.438502968244954,1,"#e06a5d"
0.000300062702598608,1,1,0.438502968244954,1,"#e06a5d"
0.000303179937292783,1,1,0.438502968244954,1,"#e06a5d"
0.000305431273460799,1,1,0.438502968244954,1,"#e06a5d"
0.000306008539144906,1,1,0.438502968244954,1,"#e06a5d"
0.000306585804829012,1,1,0.438502968244954,1,"#e06a5d"
0.000307682609628815,1,1,0.438502968244954,1,"#e06a5d"
0.000308202148744511,1,1,0.438502968244954,1,"#e06a5d"
0.000308548508154975,1,1,0.438502968244954,1,"#e06a5d"
0.000315475696364254,1,1,0.438502968244954,1,"#e06a5d"
0.000315648876069486,1,1,0.438502968244954,1,"#e06a5d"
0.000318131118511144,1,1,0.438502968244954,1,"#e06a5d"
0.000318535204490019,1,1,0.438502968244954,1,"#e06a5d"
0.000318939290468893,1,1,0.438502968244954,1,"#e06a5d"
0.000321941072026248,1,1,0.438502968244954,1,"#e06a5d"
0.000322633790847175,1,1,0.438502968244954,1,"#e06a5d"
0.000325520119267708,1,1,0.438502968244954,1,"#e06a5d"
0.000326847830341154,1,1,0.438502968244954,1,"#e06a5d"
0.00032915689307758,1,1,0.438502968244954,1,"#e06a5d"
0.000329618705624865,1,1,0.438502968244954,1,"#e06a5d"
0.000329734158761687,1,1,0.438502968244954,1,"#e06a5d"
0.000332505034045398,1,1,0.438502968244954,1,"#e06a5d"
0.000333717291982022,1,1,0.438502968244954,1,"#e06a5d"
0.000334005924824075,1,1,0.438502968244954,1,"#e06a5d"
0.000344512160274815,1,1,0.438502968244954,1,"#e06a5d"
0.000348783926337204,1,1,0.438502968244954,1,"#e06a5d"
0.000355711114546483,1,1,0.438502968244954,1,"#e06a5d"
0.000377820390247766,1,1,0.438502968244954,1,"#e06a5d"
0.000383823953362474,1,1,0.438502968244954,1,"#e06a5d"
0.000385382570709562,1,1,0.438502968244954,1,"#e06a5d"
0.00038601756296208,1,1,0.438502968244954,1,"#e06a5d"
0.000386768008351418,1,1,0.438502968244954,1,"#e06a5d"
0.000387114367761882,1,1,0.438502968244954,1,"#e06a5d"
0.000387864813151221,1,1,0.438502968244954,1,"#e06a5d"
0.000388557531972149,1,1,0.438502968244954,1,"#e06a5d"
0.000390693415003343,1,1,0.438502968244954,1,"#e06a5d"
0.000403912799169384,1,1,0.438502968244954,1,"#e06a5d"
0.000404720971127133,1,1,0.438502968244954,1,"#e06a5d"
0.000406568221316274,1,1,0.438502968244954,1,"#e06a5d"
0.000411648159336412,1,1,0.438502968244954,1,"#e06a5d"
0.000412456331294161,1,1,0.438502968244954,1,"#e06a5d"
0.0004132067766835,1,1,0.438502968244954,1,"#e06a5d"
0.000413553136093964,1,1,0.438502968244954,1,"#e06a5d"
0.000420999863418939,1,1,0.438502968244954,1,"#e06a5d"
0.00042192348851351,1,1,0.438502968244954,1,"#e06a5d"
0.000424232551249936,1,1,0.438502968244954,1,"#e06a5d"
0.0004245789106604,1,1,0.438502968244954,1,"#e06a5d"
0.000425329356049739,1,1,0.438502968244954,1,"#e06a5d"
0.000426657067123184,1,1,0.438502968244954,1,"#e06a5d"
0.000430467020638287,1,1,0.438502968244954,1,"#e06a5d"
0.000437394208847566,1,1,0.438502968244954,1,"#e06a5d"
0.000440915529520617,1,1,0.438502968244954,1,"#e06a5d"
0.000441030982657438,1,1,0.438502968244954,1,"#e06a5d"
0.000443570951667507,1,1,0.438502968244954,1,"#e06a5d"
0.000445071842446184,1,1,0.438502968244954,1,"#e06a5d"
0.000445187295583005,1,1,0.438502968244954,1,"#e06a5d"
0.000445302748719827,1,1,0.438502968244954,1,"#e06a5d"
0.000454827632507586,1,1,0.438502968244954,1,"#e06a5d"
0.000462447539537793,1,1,0.438502968244954,1,"#e06a5d"
0.000464352516295344,1,1,0.438502968244954,1,"#e06a5d"
0.000472318782736015,1,1,0.438502968244954,1,"#e06a5d"
0.000473069228125354,1,1,0.438502968244954,1,"#e06a5d"
0.000477918259871849,1,1,0.438502968244954,1,"#e06a5d"
0.00048496090121795,1,1,0.438502968244954,1,"#e06a5d"
0.000486346338859806,1,1,0.438502968244954,1,"#e06a5d"
0.000492523081679746,1,1,0.438502968244954,1,"#e06a5d"
0.000498757551068097,1,1,0.438502968244954,1,"#e06a5d"
0.000504703387614395,1,1,0.438502968244954,1,"#e06a5d"
0.000514343724538975,1,1,0.438502968244954,1,"#e06a5d"
0.000518904123443418,1,1,0.438502968244954,1,"#e06a5d"
0.000529756718304621,1,1,0.438502968244954,1,"#e06a5d"
0.000531834874767405,1,1,0.438502968244954,1,"#e06a5d"
0.00053223896074628,1,1,0.438502968244954,1,"#e06a5d"
0.000538300250429399,1,1,0.438502968244954,1,"#e06a5d"
0.000539108422387148,1,1,0.438502968244954,1,"#e06a5d"
0.000539570234934434,1,1,0.438502968244954,1,"#e06a5d"
0.00054540061834391,1,1,0.438502968244954,1,"#e06a5d"
0.000546901509122587,1,1,0.438502968244954,1,"#e06a5d"
0.000555849127226239,1,1,0.438502968244954,1,"#e06a5d"
0.000560005440151807,1,1,0.438502968244954,1,"#e06a5d"
0.000565951276698105,1,1,0.438502968244954,1,"#e06a5d"
0.000581133364190108,1,1,0.438502968244954,1,"#e06a5d"
0.000582865161242428,1,1,0.438502968244954,1,"#e06a5d"
0.000585462856820908,1,1,0.438502968244954,1,"#e06a5d"
0.000589503716609654,1,1,0.438502968244954,1,"#e06a5d"
0.000592216865324955,1,1,0.438502968244954,1,"#e06a5d"
0.000593602302966811,1,1,0.438502968244954,1,"#e06a5d"
0.000595738185998005,1,1,0.438502968244954,1,"#e06a5d"
0.00061369114877372,1,1,0.438502968244954,1,"#e06a5d"
0.000616750656899485,1,1,0.438502968244954,1,"#e06a5d"
0.000629796861360294,1,1,0.438502968244954,1,"#e06a5d"
0.000635511791632949,1,1,0.438502968244954,1,"#e06a5d"
0.000639783557695338,1,1,0.438502968244954,1,"#e06a5d"
0.00064255443297905,1,1,0.438502968244954,1,"#e06a5d"
0.00068457937478201,1,1,0.438502968244954,1,"#e06a5d"
0.000688158422023471,1,1,0.438502968244954,1,"#e06a5d"
0.000694335164843412,1,1,0.438502968244954,1,"#e06a5d"
0.000733069692246964,1,1,0.438502968244954,1,"#e06a5d"
0.000735898294099086,1,1,0.438502968244954,1,"#e06a5d"
0.000739939153887832,1,1,0.438502968244954,1,"#e06a5d"
0.000749694943949234,1,1,0.438502968244954,1,"#e06a5d"
0.0007554676007903,1,1,0.438502968244954,1,"#e06a5d"
0.000769956969461375,1,1,0.438502968244954,1,"#e06a5d"
0.000798185261414188,1,1,0.438502968244954,1,"#e06a5d"
0.000842865625364038,1,1,0.438502968244954,1,"#e06a5d"
0.000883736035798785,1,1,0.438502968244954,1,"#e06a5d"
0.000892568200765616,1,1,0.438502968244954,1,"#e06a5d"
0.000898975849859199,1,1,0.438502968244954,1,"#e06a5d"
0.000902439443963839,1,1,0.438502968244954,1,"#e06a5d"
0.000910578890109742,1,1,0.438502968244954,1,"#e06a5d"
0.000941000791662159,1,1,0.438502968244954,1,"#e06a5d"
0.000946600268797993,1,1,0.438502968244954,1,"#e06a5d"
0.000949197964376473,1,1,0.438502968244954,1,"#e06a5d"
0.000960627824921783,1,1,0.438502968244954,1,"#e06a5d"
0.000973385396540539,1,1,0.438502968244954,1,"#e06a5d"
0.00098135166298121,1,1,0.438502968244954,1,"#e06a5d"
0.000983660725717637,1,1,0.438502968244954,1,"#e06a5d"
0.000986951140117044,1,1,0.438502968244954,1,"#e06a5d"
0.00103267058229829,1,1,0.438502968244954,1,"#e06a5d"
0.00105056581850559,1,1,0.438502968244954,1,"#e06a5d"
0.00105120081075811,1,1,0.438502968244954,1,"#e06a5d"
0.00110731103525327,1,1,0.438502968244954,1,"#e06a5d"
0.00115585907928663,1,1,0.438502968244954,1,"#e06a5d"
0.00115753314977054,1,1,0.438502968244954,1,"#e06a5d"
0.0011583990482967,1,1,0.438502968244954,1,"#e06a5d"
0.00116278626749591,1,1,0.438502968244954,1,"#e06a5d"
0.00116746211953718,1,1,0.438502968244954,1,"#e06a5d"
0.00116873210404221,1,1,0.438502968244954,1,"#e06a5d"
0.00116936709629473,1,1,0.438502968244954,1,"#e06a5d"
0.00117179161216798,1,1,0.438502968244954,1,"#e06a5d"
0.00118460691035514,1,1,0.438502968244954,1,"#e06a5d"
0.00120486893586728,1,1,0.438502968244954,1,"#e06a5d"
0.0012206860156118,1,1,0.438502968244954,1,"#e06a5d"
0.00122085919531704,1,1,0.438502968244954,1,"#e06a5d"
0.00123979350975573,1,1,0.438502968244954,1,"#e06a5d"
0.00124054395514507,1,1,0.438502968244954,1,"#e06a5d"
0.00124885658099621,1,1,0.438502968244954,1,"#e06a5d"
0.00128372342831624,1,1,0.438502968244954,1,"#e06a5d"
0.001299713687766,1,1,0.438502968244954,1,"#e06a5d"
0.00134976262257804,1,1,0.438502968244954,1,"#e06a5d"
0.00136165429567063,1,1,0.438502968244954,1,"#e06a5d"
0.00136563742889097,1,1,0.438502968244954,1,"#e06a5d"
0.00139888793229551,1,1,0.438502968244954,1,"#e06a5d"
0.00141083733195652,1,1,0.438502968244954,1,"#e06a5d"
0.00141626362938712,1,1,0.438502968244954,1,"#e06a5d"
0.00146942979889334,1,1,0.438502968244954,1,"#e06a5d"
0.00147202749447182,1,1,0.438502968244954,1,"#e06a5d"
0.0014724893070191,1,1,0.438502968244954,1,"#e06a5d"
0.00147537563543963,1,1,0.438502968244954,1,"#e06a5d"
0.00153264039130301,1,1,0.438502968244954,1,"#e06a5d"
0.00158384385748326,1,1,0.438502968244954,1,"#e06a5d"
0.00159538917116539,1,1,0.438502968244954,1,"#e06a5d"
0.00162367518968662,1,1,0.438502968244954,1,"#e06a5d"
0.00166824010049965,1,1,0.438502968244954,1,"#e06a5d"
0.00168538489131761,1,1,0.438502968244954,1,"#e06a5d"
0.00169277389207418,1,1,0.438502968244954,1,"#e06a5d"
0.00171597997257526,1,1,0.438502968244954,1,"#e06a5d"
0.00172937253644653,1,1,0.438502968244954,1,"#e06a5d"
0.00176949250149194,1,1,0.438502968244954,1,"#e06a5d"
0.00179939486392866,1,1,0.438502968244954,1,"#e06a5d"
0.0018688976522951,1,1,0.438502968244954,1,"#e06a5d"
0.00191565617270773,1,1,0.438502968244954,1,"#e06a5d"
0.00194290311299756,1,1,0.438502968244954,1,"#e06a5d"
0.00196056744293123,1,1,0.438502968244954,1,"#e06a5d"
0.00198573622675827,1,1,0.438502968244954,1,"#e06a5d"
0.0020010337673871,1,1,0.438502968244954,1,"#e06a5d"
0.00202129579289924,1,1,0.438502968244954,1,"#e06a5d"
0.00202856934051898,1,1,0.438502968244954,1,"#e06a5d"
0.00202943523904514,1,1,0.438502968244954,1,"#e06a5d"
0.00209120266724455,1,1,0.438502968244954,1,"#e06a5d"
0.00213253489022658,1,1,0.438502968244954,1,"#e06a5d"
0.00215233510319144,1,1,0.438502968244954,1,"#e06a5d"
0.00219366732617347,1,1,0.438502968244954,1,"#e06a5d"
0.00220561672583448,1,1,0.438502968244954,1,"#e06a5d"
0.00220740624945521,1,1,0.438502968244954,1,"#e06a5d"
0.00226322784110831,1,1,0.438502968244954,1,"#e06a5d"
0.00227159819352786,1,1,0.438502968244954,1,"#e06a5d"
0.00230750411907929,1,1,0.438502968244954,1,"#e06a5d"
0.0023157012917936,1,1,0.438502968244954,1,"#e06a5d"
0.00234144734130476,1,1,0.438502968244954,1,"#e06a5d"
0.00235807259300703,1,1,0.438502968244954,1,"#e06a5d"
0.00236852110188936,1,1,0.438502968244954,1,"#e06a5d"
0.00241608779425974,1,1,0.438502968244954,1,"#e06a5d"
0.00242168727139557,1,1,0.438502968244954,1,"#e06a5d"
0.00245949817370456,1,1,0.438502968244954,1,"#e06a5d"
0.00246602127593496,1,1,0.438502968244954,1,"#e06a5d"
0.00249194050515135,1,1,0.438502968244954,1,"#e06a5d"
0.00259613696113259,1,1,0.438502968244954,1,"#e06a5d"
0.00267787778200208,1,1,0.438502968244954,1,"#e06a5d"
0.0027126291761853,1,1,0.438502968244954,1,"#e06a5d"
0.00286826000462043,1,1,0.438502968244954,1,"#e06a5d"
0.00300247427617522,1,1,0.438502968244954,1,"#e06a5d"
0.00301875316846702,1,1,0.438502968244954,1,"#e06a5d"
0.00306135537595409,1,1,0.438502968244954,1,"#e06a5d"
0.00326709286576968,1,1,0.438502968244954,1,"#e06a5d"
0.00334381147518745,1,1,0.438502968244954,1,"#e06a5d"
0.00354129406572031,1,1,0.438502968244954,1,"#e06a5d"
0.00373196492118072,1,1,0.438502968244954,1,"#e06a5d"
0.00382565514171122,1,1,0.438502968244954,1,"#e06a5d"
0.00394936317781526,1,1,0.438502968244954,1,"#e06a5d"
0.00402723631860124,1,1,0.438502968244954,1,"#e06a5d"
0.00434681060132265,1,1,0.438502968244954,1,"#e06a5d"
0.00442468374210863,1,1,0.438502968244954,1,"#e06a5d"
0.00455110492692798,1,1,0.438502968244954,1,"#e06a5d"
0.0047131434044567,1,1,0.438502968244954,1,"#e06a5d"
0.00506539092489854,1,1,0.438502968244954,1,"#e06a5d"
0.00519394799274908,1,1,0.438502968244954,1,"#e06a5d"
0.00570153770878401,1,1,0.438502968244954,1,"#e06a5d"
0.00583096067516071,1,1,0.438502968244954,1,"#e06a5d"
0.00586184438926041,1,1,0.438502968244954,1,"#e06a5d"
0.005901848901169,1,1,0.438502968244954,1,"#e06a5d"
0.0063984705692059,1,1,0.438502968244954,1,"#e06a5d"
0.00718349417302246,1,1,0.438502968244954,1,"#e06a5d"
0.0075086679328797,1,1,0.438502968244954,1,"#e06a5d"
0.0075649513370801,1,1,0.438502968244954,1,"#e06a5d"
0.00757967161202481,1,1,0.438502968244954,1,"#e06a5d"
0.00771232726623251,1,1,0.438502968244954,1,"#e06a5d"
0.00786466768026824,1,1,0.438502968244954,1,"#e06a5d"
0.00823371363211758,1,1,0.438502968244954,1,"#e06a5d"
0.00844158700496437,1,1,0.438502968244954,1,"#e06a5d"
0.00847772383678944,1,1,0.438502968244954,1,"#e06a5d"
0.00975307691268614,1,1,0.438502968244954,1,"#e06a5d"
0.00980145177701427,1,1,0.438502968244954,1,"#e06a5d"
0.00986235330668752,1,1,0.438502968244954,1,"#e06a5d"
0.0102803513885491,1,1,0.438502968244954,1,"#e06a5d"
0.0109619867083422,1,1,0.438502968244954,1,"#e06a5d"
0.0117707936583439,1,1,0.438502968244954,1,"#e06a5d"
0.0119794752031485,1,1,0.438502968244954,1,"#e06a5d"
0.0131294461724572,1,1,0.438502968244954,1,"#e06a5d"
0.0143489199301324,1,1,0.438502968244954,1,"#e06a5d"
0.0152274028482058,1,1,0.438502968244954,1,"#e06a5d"
0.0188387192414082,1,1,0.438502968244954,1,"#e06a5d"
0.0188433373668811,1,1,0.438502968244954,1,"#e06a5d"
0.0270910208285541,1,1,0.438502968244954,1,"#e06a5d"
0.0288251846701787,1,1,0.438502968244954,1,"#e06a5d"
0.0326708709311284,1,1,0.438502968244954,1,"#e06a5d"
0.0453354450481745,1,1,0.438502968244954,1,"#e06a5d"
0.0856993048451179,1,1,0.438502968244954,1,"#e06a5d"
0.159875058924395,1,1,0.438502968244954,1,"#e06a5d"
